ISO-10303-21;
HEADER;
FILE_DESCRIPTION((''),'2;1');
FILE_NAME('C-5499910-6','2021-04-29T03:14:55',('workeradm'),(
'TE Connectivity Ltd.'),'CREO PARAMETRIC BY PTC INC, 2019292',
'CREO PARAMETRIC BY PTC INC, 2019292','');
FILE_SCHEMA(('AUTOMOTIVE_DESIGN { 1 0 10303 214 1 1 1 1 }'));
ENDSEC;
DATA;
#3=DIRECTION('',(0.E0,1.E0,0.E0));
#4=VECTOR('',#3,3.556E0);
#5=CARTESIAN_POINT('',(2.310779612267E1,-1.778E0,4.160552262806E0));
#6=LINE('',#5,#4);
#7=DIRECTION('',(0.E0,1.E0,0.E0));
#8=VECTOR('',#7,3.556E0);
#9=CARTESIAN_POINT('',(2.310779612267E1,-1.778E0,6.8834E0));
#10=LINE('',#9,#8);
#11=DIRECTION('',(2.200810331118E-14,0.E0,1.E0));
#12=VECTOR('',#11,1.452847737813E0);
#13=CARTESIAN_POINT('',(2.310779612267E1,-1.778E0,4.160552262806E0));
#14=LINE('',#13,#12);
#15=DIRECTION('',(-5.E-1,0.E0,8.660254037844E-1));
#16=VECTOR('',#15,5.501329070205E0);
#17=CARTESIAN_POINT('',(2.585846065778E1,-1.778E0,-6.037384665693E-1));
#18=LINE('',#17,#16);
#19=DIRECTION('',(7.547095802228E-1,0.E0,6.560590289905E-1));
#20=VECTOR('',#19,1.785402879579E0);
#21=CARTESIAN_POINT('',(2.4511E1,-1.778E0,-1.775068146102E0));
#22=LINE('',#21,#20);
#23=CARTESIAN_POINT('',(2.13995E1,-1.778E0,3.614207941648E0));
#24=DIRECTION('',(0.E0,-1.E0,0.E0));
#25=DIRECTION('',(2.273916826735E-1,0.E0,-9.738033798724E-1));
#26=AXIS2_PLACEMENT_3D('',#23,#24,#25);
#28=DIRECTION('',(5.E-1,0.E0,-8.660254037844E-1));
#29=VECTOR('',#28,5.865124637209E0);
#30=CARTESIAN_POINT('',(1.988199612267E1,-1.778E0,2.633576440887E0));
#31=LINE('',#30,#29);
#32=DIRECTION('',(-1.839128139003E-14,0.E0,-1.E0));
#33=VECTOR('',#32,4.249823559113E0);
#34=CARTESIAN_POINT('',(1.988199612267E1,-1.778E0,6.8834E0));
#35=LINE('',#34,#33);
#36=DIRECTION('',(1.E0,0.E0,-1.748382715945E-14));
#37=VECTOR('',#36,1.016E0);
#38=CARTESIAN_POINT('',(1.886599612267E1,-1.778E0,6.8834E0));
#39=LINE('',#38,#37);
#40=DIRECTION('',(-1.859039849866E-14,0.E0,-1.E0));
#41=VECTOR('',#40,4.0132E0);
#42=CARTESIAN_POINT('',(1.886599612267E1,-1.778E0,1.08966E1));
#43=LINE('',#42,#41);
#44=DIRECTION('',(0.E0,0.E0,1.E0));
#45=VECTOR('',#44,3.190974356335E0);
#46=CARTESIAN_POINT('',(1.886599612267E1,-1.778E0,1.08966E1));
#47=LINE('',#46,#45);
#48=DIRECTION('',(-6.427876096866E-1,0.E0,-7.660444431190E-1));
#49=VECTOR('',#48,1.205968729312E0);
#50=CARTESIAN_POINT('',(1.964117787954E1,-1.778E0,1.50114E1));
#51=LINE('',#50,#49);
#52=DIRECTION('',(-1.E0,0.E0,1.572435889484E-14));
#53=VECTOR('',#52,2.033432543930E0);
#54=CARTESIAN_POINT('',(2.167461042347E1,-1.778E0,1.50114E1));
#55=LINE('',#54,#53);
#56=DIRECTION('',(-1.736481776669E-1,0.E0,9.848077530122E-1));
#57=VECTOR('',#56,8.253387501407E0);
#58=CARTESIAN_POINT('',(2.310779612267E1,-1.778E0,6.8834E0));
#59=LINE('',#58,#57);
#60=DIRECTION('',(1.678447408126E-14,0.E0,1.E0));
#61=VECTOR('',#60,1.269999999381E0);
#62=CARTESIAN_POINT('',(2.310779612267E1,-1.778E0,5.613400000619E0));
#63=LINE('',#62,#61);
#64=CARTESIAN_POINT('',(2.205369612267E1,-1.778E0,5.6134E0));
#65=DIRECTION('',(0.E0,1.E0,0.E0));
#66=DIRECTION('',(2.022225791937E-14,0.E0,1.E0));
#67=AXIS2_PLACEMENT_3D('',#64,#65,#66);
#69=CARTESIAN_POINT('',(2.205369612267E1,-1.778E0,5.6134E0));
#70=DIRECTION('',(0.E0,1.E0,0.E0));
#71=DIRECTION('',(-2.022225791937E-14,0.E0,-1.E0));
#72=AXIS2_PLACEMENT_3D('',#69,#70,#71);
#74=CARTESIAN_POINT('',(2.205369612267E1,-1.778E0,5.6134E0));
#75=DIRECTION('',(0.E0,1.E0,0.E0));
#76=DIRECTION('',(1.E0,0.E0,-1.937966383939E-14));
#77=AXIS2_PLACEMENT_3D('',#74,#75,#76);
#79=CARTESIAN_POINT('',(-2.205369612267E1,-1.778E0,5.6134E0));
#80=DIRECTION('',(0.E0,-1.E0,0.E0));
#81=DIRECTION('',(-2.022225791937E-14,0.E0,1.E0));
#82=AXIS2_PLACEMENT_3D('',#79,#80,#81);
#84=DIRECTION('',(1.678447408126E-14,0.E0,-1.E0));
#85=VECTOR('',#84,1.269999999381E0);
#86=CARTESIAN_POINT('',(-2.310779612267E1,-1.778E0,6.8834E0));
#87=LINE('',#86,#85);
#88=DIRECTION('',(-1.736481776669E-1,0.E0,-9.848077530122E-1));
#89=VECTOR('',#88,8.253387501407E0);
#90=CARTESIAN_POINT('',(-2.167461042347E1,-1.778E0,1.50114E1));
#91=LINE('',#90,#89);
#92=DIRECTION('',(-1.E0,0.E0,-2.009223636563E-14));
#93=VECTOR('',#92,2.033432543930E0);
#94=CARTESIAN_POINT('',(-1.964117787954E1,-1.778E0,1.50114E1));
#95=LINE('',#94,#93);
#96=DIRECTION('',(-6.427876096866E-1,0.E0,7.660444431190E-1));
#97=VECTOR('',#96,1.205968729312E0);
#98=CARTESIAN_POINT('',(-1.886599612267E1,-1.778E0,1.408757435634E1));
#99=LINE('',#98,#97);
#100=DIRECTION('',(0.E0,0.E0,-1.E0));
#101=VECTOR('',#100,3.190974356335E0);
#102=CARTESIAN_POINT('',(-1.886599612267E1,-1.778E0,1.408757435634E1));
#103=LINE('',#102,#101);
#104=DIRECTION('',(-1.859039849866E-14,0.E0,1.E0));
#105=VECTOR('',#104,4.0132E0);
#106=CARTESIAN_POINT('',(-1.886599612267E1,-1.778E0,6.8834E0));
#107=LINE('',#106,#105);
#108=DIRECTION('',(1.E0,0.E0,1.923220987540E-14));
#109=VECTOR('',#108,1.016E0);
#110=CARTESIAN_POINT('',(-1.988199612267E1,-1.778E0,6.8834E0));
#111=LINE('',#110,#109);
#112=DIRECTION('',(-1.839128139003E-14,0.E0,1.E0));
#113=VECTOR('',#112,4.249823559113E0);
#114=CARTESIAN_POINT('',(-1.988199612267E1,-1.778E0,2.633576440887E0));
#115=LINE('',#114,#113);
#116=DIRECTION('',(5.E-1,0.E0,8.660254037844E-1));
#117=VECTOR('',#116,5.865124637209E0);
#118=CARTESIAN_POINT('',(-2.281455844128E1,-1.778E0,-2.445770491298E0));
#119=LINE('',#118,#117);
#120=CARTESIAN_POINT('',(-2.13995E1,-1.778E0,3.614207941648E0));
#121=DIRECTION('',(0.E0,-1.E0,0.E0));
#122=DIRECTION('',(-5.E-1,0.E0,-8.660254037844E-1));
#123=AXIS2_PLACEMENT_3D('',#120,#121,#122);
#125=DIRECTION('',(7.547095802228E-1,0.E0,-6.560590289905E-1));
#126=VECTOR('',#125,1.785402879579E0);
#127=CARTESIAN_POINT('',(-2.585846065778E1,-1.778E0,-6.037384665693E-1));
#128=LINE('',#127,#126);
#129=DIRECTION('',(-5.E-1,0.E0,-8.660254037844E-1));
#130=VECTOR('',#129,5.501329070205E0);
#131=CARTESIAN_POINT('',(-2.310779612267E1,-1.778E0,4.160552262806E0));
#132=LINE('',#131,#130);
#133=DIRECTION('',(2.200810331118E-14,0.E0,-1.E0));
#134=VECTOR('',#133,1.452847737813E0);
#135=CARTESIAN_POINT('',(-2.310779612267E1,-1.778E0,5.613400000619E0));
#136=LINE('',#135,#134);
#137=CARTESIAN_POINT('',(-2.205369612267E1,-1.778E0,5.6134E0));
#138=DIRECTION('',(0.E0,-1.E0,0.E0));
#139=DIRECTION('',(-1.E0,0.E0,-1.937966383939E-14));
#140=AXIS2_PLACEMENT_3D('',#137,#138,#139);
#142=CARTESIAN_POINT('',(-2.205369612267E1,-1.778E0,5.6134E0));
#143=DIRECTION('',(0.E0,-1.E0,0.E0));
#144=DIRECTION('',(2.022225791937E-14,0.E0,-1.E0));
#145=AXIS2_PLACEMENT_3D('',#142,#143,#144);
#147=DIRECTION('',(0.E0,1.E0,0.E0));
#148=VECTOR('',#147,3.556E0);
#149=CARTESIAN_POINT('',(2.585846065778E1,-1.778E0,-6.037384665693E-1));
#150=LINE('',#149,#148);
#151=DIRECTION('',(-1.678447408126E-14,0.E0,-1.E0));
#152=VECTOR('',#151,1.269999999381E0);
#153=CARTESIAN_POINT('',(2.310779612267E1,1.778E0,6.8834E0));
#154=LINE('',#153,#152);
#155=DIRECTION('',(1.736481776669E-1,0.E0,-9.848077530122E-1));
#156=VECTOR('',#155,8.253387501407E0);
#157=CARTESIAN_POINT('',(2.167461042347E1,1.778E0,1.50114E1));
#158=LINE('',#157,#156);
#159=DIRECTION('',(1.E0,0.E0,-1.747150988316E-14));
#160=VECTOR('',#159,2.033432543930E0);
#161=CARTESIAN_POINT('',(1.964117787954E1,1.778E0,1.50114E1));
#162=LINE('',#161,#160);
#163=DIRECTION('',(6.427876096866E-1,0.E0,7.660444431190E-1));
#164=VECTOR('',#163,1.205968729312E0);
#165=CARTESIAN_POINT('',(1.886599612267E1,1.778E0,1.408757435634E1));
#166=LINE('',#165,#164);
#167=DIRECTION('',(0.E0,0.E0,1.E0));
#168=VECTOR('',#167,3.190974356335E0);
#169=CARTESIAN_POINT('',(1.886599612267E1,1.778E0,1.08966E1));
#170=LINE('',#169,#168);
#171=DIRECTION('',(1.859039849866E-14,0.E0,1.E0));
#172=VECTOR('',#171,4.0132E0);
#173=CARTESIAN_POINT('',(1.886599612267E1,1.778E0,6.8834E0));
#174=LINE('',#173,#172);
#175=DIRECTION('',(-1.E0,0.E0,1.748382715945E-14));
#176=VECTOR('',#175,1.016E0);
#177=CARTESIAN_POINT('',(1.988199612267E1,1.778E0,6.8834E0));
#178=LINE('',#177,#176);
#179=DIRECTION('',(1.922724872594E-14,0.E0,1.E0));
#180=VECTOR('',#179,4.249823559113E0);
#181=CARTESIAN_POINT('',(1.988199612267E1,1.778E0,2.633576440887E0));
#182=LINE('',#181,#180);
#183=DIRECTION('',(-5.E-1,0.E0,8.660254037844E-1));
#184=VECTOR('',#183,5.865124637209E0);
#185=CARTESIAN_POINT('',(2.281455844128E1,1.778E0,-2.445770491298E0));
#186=LINE('',#185,#184);
#187=CARTESIAN_POINT('',(2.13995E1,1.778E0,3.614207941648E0));
#188=DIRECTION('',(0.E0,1.E0,0.E0));
#189=DIRECTION('',(5.E-1,0.E0,-8.660254037844E-1));
#190=AXIS2_PLACEMENT_3D('',#187,#188,#189);
#192=DIRECTION('',(-7.547095802228E-1,0.E0,-6.560590289905E-1));
#193=VECTOR('',#192,1.785402879579E0);
#194=CARTESIAN_POINT('',(2.585846065778E1,1.778E0,-6.037384665693E-1));
#195=LINE('',#194,#193);
#196=DIRECTION('',(5.E-1,0.E0,-8.660254037844E-1));
#197=VECTOR('',#196,5.501329070205E0);
#198=CARTESIAN_POINT('',(2.310779612267E1,1.778E0,4.160552262806E0));
#199=LINE('',#198,#197);
#200=DIRECTION('',(-2.200810331118E-14,0.E0,-1.E0));
#201=VECTOR('',#200,1.452847737813E0);
#202=CARTESIAN_POINT('',(2.310779612267E1,1.778E0,5.613400000619E0));
#203=LINE('',#202,#201);
#204=CARTESIAN_POINT('',(2.205369612267E1,1.778E0,5.6134E0));
#205=DIRECTION('',(0.E0,1.E0,0.E0));
#206=DIRECTION('',(1.E0,0.E0,-1.937966383939E-14));
#207=AXIS2_PLACEMENT_3D('',#204,#205,#206);
#209=CARTESIAN_POINT('',(2.205369612267E1,1.778E0,5.6134E0));
#210=DIRECTION('',(0.E0,1.E0,0.E0));
#211=DIRECTION('',(-2.022225791937E-14,0.E0,-1.E0));
#212=AXIS2_PLACEMENT_3D('',#209,#210,#211);
#214=CARTESIAN_POINT('',(2.205369612267E1,1.778E0,5.6134E0));
#215=DIRECTION('',(0.E0,1.E0,0.E0));
#216=DIRECTION('',(2.022225791937E-14,0.E0,1.E0));
#217=AXIS2_PLACEMENT_3D('',#214,#215,#216);
#219=CARTESIAN_POINT('',(-2.205369612267E1,1.778E0,5.6134E0));
#220=DIRECTION('',(0.E0,-1.E0,0.E0));
#221=DIRECTION('',(-2.022225791937E-14,0.E0,1.E0));
#222=AXIS2_PLACEMENT_3D('',#219,#220,#221);
#224=CARTESIAN_POINT('',(-2.205369612267E1,1.778E0,5.6134E0));
#225=DIRECTION('',(0.E0,-1.E0,0.E0));
#226=DIRECTION('',(2.022225791937E-14,0.E0,-1.E0));
#227=AXIS2_PLACEMENT_3D('',#224,#225,#226);
#229=CARTESIAN_POINT('',(-2.205369612267E1,1.778E0,5.6134E0));
#230=DIRECTION('',(0.E0,-1.E0,0.E0));
#231=DIRECTION('',(-1.E0,0.E0,-1.937966383939E-14));
#232=AXIS2_PLACEMENT_3D('',#229,#230,#231);
#234=DIRECTION('',(-2.200810331118E-14,0.E0,1.E0));
#235=VECTOR('',#234,1.452847737813E0);
#236=CARTESIAN_POINT('',(-2.310779612267E1,1.778E0,4.160552262806E0));
#237=LINE('',#236,#235);
#238=DIRECTION('',(5.E-1,0.E0,8.660254037844E-1));
#239=VECTOR('',#238,5.501329070205E0);
#240=CARTESIAN_POINT('',(-2.585846065778E1,1.778E0,-6.037384665693E-1));
#241=LINE('',#240,#239);
#242=DIRECTION('',(-7.547095802228E-1,0.E0,6.560590289905E-1));
#243=VECTOR('',#242,1.785402879579E0);
#244=CARTESIAN_POINT('',(-2.4511E1,1.778E0,-1.775068146102E0));
#245=LINE('',#244,#243);
#246=CARTESIAN_POINT('',(-2.13995E1,1.778E0,3.614207941648E0));
#247=DIRECTION('',(0.E0,1.E0,0.E0));
#248=DIRECTION('',(-2.273916826735E-1,0.E0,-9.738033798724E-1));
#249=AXIS2_PLACEMENT_3D('',#246,#247,#248);
#251=DIRECTION('',(-5.E-1,0.E0,-8.660254037844E-1));
#252=VECTOR('',#251,5.865124637209E0);
#253=CARTESIAN_POINT('',(-1.988199612267E1,1.778E0,2.633576440887E0));
#254=LINE('',#253,#252);
#255=DIRECTION('',(1.922724872594E-14,0.E0,-1.E0));
#256=VECTOR('',#255,4.249823559113E0);
#257=CARTESIAN_POINT('',(-1.988199612267E1,1.778E0,6.8834E0));
#258=LINE('',#257,#256);
#259=DIRECTION('',(-1.E0,0.E0,-1.923220987540E-14));
#260=VECTOR('',#259,1.016E0);
#261=CARTESIAN_POINT('',(-1.886599612267E1,1.778E0,6.8834E0));
#262=LINE('',#261,#260);
#263=DIRECTION('',(1.859039849866E-14,0.E0,-1.E0));
#264=VECTOR('',#263,4.0132E0);
#265=CARTESIAN_POINT('',(-1.886599612267E1,1.778E0,1.08966E1));
#266=LINE('',#265,#264);
#267=DIRECTION('',(0.E0,0.E0,-1.E0));
#268=VECTOR('',#267,3.190974356335E0);
#269=CARTESIAN_POINT('',(-1.886599612267E1,1.778E0,1.408757435634E1));
#270=LINE('',#269,#268);
#271=DIRECTION('',(6.427876096866E-1,0.E0,-7.660444431190E-1));
#272=VECTOR('',#271,1.205968729312E0);
#273=CARTESIAN_POINT('',(-1.964117787954E1,1.778E0,1.50114E1));
#274=LINE('',#273,#272);
#275=DIRECTION('',(1.E0,0.E0,1.659793438900E-14));
#276=VECTOR('',#275,2.033432543930E0);
#277=CARTESIAN_POINT('',(-2.167461042347E1,1.778E0,1.50114E1));
#278=LINE('',#277,#276);
#279=DIRECTION('',(1.736481776669E-1,0.E0,9.848077530122E-1));
#280=VECTOR('',#279,8.253387501407E0);
#281=CARTESIAN_POINT('',(-2.310779612267E1,1.778E0,6.8834E0));
#282=LINE('',#281,#280);
#283=DIRECTION('',(-1.958188642813E-14,0.E0,1.E0));
#284=VECTOR('',#283,1.269999999381E0);
#285=CARTESIAN_POINT('',(-2.310779612267E1,1.778E0,5.613400000619E0));
#286=LINE('',#285,#284);
#287=DIRECTION('',(0.E0,1.E0,0.E0));
#288=VECTOR('',#287,3.556E0);
#289=CARTESIAN_POINT('',(2.167461042347E1,-1.778E0,1.50114E1));
#290=LINE('',#289,#288);
#291=DIRECTION('',(0.E0,-1.E0,0.E0));
#292=VECTOR('',#291,8.255E-1);
#293=CARTESIAN_POINT('',(1.886599612267E1,2.6035E0,1.408757435634E1));
#294=LINE('',#293,#292);
#295=DIRECTION('',(0.E0,-1.E0,0.E0));
#296=VECTOR('',#295,3.556E0);
#297=CARTESIAN_POINT('',(1.964117787954E1,1.778E0,1.50114E1));
#298=LINE('',#297,#296);
#299=DIRECTION('',(0.E0,-1.E0,0.E0));
#300=VECTOR('',#299,8.255E-1);
#301=CARTESIAN_POINT('',(1.886599612267E1,-1.778E0,1.408757435634E1));
#302=LINE('',#301,#300);
#303=DIRECTION('',(0.E0,-1.E0,0.E0));
#304=VECTOR('',#303,5.207E0);
#305=CARTESIAN_POINT('',(1.772299612267E1,2.6035E0,1.27254E1));
#306=LINE('',#305,#304);
#307=DIRECTION('',(0.E0,-1.E0,0.E0));
#308=VECTOR('',#307,5.207E0);
#309=CARTESIAN_POINT('',(1.772299612267E1,2.6035E0,1.23444E1));
#310=LINE('',#309,#308);
#311=DIRECTION('',(0.E0,1.E0,0.E0));
#312=VECTOR('',#311,5.207E0);
#313=CARTESIAN_POINT('',(1.734199612267E1,-2.6035E0,1.08966E1));
#314=LINE('',#313,#312);
#315=DIRECTION('',(0.E0,-1.E0,0.E0));
#316=VECTOR('',#315,5.207E0);
#317=CARTESIAN_POINT('',(1.734199612267E1,2.6035E0,1.23444E1));
#318=LINE('',#317,#316);
#319=DIRECTION('',(0.E0,1.E0,0.E0));
#320=VECTOR('',#319,3.556E0);
#321=CARTESIAN_POINT('',(1.886599612267E1,-1.778E0,1.08966E1));
#322=LINE('',#321,#320);
#323=DIRECTION('',(0.E0,-1.E0,0.E0));
#324=VECTOR('',#323,5.207E0);
#325=CARTESIAN_POINT('',(1.800239612267E1,2.6035E0,1.08966E1));
#326=LINE('',#325,#324);
#327=DIRECTION('',(0.E0,1.E0,0.E0));
#328=VECTOR('',#327,3.556E0);
#329=CARTESIAN_POINT('',(1.886599612267E1,-1.778E0,6.8834E0));
#330=LINE('',#329,#328);
#331=DIRECTION('',(0.E0,1.E0,0.E0));
#332=VECTOR('',#331,3.556E0);
#333=CARTESIAN_POINT('',(1.988199612267E1,-1.778E0,6.8834E0));
#334=LINE('',#333,#332);
#335=DIRECTION('',(0.E0,1.E0,0.E0));
#336=VECTOR('',#335,5.715E-1);
#337=CARTESIAN_POINT('',(1.988199612267E1,1.2065E0,2.633576440887E0));
#338=LINE('',#337,#336);
#339=DIRECTION('',(0.E0,-1.E0,0.E0));
#340=VECTOR('',#339,2.413E0);
#341=CARTESIAN_POINT('',(1.988199612267E1,1.2065E0,2.633576440887E0));
#342=LINE('',#341,#340);
#343=DIRECTION('',(-5.E-1,0.E0,8.660254037844E-1));
#344=VECTOR('',#343,5.865124637209E0);
#345=CARTESIAN_POINT('',(2.281455844128E1,1.2065E0,-2.445770491298E0));
#346=LINE('',#345,#344);
#347=CARTESIAN_POINT('',(1.820063139261E1,1.2065E0,1.738010896392E0));
#348=DIRECTION('',(0.E0,1.E0,0.E0));
#349=DIRECTION('',(8.826061575154E-1,0.E0,4.701131467167E-1));
#350=AXIS2_PLACEMENT_3D('',#347,#348,#349);
#352=DIRECTION('',(-8.660254037844E-1,0.E0,-5.E-1));
#353=VECTOR('',#352,2.286E-1);
#354=CARTESIAN_POINT('',(1.915313139261E1,1.2065E0,8.823250218259E-2));
#355=LINE('',#354,#353);
#356=DIRECTION('',(-1.E0,0.E0,1.869438130619E-14));
#357=VECTOR('',#356,2.348240980221E0);
#358=CARTESIAN_POINT('',(1.895515798530E1,1.2065E0,-2.606749781740E-2));
#359=LINE('',#358,#357);
#360=CARTESIAN_POINT('',(1.660691700508E1,1.2065E0,-1.530674978174E-1));
#361=DIRECTION('',(0.E0,-1.E0,0.E0));
#362=DIRECTION('',(2.797412345512E-14,0.E0,1.E0));
#363=AXIS2_PLACEMENT_3D('',#360,#361,#362);
#365=CARTESIAN_POINT('',(2.13995E1,1.2065E0,3.614207941648E0));
#366=DIRECTION('',(0.E0,-1.E0,0.E0));
#367=DIRECTION('',(-7.861848744948E-1,0.E0,-6.179913778651E-1));
#368=AXIS2_PLACEMENT_3D('',#365,#366,#367);
#370=CARTESIAN_POINT('',(-2.13995E1,1.2065E0,3.614207941648E0));
#371=DIRECTION('',(0.E0,-1.E0,0.E0));
#372=DIRECTION('',(-2.273916826735E-1,0.E0,-9.738033798724E-1));
#373=AXIS2_PLACEMENT_3D('',#370,#371,#372);
#375=CARTESIAN_POINT('',(-1.660691700508E1,1.2065E0,-1.530674978174E-1));
#376=DIRECTION('',(0.E0,-1.E0,0.E0));
#377=DIRECTION('',(7.861848744948E-1,0.E0,-6.179913778651E-1));
#378=AXIS2_PLACEMENT_3D('',#375,#376,#377);
#380=DIRECTION('',(-1.E0,0.E0,-1.868847144092E-14));
#381=VECTOR('',#380,2.348240980221E0);
#382=CARTESIAN_POINT('',(-1.660691700508E1,1.2065E0,-2.606749781736E-2));
#383=LINE('',#382,#381);
#384=DIRECTION('',(-8.660254037844E-1,0.E0,5.E-1));
#385=VECTOR('',#384,2.286E-1);
#386=CARTESIAN_POINT('',(-1.895515798530E1,1.2065E0,-2.606749781740E-2));
#387=LINE('',#386,#385);
#388=CARTESIAN_POINT('',(-1.820063139261E1,1.2065E0,1.738010896392E0));
#389=DIRECTION('',(0.E0,1.E0,0.E0));
#390=DIRECTION('',(-5.E-1,0.E0,-8.660254037844E-1));
#391=AXIS2_PLACEMENT_3D('',#388,#389,#390);
#393=DIRECTION('',(-5.E-1,0.E0,-8.660254037844E-1));
#394=VECTOR('',#393,5.865124637209E0);
#395=CARTESIAN_POINT('',(-1.988199612267E1,1.2065E0,2.633576440887E0));
#396=LINE('',#395,#394);
#397=DIRECTION('',(0.E0,1.E0,0.E0));
#398=VECTOR('',#397,5.715E-1);
#399=CARTESIAN_POINT('',(2.281455844128E1,1.2065E0,-2.445770491298E0));
#400=LINE('',#399,#398);
#401=DIRECTION('',(0.E0,1.E0,0.E0));
#402=VECTOR('',#401,3.556E0);
#403=CARTESIAN_POINT('',(2.4511E1,-1.778E0,-1.775068146102E0));
#404=LINE('',#403,#402);
#405=DIRECTION('',(0.E0,-1.E0,0.E0));
#406=VECTOR('',#405,2.413E0);
#407=CARTESIAN_POINT('',(1.650707152602E1,1.2065E0,-2.315524028062E-1));
#408=LINE('',#407,#406);
#409=DIRECTION('',(0.E0,-1.E0,0.E0));
#410=VECTOR('',#409,5.715E-1);
#411=CARTESIAN_POINT('',(2.281455844128E1,-1.2065E0,-2.445770491298E0));
#412=LINE('',#411,#410);
#413=DIRECTION('',(0.E0,-1.E0,0.E0));
#414=VECTOR('',#413,2.413E0);
#415=CARTESIAN_POINT('',(1.660691700508E1,1.2065E0,-2.606749781736E-2));
#416=LINE('',#415,#414);
#417=DIRECTION('',(0.E0,-1.E0,0.E0));
#418=VECTOR('',#417,2.413E0);
#419=CARTESIAN_POINT('',(1.895515798530E1,1.2065E0,-2.606749781740E-2));
#420=LINE('',#419,#418);
#421=DIRECTION('',(0.E0,-1.E0,0.E0));
#422=VECTOR('',#421,2.413E0);
#423=CARTESIAN_POINT('',(1.915313139261E1,1.2065E0,8.823250218259E-2));
#424=LINE('',#423,#422);
#425=DIRECTION('',(5.E-1,0.E0,-8.660254037844E-1));
#426=VECTOR('',#425,5.865124637209E0);
#427=CARTESIAN_POINT('',(1.988199612267E1,-1.2065E0,2.633576440887E0));
#428=LINE('',#427,#426);
#429=CARTESIAN_POINT('',(2.13995E1,-1.2065E0,3.614207941648E0));
#430=DIRECTION('',(0.E0,-1.E0,0.E0));
#431=DIRECTION('',(-7.861848744948E-1,0.E0,-6.179913778651E-1));
#432=AXIS2_PLACEMENT_3D('',#429,#430,#431);
#434=CARTESIAN_POINT('',(1.660691700508E1,-1.2065E0,-1.530674978174E-1));
#435=DIRECTION('',(0.E0,-1.E0,0.E0));
#436=DIRECTION('',(2.797412345512E-14,0.E0,1.E0));
#437=AXIS2_PLACEMENT_3D('',#434,#435,#436);
#439=DIRECTION('',(-1.E0,0.E0,1.869438130619E-14));
#440=VECTOR('',#439,2.348240980221E0);
#441=CARTESIAN_POINT('',(1.895515798530E1,-1.2065E0,-2.606749781740E-2));
#442=LINE('',#441,#440);
#443=DIRECTION('',(-8.660254037844E-1,0.E0,-5.E-1));
#444=VECTOR('',#443,2.286E-1);
#445=CARTESIAN_POINT('',(1.915313139261E1,-1.2065E0,8.823250218259E-2));
#446=LINE('',#445,#444);
#447=CARTESIAN_POINT('',(1.820063139261E1,-1.2065E0,1.738010896392E0));
#448=DIRECTION('',(0.E0,1.E0,0.E0));
#449=DIRECTION('',(8.826061575154E-1,0.E0,4.701131467167E-1));
#450=AXIS2_PLACEMENT_3D('',#447,#448,#449);
#452=CARTESIAN_POINT('',(-2.13995E1,-1.2065E0,3.614207941648E0));
#453=DIRECTION('',(0.E0,-1.E0,0.E0));
#454=DIRECTION('',(-2.273916826735E-1,0.E0,-9.738033798724E-1));
#455=AXIS2_PLACEMENT_3D('',#452,#453,#454);
#457=DIRECTION('',(5.E-1,0.E0,8.660254037844E-1));
#458=VECTOR('',#457,5.865124637209E0);
#459=CARTESIAN_POINT('',(-2.281455844128E1,-1.2065E0,-2.445770491298E0));
#460=LINE('',#459,#458);
#461=CARTESIAN_POINT('',(-1.820063139261E1,-1.2065E0,1.738010896392E0));
#462=DIRECTION('',(0.E0,1.E0,0.E0));
#463=DIRECTION('',(-5.E-1,0.E0,-8.660254037844E-1));
#464=AXIS2_PLACEMENT_3D('',#461,#462,#463);
#466=DIRECTION('',(-8.660254037844E-1,0.E0,5.E-1));
#467=VECTOR('',#466,2.286E-1);
#468=CARTESIAN_POINT('',(-1.895515798530E1,-1.2065E0,-2.606749781740E-2));
#469=LINE('',#468,#467);
#470=DIRECTION('',(-1.E0,0.E0,-1.868847144092E-14));
#471=VECTOR('',#470,2.348240980221E0);
#472=CARTESIAN_POINT('',(-1.660691700508E1,-1.2065E0,-2.606749781736E-2));
#473=LINE('',#472,#471);
#474=CARTESIAN_POINT('',(-1.660691700508E1,-1.2065E0,-1.530674978174E-1));
#475=DIRECTION('',(0.E0,-1.E0,0.E0));
#476=DIRECTION('',(7.861848744948E-1,0.E0,-6.179913778651E-1));
#477=AXIS2_PLACEMENT_3D('',#474,#475,#476);
#479=DIRECTION('',(0.E0,-1.E0,0.E0));
#480=VECTOR('',#479,5.715E-1);
#481=CARTESIAN_POINT('',(1.988199612267E1,-1.2065E0,2.633576440887E0));
#482=LINE('',#481,#480);
#483=DIRECTION('',(0.E0,1.E0,0.E0));
#484=VECTOR('',#483,5.715E-1);
#485=CARTESIAN_POINT('',(-2.281455844128E1,1.2065E0,-2.445770491298E0));
#486=LINE('',#485,#484);
#487=DIRECTION('',(1.243294375783E-14,1.E0,0.E0));
#488=VECTOR('',#487,5.715E-1);
#489=CARTESIAN_POINT('',(-1.988199612267E1,1.2065E0,2.633576440887E0));
#490=LINE('',#489,#488);
#491=DIRECTION('',(0.E0,1.E0,0.E0));
#492=VECTOR('',#491,3.556E0);
#493=CARTESIAN_POINT('',(-1.988199612267E1,-1.778E0,6.8834E0));
#494=LINE('',#493,#492);
#495=DIRECTION('',(0.E0,-1.E0,0.E0));
#496=VECTOR('',#495,2.413E0);
#497=CARTESIAN_POINT('',(-1.988199612267E1,1.2065E0,2.633576440887E0));
#498=LINE('',#497,#496);
#499=DIRECTION('',(0.E0,-1.E0,0.E0));
#500=VECTOR('',#499,5.715E-1);
#501=CARTESIAN_POINT('',(-1.988199612267E1,-1.2065E0,2.633576440887E0));
#502=LINE('',#501,#500);
#503=DIRECTION('',(0.E0,1.E0,0.E0));
#504=VECTOR('',#503,3.556E0);
#505=CARTESIAN_POINT('',(-1.886599612267E1,-1.778E0,6.8834E0));
#506=LINE('',#505,#504);
#507=DIRECTION('',(0.E0,1.E0,0.E0));
#508=VECTOR('',#507,3.556E0);
#509=CARTESIAN_POINT('',(-1.886599612267E1,-1.778E0,1.08966E1));
#510=LINE('',#509,#508);
#511=DIRECTION('',(0.E0,1.E0,0.E0));
#512=VECTOR('',#511,5.207E0);
#513=CARTESIAN_POINT('',(-1.800239612267E1,-2.6035E0,1.08966E1));
#514=LINE('',#513,#512);
#515=DIRECTION('',(0.E0,-1.E0,0.E0));
#516=VECTOR('',#515,8.255E-1);
#517=CARTESIAN_POINT('',(-1.886599612267E1,2.6035E0,1.08966E1));
#518=LINE('',#517,#516);
#519=DIRECTION('',(0.E0,-1.E0,0.E0));
#520=VECTOR('',#519,8.255E-1);
#521=CARTESIAN_POINT('',(-1.886599612267E1,-1.778E0,1.08966E1));
#522=LINE('',#521,#520);
#523=DIRECTION('',(0.E0,-1.E0,0.E0));
#524=VECTOR('',#523,5.207E0);
#525=CARTESIAN_POINT('',(-1.734199612267E1,2.6035E0,1.08966E1));
#526=LINE('',#525,#524);
#527=DIRECTION('',(0.E0,-1.E0,0.E0));
#528=VECTOR('',#527,5.207E0);
#529=CARTESIAN_POINT('',(-1.734199612267E1,2.6035E0,1.23444E1));
#530=LINE('',#529,#528);
#531=DIRECTION('',(0.E0,-1.E0,0.E0));
#532=VECTOR('',#531,5.207E0);
#533=CARTESIAN_POINT('',(-1.772299612267E1,2.6035E0,1.23444E1));
#534=LINE('',#533,#532);
#535=DIRECTION('',(0.E0,-1.E0,0.E0));
#536=VECTOR('',#535,5.207E0);
#537=CARTESIAN_POINT('',(-1.772299612267E1,2.6035E0,1.27254E1));
#538=LINE('',#537,#536);
#539=DIRECTION('',(0.E0,-1.E0,0.E0));
#540=VECTOR('',#539,8.255E-1);
#541=CARTESIAN_POINT('',(-1.886599612267E1,-1.778E0,1.408757435634E1));
#542=LINE('',#541,#540);
#543=DIRECTION('',(0.E0,-1.E0,0.E0));
#544=VECTOR('',#543,8.255E-1);
#545=CARTESIAN_POINT('',(-1.886599612267E1,2.6035E0,1.408757435634E1));
#546=LINE('',#545,#544);
#547=CARTESIAN_POINT('',(1.767219612267E1,-2.6035E0,1.08966E1));
#548=DIRECTION('',(0.E0,-1.E0,0.E0));
#549=DIRECTION('',(-1.E0,0.E0,2.151855650394E-14));
#550=AXIS2_PLACEMENT_3D('',#547,#548,#549);
#552=DIRECTION('',(-1.963096382816E-14,0.E0,-1.E0));
#553=VECTOR('',#552,1.4478E0);
#554=CARTESIAN_POINT('',(1.734199612267E1,-2.6035E0,1.23444E1));
#555=LINE('',#554,#553);
#556=DIRECTION('',(-1.E0,0.E0,3.263647736431E-14));
#557=VECTOR('',#556,3.81E-1);
#558=CARTESIAN_POINT('',(1.772299612267E1,-2.6035E0,1.23444E1));
#559=LINE('',#558,#557);
#560=DIRECTION('',(0.E0,0.E0,-1.E0));
#561=VECTOR('',#560,3.81E-1);
#562=CARTESIAN_POINT('',(1.772299612267E1,-2.6035E0,1.27254E1));
#563=LINE('',#562,#561);
#564=DIRECTION('',(-6.427876096866E-1,0.E0,-7.660444431190E-1));
#565=VECTOR('',#564,1.778192334101E0);
#566=CARTESIAN_POINT('',(1.886599612267E1,-2.6035E0,1.408757435634E1));
#567=LINE('',#566,#565);
#568=DIRECTION('',(0.E0,0.E0,1.E0));
#569=VECTOR('',#568,3.190974356335E0);
#570=CARTESIAN_POINT('',(1.886599612267E1,-2.6035E0,1.08966E1));
#571=LINE('',#570,#569);
#572=DIRECTION('',(1.E0,0.E0,-1.851228758060E-14));
#573=VECTOR('',#572,8.636E-1);
#574=CARTESIAN_POINT('',(1.800239612267E1,-2.6035E0,1.08966E1));
#575=LINE('',#574,#573);
#576=CARTESIAN_POINT('',(-1.767219612267E1,-2.6035E0,1.08966E1));
#577=DIRECTION('',(0.E0,-1.E0,0.E0));
#578=DIRECTION('',(-1.E0,0.E0,-1.613891737795E-14));
#579=AXIS2_PLACEMENT_3D('',#576,#577,#578);
#581=DIRECTION('',(1.E0,0.E0,1.851228758060E-14));
#582=VECTOR('',#581,8.636E-1);
#583=CARTESIAN_POINT('',(-1.886599612267E1,-2.6035E0,1.08966E1));
#584=LINE('',#583,#582);
#585=DIRECTION('',(0.E0,0.E0,-1.E0));
#586=VECTOR('',#585,3.190974356335E0);
#587=CARTESIAN_POINT('',(-1.886599612267E1,-2.6035E0,1.408757435634E1));
#588=LINE('',#587,#586);
#589=DIRECTION('',(-6.427876096866E-1,0.E0,7.660444431190E-1));
#590=VECTOR('',#589,1.778192334101E0);
#591=CARTESIAN_POINT('',(-1.772299612267E1,-2.6035E0,1.27254E1));
#592=LINE('',#591,#590);
#593=DIRECTION('',(0.E0,0.E0,1.E0));
#594=VECTOR('',#593,3.81E-1);
#595=CARTESIAN_POINT('',(-1.772299612267E1,-2.6035E0,1.23444E1));
#596=LINE('',#595,#594);
#597=DIRECTION('',(-1.E0,0.E0,-3.263647736431E-14));
#598=VECTOR('',#597,3.81E-1);
#599=CARTESIAN_POINT('',(-1.734199612267E1,-2.6035E0,1.23444E1));
#600=LINE('',#599,#598);
#601=DIRECTION('',(-1.963096382816E-14,0.E0,1.E0));
#602=VECTOR('',#601,1.4478E0);
#603=CARTESIAN_POINT('',(-1.734199612267E1,-2.6035E0,1.08966E1));
#604=LINE('',#603,#602);
#605=DIRECTION('',(0.E0,-1.E0,0.E0));
#606=VECTOR('',#605,8.255E-1);
#607=CARTESIAN_POINT('',(1.886599612267E1,-1.778E0,1.08966E1));
#608=LINE('',#607,#606);
#609=DIRECTION('',(0.E0,-1.E0,0.E0));
#610=VECTOR('',#609,8.255E-1);
#611=CARTESIAN_POINT('',(1.886599612267E1,2.6035E0,1.08966E1));
#612=LINE('',#611,#610);
#613=CARTESIAN_POINT('',(1.767219612267E1,2.6035E0,1.08966E1));
#614=DIRECTION('',(0.E0,-1.E0,0.E0));
#615=DIRECTION('',(-1.E0,0.E0,2.151855650394E-14));
#616=AXIS2_PLACEMENT_3D('',#613,#614,#615);
#618=DIRECTION('',(1.E0,0.E0,-1.851228758060E-14));
#619=VECTOR('',#618,8.636E-1);
#620=CARTESIAN_POINT('',(1.800239612267E1,2.6035E0,1.08966E1));
#621=LINE('',#620,#619);
#622=DIRECTION('',(0.E0,0.E0,1.E0));
#623=VECTOR('',#622,3.190974356335E0);
#624=CARTESIAN_POINT('',(1.886599612267E1,2.6035E0,1.08966E1));
#625=LINE('',#624,#623);
#626=DIRECTION('',(-6.427876096866E-1,0.E0,-7.660444431190E-1));
#627=VECTOR('',#626,1.778192334101E0);
#628=CARTESIAN_POINT('',(1.886599612267E1,2.6035E0,1.408757435634E1));
#629=LINE('',#628,#627);
#630=DIRECTION('',(0.E0,0.E0,-1.E0));
#631=VECTOR('',#630,3.81E-1);
#632=CARTESIAN_POINT('',(1.772299612267E1,2.6035E0,1.27254E1));
#633=LINE('',#632,#631);
#634=DIRECTION('',(-1.E0,0.E0,3.263647736431E-14));
#635=VECTOR('',#634,3.81E-1);
#636=CARTESIAN_POINT('',(1.772299612267E1,2.6035E0,1.23444E1));
#637=LINE('',#636,#635);
#638=DIRECTION('',(-1.963096382816E-14,0.E0,-1.E0));
#639=VECTOR('',#638,1.4478E0);
#640=CARTESIAN_POINT('',(1.734199612267E1,2.6035E0,1.23444E1));
#641=LINE('',#640,#639);
#642=CARTESIAN_POINT('',(-1.767219612267E1,2.6035E0,1.08966E1));
#643=DIRECTION('',(0.E0,-1.E0,0.E0));
#644=DIRECTION('',(-1.E0,0.E0,-1.613891737795E-14));
#645=AXIS2_PLACEMENT_3D('',#642,#643,#644);
#647=DIRECTION('',(-1.963096382816E-14,0.E0,1.E0));
#648=VECTOR('',#647,1.4478E0);
#649=CARTESIAN_POINT('',(-1.734199612267E1,2.6035E0,1.08966E1));
#650=LINE('',#649,#648);
#651=DIRECTION('',(-1.E0,0.E0,-3.263647736431E-14));
#652=VECTOR('',#651,3.81E-1);
#653=CARTESIAN_POINT('',(-1.734199612267E1,2.6035E0,1.23444E1));
#654=LINE('',#653,#652);
#655=DIRECTION('',(0.E0,0.E0,1.E0));
#656=VECTOR('',#655,3.81E-1);
#657=CARTESIAN_POINT('',(-1.772299612267E1,2.6035E0,1.23444E1));
#658=LINE('',#657,#656);
#659=DIRECTION('',(-6.427876096866E-1,0.E0,7.660444431190E-1));
#660=VECTOR('',#659,1.778192334101E0);
#661=CARTESIAN_POINT('',(-1.772299612267E1,2.6035E0,1.27254E1));
#662=LINE('',#661,#660);
#663=DIRECTION('',(0.E0,0.E0,-1.E0));
#664=VECTOR('',#663,3.190974356335E0);
#665=CARTESIAN_POINT('',(-1.886599612267E1,2.6035E0,1.408757435634E1));
#666=LINE('',#665,#664);
#667=DIRECTION('',(1.E0,0.E0,1.851228758060E-14));
#668=VECTOR('',#667,8.636E-1);
#669=CARTESIAN_POINT('',(-1.886599612267E1,2.6035E0,1.08966E1));
#670=LINE('',#669,#668);
#671=DIRECTION('',(0.E0,1.E0,0.E0));
#672=VECTOR('',#671,3.556E0);
#673=CARTESIAN_POINT('',(-2.167461042347E1,-1.778E0,1.50114E1));
#674=LINE('',#673,#672);
#675=DIRECTION('',(0.E0,-1.E0,0.E0));
#676=VECTOR('',#675,3.556E0);
#677=CARTESIAN_POINT('',(-1.964117787954E1,1.778E0,1.50114E1));
#678=LINE('',#677,#676);
#679=DIRECTION('',(0.E0,1.E0,0.E0));
#680=VECTOR('',#679,3.556E0);
#681=CARTESIAN_POINT('',(-2.310779612267E1,-1.778E0,6.8834E0));
#682=LINE('',#681,#680);
#683=DIRECTION('',(0.E0,1.E0,0.E0));
#684=VECTOR('',#683,3.556E0);
#685=CARTESIAN_POINT('',(-2.310779612267E1,-1.778E0,4.160552262806E0));
#686=LINE('',#685,#684);
#687=DIRECTION('',(0.E0,1.E0,0.E0));
#688=VECTOR('',#687,3.556E0);
#689=CARTESIAN_POINT('',(-2.585846065778E1,-1.778E0,-6.037384665693E-1));
#690=LINE('',#689,#688);
#691=DIRECTION('',(0.E0,1.E0,0.E0));
#692=VECTOR('',#691,3.556E0);
#693=CARTESIAN_POINT('',(-2.4511E1,-1.778E0,-1.775068146102E0));
#694=LINE('',#693,#692);
#695=DIRECTION('',(0.E0,-1.E0,0.E0));
#696=VECTOR('',#695,2.413E0);
#697=CARTESIAN_POINT('',(-1.915313139261E1,1.2065E0,8.823250218259E-2));
#698=LINE('',#697,#696);
#699=DIRECTION('',(0.E0,-1.E0,0.E0));
#700=VECTOR('',#699,2.413E0);
#701=CARTESIAN_POINT('',(-1.895515798530E1,1.2065E0,-2.606749781740E-2));
#702=LINE('',#701,#700);
#703=DIRECTION('',(0.E0,-1.E0,0.E0));
#704=VECTOR('',#703,2.413E0);
#705=CARTESIAN_POINT('',(-1.660691700508E1,1.2065E0,-2.606749781736E-2));
#706=LINE('',#705,#704);
#707=DIRECTION('',(0.E0,-1.E0,0.E0));
#708=VECTOR('',#707,2.413E0);
#709=CARTESIAN_POINT('',(-1.650707152602E1,1.2065E0,-2.315524028062E-1));
#710=LINE('',#709,#708);
#711=DIRECTION('',(0.E0,-1.E0,0.E0));
#712=VECTOR('',#711,5.715E-1);
#713=CARTESIAN_POINT('',(-2.281455844128E1,-1.2065E0,-2.445770491298E0));
#714=LINE('',#713,#712);
#715=CARTESIAN_POINT('',(2.205369612267E1,1.076854166667E-1,5.6134E0));
#716=DIRECTION('',(-1.E0,0.E0,1.981660957318E-14));
#717=DIRECTION('',(0.E0,1.E0,0.E0));
#718=AXIS2_PLACEMENT_3D('',#715,#716,#717);
#720=CARTESIAN_POINT('',(2.205369612267E1,1.076854166667E-1,5.6134E0));
#721=DIRECTION('',(1.E0,0.E0,-1.969414489327E-14));
#722=DIRECTION('',(0.E0,1.E0,0.E0));
#723=AXIS2_PLACEMENT_3D('',#720,#721,#722);
#725=DIRECTION('',(0.E0,0.E0,-1.E0));
#726=VECTOR('',#725,3.742584685280E-1);
#727=CARTESIAN_POINT('',(2.1336E1,1.8415E0,6.604E0));
#728=LINE('',#727,#726);
#729=CARTESIAN_POINT('',(2.205369612267E1,1.8415E0,5.6134E0));
#730=DIRECTION('',(0.E0,1.E0,0.E0));
#731=DIRECTION('',(-7.586433746427E-1,0.E0,-6.515061243847E-1));
#732=AXIS2_PLACEMENT_3D('',#729,#730,#731);
#734=DIRECTION('',(0.E0,0.E0,-1.E0));
#735=VECTOR('',#734,2.812658468528E0);
#736=CARTESIAN_POINT('',(2.1336E1,1.8415E0,4.997058468528E0));
#737=LINE('',#736,#735);
#738=CARTESIAN_POINT('',(2.2225E1,1.8415E0,2.1844E0));
#739=DIRECTION('',(0.E0,-1.E0,0.E0));
#740=DIRECTION('',(-1.E0,0.E0,2.797412345512E-14));
#741=AXIS2_PLACEMENT_3D('',#738,#739,#740);
#743=DIRECTION('',(0.E0,0.E0,-1.E0));
#744=VECTOR('',#743,4.4196E0);
#745=CARTESIAN_POINT('',(2.3114E1,1.8415E0,6.604E0));
#746=LINE('',#745,#744);
#747=CARTESIAN_POINT('',(2.315229245803E1,1.8415E0,6.096E0));
#748=DIRECTION('',(0.E0,-1.E0,0.E0));
#749=DIRECTION('',(9.272418371079E-1,0.E0,3.744630496013E-1));
#750=AXIS2_PLACEMENT_3D('',#747,#748,#749);
#752=DIRECTION('',(1.E0,0.E0,0.E0));
#753=VECTOR('',#752,4.273575000387E0);
#754=CARTESIAN_POINT('',(2.188842499961E1,1.8415E0,-3.683E0));
#755=LINE('',#754,#753);
#756=CARTESIAN_POINT('',(2.1082E1,1.8415E0,-4.5974E0));
#757=DIRECTION('',(0.E0,1.E0,0.E0));
#758=DIRECTION('',(-6.614378277662E-1,0.E0,7.5E-1));
#759=AXIS2_PLACEMENT_3D('',#756,#757,#758);
#761=DIRECTION('',(1.E0,0.E0,0.E0));
#762=VECTOR('',#761,4.635750003875E-1);
#763=CARTESIAN_POINT('',(1.9812E1,1.8415E0,-3.683E0));
#764=LINE('',#763,#762);
#765=DIRECTION('',(0.E0,0.E0,-1.E0));
#766=VECTOR('',#765,1.0287E1);
#767=CARTESIAN_POINT('',(1.9812E1,1.8415E0,6.604E0));
#768=LINE('',#767,#766);
#769=CARTESIAN_POINT('',(-2.205369612267E1,1.8415E0,5.6134E0));
#770=DIRECTION('',(0.E0,-1.E0,0.E0));
#771=DIRECTION('',(7.586433746427E-1,0.E0,-6.515061243847E-1));
#772=AXIS2_PLACEMENT_3D('',#769,#770,#771);
#774=DIRECTION('',(0.E0,0.E0,-1.E0));
#775=VECTOR('',#774,3.742584685280E-1);
#776=CARTESIAN_POINT('',(-2.1336E1,1.8415E0,6.604E0));
#777=LINE('',#776,#775);
#778=DIRECTION('',(0.E0,0.E0,1.E0));
#779=VECTOR('',#778,1.0287E1);
#780=CARTESIAN_POINT('',(-1.9812E1,1.8415E0,-3.683E0));
#781=LINE('',#780,#779);
#782=DIRECTION('',(1.E0,0.E0,0.E0));
#783=VECTOR('',#782,4.635750003875E-1);
#784=CARTESIAN_POINT('',(-2.027557500039E1,1.8415E0,-3.683E0));
#785=LINE('',#784,#783);
#786=CARTESIAN_POINT('',(-2.1082E1,1.8415E0,-4.5974E0));
#787=DIRECTION('',(0.E0,1.E0,0.E0));
#788=DIRECTION('',(-6.614378277662E-1,0.E0,7.5E-1));
#789=AXIS2_PLACEMENT_3D('',#786,#787,#788);
#791=DIRECTION('',(1.E0,0.E0,0.E0));
#792=VECTOR('',#791,4.273575000387E0);
#793=CARTESIAN_POINT('',(-2.6162E1,1.8415E0,-3.683E0));
#794=LINE('',#793,#792);
#795=CARTESIAN_POINT('',(-2.315229245803E1,1.8415E0,6.096E0));
#796=DIRECTION('',(0.E0,-1.E0,0.E0));
#797=DIRECTION('',(0.E0,0.E0,1.E0));
#798=AXIS2_PLACEMENT_3D('',#795,#796,#797);
#800=DIRECTION('',(0.E0,0.E0,-1.E0));
#801=VECTOR('',#800,4.4196E0);
#802=CARTESIAN_POINT('',(-2.3114E1,1.8415E0,6.604E0));
#803=LINE('',#802,#801);
#804=CARTESIAN_POINT('',(-2.2225E1,1.8415E0,2.1844E0));
#805=DIRECTION('',(0.E0,-1.E0,0.E0));
#806=DIRECTION('',(-1.E0,0.E0,0.E0));
#807=AXIS2_PLACEMENT_3D('',#804,#805,#806);
#809=DIRECTION('',(0.E0,0.E0,-1.E0));
#810=VECTOR('',#809,2.812658468528E0);
#811=CARTESIAN_POINT('',(-2.1336E1,1.8415E0,4.997058468528E0));
#812=LINE('',#811,#810);
#813=CARTESIAN_POINT('',(2.1336E1,-1.076854166667E-1,5.6134E0));
#814=DIRECTION('',(-1.E0,0.E0,0.E0));
#815=DIRECTION('',(0.E0,-9.422362810291E-1,-3.349489374703E-1));
#816=AXIS2_PLACEMENT_3D('',#813,#814,#815);
#818=DIRECTION('',(0.E0,2.588190451025E-1,-9.659258262891E-1));
#819=VECTOR('',#818,2.866265633083E0);
#820=CARTESIAN_POINT('',(2.1336E1,-3.091344134165E0,6.604E0));
#821=LINE('',#820,#819);
#822=DIRECTION('',(0.E0,1.E0,0.E0));
#823=VECTOR('',#822,1.249844134165E0);
#824=CARTESIAN_POINT('',(2.1336E1,-3.091344134165E0,6.604E0));
#825=LINE('',#824,#823);
#826=DIRECTION('',(0.E0,1.E0,0.E0));
#827=VECTOR('',#826,1.249844134165E0);
#828=CARTESIAN_POINT('',(2.1336E1,1.8415E0,6.604E0));
#829=LINE('',#828,#827);
#830=DIRECTION('',(0.E0,2.588190451025E-1,9.659258262891E-1));
#831=VECTOR('',#830,2.866265633083E0);
#832=CARTESIAN_POINT('',(2.1336E1,2.3495E0,3.8354E0));
#833=LINE('',#832,#831);
#834=CARTESIAN_POINT('',(2.1336E1,1.076854166667E-1,5.6134E0));
#835=DIRECTION('',(-1.E0,0.E0,0.E0));
#836=DIRECTION('',(0.E0,9.422362810291E-1,3.349489374703E-1));
#837=AXIS2_PLACEMENT_3D('',#834,#835,#836);
#839=DIRECTION('',(0.E0,0.E0,-1.E0));
#840=VECTOR('',#839,3.742584685280E-1);
#841=CARTESIAN_POINT('',(2.1336E1,-1.8415E0,6.604E0));
#842=LINE('',#841,#840);
#843=DIRECTION('',(0.E0,0.E0,-1.E0));
#844=VECTOR('',#843,1.0287E1);
#845=CARTESIAN_POINT('',(1.9812E1,-1.8415E0,6.604E0));
#846=LINE('',#845,#844);
#847=DIRECTION('',(1.E0,0.E0,0.E0));
#848=VECTOR('',#847,4.635750003875E-1);
#849=CARTESIAN_POINT('',(1.9812E1,-1.8415E0,-3.683E0));
#850=LINE('',#849,#848);
#851=CARTESIAN_POINT('',(2.1082E1,-1.8415E0,-4.5974E0));
#852=DIRECTION('',(0.E0,1.E0,0.E0));
#853=DIRECTION('',(-6.614378277662E-1,0.E0,7.5E-1));
#854=AXIS2_PLACEMENT_3D('',#851,#852,#853);
#856=DIRECTION('',(1.E0,0.E0,0.E0));
#857=VECTOR('',#856,4.273575000387E0);
#858=CARTESIAN_POINT('',(2.188842499961E1,-1.8415E0,-3.683E0));
#859=LINE('',#858,#857);
#860=CARTESIAN_POINT('',(2.315229245803E1,-1.8415E0,6.096E0));
#861=DIRECTION('',(0.E0,1.E0,0.E0));
#862=DIRECTION('',(0.E0,0.E0,1.E0));
#863=AXIS2_PLACEMENT_3D('',#860,#861,#862);
#865=DIRECTION('',(0.E0,0.E0,-1.E0));
#866=VECTOR('',#865,4.4196E0);
#867=CARTESIAN_POINT('',(2.3114E1,-1.8415E0,6.604E0));
#868=LINE('',#867,#866);
#869=CARTESIAN_POINT('',(2.2225E1,-1.8415E0,2.1844E0));
#870=DIRECTION('',(0.E0,-1.E0,0.E0));
#871=DIRECTION('',(-1.E0,0.E0,2.797412345512E-14));
#872=AXIS2_PLACEMENT_3D('',#869,#870,#871);
#874=DIRECTION('',(0.E0,0.E0,-1.E0));
#875=VECTOR('',#874,2.812658468528E0);
#876=CARTESIAN_POINT('',(2.1336E1,-1.8415E0,4.997058468528E0));
#877=LINE('',#876,#875);
#878=CARTESIAN_POINT('',(2.205369612267E1,-1.8415E0,5.6134E0));
#879=DIRECTION('',(0.E0,1.E0,0.E0));
#880=DIRECTION('',(-7.586433746427E-1,0.E0,-6.515061243847E-1));
#881=AXIS2_PLACEMENT_3D('',#878,#879,#880);
#883=CARTESIAN_POINT('',(-2.205369612267E1,-1.8415E0,5.6134E0));
#884=DIRECTION('',(0.E0,-1.E0,0.E0));
#885=DIRECTION('',(7.586433746427E-1,0.E0,-6.515061243847E-1));
#886=AXIS2_PLACEMENT_3D('',#883,#884,#885);
#888=DIRECTION('',(0.E0,0.E0,-1.E0));
#889=VECTOR('',#888,2.812658468528E0);
#890=CARTESIAN_POINT('',(-2.1336E1,-1.8415E0,4.997058468528E0));
#891=LINE('',#890,#889);
#892=CARTESIAN_POINT('',(-2.2225E1,-1.8415E0,2.1844E0));
#893=DIRECTION('',(0.E0,-1.E0,0.E0));
#894=DIRECTION('',(-1.E0,0.E0,0.E0));
#895=AXIS2_PLACEMENT_3D('',#892,#893,#894);
#897=DIRECTION('',(0.E0,0.E0,-1.E0));
#898=VECTOR('',#897,4.4196E0);
#899=CARTESIAN_POINT('',(-2.3114E1,-1.8415E0,6.604E0));
#900=LINE('',#899,#898);
#901=CARTESIAN_POINT('',(-2.315229245803E1,-1.8415E0,6.096E0));
#902=DIRECTION('',(0.E0,1.E0,0.E0));
#903=DIRECTION('',(-9.272418371079E-1,0.E0,3.744630496013E-1));
#904=AXIS2_PLACEMENT_3D('',#901,#902,#903);
#906=DIRECTION('',(1.E0,0.E0,0.E0));
#907=VECTOR('',#906,4.273575000387E0);
#908=CARTESIAN_POINT('',(-2.6162E1,-1.8415E0,-3.683E0));
#909=LINE('',#908,#907);
#910=CARTESIAN_POINT('',(-2.1082E1,-1.8415E0,-4.5974E0));
#911=DIRECTION('',(0.E0,1.E0,0.E0));
#912=DIRECTION('',(-6.614378277662E-1,0.E0,7.5E-1));
#913=AXIS2_PLACEMENT_3D('',#910,#911,#912);
#915=DIRECTION('',(1.E0,0.E0,0.E0));
#916=VECTOR('',#915,4.635750003875E-1);
#917=CARTESIAN_POINT('',(-2.027557500039E1,-1.8415E0,-3.683E0));
#918=LINE('',#917,#916);
#919=DIRECTION('',(0.E0,0.E0,1.E0));
#920=VECTOR('',#919,1.0287E1);
#921=CARTESIAN_POINT('',(-1.9812E1,-1.8415E0,-3.683E0));
#922=LINE('',#921,#920);
#923=DIRECTION('',(0.E0,0.E0,-1.E0));
#924=VECTOR('',#923,3.742584685280E-1);
#925=CARTESIAN_POINT('',(-2.1336E1,-1.8415E0,6.604E0));
#926=LINE('',#925,#924);
#927=DIRECTION('',(1.E0,0.E0,0.E0));
#928=VECTOR('',#927,6.223E-1);
#929=CARTESIAN_POINT('',(1.22682E1,-3.8354E0,6.604E0));
#930=LINE('',#929,#928);
#931=DIRECTION('',(0.E0,1.E0,0.E0));
#932=VECTOR('',#931,1.651E-1);
#933=CARTESIAN_POINT('',(1.22682E1,-4.0005E0,6.604E0));
#934=LINE('',#933,#932);
#935=DIRECTION('',(0.E0,1.E0,0.E0));
#936=VECTOR('',#935,4.064E-1);
#937=CARTESIAN_POINT('',(2.0955E0,-4.0005E0,6.604E0));
#938=LINE('',#937,#936);
#939=DIRECTION('',(-1.E0,0.E0,0.E0));
#940=VECTOR('',#939,1.0795E1);
#941=CARTESIAN_POINT('',(1.28905E1,-3.5941E0,6.604E0));
#942=LINE('',#941,#940);
#943=DIRECTION('',(0.E0,1.E0,0.E0));
#944=VECTOR('',#943,2.413E-1);
#945=CARTESIAN_POINT('',(1.28905E1,-3.8354E0,6.604E0));
#946=LINE('',#945,#944);
#947=DIRECTION('',(0.E0,1.E0,0.E0));
#948=VECTOR('',#947,2.159E0);
#949=CARTESIAN_POINT('',(-2.315229245803E1,1.8415E0,6.604E0));
#950=LINE('',#949,#948);
#951=DIRECTION('',(0.E0,-1.E0,0.E0));
#952=VECTOR('',#951,4.064E-1);
#953=CARTESIAN_POINT('',(-1.4224E1,4.0005E0,6.604E0));
#954=LINE('',#953,#952);
#955=DIRECTION('',(1.E0,0.E0,0.E0));
#956=VECTOR('',#955,5.334E0);
#957=CARTESIAN_POINT('',(-1.9558E1,3.5941E0,6.604E0));
#958=LINE('',#957,#956);
#959=DIRECTION('',(0.E0,1.E0,0.E0));
#960=VECTOR('',#959,2.1971E0);
#961=CARTESIAN_POINT('',(-1.9558E1,1.397E0,6.604E0));
#962=LINE('',#961,#960);
#963=DIRECTION('',(1.E0,0.E0,0.E0));
#964=VECTOR('',#963,2.54E-1);
#965=CARTESIAN_POINT('',(-1.9812E1,1.397E0,6.604E0));
#966=LINE('',#965,#964);
#967=DIRECTION('',(0.E0,-1.E0,0.E0));
#968=VECTOR('',#967,4.445E-1);
#969=CARTESIAN_POINT('',(-1.9812E1,1.8415E0,6.604E0));
#970=LINE('',#969,#968);
#971=DIRECTION('',(-1.E0,0.E0,0.E0));
#972=VECTOR('',#971,1.524E0);
#973=CARTESIAN_POINT('',(-1.9812E1,1.8415E0,6.604E0));
#974=LINE('',#973,#972);
#975=DIRECTION('',(-1.E0,0.E0,0.E0));
#976=VECTOR('',#975,1.778E0);
#977=CARTESIAN_POINT('',(-2.1336E1,3.091344134165E0,6.604E0));
#978=LINE('',#977,#976);
#979=DIRECTION('',(-1.E0,0.E0,0.E0));
#980=VECTOR('',#979,3.829245803479E-2);
#981=CARTESIAN_POINT('',(-2.3114E1,1.8415E0,6.604E0));
#982=LINE('',#981,#980);
#983=DIRECTION('',(0.E0,1.E0,0.E0));
#984=VECTOR('',#983,2.159E0);
#985=CARTESIAN_POINT('',(2.315229245803E1,-4.0005E0,6.604E0));
#986=LINE('',#985,#984);
#987=DIRECTION('',(0.E0,1.E0,0.E0));
#988=VECTOR('',#987,1.651E-1);
#989=CARTESIAN_POINT('',(1.56718E1,-4.0005E0,6.604E0));
#990=LINE('',#989,#988);
#991=DIRECTION('',(1.E0,0.E0,0.E0));
#992=VECTOR('',#991,6.223E-1);
#993=CARTESIAN_POINT('',(1.50495E1,-3.8354E0,6.604E0));
#994=LINE('',#993,#992);
#995=DIRECTION('',(-1.472322287112E-14,1.E0,0.E0));
#996=VECTOR('',#995,2.413E-1);
#997=CARTESIAN_POINT('',(1.50495E1,-3.8354E0,6.604E0));
#998=LINE('',#997,#996);
#999=DIRECTION('',(-1.E0,0.E0,0.E0));
#1000=VECTOR('',#999,4.5085E0);
#1001=CARTESIAN_POINT('',(1.9558E1,-3.5941E0,6.604E0));
#1002=LINE('',#1001,#1000);
#1003=DIRECTION('',(0.E0,-1.E0,0.E0));
#1004=VECTOR('',#1003,2.1971E0);
#1005=CARTESIAN_POINT('',(1.9558E1,-1.397E0,6.604E0));
#1006=LINE('',#1005,#1004);
#1007=DIRECTION('',(1.E0,0.E0,0.E0));
#1008=VECTOR('',#1007,2.54E-1);
#1009=CARTESIAN_POINT('',(1.9558E1,-1.397E0,6.604E0));
#1010=LINE('',#1009,#1008);
#1011=DIRECTION('',(0.E0,-1.E0,0.E0));
#1012=VECTOR('',#1011,4.445E-1);
#1013=CARTESIAN_POINT('',(1.9812E1,-1.397E0,6.604E0));
#1014=LINE('',#1013,#1012);
#1015=DIRECTION('',(-1.E0,0.E0,0.E0));
#1016=VECTOR('',#1015,1.524E0);
#1017=CARTESIAN_POINT('',(2.1336E1,-1.8415E0,6.604E0));
#1018=LINE('',#1017,#1016);
#1019=DIRECTION('',(1.E0,0.E0,0.E0));
#1020=VECTOR('',#1019,1.778E0);
#1021=CARTESIAN_POINT('',(2.1336E1,-3.091344134165E0,6.604E0));
#1022=LINE('',#1021,#1020);
#1023=DIRECTION('',(-1.E0,1.159730225327E-14,4.638920901306E-14));
#1024=VECTOR('',#1023,3.829245803480E-2);
#1025=CARTESIAN_POINT('',(2.315229245803E1,-1.8415E0,6.604E0));
#1026=LINE('',#1025,#1024);
#1027=DIRECTION('',(0.E0,-1.E0,0.E0));
#1028=VECTOR('',#1027,4.064E-1);
#1029=CARTESIAN_POINT('',(1.4224E1,4.0005E0,6.604E0));
#1030=LINE('',#1029,#1028);
#1031=DIRECTION('',(0.E0,1.E0,0.E0));
#1032=VECTOR('',#1031,2.159E0);
#1033=CARTESIAN_POINT('',(2.315229245803E1,1.8415E0,6.604E0));
#1034=LINE('',#1033,#1032);
#1035=DIRECTION('',(-1.E0,0.E0,4.638920901306E-14));
#1036=VECTOR('',#1035,3.829245803480E-2);
#1037=CARTESIAN_POINT('',(2.315229245803E1,1.8415E0,6.604E0));
#1038=LINE('',#1037,#1036);
#1039=DIRECTION('',(1.E0,0.E0,0.E0));
#1040=VECTOR('',#1039,1.778E0);
#1041=CARTESIAN_POINT('',(2.1336E1,3.091344134165E0,6.604E0));
#1042=LINE('',#1041,#1040);
#1043=DIRECTION('',(-1.E0,0.E0,0.E0));
#1044=VECTOR('',#1043,1.524E0);
#1045=CARTESIAN_POINT('',(2.1336E1,1.8415E0,6.604E0));
#1046=LINE('',#1045,#1044);
#1047=DIRECTION('',(0.E0,-1.E0,0.E0));
#1048=VECTOR('',#1047,4.445E-1);
#1049=CARTESIAN_POINT('',(1.9812E1,1.8415E0,6.604E0));
#1050=LINE('',#1049,#1048);
#1051=DIRECTION('',(1.E0,0.E0,0.E0));
#1052=VECTOR('',#1051,2.54E-1);
#1053=CARTESIAN_POINT('',(1.9558E1,1.397E0,6.604E0));
#1054=LINE('',#1053,#1052);
#1055=DIRECTION('',(0.E0,-1.E0,0.E0));
#1056=VECTOR('',#1055,2.1971E0);
#1057=CARTESIAN_POINT('',(1.9558E1,3.5941E0,6.604E0));
#1058=LINE('',#1057,#1056);
#1059=DIRECTION('',(1.E0,0.E0,0.E0));
#1060=VECTOR('',#1059,5.334E0);
#1061=CARTESIAN_POINT('',(1.4224E1,3.5941E0,6.604E0));
#1062=LINE('',#1061,#1060);
#1063=DIRECTION('',(1.E0,0.E0,0.E0));
#1064=VECTOR('',#1063,2.0066E1);
#1065=CARTESIAN_POINT('',(-1.0033E1,3.5941E0,6.604E0));
#1066=LINE('',#1065,#1064);
#1067=DIRECTION('',(0.E0,-1.E0,0.E0));
#1068=VECTOR('',#1067,4.064E-1);
#1069=CARTESIAN_POINT('',(-1.0033E1,4.0005E0,6.604E0));
#1070=LINE('',#1069,#1068);
#1071=DIRECTION('',(0.E0,-1.E0,0.E0));
#1072=VECTOR('',#1071,4.064E-1);
#1073=CARTESIAN_POINT('',(1.0033E1,4.0005E0,6.604E0));
#1074=LINE('',#1073,#1072);
#1075=DIRECTION('',(1.E0,0.E0,0.E0));
#1076=VECTOR('',#1075,6.223E-1);
#1077=CARTESIAN_POINT('',(-1.31318E1,-3.8354E0,6.604E0));
#1078=LINE('',#1077,#1076);
#1079=DIRECTION('',(1.075927825197E-14,1.E0,0.E0));
#1080=VECTOR('',#1079,1.651E-1);
#1081=CARTESIAN_POINT('',(-1.31318E1,-4.0005E0,6.604E0));
#1082=LINE('',#1081,#1080);
#1083=DIRECTION('',(0.E0,1.E0,0.E0));
#1084=VECTOR('',#1083,3.048E-1);
#1085=CARTESIAN_POINT('',(-1.8542E1,-4.0005E0,6.604E0));
#1086=LINE('',#1085,#1084);
#1087=DIRECTION('',(1.E0,0.E0,0.E0));
#1088=VECTOR('',#1087,2.667E0);
#1089=CARTESIAN_POINT('',(-2.1209E1,-3.6957E0,6.604E0));
#1090=LINE('',#1089,#1088);
#1091=DIRECTION('',(0.E0,1.E0,0.E0));
#1092=VECTOR('',#1091,3.048E-1);
#1093=CARTESIAN_POINT('',(-2.1209E1,-4.0005E0,6.604E0));
#1094=LINE('',#1093,#1092);
#1095=DIRECTION('',(0.E0,1.E0,0.E0));
#1096=VECTOR('',#1095,2.159E0);
#1097=CARTESIAN_POINT('',(-2.315229245803E1,-4.0005E0,6.604E0));
#1098=LINE('',#1097,#1096);
#1099=DIRECTION('',(-1.E0,-1.159730225327E-14,0.E0));
#1100=VECTOR('',#1099,3.829245803479E-2);
#1101=CARTESIAN_POINT('',(-2.3114E1,-1.8415E0,6.604E0));
#1102=LINE('',#1101,#1100);
#1103=DIRECTION('',(-1.E0,0.E0,0.E0));
#1104=VECTOR('',#1103,1.778E0);
#1105=CARTESIAN_POINT('',(-2.1336E1,-3.091344134165E0,6.604E0));
#1106=LINE('',#1105,#1104);
#1107=DIRECTION('',(-1.E0,0.E0,0.E0));
#1108=VECTOR('',#1107,1.524E0);
#1109=CARTESIAN_POINT('',(-1.9812E1,-1.8415E0,6.604E0));
#1110=LINE('',#1109,#1108);
#1111=DIRECTION('',(0.E0,-1.E0,0.E0));
#1112=VECTOR('',#1111,4.445E-1);
#1113=CARTESIAN_POINT('',(-1.9812E1,-1.397E0,6.604E0));
#1114=LINE('',#1113,#1112);
#1115=DIRECTION('',(1.E0,0.E0,0.E0));
#1116=VECTOR('',#1115,2.54E-1);
#1117=CARTESIAN_POINT('',(-1.9812E1,-1.397E0,6.604E0));
#1118=LINE('',#1117,#1116);
#1119=DIRECTION('',(0.E0,1.E0,0.E0));
#1120=VECTOR('',#1119,2.1971E0);
#1121=CARTESIAN_POINT('',(-1.9558E1,-3.5941E0,6.604E0));
#1122=LINE('',#1121,#1120);
#1123=DIRECTION('',(-1.E0,0.E0,0.E0));
#1124=VECTOR('',#1123,7.0485E0);
#1125=CARTESIAN_POINT('',(-1.25095E1,-3.5941E0,6.604E0));
#1126=LINE('',#1125,#1124);
#1127=DIRECTION('',(0.E0,1.E0,0.E0));
#1128=VECTOR('',#1127,2.413E-1);
#1129=CARTESIAN_POINT('',(-1.25095E1,-3.8354E0,6.604E0));
#1130=LINE('',#1129,#1128);
#1131=DIRECTION('',(1.E0,0.E0,0.E0));
#1132=VECTOR('',#1131,6.223E-1);
#1133=CARTESIAN_POINT('',(-1.03505E1,-3.8354E0,6.604E0));
#1134=LINE('',#1133,#1132);
#1135=DIRECTION('',(0.E0,1.E0,0.E0));
#1136=VECTOR('',#1135,2.413E-1);
#1137=CARTESIAN_POINT('',(-1.03505E1,-3.8354E0,6.604E0));
#1138=LINE('',#1137,#1136);
#1139=DIRECTION('',(-1.E0,0.E0,0.E0));
#1140=VECTOR('',#1139,8.255E0);
#1141=CARTESIAN_POINT('',(-2.0955E0,-3.5941E0,6.604E0));
#1142=LINE('',#1141,#1140);
#1143=DIRECTION('',(0.E0,1.E0,0.E0));
#1144=VECTOR('',#1143,4.064E-1);
#1145=CARTESIAN_POINT('',(-2.0955E0,-4.0005E0,6.604E0));
#1146=LINE('',#1145,#1144);
#1147=DIRECTION('',(0.E0,1.E0,0.E0));
#1148=VECTOR('',#1147,1.651E-1);
#1149=CARTESIAN_POINT('',(-9.7282E0,-4.0005E0,6.604E0));
#1150=LINE('',#1149,#1148);
#1151=DIRECTION('',(0.E0,0.E0,1.E0));
#1152=VECTOR('',#1151,7.1882E0);
#1153=CARTESIAN_POINT('',(1.56718E1,-3.8354E0,-5.842E-1));
#1154=LINE('',#1153,#1152);
#1155=DIRECTION('',(0.E0,0.E0,-1.E0));
#1156=VECTOR('',#1155,7.1882E0);
#1157=CARTESIAN_POINT('',(1.22682E1,-3.8354E0,6.604E0));
#1158=LINE('',#1157,#1156);
#1159=DIRECTION('',(0.E0,0.E0,-1.E0));
#1160=VECTOR('',#1159,1.0922E0);
#1161=CARTESIAN_POINT('',(1.28905E1,-3.8354E0,6.604E0));
#1162=LINE('',#1161,#1160);
#1163=DIRECTION('',(0.E0,-7.071067811865E-1,7.071067811865E-1));
#1164=VECTOR('',#1163,5.388153672641E-1);
#1165=CARTESIAN_POINT('',(1.28905E1,-3.2131E0,6.223E0));
#1166=LINE('',#1165,#1164);
#1167=DIRECTION('',(0.E0,-7.071067811865E-1,7.071067811865E-1));
#1168=VECTOR('',#1167,5.388153672641E-1);
#1169=CARTESIAN_POINT('',(2.0955E0,-3.2131E0,6.223E0));
#1170=LINE('',#1169,#1168);
#1171=DIRECTION('',(0.E0,-7.071067811865E-1,7.071067811865E-1));
#1172=VECTOR('',#1171,5.388153672641E-1);
#1173=CARTESIAN_POINT('',(1.50495E1,-3.2131E0,6.223E0));
#1174=LINE('',#1173,#1172);
#1175=DIRECTION('',(5.773502691896E-1,-5.773502691896E-1,5.773502691896E-1));
#1176=VECTOR('',#1175,6.599113576837E-1);
#1177=CARTESIAN_POINT('',(1.9177E1,-3.2131E0,6.223E0));
#1178=LINE('',#1177,#1176);
#1179=DIRECTION('',(0.E0,-7.071067811865E-1,7.071067811865E-1));
#1180=VECTOR('',#1179,5.388153672641E-1);
#1181=CARTESIAN_POINT('',(-1.25095E1,-3.2131E0,6.223E0));
#1182=LINE('',#1181,#1180);
#1183=DIRECTION('',(0.E0,-7.071067811865E-1,7.071067811865E-1));
#1184=VECTOR('',#1183,5.388153672641E-1);
#1185=CARTESIAN_POINT('',(-1.03505E1,-3.2131E0,6.223E0));
#1186=LINE('',#1185,#1184);
#1187=DIRECTION('',(0.E0,-7.071067811865E-1,7.071067811865E-1));
#1188=VECTOR('',#1187,5.388153672641E-1);
#1189=CARTESIAN_POINT('',(-2.0955E0,-3.2131E0,6.223E0));
#1190=LINE('',#1189,#1188);
#1191=DIRECTION('',(0.E0,1.E0,0.E0));
#1192=VECTOR('',#1191,1.143E0);
#1193=CARTESIAN_POINT('',(2.0955E0,-4.0005E0,-5.08E-1));
#1194=LINE('',#1193,#1192);
#1195=CARTESIAN_POINT('',(2.315229245803E1,-4.0005E0,6.096E0));
#1196=DIRECTION('',(0.E0,-1.E0,0.E0));
#1197=DIRECTION('',(9.272418371079E-1,0.E0,3.744630496013E-1));
#1198=AXIS2_PLACEMENT_3D('',#1195,#1196,#1197);
#1200=DIRECTION('',(-3.744630496013E-1,0.E0,9.272418371079E-1));
#1201=VECTOR('',#1200,6.779490503582E0);
#1202=CARTESIAN_POINT('',(2.6162E1,-4.0005E0,1.511536597278E-14));
#1203=LINE('',#1202,#1201);
#1204=DIRECTION('',(0.E0,0.E0,1.E0));
#1205=VECTOR('',#1204,7.3406E0);
#1206=CARTESIAN_POINT('',(2.6162E1,-4.0005E0,-7.3406E0));
#1207=LINE('',#1206,#1205);
#1208=DIRECTION('',(1.E0,0.E0,0.E0));
#1209=VECTOR('',#1208,2.6162E0);
#1210=CARTESIAN_POINT('',(2.35458E1,-4.0005E0,-7.3406E0));
#1211=LINE('',#1210,#1209);
#1212=DIRECTION('',(0.E0,0.E0,1.E0));
#1213=VECTOR('',#1212,4.253663774254E0);
#1214=CARTESIAN_POINT('',(2.35458E1,-4.0005E0,-7.3406E0));
#1215=LINE('',#1214,#1213);
#1216=DIRECTION('',(-8.660254037844E-1,0.E0,5.E-1));
#1217=VECTOR('',#1216,2.859615883296E0);
#1218=CARTESIAN_POINT('',(2.35458E1,-4.0005E0,-3.086936225746E0));
#1219=LINE('',#1218,#1217);
#1220=DIRECTION('',(-8.660254037844E-1,0.E0,-5.E-1));
#1221=VECTOR('',#1220,2.859615883296E0);
#1222=CARTESIAN_POINT('',(2.10693E1,-4.0005E0,-1.657128284098E0));
#1223=LINE('',#1222,#1221);
#1224=DIRECTION('',(0.E0,0.E0,1.E0));
#1225=VECTOR('',#1224,4.253663774254E0);
#1226=CARTESIAN_POINT('',(1.85928E1,-4.0005E0,-7.3406E0));
#1227=LINE('',#1226,#1225);
#1228=DIRECTION('',(1.E0,0.E0,0.E0));
#1229=VECTOR('',#1228,1.3208E0);
#1230=CARTESIAN_POINT('',(1.7272E1,-4.0005E0,-7.3406E0));
#1231=LINE('',#1230,#1229);
#1232=DIRECTION('',(0.E0,0.E0,1.E0));
#1233=VECTOR('',#1232,4.572E0);
#1234=CARTESIAN_POINT('',(1.7272E1,-4.0005E0,-7.3406E0));
#1235=LINE('',#1234,#1233);
#1236=DIRECTION('',(1.E0,0.E0,0.E0));
#1237=VECTOR('',#1236,1.2319E0);
#1238=CARTESIAN_POINT('',(1.60401E1,-4.0005E0,-2.7686E0));
#1239=LINE('',#1238,#1237);
#1240=DIRECTION('',(0.E0,0.E0,1.E0));
#1241=VECTOR('',#1240,2.1844E0);
#1242=CARTESIAN_POINT('',(1.60401E1,-4.0005E0,-2.7686E0));
#1243=LINE('',#1242,#1241);
#1244=DIRECTION('',(-1.E0,0.E0,0.E0));
#1245=VECTOR('',#1244,3.683E-1);
#1246=CARTESIAN_POINT('',(1.60401E1,-4.0005E0,-5.842E-1));
#1247=LINE('',#1246,#1245);
#1248=DIRECTION('',(0.E0,0.E0,-1.E0));
#1249=VECTOR('',#1248,7.1882E0);
#1250=CARTESIAN_POINT('',(1.56718E1,-4.0005E0,6.604E0));
#1251=LINE('',#1250,#1249);
#1252=DIRECTION('',(-1.E0,0.E0,0.E0));
#1253=VECTOR('',#1252,7.480492458035E0);
#1254=CARTESIAN_POINT('',(2.315229245803E1,-4.0005E0,6.604E0));
#1255=LINE('',#1254,#1253);
#1256=DIRECTION('',(0.E0,0.E0,-1.E0));
#1257=VECTOR('',#1256,7.1882E0);
#1258=CARTESIAN_POINT('',(-1.31318E1,-4.0005E0,6.604E0));
#1259=LINE('',#1258,#1257);
#1260=DIRECTION('',(-1.E0,0.E0,0.E0));
#1261=VECTOR('',#1260,3.683E-1);
#1262=CARTESIAN_POINT('',(-1.31318E1,-4.0005E0,-5.842E-1));
#1263=LINE('',#1262,#1261);
#1264=DIRECTION('',(0.E0,0.E0,-1.E0));
#1265=VECTOR('',#1264,2.1844E0);
#1266=CARTESIAN_POINT('',(-1.35001E1,-4.0005E0,-5.842E-1));
#1267=LINE('',#1266,#1265);
#1268=DIRECTION('',(1.E0,0.E0,0.E0));
#1269=VECTOR('',#1268,3.7719E0);
#1270=CARTESIAN_POINT('',(-1.7272E1,-4.0005E0,-2.7686E0));
#1271=LINE('',#1270,#1269);
#1272=DIRECTION('',(0.E0,0.E0,1.E0));
#1273=VECTOR('',#1272,4.572E0);
#1274=CARTESIAN_POINT('',(-1.7272E1,-4.0005E0,-7.3406E0));
#1275=LINE('',#1274,#1273);
#1276=DIRECTION('',(1.E0,0.E0,0.E0));
#1277=VECTOR('',#1276,1.3208E0);
#1278=CARTESIAN_POINT('',(-1.85928E1,-4.0005E0,-7.3406E0));
#1279=LINE('',#1278,#1277);
#1280=DIRECTION('',(0.E0,0.E0,1.E0));
#1281=VECTOR('',#1280,4.253663774254E0);
#1282=CARTESIAN_POINT('',(-1.85928E1,-4.0005E0,-7.3406E0));
#1283=LINE('',#1282,#1281);
#1284=DIRECTION('',(-8.660254037844E-1,0.E0,5.E-1));
#1285=VECTOR('',#1284,2.859615883296E0);
#1286=CARTESIAN_POINT('',(-1.85928E1,-4.0005E0,-3.086936225746E0));
#1287=LINE('',#1286,#1285);
#1288=DIRECTION('',(-8.660254037844E-1,0.E0,-5.E-1));
#1289=VECTOR('',#1288,2.859615883296E0);
#1290=CARTESIAN_POINT('',(-2.10693E1,-4.0005E0,-1.657128284098E0));
#1291=LINE('',#1290,#1289);
#1292=DIRECTION('',(0.E0,0.E0,1.E0));
#1293=VECTOR('',#1292,4.253663774254E0);
#1294=CARTESIAN_POINT('',(-2.35458E1,-4.0005E0,-7.3406E0));
#1295=LINE('',#1294,#1293);
#1296=DIRECTION('',(1.E0,0.E0,0.E0));
#1297=VECTOR('',#1296,2.6162E0);
#1298=CARTESIAN_POINT('',(-2.6162E1,-4.0005E0,-7.3406E0));
#1299=LINE('',#1298,#1297);
#1300=DIRECTION('',(0.E0,0.E0,-1.E0));
#1301=VECTOR('',#1300,7.3406E0);
#1302=CARTESIAN_POINT('',(-2.6162E1,-4.0005E0,1.521615173907E-14));
#1303=LINE('',#1302,#1301);
#1304=DIRECTION('',(-3.744630496013E-1,0.E0,-9.272418371079E-1));
#1305=VECTOR('',#1304,6.779490503582E0);
#1306=CARTESIAN_POINT('',(-2.362333131129E1,-4.0005E0,6.286227229197E0));
#1307=LINE('',#1306,#1305);
#1308=CARTESIAN_POINT('',(-2.315229245803E1,-4.0005E0,6.096E0));
#1309=DIRECTION('',(0.E0,-1.E0,0.E0));
#1310=DIRECTION('',(0.E0,0.E0,1.E0));
#1311=AXIS2_PLACEMENT_3D('',#1308,#1309,#1310);
#1313=DIRECTION('',(-1.E0,0.E0,0.E0));
#1314=VECTOR('',#1313,1.943292458035E0);
#1315=CARTESIAN_POINT('',(-2.1209E1,-4.0005E0,6.604E0));
#1316=LINE('',#1315,#1314);
#1317=DIRECTION('',(2.538981284121E-1,0.E0,-9.672309653794E-1));
#1318=VECTOR('',#1317,5.252106458365E0);
#1319=CARTESIAN_POINT('',(-2.1209E1,-4.0005E0,6.604E0));
#1320=LINE('',#1319,#1318);
#1321=DIRECTION('',(2.538981284121E-1,0.E0,9.672309653794E-1));
#1322=VECTOR('',#1321,5.252106458365E0);
#1323=CARTESIAN_POINT('',(-1.98755E1,-4.0005E0,1.524E0));
#1324=LINE('',#1323,#1322);
#1325=DIRECTION('',(-1.E0,0.E0,0.E0));
#1326=VECTOR('',#1325,5.4102E0);
#1327=CARTESIAN_POINT('',(-1.31318E1,-4.0005E0,6.604E0));
#1328=LINE('',#1327,#1326);
#1329=DIRECTION('',(0.E0,0.E0,-1.E0));
#1330=VECTOR('',#1329,7.1882E0);
#1331=CARTESIAN_POINT('',(-9.7282E0,-4.0005E0,6.604E0));
#1332=LINE('',#1331,#1330);
#1333=DIRECTION('',(-1.E0,0.E0,0.E0));
#1334=VECTOR('',#1333,7.6327E0);
#1335=CARTESIAN_POINT('',(-2.0955E0,-4.0005E0,6.604E0));
#1336=LINE('',#1335,#1334);
#1337=DIRECTION('',(0.E0,0.E0,-1.E0));
#1338=VECTOR('',#1337,7.112E0);
#1339=CARTESIAN_POINT('',(-2.0955E0,-4.0005E0,6.604E0));
#1340=LINE('',#1339,#1338);
#1341=CARTESIAN_POINT('',(-1.5875E0,-4.0005E0,-5.08E-1));
#1342=DIRECTION('',(0.E0,-1.E0,0.E0));
#1343=DIRECTION('',(-1.E0,0.E0,-1.639108796199E-14));
#1344=AXIS2_PLACEMENT_3D('',#1341,#1342,#1343);
#1346=DIRECTION('',(1.E0,0.E0,0.E0));
#1347=VECTOR('',#1346,3.175E0);
#1348=CARTESIAN_POINT('',(-1.5875E0,-4.0005E0,-1.016E0));
#1349=LINE('',#1348,#1347);
#1350=CARTESIAN_POINT('',(1.5875E0,-4.0005E0,-5.08E-1));
#1351=DIRECTION('',(0.E0,-1.E0,0.E0));
#1352=DIRECTION('',(0.E0,0.E0,-1.E0));
#1353=AXIS2_PLACEMENT_3D('',#1350,#1351,#1352);
#1355=DIRECTION('',(0.E0,0.E0,-1.E0));
#1356=VECTOR('',#1355,7.112E0);
#1357=CARTESIAN_POINT('',(2.0955E0,-4.0005E0,6.604E0));
#1358=LINE('',#1357,#1356);
#1359=DIRECTION('',(-1.E0,0.E0,0.E0));
#1360=VECTOR('',#1359,1.01727E1);
#1361=CARTESIAN_POINT('',(1.22682E1,-4.0005E0,6.604E0));
#1362=LINE('',#1361,#1360);
#1363=DIRECTION('',(0.E0,0.E0,-1.E0));
#1364=VECTOR('',#1363,7.1882E0);
#1365=CARTESIAN_POINT('',(1.22682E1,-4.0005E0,6.604E0));
#1366=LINE('',#1365,#1364);
#1367=DIRECTION('',(-1.E0,0.E0,0.E0));
#1368=VECTOR('',#1367,3.683E-1);
#1369=CARTESIAN_POINT('',(1.22682E1,-4.0005E0,-5.842E-1));
#1370=LINE('',#1369,#1368);
#1371=DIRECTION('',(0.E0,0.E0,-1.E0));
#1372=VECTOR('',#1371,2.1844E0);
#1373=CARTESIAN_POINT('',(1.18999E1,-4.0005E0,-5.842E-1));
#1374=LINE('',#1373,#1372);
#1375=DIRECTION('',(1.E0,0.E0,0.E0));
#1376=VECTOR('',#1375,2.12598E1);
#1377=CARTESIAN_POINT('',(-9.3599E0,-4.0005E0,-2.7686E0));
#1378=LINE('',#1377,#1376);
#1379=DIRECTION('',(0.E0,0.E0,1.E0));
#1380=VECTOR('',#1379,2.1844E0);
#1381=CARTESIAN_POINT('',(-9.3599E0,-4.0005E0,-2.7686E0));
#1382=LINE('',#1381,#1380);
#1383=DIRECTION('',(-1.E0,0.E0,0.E0));
#1384=VECTOR('',#1383,3.683E-1);
#1385=CARTESIAN_POINT('',(-9.3599E0,-4.0005E0,-5.842E-1));
#1386=LINE('',#1385,#1384);
#1387=DIRECTION('',(0.E0,1.E0,0.E0));
#1388=VECTOR('',#1387,2.159E0);
#1389=CARTESIAN_POINT('',(2.362333131129E1,-4.0005E0,6.286227229197E0));
#1390=LINE('',#1389,#1388);
#1391=DIRECTION('',(-3.744630496013E-1,0.E0,9.272418371079E-1));
#1392=VECTOR('',#1391,6.779490503582E0);
#1393=CARTESIAN_POINT('',(2.6162E1,-1.8415E0,1.862235725084E-14));
#1394=LINE('',#1393,#1392);
#1395=DIRECTION('',(0.E0,-1.E0,0.E0));
#1396=VECTOR('',#1395,2.159E0);
#1397=CARTESIAN_POINT('',(2.6162E1,-1.8415E0,1.862235725084E-14));
#1398=LINE('',#1397,#1396);
#1399=DIRECTION('',(0.E0,1.E0,0.E0));
#1400=VECTOR('',#1399,2.159E0);
#1401=CARTESIAN_POINT('',(2.362333131129E1,1.8415E0,6.286227229197E0));
#1402=LINE('',#1401,#1400);
#1403=DIRECTION('',(0.E0,-1.E0,0.E0));
#1404=VECTOR('',#1403,2.159E0);
#1405=CARTESIAN_POINT('',(2.6162E1,4.0005E0,1.511536597278E-14));
#1406=LINE('',#1405,#1404);
#1407=DIRECTION('',(-3.744630496013E-1,0.E0,9.272418371079E-1));
#1408=VECTOR('',#1407,6.779490503582E0);
#1409=CARTESIAN_POINT('',(2.6162E1,1.8415E0,1.862235725084E-14));
#1410=LINE('',#1409,#1408);
#1411=DIRECTION('',(0.E0,0.E0,-1.E0));
#1412=VECTOR('',#1411,3.683E0);
#1413=CARTESIAN_POINT('',(2.6162E1,-1.8415E0,1.862235725084E-14));
#1414=LINE('',#1413,#1412);
#1415=DIRECTION('',(0.E0,-1.E0,0.E0));
#1416=VECTOR('',#1415,3.683E0);
#1417=CARTESIAN_POINT('',(2.6162E1,1.8415E0,-3.683E0));
#1418=LINE('',#1417,#1416);
#1419=DIRECTION('',(0.E0,0.E0,-1.E0));
#1420=VECTOR('',#1419,3.683E0);
#1421=CARTESIAN_POINT('',(2.6162E1,1.8415E0,1.862235725084E-14));
#1422=LINE('',#1421,#1420);
#1423=DIRECTION('',(0.E0,-1.E0,0.E0));
#1424=VECTOR('',#1423,8.001E0);
#1425=CARTESIAN_POINT('',(2.6162E1,4.0005E0,-7.3406E0));
#1426=LINE('',#1425,#1424);
#1427=CARTESIAN_POINT('',(2.413E1,-2.667E-1,-3.683E0));
#1428=DIRECTION('',(0.E0,0.E0,1.E0));
#1429=DIRECTION('',(0.E0,-1.E0,0.E0));
#1430=AXIS2_PLACEMENT_3D('',#1427,#1428,#1429);
#1432=CARTESIAN_POINT('',(2.413E1,-2.667E-1,-3.683E0));
#1433=DIRECTION('',(0.E0,0.E0,1.E0));
#1434=DIRECTION('',(0.E0,1.E0,0.E0));
#1435=AXIS2_PLACEMENT_3D('',#1432,#1433,#1434);
#1437=DIRECTION('',(0.E0,1.E0,0.E0));
#1438=VECTOR('',#1437,4.445E-1);
#1439=CARTESIAN_POINT('',(1.9812E1,-1.8415E0,-3.683E0));
#1440=LINE('',#1439,#1438);
#1441=DIRECTION('',(0.E0,1.E0,0.E0));
#1442=VECTOR('',#1441,2.794E0);
#1443=CARTESIAN_POINT('',(1.8288E1,-1.397E0,-3.683E0));
#1444=LINE('',#1443,#1442);
#1445=DIRECTION('',(0.E0,1.E0,0.E0));
#1446=VECTOR('',#1445,4.445E-1);
#1447=CARTESIAN_POINT('',(1.9812E1,1.397E0,-3.683E0));
#1448=LINE('',#1447,#1446);
#1449=DIRECTION('',(0.E0,1.E0,0.E0));
#1450=VECTOR('',#1449,3.683E0);
#1451=CARTESIAN_POINT('',(2.027557500039E1,-1.8415E0,-3.683E0));
#1452=LINE('',#1451,#1450);
#1453=DIRECTION('',(0.E0,1.E0,0.E0));
#1454=VECTOR('',#1453,3.683E0);
#1455=CARTESIAN_POINT('',(2.188842499961E1,-1.8415E0,-3.683E0));
#1456=LINE('',#1455,#1454);
#1457=DIRECTION('',(0.E0,0.E0,-1.E0));
#1458=VECTOR('',#1457,9.99998E-1);
#1459=CARTESIAN_POINT('',(2.413E1,-1.5367E0,-3.683E0));
#1460=LINE('',#1459,#1458);
#1461=DIRECTION('',(0.E0,0.E0,-1.E0));
#1462=VECTOR('',#1461,9.99998E-1);
#1463=CARTESIAN_POINT('',(2.413E1,1.0033E0,-3.683E0));
#1464=LINE('',#1463,#1462);
#1465=CARTESIAN_POINT('',(2.413E1,-2.667E-1,-4.682998E0));
#1466=DIRECTION('',(0.E0,0.E0,1.E0));
#1467=DIRECTION('',(0.E0,-1.E0,0.E0));
#1468=AXIS2_PLACEMENT_3D('',#1465,#1466,#1467);
#1470=CARTESIAN_POINT('',(2.413E1,-2.667E-1,-4.682998E0));
#1471=DIRECTION('',(0.E0,0.E0,1.E0));
#1472=DIRECTION('',(0.E0,1.E0,0.E0));
#1473=AXIS2_PLACEMENT_3D('',#1470,#1471,#1472);
#1475=CARTESIAN_POINT('',(-2.413E1,-2.667E-1,-4.682998E0));
#1476=DIRECTION('',(0.E0,0.E0,1.E0));
#1477=DIRECTION('',(0.E0,-1.E0,0.E0));
#1478=AXIS2_PLACEMENT_3D('',#1475,#1476,#1477);
#1480=CARTESIAN_POINT('',(-2.413E1,-2.667E-1,-4.682998E0));
#1481=DIRECTION('',(0.E0,0.E0,1.E0));
#1482=DIRECTION('',(0.E0,1.E0,0.E0));
#1483=AXIS2_PLACEMENT_3D('',#1480,#1481,#1482);
#1485=DIRECTION('',(0.E0,0.E0,-1.E0));
#1486=VECTOR('',#1485,9.99998E-1);
#1487=CARTESIAN_POINT('',(-2.413E1,-1.5367E0,-3.683E0));
#1488=LINE('',#1487,#1486);
#1489=CARTESIAN_POINT('',(-2.413E1,-2.667E-1,-3.683E0));
#1490=DIRECTION('',(0.E0,0.E0,1.E0));
#1491=DIRECTION('',(0.E0,-1.E0,0.E0));
#1492=AXIS2_PLACEMENT_3D('',#1489,#1490,#1491);
#1494=CARTESIAN_POINT('',(-2.413E1,-2.667E-1,-3.683E0));
#1495=DIRECTION('',(0.E0,0.E0,1.E0));
#1496=DIRECTION('',(0.E0,1.E0,0.E0));
#1497=AXIS2_PLACEMENT_3D('',#1494,#1495,#1496);
#1499=DIRECTION('',(0.E0,1.E0,0.E0));
#1500=VECTOR('',#1499,3.683E0);
#1501=CARTESIAN_POINT('',(-2.188842499961E1,-1.8415E0,-3.683E0));
#1502=LINE('',#1501,#1500);
#1503=DIRECTION('',(0.E0,1.E0,0.E0));
#1504=VECTOR('',#1503,3.683E0);
#1505=CARTESIAN_POINT('',(-2.027557500039E1,-1.8415E0,-3.683E0));
#1506=LINE('',#1505,#1504);
#1507=DIRECTION('',(0.E0,0.E0,-1.E0));
#1508=VECTOR('',#1507,9.99998E-1);
#1509=CARTESIAN_POINT('',(-2.413E1,1.0033E0,-3.683E0));
#1510=LINE('',#1509,#1508);
#1511=DIRECTION('',(0.E0,0.E0,-1.E0));
#1512=VECTOR('',#1511,3.683E0);
#1513=CARTESIAN_POINT('',(-2.6162E1,-1.8415E0,1.944576701828E-14));
#1514=LINE('',#1513,#1512);
#1515=DIRECTION('',(0.E0,-1.E0,0.E0));
#1516=VECTOR('',#1515,2.159E0);
#1517=CARTESIAN_POINT('',(-2.6162E1,-1.8415E0,1.944576701828E-14));
#1518=LINE('',#1517,#1516);
#1519=DIRECTION('',(0.E0,-1.E0,0.E0));
#1520=VECTOR('',#1519,2.159E0);
#1521=CARTESIAN_POINT('',(-2.6162E1,4.0005E0,1.521615173907E-14));
#1522=LINE('',#1521,#1520);
#1523=DIRECTION('',(0.E0,0.E0,-1.E0));
#1524=VECTOR('',#1523,3.683E0);
#1525=CARTESIAN_POINT('',(-2.6162E1,1.8415E0,1.944576701828E-14));
#1526=LINE('',#1525,#1524);
#1527=DIRECTION('',(0.E0,-1.E0,0.E0));
#1528=VECTOR('',#1527,3.683E0);
#1529=CARTESIAN_POINT('',(-2.6162E1,1.8415E0,-3.683E0));
#1530=LINE('',#1529,#1528);
#1531=DIRECTION('',(0.E0,1.E0,0.E0));
#1532=VECTOR('',#1531,2.159E0);
#1533=CARTESIAN_POINT('',(-2.362333131129E1,-4.0005E0,6.286227229197E0));
#1534=LINE('',#1533,#1532);
#1535=DIRECTION('',(-3.744630496013E-1,0.E0,-9.272418371079E-1));
#1536=VECTOR('',#1535,6.779490503582E0);
#1537=CARTESIAN_POINT('',(-2.362333131129E1,-1.8415E0,6.286227229197E0));
#1538=LINE('',#1537,#1536);
#1539=DIRECTION('',(0.E0,1.E0,0.E0));
#1540=VECTOR('',#1539,2.159E0);
#1541=CARTESIAN_POINT('',(-2.362333131129E1,1.8415E0,6.286227229197E0));
#1542=LINE('',#1541,#1540);
#1543=DIRECTION('',(-3.744630496013E-1,0.E0,-9.272418371079E-1));
#1544=VECTOR('',#1543,6.779490503582E0);
#1545=CARTESIAN_POINT('',(-2.362333131129E1,1.8415E0,6.286227229197E0));
#1546=LINE('',#1545,#1544);
#1547=DIRECTION('',(0.E0,0.E0,1.E0));
#1548=VECTOR('',#1547,8.8646E0);
#1549=CARTESIAN_POINT('',(-1.62814E1,4.0005E0,-2.5146E0));
#1550=LINE('',#1549,#1548);
#1551=DIRECTION('',(-1.E0,0.E0,0.E0));
#1552=VECTOR('',#1551,1.0668E0);
#1553=CARTESIAN_POINT('',(-1.52146E1,4.0005E0,6.35E0));
#1554=LINE('',#1553,#1552);
#1555=DIRECTION('',(0.E0,0.E0,1.E0));
#1556=VECTOR('',#1555,8.8646E0);
#1557=CARTESIAN_POINT('',(-1.52146E1,4.0005E0,-2.5146E0));
#1558=LINE('',#1557,#1556);
#1559=DIRECTION('',(1.E0,0.E0,0.E0));
#1560=VECTOR('',#1559,1.0668E0);
#1561=CARTESIAN_POINT('',(-1.62814E1,4.0005E0,-2.5146E0));
#1562=LINE('',#1561,#1560);
#1563=DIRECTION('',(0.E0,0.E0,1.E0));
#1564=VECTOR('',#1563,8.8646E0);
#1565=CARTESIAN_POINT('',(1.52146E1,4.0005E0,-2.5146E0));
#1566=LINE('',#1565,#1564);
#1567=DIRECTION('',(-1.E0,0.E0,0.E0));
#1568=VECTOR('',#1567,1.0668E0);
#1569=CARTESIAN_POINT('',(1.62814E1,4.0005E0,6.35E0));
#1570=LINE('',#1569,#1568);
#1571=DIRECTION('',(0.E0,0.E0,1.E0));
#1572=VECTOR('',#1571,8.8646E0);
#1573=CARTESIAN_POINT('',(1.62814E1,4.0005E0,-2.5146E0));
#1574=LINE('',#1573,#1572);
#1575=DIRECTION('',(1.E0,0.E0,0.E0));
#1576=VECTOR('',#1575,1.0668E0);
#1577=CARTESIAN_POINT('',(1.52146E1,4.0005E0,-2.5146E0));
#1578=LINE('',#1577,#1576);
#1579=DIRECTION('',(0.E0,0.E0,1.E0));
#1580=VECTOR('',#1579,4.826E0);
#1581=CARTESIAN_POINT('',(-2.3622E1,4.0005E0,-7.0866E0));
#1582=LINE('',#1581,#1580);
#1583=DIRECTION('',(-1.E0,0.E0,0.E0));
#1584=VECTOR('',#1583,1.0668E0);
#1585=CARTESIAN_POINT('',(-2.25552E1,4.0005E0,-2.2606E0));
#1586=LINE('',#1585,#1584);
#1587=DIRECTION('',(0.E0,0.E0,1.E0));
#1588=VECTOR('',#1587,4.826E0);
#1589=CARTESIAN_POINT('',(-2.25552E1,4.0005E0,-7.0866E0));
#1590=LINE('',#1589,#1588);
#1591=DIRECTION('',(1.E0,0.E0,0.E0));
#1592=VECTOR('',#1591,1.0668E0);
#1593=CARTESIAN_POINT('',(-2.3622E1,4.0005E0,-7.0866E0));
#1594=LINE('',#1593,#1592);
#1595=DIRECTION('',(0.E0,0.E0,1.E0));
#1596=VECTOR('',#1595,1.34366E1);
#1597=CARTESIAN_POINT('',(-1.85166E1,4.0005E0,-7.0866E0));
#1598=LINE('',#1597,#1596);
#1599=DIRECTION('',(1.E0,0.E0,0.E0));
#1600=VECTOR('',#1599,1.0668E0);
#1601=CARTESIAN_POINT('',(-1.95834E1,4.0005E0,-7.0866E0));
#1602=LINE('',#1601,#1600);
#1603=DIRECTION('',(0.E0,0.E0,1.E0));
#1604=VECTOR('',#1603,1.34366E1);
#1605=CARTESIAN_POINT('',(-1.95834E1,4.0005E0,-7.0866E0));
#1606=LINE('',#1605,#1604);
#1607=DIRECTION('',(-1.E0,0.E0,0.E0));
#1608=VECTOR('',#1607,1.0668E0);
#1609=CARTESIAN_POINT('',(-1.85166E1,4.0005E0,6.35E0));
#1610=LINE('',#1609,#1608);
#1611=DIRECTION('',(0.E0,0.E0,1.E0));
#1612=VECTOR('',#1611,4.826E0);
#1613=CARTESIAN_POINT('',(2.25552E1,4.0005E0,-7.0866E0));
#1614=LINE('',#1613,#1612);
#1615=DIRECTION('',(-1.E0,0.E0,0.E0));
#1616=VECTOR('',#1615,1.0668E0);
#1617=CARTESIAN_POINT('',(2.3622E1,4.0005E0,-2.2606E0));
#1618=LINE('',#1617,#1616);
#1619=DIRECTION('',(0.E0,0.E0,1.E0));
#1620=VECTOR('',#1619,4.826E0);
#1621=CARTESIAN_POINT('',(2.3622E1,4.0005E0,-7.0866E0));
#1622=LINE('',#1621,#1620);
#1623=DIRECTION('',(1.E0,0.E0,0.E0));
#1624=VECTOR('',#1623,1.0668E0);
#1625=CARTESIAN_POINT('',(2.25552E1,4.0005E0,-7.0866E0));
#1626=LINE('',#1625,#1624);
#1627=DIRECTION('',(0.E0,0.E0,1.E0));
#1628=VECTOR('',#1627,1.34366E1);
#1629=CARTESIAN_POINT('',(1.95834E1,4.0005E0,-7.0866E0));
#1630=LINE('',#1629,#1628);
#1631=DIRECTION('',(1.E0,0.E0,0.E0));
#1632=VECTOR('',#1631,1.0668E0);
#1633=CARTESIAN_POINT('',(1.85166E1,4.0005E0,-7.0866E0));
#1634=LINE('',#1633,#1632);
#1635=DIRECTION('',(0.E0,0.E0,1.E0));
#1636=VECTOR('',#1635,1.34366E1);
#1637=CARTESIAN_POINT('',(1.85166E1,4.0005E0,-7.0866E0));
#1638=LINE('',#1637,#1636);
#1639=DIRECTION('',(-1.E0,0.E0,0.E0));
#1640=VECTOR('',#1639,1.0668E0);
#1641=CARTESIAN_POINT('',(1.95834E1,4.0005E0,6.35E0));
#1642=LINE('',#1641,#1640);
#1643=CARTESIAN_POINT('',(2.1082E1,4.0005E0,-4.5974E0));
#1644=DIRECTION('',(0.E0,1.E0,0.E0));
#1645=DIRECTION('',(1.E0,0.E0,0.E0));
#1646=AXIS2_PLACEMENT_3D('',#1643,#1644,#1645);
#1648=CARTESIAN_POINT('',(2.1082E1,4.0005E0,-4.5974E0));
#1649=DIRECTION('',(0.E0,1.E0,0.E0));
#1650=DIRECTION('',(-1.E0,0.E0,0.E0));
#1651=AXIS2_PLACEMENT_3D('',#1648,#1649,#1650);
#1653=CARTESIAN_POINT('',(-2.1082E1,4.0005E0,-4.5974E0));
#1654=DIRECTION('',(0.E0,1.E0,0.E0));
#1655=DIRECTION('',(1.E0,0.E0,0.E0));
#1656=AXIS2_PLACEMENT_3D('',#1653,#1654,#1655);
#1658=CARTESIAN_POINT('',(-2.1082E1,4.0005E0,-4.5974E0));
#1659=DIRECTION('',(0.E0,1.E0,0.E0));
#1660=DIRECTION('',(-1.E0,0.E0,0.E0));
#1661=AXIS2_PLACEMENT_3D('',#1658,#1659,#1660);
#1663=DIRECTION('',(0.E0,0.E0,-1.E0));
#1664=VECTOR('',#1663,7.112E0);
#1665=CARTESIAN_POINT('',(1.4224E1,4.0005E0,6.604E0));
#1666=LINE('',#1665,#1664);
#1667=CARTESIAN_POINT('',(1.3716E1,4.0005E0,-5.08E-1));
#1668=DIRECTION('',(0.E0,1.E0,0.E0));
#1669=DIRECTION('',(1.E0,0.E0,2.229187962830E-14));
#1670=AXIS2_PLACEMENT_3D('',#1667,#1668,#1669);
#1672=DIRECTION('',(-1.E0,0.E0,0.E0));
#1673=VECTOR('',#1672,3.175E0);
#1674=CARTESIAN_POINT('',(1.3716E1,4.0005E0,-1.016E0));
#1675=LINE('',#1674,#1673);
#1676=CARTESIAN_POINT('',(1.0541E1,4.0005E0,-5.08E-1));
#1677=DIRECTION('',(0.E0,1.E0,0.E0));
#1678=DIRECTION('',(0.E0,0.E0,-1.E0));
#1679=AXIS2_PLACEMENT_3D('',#1676,#1677,#1678);
#1681=DIRECTION('',(0.E0,0.E0,-1.E0));
#1682=VECTOR('',#1681,7.112E0);
#1683=CARTESIAN_POINT('',(1.0033E1,4.0005E0,6.604E0));
#1684=LINE('',#1683,#1682);
#1685=DIRECTION('',(-1.E0,0.E0,0.E0));
#1686=VECTOR('',#1685,2.0066E1);
#1687=CARTESIAN_POINT('',(1.0033E1,4.0005E0,6.604E0));
#1688=LINE('',#1687,#1686);
#1689=DIRECTION('',(0.E0,0.E0,-1.E0));
#1690=VECTOR('',#1689,7.112E0);
#1691=CARTESIAN_POINT('',(-1.0033E1,4.0005E0,6.604E0));
#1692=LINE('',#1691,#1690);
#1693=CARTESIAN_POINT('',(-1.0541E1,4.0005E0,-5.08E-1));
#1694=DIRECTION('',(0.E0,1.E0,0.E0));
#1695=DIRECTION('',(1.E0,0.E0,2.229187962830E-14));
#1696=AXIS2_PLACEMENT_3D('',#1693,#1694,#1695);
#1698=DIRECTION('',(-1.E0,0.E0,0.E0));
#1699=VECTOR('',#1698,3.175E0);
#1700=CARTESIAN_POINT('',(-1.0541E1,4.0005E0,-1.016E0));
#1701=LINE('',#1700,#1699);
#1702=CARTESIAN_POINT('',(-1.3716E1,4.0005E0,-5.08E-1));
#1703=DIRECTION('',(0.E0,1.E0,0.E0));
#1704=DIRECTION('',(0.E0,0.E0,-1.E0));
#1705=AXIS2_PLACEMENT_3D('',#1702,#1703,#1704);
#1707=DIRECTION('',(0.E0,0.E0,-1.E0));
#1708=VECTOR('',#1707,7.112E0);
#1709=CARTESIAN_POINT('',(-1.4224E1,4.0005E0,6.604E0));
#1710=LINE('',#1709,#1708);
#1711=DIRECTION('',(-1.E0,0.E0,0.E0));
#1712=VECTOR('',#1711,8.928292458035E0);
#1713=CARTESIAN_POINT('',(-1.4224E1,4.0005E0,6.604E0));
#1714=LINE('',#1713,#1712);
#1715=CARTESIAN_POINT('',(-2.315229245803E1,4.0005E0,6.096E0));
#1716=DIRECTION('',(0.E0,1.E0,0.E0));
#1717=DIRECTION('',(-9.272418371079E-1,0.E0,3.744630496013E-1));
#1718=AXIS2_PLACEMENT_3D('',#1715,#1716,#1717);
#1720=DIRECTION('',(-3.744630496013E-1,0.E0,-9.272418371079E-1));
#1721=VECTOR('',#1720,6.779490503582E0);
#1722=CARTESIAN_POINT('',(-2.362333131129E1,4.0005E0,6.286227229197E0));
#1723=LINE('',#1722,#1721);
#1724=DIRECTION('',(0.E0,0.E0,-1.E0));
#1725=VECTOR('',#1724,7.3406E0);
#1726=CARTESIAN_POINT('',(-2.6162E1,4.0005E0,1.521615173907E-14));
#1727=LINE('',#1726,#1725);
#1728=DIRECTION('',(1.E0,0.E0,0.E0));
#1729=VECTOR('',#1728,8.89E0);
#1730=CARTESIAN_POINT('',(-2.6162E1,4.0005E0,-7.3406E0));
#1731=LINE('',#1730,#1729);
#1732=DIRECTION('',(0.E0,0.E0,1.E0));
#1733=VECTOR('',#1732,4.572E0);
#1734=CARTESIAN_POINT('',(-1.7272E1,4.0005E0,-7.3406E0));
#1735=LINE('',#1734,#1733);
#1736=DIRECTION('',(1.E0,0.E0,0.E0));
#1737=VECTOR('',#1736,3.4544E1);
#1738=CARTESIAN_POINT('',(-1.7272E1,4.0005E0,-2.7686E0));
#1739=LINE('',#1738,#1737);
#1740=DIRECTION('',(0.E0,0.E0,1.E0));
#1741=VECTOR('',#1740,4.572E0);
#1742=CARTESIAN_POINT('',(1.7272E1,4.0005E0,-7.3406E0));
#1743=LINE('',#1742,#1741);
#1744=DIRECTION('',(1.E0,0.E0,0.E0));
#1745=VECTOR('',#1744,8.89E0);
#1746=CARTESIAN_POINT('',(1.7272E1,4.0005E0,-7.3406E0));
#1747=LINE('',#1746,#1745);
#1748=DIRECTION('',(0.E0,0.E0,1.E0));
#1749=VECTOR('',#1748,7.3406E0);
#1750=CARTESIAN_POINT('',(2.6162E1,4.0005E0,-7.3406E0));
#1751=LINE('',#1750,#1749);
#1752=DIRECTION('',(-3.744630496013E-1,0.E0,9.272418371079E-1));
#1753=VECTOR('',#1752,6.779490503582E0);
#1754=CARTESIAN_POINT('',(2.6162E1,4.0005E0,1.511536597278E-14));
#1755=LINE('',#1754,#1753);
#1756=CARTESIAN_POINT('',(2.315229245803E1,4.0005E0,6.096E0));
#1757=DIRECTION('',(0.E0,1.E0,0.E0));
#1758=DIRECTION('',(0.E0,0.E0,1.E0));
#1759=AXIS2_PLACEMENT_3D('',#1756,#1757,#1758);
#1761=DIRECTION('',(-1.E0,0.E0,0.E0));
#1762=VECTOR('',#1761,8.928292458035E0);
#1763=CARTESIAN_POINT('',(2.315229245803E1,4.0005E0,6.604E0));
#1764=LINE('',#1763,#1762);
#1765=DIRECTION('',(1.E0,0.E0,0.E0));
#1766=VECTOR('',#1765,1.0668E0);
#1767=CARTESIAN_POINT('',(-5.334E-1,4.0005E0,6.35E0));
#1768=LINE('',#1767,#1766);
#1769=DIRECTION('',(0.E0,0.E0,1.E0));
#1770=VECTOR('',#1769,8.8646E0);
#1771=CARTESIAN_POINT('',(5.334E-1,4.0005E0,-2.5146E0));
#1772=LINE('',#1771,#1770);
#1773=DIRECTION('',(1.E0,0.E0,0.E0));
#1774=VECTOR('',#1773,1.0668E0);
#1775=CARTESIAN_POINT('',(-5.334E-1,4.0005E0,-2.5146E0));
#1776=LINE('',#1775,#1774);
#1777=DIRECTION('',(0.E0,0.E0,1.E0));
#1778=VECTOR('',#1777,8.8646E0);
#1779=CARTESIAN_POINT('',(-5.334E-1,4.0005E0,-2.5146E0));
#1780=LINE('',#1779,#1778);
#1781=DIRECTION('',(-7.071067811866E-1,-7.071067811865E-1,0.E0));
#1782=VECTOR('',#1781,7.543415141698E-1);
#1783=CARTESIAN_POINT('',(-1.5748E1,4.5339E0,-2.5146E0));
#1784=LINE('',#1783,#1782);
#1785=DIRECTION('',(0.E0,0.E0,-1.E0));
#1786=VECTOR('',#1785,8.8646E0);
#1787=CARTESIAN_POINT('',(-1.5748E1,4.5339E0,6.35E0));
#1788=LINE('',#1787,#1786);
#1789=DIRECTION('',(-7.071067811866E-1,-7.071067811865E-1,0.E0));
#1790=VECTOR('',#1789,7.543415141698E-1);
#1791=CARTESIAN_POINT('',(-1.5748E1,4.5339E0,6.35E0));
#1792=LINE('',#1791,#1790);
#1793=DIRECTION('',(-7.071067811866E-1,7.071067811865E-1,0.E0));
#1794=VECTOR('',#1793,7.543415141698E-1);
#1795=CARTESIAN_POINT('',(-1.52146E1,4.0005E0,-2.5146E0));
#1796=LINE('',#1795,#1794);
#1797=DIRECTION('',(-7.071067811866E-1,7.071067811865E-1,0.E0));
#1798=VECTOR('',#1797,7.543415141698E-1);
#1799=CARTESIAN_POINT('',(-1.52146E1,4.0005E0,6.35E0));
#1800=LINE('',#1799,#1798);
#1801=DIRECTION('',(-7.071067811866E-1,-7.071067811865E-1,0.E0));
#1802=VECTOR('',#1801,7.543415141698E-1);
#1803=CARTESIAN_POINT('',(1.5748E1,4.5339E0,-2.5146E0));
#1804=LINE('',#1803,#1802);
#1805=DIRECTION('',(0.E0,0.E0,-1.E0));
#1806=VECTOR('',#1805,8.8646E0);
#1807=CARTESIAN_POINT('',(1.5748E1,4.5339E0,6.35E0));
#1808=LINE('',#1807,#1806);
#1809=DIRECTION('',(-7.071067811866E-1,-7.071067811865E-1,0.E0));
#1810=VECTOR('',#1809,7.543415141698E-1);
#1811=CARTESIAN_POINT('',(1.5748E1,4.5339E0,6.35E0));
#1812=LINE('',#1811,#1810);
#1813=DIRECTION('',(-7.071067811866E-1,7.071067811865E-1,0.E0));
#1814=VECTOR('',#1813,7.543415141698E-1);
#1815=CARTESIAN_POINT('',(1.62814E1,4.0005E0,-2.5146E0));
#1816=LINE('',#1815,#1814);
#1817=DIRECTION('',(-7.071067811866E-1,7.071067811865E-1,0.E0));
#1818=VECTOR('',#1817,7.543415141698E-1);
#1819=CARTESIAN_POINT('',(1.62814E1,4.0005E0,6.35E0));
#1820=LINE('',#1819,#1818);
#1821=DIRECTION('',(-7.071067811866E-1,-7.071067811865E-1,0.E0));
#1822=VECTOR('',#1821,7.543415141698E-1);
#1823=CARTESIAN_POINT('',(-2.30886E1,4.5339E0,-7.0866E0));
#1824=LINE('',#1823,#1822);
#1825=DIRECTION('',(0.E0,0.E0,-1.E0));
#1826=VECTOR('',#1825,4.826E0);
#1827=CARTESIAN_POINT('',(-2.30886E1,4.5339E0,-2.2606E0));
#1828=LINE('',#1827,#1826);
#1829=DIRECTION('',(-7.071067811866E-1,-7.071067811865E-1,0.E0));
#1830=VECTOR('',#1829,7.543415141698E-1);
#1831=CARTESIAN_POINT('',(-2.30886E1,4.5339E0,-2.2606E0));
#1832=LINE('',#1831,#1830);
#1833=DIRECTION('',(-7.071067811865E-1,7.071067811865E-1,0.E0));
#1834=VECTOR('',#1833,7.543415141698E-1);
#1835=CARTESIAN_POINT('',(-2.25552E1,4.0005E0,-7.0866E0));
#1836=LINE('',#1835,#1834);
#1837=DIRECTION('',(-7.071067811865E-1,7.071067811865E-1,0.E0));
#1838=VECTOR('',#1837,7.543415141698E-1);
#1839=CARTESIAN_POINT('',(-2.25552E1,4.0005E0,-2.2606E0));
#1840=LINE('',#1839,#1838);
#1841=DIRECTION('',(-7.071067811866E-1,7.071067811865E-1,0.E0));
#1842=VECTOR('',#1841,7.543415141698E-1);
#1843=CARTESIAN_POINT('',(-1.85166E1,4.0005E0,6.35E0));
#1844=LINE('',#1843,#1842);
#1845=DIRECTION('',(-7.071067811866E-1,7.071067811865E-1,0.E0));
#1846=VECTOR('',#1845,7.543415141698E-1);
#1847=CARTESIAN_POINT('',(-1.85166E1,4.0005E0,-7.0866E0));
#1848=LINE('',#1847,#1846);
#1849=DIRECTION('',(-7.071067811866E-1,-7.071067811865E-1,0.E0));
#1850=VECTOR('',#1849,7.543415141698E-1);
#1851=CARTESIAN_POINT('',(-1.905E1,4.5339E0,6.35E0));
#1852=LINE('',#1851,#1850);
#1853=DIRECTION('',(-7.071067811866E-1,-7.071067811865E-1,0.E0));
#1854=VECTOR('',#1853,7.543415141698E-1);
#1855=CARTESIAN_POINT('',(-1.905E1,4.5339E0,-7.0866E0));
#1856=LINE('',#1855,#1854);
#1857=DIRECTION('',(0.E0,0.E0,-1.E0));
#1858=VECTOR('',#1857,1.34366E1);
#1859=CARTESIAN_POINT('',(-1.905E1,4.5339E0,6.35E0));
#1860=LINE('',#1859,#1858);
#1861=DIRECTION('',(0.E0,0.E0,-1.E0));
#1862=VECTOR('',#1861,4.826E0);
#1863=CARTESIAN_POINT('',(2.30886E1,4.5339E0,-2.2606E0));
#1864=LINE('',#1863,#1862);
#1865=DIRECTION('',(-7.071067811865E-1,-7.071067811865E-1,0.E0));
#1866=VECTOR('',#1865,7.543415141698E-1);
#1867=CARTESIAN_POINT('',(2.30886E1,4.5339E0,-2.2606E0));
#1868=LINE('',#1867,#1866);
#1869=DIRECTION('',(-7.071067811865E-1,-7.071067811865E-1,0.E0));
#1870=VECTOR('',#1869,7.543415141698E-1);
#1871=CARTESIAN_POINT('',(2.30886E1,4.5339E0,-7.0866E0));
#1872=LINE('',#1871,#1870);
#1873=DIRECTION('',(-7.071067811866E-1,7.071067811865E-1,0.E0));
#1874=VECTOR('',#1873,7.543415141698E-1);
#1875=CARTESIAN_POINT('',(2.3622E1,4.0005E0,-7.0866E0));
#1876=LINE('',#1875,#1874);
#1877=DIRECTION('',(-7.071067811866E-1,7.071067811865E-1,0.E0));
#1878=VECTOR('',#1877,7.543415141698E-1);
#1879=CARTESIAN_POINT('',(2.3622E1,4.0005E0,-2.2606E0));
#1880=LINE('',#1879,#1878);
#1881=DIRECTION('',(-7.071067811865E-1,7.071067811865E-1,0.E0));
#1882=VECTOR('',#1881,7.543415141698E-1);
#1883=CARTESIAN_POINT('',(1.95834E1,4.0005E0,-7.0866E0));
#1884=LINE('',#1883,#1882);
#1885=DIRECTION('',(-7.071067811865E-1,7.071067811865E-1,0.E0));
#1886=VECTOR('',#1885,7.543415141698E-1);
#1887=CARTESIAN_POINT('',(1.95834E1,4.0005E0,6.35E0));
#1888=LINE('',#1887,#1886);
#1889=DIRECTION('',(0.E0,0.E0,-1.E0));
#1890=VECTOR('',#1889,1.34366E1);
#1891=CARTESIAN_POINT('',(1.905E1,4.5339E0,6.35E0));
#1892=LINE('',#1891,#1890);
#1893=DIRECTION('',(-7.071067811866E-1,-7.071067811865E-1,0.E0));
#1894=VECTOR('',#1893,7.543415141698E-1);
#1895=CARTESIAN_POINT('',(1.905E1,4.5339E0,6.35E0));
#1896=LINE('',#1895,#1894);
#1897=DIRECTION('',(-7.071067811866E-1,-7.071067811865E-1,0.E0));
#1898=VECTOR('',#1897,7.543415141698E-1);
#1899=CARTESIAN_POINT('',(1.905E1,4.5339E0,-7.0866E0));
#1900=LINE('',#1899,#1898);
#1901=CARTESIAN_POINT('',(2.1082E1,-1.85E0,-4.5974E0));
#1902=DIRECTION('',(0.E0,-1.E0,0.E0));
#1903=DIRECTION('',(-1.E0,0.E0,0.E0));
#1904=AXIS2_PLACEMENT_3D('',#1901,#1902,#1903);
#1906=DIRECTION('',(0.E0,-1.E0,0.E0));
#1907=VECTOR('',#1906,5.757E-1);
#1908=CARTESIAN_POINT('',(2.23012E1,-1.85E0,-4.5974E0));
#1909=LINE('',#1908,#1907);
#1910=CARTESIAN_POINT('',(2.1082E1,-2.4257E0,-4.5974E0));
#1911=DIRECTION('',(0.E0,-1.E0,0.E0));
#1912=DIRECTION('',(-1.E0,0.E0,0.E0));
#1913=AXIS2_PLACEMENT_3D('',#1910,#1911,#1912);
#1915=CARTESIAN_POINT('',(2.1082E1,3.E0,-4.5974E0));
#1916=DIRECTION('',(0.E0,-1.E0,0.E0));
#1917=DIRECTION('',(-1.E0,0.E0,0.E0));
#1918=AXIS2_PLACEMENT_3D('',#1915,#1916,#1917);
#1920=DIRECTION('',(0.E0,-1.E0,0.E0));
#1921=VECTOR('',#1920,1.0005E0);
#1922=CARTESIAN_POINT('',(2.23012E1,4.0005E0,-4.5974E0));
#1923=LINE('',#1922,#1921);
#1924=CARTESIAN_POINT('',(2.1082E1,-1.85E0,-4.5974E0));
#1925=DIRECTION('',(0.E0,-1.E0,0.E0));
#1926=DIRECTION('',(1.E0,0.E0,0.E0));
#1927=AXIS2_PLACEMENT_3D('',#1924,#1925,#1926);
#1929=DIRECTION('',(0.E0,-1.E0,0.E0));
#1930=VECTOR('',#1929,5.757E-1);
#1931=CARTESIAN_POINT('',(1.98628E1,-1.85E0,-4.5974E0));
#1932=LINE('',#1931,#1930);
#1933=CARTESIAN_POINT('',(2.1082E1,-2.4257E0,-4.5974E0));
#1934=DIRECTION('',(0.E0,-1.E0,0.E0));
#1935=DIRECTION('',(1.E0,0.E0,0.E0));
#1936=AXIS2_PLACEMENT_3D('',#1933,#1934,#1935);
#1938=CARTESIAN_POINT('',(2.1082E1,3.E0,-4.5974E0));
#1939=DIRECTION('',(0.E0,-1.E0,0.E0));
#1940=DIRECTION('',(1.E0,0.E0,0.E0));
#1941=AXIS2_PLACEMENT_3D('',#1938,#1939,#1940);
#1943=DIRECTION('',(0.E0,-1.E0,0.E0));
#1944=VECTOR('',#1943,1.0005E0);
#1945=CARTESIAN_POINT('',(1.98628E1,4.0005E0,-4.5974E0));
#1946=LINE('',#1945,#1944);
#1947=DIRECTION('',(0.E0,0.E0,-1.E0));
#1948=VECTOR('',#1947,4.253663774254E0);
#1949=CARTESIAN_POINT('',(-2.35458E1,-2.4257E0,-3.086936225746E0));
#1950=LINE('',#1949,#1948);
#1951=DIRECTION('',(-8.660254037844E-1,0.E0,-5.E-1));
#1952=VECTOR('',#1951,2.859615883296E0);
#1953=CARTESIAN_POINT('',(-2.10693E1,-2.4257E0,-1.657128284098E0));
#1954=LINE('',#1953,#1952);
#1955=DIRECTION('',(-8.660254037844E-1,0.E0,5.E-1));
#1956=VECTOR('',#1955,2.859615883296E0);
#1957=CARTESIAN_POINT('',(-1.85928E1,-2.4257E0,-3.086936225746E0));
#1958=LINE('',#1957,#1956);
#1959=DIRECTION('',(0.E0,0.E0,1.E0));
#1960=VECTOR('',#1959,4.253663774254E0);
#1961=CARTESIAN_POINT('',(-1.85928E1,-2.4257E0,-7.3406E0));
#1962=LINE('',#1961,#1960);
#1963=DIRECTION('',(0.E0,0.E0,-1.E0));
#1964=VECTOR('',#1963,4.253663774254E0);
#1965=CARTESIAN_POINT('',(1.85928E1,-2.4257E0,-3.086936225746E0));
#1966=LINE('',#1965,#1964);
#1967=DIRECTION('',(-8.660254037844E-1,0.E0,-5.E-1));
#1968=VECTOR('',#1967,2.859615883296E0);
#1969=CARTESIAN_POINT('',(2.10693E1,-2.4257E0,-1.657128284098E0));
#1970=LINE('',#1969,#1968);
#1971=DIRECTION('',(-8.660254037844E-1,0.E0,5.E-1));
#1972=VECTOR('',#1971,2.859615883296E0);
#1973=CARTESIAN_POINT('',(2.35458E1,-2.4257E0,-3.086936225746E0));
#1974=LINE('',#1973,#1972);
#1975=DIRECTION('',(0.E0,0.E0,1.E0));
#1976=VECTOR('',#1975,4.253663774254E0);
#1977=CARTESIAN_POINT('',(2.35458E1,-2.4257E0,-7.3406E0));
#1978=LINE('',#1977,#1976);
#1979=DIRECTION('',(1.E0,0.E0,0.E0));
#1980=VECTOR('',#1979,4.953E0);
#1981=CARTESIAN_POINT('',(-2.35458E1,-2.4257E0,-7.3406E0));
#1982=LINE('',#1981,#1980);
#1983=DIRECTION('',(0.E0,1.E0,0.E0));
#1984=VECTOR('',#1983,1.5748E0);
#1985=CARTESIAN_POINT('',(-1.85928E1,-4.0005E0,-7.3406E0));
#1986=LINE('',#1985,#1984);
#1987=DIRECTION('',(0.E0,1.E0,0.E0));
#1988=VECTOR('',#1987,4.318E-1);
#1989=CARTESIAN_POINT('',(-1.7272E1,-4.0005E0,-7.3406E0));
#1990=LINE('',#1989,#1988);
#1991=DIRECTION('',(1.E0,0.E0,0.E0));
#1992=VECTOR('',#1991,3.4544E1);
#1993=CARTESIAN_POINT('',(-1.7272E1,-3.5687E0,-7.3406E0));
#1994=LINE('',#1993,#1992);
#1995=DIRECTION('',(0.E0,1.E0,0.E0));
#1996=VECTOR('',#1995,4.318E-1);
#1997=CARTESIAN_POINT('',(1.7272E1,-4.0005E0,-7.3406E0));
#1998=LINE('',#1997,#1996);
#1999=DIRECTION('',(0.E0,1.E0,0.E0));
#2000=VECTOR('',#1999,1.5748E0);
#2001=CARTESIAN_POINT('',(1.85928E1,-4.0005E0,-7.3406E0));
#2002=LINE('',#2001,#2000);
#2003=DIRECTION('',(1.E0,0.E0,0.E0));
#2004=VECTOR('',#2003,4.953E0);
#2005=CARTESIAN_POINT('',(1.85928E1,-2.4257E0,-7.3406E0));
#2006=LINE('',#2005,#2004);
#2007=DIRECTION('',(0.E0,1.E0,0.E0));
#2008=VECTOR('',#2007,1.5748E0);
#2009=CARTESIAN_POINT('',(2.35458E1,-4.0005E0,-7.3406E0));
#2010=LINE('',#2009,#2008);
#2011=DIRECTION('',(0.E0,-1.E0,0.E0));
#2012=VECTOR('',#2011,4.318E-1);
#2013=CARTESIAN_POINT('',(1.7272E1,4.0005E0,-7.3406E0));
#2014=LINE('',#2013,#2012);
#2015=DIRECTION('',(-1.E0,0.E0,0.E0));
#2016=VECTOR('',#2015,3.4544E1);
#2017=CARTESIAN_POINT('',(1.7272E1,3.5687E0,-7.3406E0));
#2018=LINE('',#2017,#2016);
#2019=DIRECTION('',(0.E0,-1.E0,0.E0));
#2020=VECTOR('',#2019,4.318E-1);
#2021=CARTESIAN_POINT('',(-1.7272E1,4.0005E0,-7.3406E0));
#2022=LINE('',#2021,#2020);
#2023=DIRECTION('',(0.E0,-1.E0,0.E0));
#2024=VECTOR('',#2023,8.001E0);
#2025=CARTESIAN_POINT('',(-2.6162E1,4.0005E0,-7.3406E0));
#2026=LINE('',#2025,#2024);
#2027=DIRECTION('',(0.E0,1.E0,0.E0));
#2028=VECTOR('',#2027,1.5748E0);
#2029=CARTESIAN_POINT('',(-2.35458E1,-4.0005E0,-7.3406E0));
#2030=LINE('',#2029,#2028);
#2031=CARTESIAN_POINT('',(-2.413E1,-2.667E-1,-7.3406E0));
#2032=DIRECTION('',(0.E0,0.E0,-1.E0));
#2033=DIRECTION('',(1.E0,0.E0,0.E0));
#2034=AXIS2_PLACEMENT_3D('',#2031,#2032,#2033);
#2036=CARTESIAN_POINT('',(-2.413E1,-2.667E-1,-7.3406E0));
#2037=DIRECTION('',(0.E0,0.E0,-1.E0));
#2038=DIRECTION('',(-1.E0,0.E0,0.E0));
#2039=AXIS2_PLACEMENT_3D('',#2036,#2037,#2038);
#2041=CARTESIAN_POINT('',(2.413E1,-2.667E-1,-7.3406E0));
#2042=DIRECTION('',(0.E0,0.E0,-1.E0));
#2043=DIRECTION('',(1.E0,0.E0,0.E0));
#2044=AXIS2_PLACEMENT_3D('',#2041,#2042,#2043);
#2046=CARTESIAN_POINT('',(2.413E1,-2.667E-1,-7.3406E0));
#2047=DIRECTION('',(0.E0,0.E0,-1.E0));
#2048=DIRECTION('',(-1.E0,0.E0,0.E0));
#2049=AXIS2_PLACEMENT_3D('',#2046,#2047,#2048);
#2051=CARTESIAN_POINT('',(-1.524E1,-1.2827E0,-7.3406E0));
#2052=DIRECTION('',(0.E0,0.E0,-1.E0));
#2053=DIRECTION('',(1.E0,0.E0,0.E0));
#2054=AXIS2_PLACEMENT_3D('',#2051,#2052,#2053);
#2056=CARTESIAN_POINT('',(-1.524E1,-1.2827E0,-7.3406E0));
#2057=DIRECTION('',(0.E0,0.E0,-1.E0));
#2058=DIRECTION('',(-1.E0,0.E0,0.E0));
#2059=AXIS2_PLACEMENT_3D('',#2056,#2057,#2058);
#2061=CARTESIAN_POINT('',(-1.524E1,1.2573E0,-7.3406E0));
#2062=DIRECTION('',(0.E0,0.E0,-1.E0));
#2063=DIRECTION('',(1.E0,0.E0,0.E0));
#2064=AXIS2_PLACEMENT_3D('',#2061,#2062,#2063);
#2066=CARTESIAN_POINT('',(-1.524E1,1.2573E0,-7.3406E0));
#2067=DIRECTION('',(0.E0,0.E0,-1.E0));
#2068=DIRECTION('',(-1.E0,0.E0,0.E0));
#2069=AXIS2_PLACEMENT_3D('',#2066,#2067,#2068);
#2071=CARTESIAN_POINT('',(-1.27E1,-1.2827E0,-7.3406E0));
#2072=DIRECTION('',(0.E0,0.E0,-1.E0));
#2073=DIRECTION('',(1.E0,0.E0,0.E0));
#2074=AXIS2_PLACEMENT_3D('',#2071,#2072,#2073);
#2076=CARTESIAN_POINT('',(-1.27E1,-1.2827E0,-7.3406E0));
#2077=DIRECTION('',(0.E0,0.E0,-1.E0));
#2078=DIRECTION('',(-1.E0,0.E0,0.E0));
#2079=AXIS2_PLACEMENT_3D('',#2076,#2077,#2078);
#2081=CARTESIAN_POINT('',(-1.27E1,1.2573E0,-7.3406E0));
#2082=DIRECTION('',(0.E0,0.E0,-1.E0));
#2083=DIRECTION('',(1.E0,0.E0,0.E0));
#2084=AXIS2_PLACEMENT_3D('',#2081,#2082,#2083);
#2086=CARTESIAN_POINT('',(-1.27E1,1.2573E0,-7.3406E0));
#2087=DIRECTION('',(0.E0,0.E0,-1.E0));
#2088=DIRECTION('',(-1.E0,0.E0,0.E0));
#2089=AXIS2_PLACEMENT_3D('',#2086,#2087,#2088);
#2091=CARTESIAN_POINT('',(-1.016E1,-1.2827E0,-7.3406E0));
#2092=DIRECTION('',(0.E0,0.E0,-1.E0));
#2093=DIRECTION('',(1.E0,0.E0,0.E0));
#2094=AXIS2_PLACEMENT_3D('',#2091,#2092,#2093);
#2096=CARTESIAN_POINT('',(-1.016E1,-1.2827E0,-7.3406E0));
#2097=DIRECTION('',(0.E0,0.E0,-1.E0));
#2098=DIRECTION('',(-1.E0,0.E0,0.E0));
#2099=AXIS2_PLACEMENT_3D('',#2096,#2097,#2098);
#2101=CARTESIAN_POINT('',(-1.016E1,1.2573E0,-7.3406E0));
#2102=DIRECTION('',(0.E0,0.E0,-1.E0));
#2103=DIRECTION('',(1.E0,0.E0,0.E0));
#2104=AXIS2_PLACEMENT_3D('',#2101,#2102,#2103);
#2106=CARTESIAN_POINT('',(-1.016E1,1.2573E0,-7.3406E0));
#2107=DIRECTION('',(0.E0,0.E0,-1.E0));
#2108=DIRECTION('',(-1.E0,0.E0,0.E0));
#2109=AXIS2_PLACEMENT_3D('',#2106,#2107,#2108);
#2111=CARTESIAN_POINT('',(-7.62E0,-1.2827E0,-7.3406E0));
#2112=DIRECTION('',(0.E0,0.E0,-1.E0));
#2113=DIRECTION('',(1.E0,0.E0,0.E0));
#2114=AXIS2_PLACEMENT_3D('',#2111,#2112,#2113);
#2116=CARTESIAN_POINT('',(-7.62E0,-1.2827E0,-7.3406E0));
#2117=DIRECTION('',(0.E0,0.E0,-1.E0));
#2118=DIRECTION('',(-1.E0,0.E0,0.E0));
#2119=AXIS2_PLACEMENT_3D('',#2116,#2117,#2118);
#2121=CARTESIAN_POINT('',(-7.62E0,1.2573E0,-7.3406E0));
#2122=DIRECTION('',(0.E0,0.E0,-1.E0));
#2123=DIRECTION('',(1.E0,0.E0,0.E0));
#2124=AXIS2_PLACEMENT_3D('',#2121,#2122,#2123);
#2126=CARTESIAN_POINT('',(-7.62E0,1.2573E0,-7.3406E0));
#2127=DIRECTION('',(0.E0,0.E0,-1.E0));
#2128=DIRECTION('',(-1.E0,0.E0,0.E0));
#2129=AXIS2_PLACEMENT_3D('',#2126,#2127,#2128);
#2131=CARTESIAN_POINT('',(-5.08E0,-1.2827E0,-7.3406E0));
#2132=DIRECTION('',(0.E0,0.E0,-1.E0));
#2133=DIRECTION('',(1.E0,0.E0,0.E0));
#2134=AXIS2_PLACEMENT_3D('',#2131,#2132,#2133);
#2136=CARTESIAN_POINT('',(-5.08E0,-1.2827E0,-7.3406E0));
#2137=DIRECTION('',(0.E0,0.E0,-1.E0));
#2138=DIRECTION('',(-1.E0,0.E0,0.E0));
#2139=AXIS2_PLACEMENT_3D('',#2136,#2137,#2138);
#2141=CARTESIAN_POINT('',(-5.08E0,1.2573E0,-7.3406E0));
#2142=DIRECTION('',(0.E0,0.E0,-1.E0));
#2143=DIRECTION('',(1.E0,0.E0,0.E0));
#2144=AXIS2_PLACEMENT_3D('',#2141,#2142,#2143);
#2146=CARTESIAN_POINT('',(-5.08E0,1.2573E0,-7.3406E0));
#2147=DIRECTION('',(0.E0,0.E0,-1.E0));
#2148=DIRECTION('',(-1.E0,0.E0,0.E0));
#2149=AXIS2_PLACEMENT_3D('',#2146,#2147,#2148);
#2151=CARTESIAN_POINT('',(-2.54E0,-1.2827E0,-7.3406E0));
#2152=DIRECTION('',(0.E0,0.E0,-1.E0));
#2153=DIRECTION('',(1.E0,0.E0,0.E0));
#2154=AXIS2_PLACEMENT_3D('',#2151,#2152,#2153);
#2156=CARTESIAN_POINT('',(-2.54E0,-1.2827E0,-7.3406E0));
#2157=DIRECTION('',(0.E0,0.E0,-1.E0));
#2158=DIRECTION('',(-1.E0,0.E0,0.E0));
#2159=AXIS2_PLACEMENT_3D('',#2156,#2157,#2158);
#2161=CARTESIAN_POINT('',(-2.54E0,1.2573E0,-7.3406E0));
#2162=DIRECTION('',(0.E0,0.E0,-1.E0));
#2163=DIRECTION('',(1.E0,0.E0,0.E0));
#2164=AXIS2_PLACEMENT_3D('',#2161,#2162,#2163);
#2166=CARTESIAN_POINT('',(-2.54E0,1.2573E0,-7.3406E0));
#2167=DIRECTION('',(0.E0,0.E0,-1.E0));
#2168=DIRECTION('',(-1.E0,0.E0,0.E0));
#2169=AXIS2_PLACEMENT_3D('',#2166,#2167,#2168);
#2171=CARTESIAN_POINT('',(0.E0,-1.2827E0,-7.3406E0));
#2172=DIRECTION('',(0.E0,0.E0,-1.E0));
#2173=DIRECTION('',(1.E0,0.E0,0.E0));
#2174=AXIS2_PLACEMENT_3D('',#2171,#2172,#2173);
#2176=CARTESIAN_POINT('',(0.E0,-1.2827E0,-7.3406E0));
#2177=DIRECTION('',(0.E0,0.E0,-1.E0));
#2178=DIRECTION('',(-1.E0,0.E0,0.E0));
#2179=AXIS2_PLACEMENT_3D('',#2176,#2177,#2178);
#2181=CARTESIAN_POINT('',(0.E0,1.2573E0,-7.3406E0));
#2182=DIRECTION('',(0.E0,0.E0,-1.E0));
#2183=DIRECTION('',(1.E0,0.E0,0.E0));
#2184=AXIS2_PLACEMENT_3D('',#2181,#2182,#2183);
#2186=CARTESIAN_POINT('',(0.E0,1.2573E0,-7.3406E0));
#2187=DIRECTION('',(0.E0,0.E0,-1.E0));
#2188=DIRECTION('',(-1.E0,0.E0,0.E0));
#2189=AXIS2_PLACEMENT_3D('',#2186,#2187,#2188);
#2191=CARTESIAN_POINT('',(2.54E0,-1.2827E0,-7.3406E0));
#2192=DIRECTION('',(0.E0,0.E0,-1.E0));
#2193=DIRECTION('',(1.E0,0.E0,0.E0));
#2194=AXIS2_PLACEMENT_3D('',#2191,#2192,#2193);
#2196=CARTESIAN_POINT('',(2.54E0,-1.2827E0,-7.3406E0));
#2197=DIRECTION('',(0.E0,0.E0,-1.E0));
#2198=DIRECTION('',(-1.E0,0.E0,0.E0));
#2199=AXIS2_PLACEMENT_3D('',#2196,#2197,#2198);
#2201=CARTESIAN_POINT('',(2.54E0,1.2573E0,-7.3406E0));
#2202=DIRECTION('',(0.E0,0.E0,-1.E0));
#2203=DIRECTION('',(1.E0,0.E0,0.E0));
#2204=AXIS2_PLACEMENT_3D('',#2201,#2202,#2203);
#2206=CARTESIAN_POINT('',(2.54E0,1.2573E0,-7.3406E0));
#2207=DIRECTION('',(0.E0,0.E0,-1.E0));
#2208=DIRECTION('',(-1.E0,0.E0,0.E0));
#2209=AXIS2_PLACEMENT_3D('',#2206,#2207,#2208);
#2211=CARTESIAN_POINT('',(5.08E0,-1.2827E0,-7.3406E0));
#2212=DIRECTION('',(0.E0,0.E0,-1.E0));
#2213=DIRECTION('',(1.E0,0.E0,0.E0));
#2214=AXIS2_PLACEMENT_3D('',#2211,#2212,#2213);
#2216=CARTESIAN_POINT('',(5.08E0,-1.2827E0,-7.3406E0));
#2217=DIRECTION('',(0.E0,0.E0,-1.E0));
#2218=DIRECTION('',(-1.E0,0.E0,0.E0));
#2219=AXIS2_PLACEMENT_3D('',#2216,#2217,#2218);
#2221=CARTESIAN_POINT('',(5.08E0,1.2573E0,-7.3406E0));
#2222=DIRECTION('',(0.E0,0.E0,-1.E0));
#2223=DIRECTION('',(1.E0,0.E0,0.E0));
#2224=AXIS2_PLACEMENT_3D('',#2221,#2222,#2223);
#2226=CARTESIAN_POINT('',(5.08E0,1.2573E0,-7.3406E0));
#2227=DIRECTION('',(0.E0,0.E0,-1.E0));
#2228=DIRECTION('',(-1.E0,0.E0,0.E0));
#2229=AXIS2_PLACEMENT_3D('',#2226,#2227,#2228);
#2231=CARTESIAN_POINT('',(7.62E0,-1.2827E0,-7.3406E0));
#2232=DIRECTION('',(0.E0,0.E0,-1.E0));
#2233=DIRECTION('',(1.E0,0.E0,0.E0));
#2234=AXIS2_PLACEMENT_3D('',#2231,#2232,#2233);
#2236=CARTESIAN_POINT('',(7.62E0,-1.2827E0,-7.3406E0));
#2237=DIRECTION('',(0.E0,0.E0,-1.E0));
#2238=DIRECTION('',(-1.E0,0.E0,0.E0));
#2239=AXIS2_PLACEMENT_3D('',#2236,#2237,#2238);
#2241=CARTESIAN_POINT('',(7.62E0,1.2573E0,-7.3406E0));
#2242=DIRECTION('',(0.E0,0.E0,-1.E0));
#2243=DIRECTION('',(1.E0,0.E0,0.E0));
#2244=AXIS2_PLACEMENT_3D('',#2241,#2242,#2243);
#2246=CARTESIAN_POINT('',(7.62E0,1.2573E0,-7.3406E0));
#2247=DIRECTION('',(0.E0,0.E0,-1.E0));
#2248=DIRECTION('',(-1.E0,0.E0,0.E0));
#2249=AXIS2_PLACEMENT_3D('',#2246,#2247,#2248);
#2251=CARTESIAN_POINT('',(1.016E1,-1.2827E0,-7.3406E0));
#2252=DIRECTION('',(0.E0,0.E0,-1.E0));
#2253=DIRECTION('',(1.E0,0.E0,0.E0));
#2254=AXIS2_PLACEMENT_3D('',#2251,#2252,#2253);
#2256=CARTESIAN_POINT('',(1.016E1,-1.2827E0,-7.3406E0));
#2257=DIRECTION('',(0.E0,0.E0,-1.E0));
#2258=DIRECTION('',(-1.E0,0.E0,0.E0));
#2259=AXIS2_PLACEMENT_3D('',#2256,#2257,#2258);
#2261=CARTESIAN_POINT('',(1.016E1,1.2573E0,-7.3406E0));
#2262=DIRECTION('',(0.E0,0.E0,-1.E0));
#2263=DIRECTION('',(1.E0,0.E0,0.E0));
#2264=AXIS2_PLACEMENT_3D('',#2261,#2262,#2263);
#2266=CARTESIAN_POINT('',(1.016E1,1.2573E0,-7.3406E0));
#2267=DIRECTION('',(0.E0,0.E0,-1.E0));
#2268=DIRECTION('',(-1.E0,0.E0,0.E0));
#2269=AXIS2_PLACEMENT_3D('',#2266,#2267,#2268);
#2271=CARTESIAN_POINT('',(1.27E1,-1.2827E0,-7.3406E0));
#2272=DIRECTION('',(0.E0,0.E0,-1.E0));
#2273=DIRECTION('',(1.E0,0.E0,0.E0));
#2274=AXIS2_PLACEMENT_3D('',#2271,#2272,#2273);
#2276=CARTESIAN_POINT('',(1.27E1,-1.2827E0,-7.3406E0));
#2277=DIRECTION('',(0.E0,0.E0,-1.E0));
#2278=DIRECTION('',(-1.E0,0.E0,0.E0));
#2279=AXIS2_PLACEMENT_3D('',#2276,#2277,#2278);
#2281=CARTESIAN_POINT('',(1.27E1,1.2573E0,-7.3406E0));
#2282=DIRECTION('',(0.E0,0.E0,-1.E0));
#2283=DIRECTION('',(1.E0,0.E0,0.E0));
#2284=AXIS2_PLACEMENT_3D('',#2281,#2282,#2283);
#2286=CARTESIAN_POINT('',(1.27E1,1.2573E0,-7.3406E0));
#2287=DIRECTION('',(0.E0,0.E0,-1.E0));
#2288=DIRECTION('',(-1.E0,0.E0,0.E0));
#2289=AXIS2_PLACEMENT_3D('',#2286,#2287,#2288);
#2291=CARTESIAN_POINT('',(1.524E1,-1.2827E0,-7.3406E0));
#2292=DIRECTION('',(0.E0,0.E0,-1.E0));
#2293=DIRECTION('',(1.E0,0.E0,0.E0));
#2294=AXIS2_PLACEMENT_3D('',#2291,#2292,#2293);
#2296=CARTESIAN_POINT('',(1.524E1,-1.2827E0,-7.3406E0));
#2297=DIRECTION('',(0.E0,0.E0,-1.E0));
#2298=DIRECTION('',(-1.E0,0.E0,0.E0));
#2299=AXIS2_PLACEMENT_3D('',#2296,#2297,#2298);
#2301=CARTESIAN_POINT('',(1.524E1,1.2573E0,-7.3406E0));
#2302=DIRECTION('',(0.E0,0.E0,-1.E0));
#2303=DIRECTION('',(1.E0,0.E0,0.E0));
#2304=AXIS2_PLACEMENT_3D('',#2301,#2302,#2303);
#2306=CARTESIAN_POINT('',(1.524E1,1.2573E0,-7.3406E0));
#2307=DIRECTION('',(0.E0,0.E0,-1.E0));
#2308=DIRECTION('',(-1.E0,0.E0,0.E0));
#2309=AXIS2_PLACEMENT_3D('',#2306,#2307,#2308);
#2311=DIRECTION('',(0.E0,1.E0,0.E0));
#2312=VECTOR('',#2311,1.5748E0);
#2313=CARTESIAN_POINT('',(-1.85928E1,-4.0005E0,-3.086936225746E0));
#2314=LINE('',#2313,#2312);
#2315=DIRECTION('',(0.E0,1.E0,0.E0));
#2316=VECTOR('',#2315,1.5748E0);
#2317=CARTESIAN_POINT('',(-2.10693E1,-4.0005E0,-1.657128284098E0));
#2318=LINE('',#2317,#2316);
#2319=DIRECTION('',(0.E0,1.E0,0.E0));
#2320=VECTOR('',#2319,1.5748E0);
#2321=CARTESIAN_POINT('',(-2.35458E1,-4.0005E0,-3.086936225746E0));
#2322=LINE('',#2321,#2320);
#2323=DIRECTION('',(0.E0,1.E0,0.E0));
#2324=VECTOR('',#2323,4.318E-1);
#2325=CARTESIAN_POINT('',(-1.7272E1,3.5687E0,-2.7686E0));
#2326=LINE('',#2325,#2324);
#2327=DIRECTION('',(-1.E0,0.E0,0.E0));
#2328=VECTOR('',#2327,3.4544E1);
#2329=CARTESIAN_POINT('',(1.7272E1,3.5687E0,-2.7686E0));
#2330=LINE('',#2329,#2328);
#2331=DIRECTION('',(0.E0,-1.E0,0.E0));
#2332=VECTOR('',#2331,4.318E-1);
#2333=CARTESIAN_POINT('',(1.7272E1,4.0005E0,-2.7686E0));
#2334=LINE('',#2333,#2332);
#2335=DIRECTION('',(0.E0,-1.E0,0.E0));
#2336=VECTOR('',#2335,4.318E-1);
#2337=CARTESIAN_POINT('',(1.7272E1,-3.5687E0,-2.7686E0));
#2338=LINE('',#2337,#2336);
#2339=DIRECTION('',(1.E0,0.E0,0.E0));
#2340=VECTOR('',#2339,1.2319E0);
#2341=CARTESIAN_POINT('',(1.60401E1,-3.5687E0,-2.7686E0));
#2342=LINE('',#2341,#2340);
#2343=DIRECTION('',(0.E0,1.E0,0.E0));
#2344=VECTOR('',#2343,4.318E-1);
#2345=CARTESIAN_POINT('',(-9.3599E0,-4.0005E0,-2.7686E0));
#2346=LINE('',#2345,#2344);
#2347=DIRECTION('',(1.E0,0.E0,0.E0));
#2348=VECTOR('',#2347,2.12598E1);
#2349=CARTESIAN_POINT('',(-9.3599E0,-3.5687E0,-2.7686E0));
#2350=LINE('',#2349,#2348);
#2351=DIRECTION('',(0.E0,1.E0,0.E0));
#2352=VECTOR('',#2351,4.318E-1);
#2353=CARTESIAN_POINT('',(-1.35001E1,-4.0005E0,-2.7686E0));
#2354=LINE('',#2353,#2352);
#2355=DIRECTION('',(1.E0,0.E0,0.E0));
#2356=VECTOR('',#2355,3.7719E0);
#2357=CARTESIAN_POINT('',(-1.7272E1,-3.5687E0,-2.7686E0));
#2358=LINE('',#2357,#2356);
#2359=DIRECTION('',(0.E0,1.E0,0.E0));
#2360=VECTOR('',#2359,4.318E-1);
#2361=CARTESIAN_POINT('',(-1.7272E1,-4.0005E0,-2.7686E0));
#2362=LINE('',#2361,#2360);
#2363=DIRECTION('',(0.E0,0.E0,1.E0));
#2364=VECTOR('',#2363,4.572E0);
#2365=CARTESIAN_POINT('',(-1.7272E1,3.5687E0,-7.3406E0));
#2366=LINE('',#2365,#2364);
#2367=DIRECTION('',(0.E0,0.E0,1.E0));
#2368=VECTOR('',#2367,4.572E0);
#2369=CARTESIAN_POINT('',(1.7272E1,3.5687E0,-7.3406E0));
#2370=LINE('',#2369,#2368);
#2371=DIRECTION('',(0.E0,0.E0,1.E0));
#2372=VECTOR('',#2371,4.572E0);
#2373=CARTESIAN_POINT('',(1.7272E1,-3.5687E0,-7.3406E0));
#2374=LINE('',#2373,#2372);
#2375=DIRECTION('',(1.E0,0.E0,0.E0));
#2376=VECTOR('',#2375,4.1402E0);
#2377=CARTESIAN_POINT('',(-1.35001E1,-3.5687E0,-2.7686E0));
#2378=LINE('',#2377,#2376);
#2379=DIRECTION('',(0.E0,0.E0,1.E0));
#2380=VECTOR('',#2379,4.572E0);
#2381=CARTESIAN_POINT('',(-1.7272E1,-3.5687E0,-7.3406E0));
#2382=LINE('',#2381,#2380);
#2383=DIRECTION('',(0.E0,1.E0,0.E0));
#2384=VECTOR('',#2383,3.556E-1);
#2385=CARTESIAN_POINT('',(-1.35001E1,-3.5687E0,-2.7686E0));
#2386=LINE('',#2385,#2384);
#2387=DIRECTION('',(0.E0,1.E0,0.E0));
#2388=VECTOR('',#2387,7.874E-1);
#2389=CARTESIAN_POINT('',(-1.35001E1,-4.0005E0,-5.842E-1));
#2390=LINE('',#2389,#2388);
#2391=DIRECTION('',(-1.E0,0.E0,0.E0));
#2392=VECTOR('',#2391,9.398E-1);
#2393=CARTESIAN_POINT('',(-1.2192E1,-3.8354E0,-5.842E-1));
#2394=LINE('',#2393,#2392);
#2395=DIRECTION('',(0.E0,1.E0,0.E0));
#2396=VECTOR('',#2395,6.223E-1);
#2397=CARTESIAN_POINT('',(-1.2192E1,-3.8354E0,-5.842E-1));
#2398=LINE('',#2397,#2396);
#2399=DIRECTION('',(0.E0,1.E0,0.E0));
#2400=VECTOR('',#2399,1.651E-1);
#2401=CARTESIAN_POINT('',(-1.31318E1,-4.0005E0,-5.842E-1));
#2402=LINE('',#2401,#2400);
#2403=DIRECTION('',(0.E0,0.E0,1.E0));
#2404=VECTOR('',#2403,7.1882E0);
#2405=CARTESIAN_POINT('',(-9.7282E0,-3.8354E0,-5.842E-1));
#2406=LINE('',#2405,#2404);
#2407=DIRECTION('',(0.E0,0.E0,-1.E0));
#2408=VECTOR('',#2407,7.1882E0);
#2409=CARTESIAN_POINT('',(-1.31318E1,-3.8354E0,6.604E0));
#2410=LINE('',#2409,#2408);
#2411=DIRECTION('',(0.E0,0.E0,-1.E0));
#2412=VECTOR('',#2411,1.0922E0);
#2413=CARTESIAN_POINT('',(-1.25095E1,-3.8354E0,6.604E0));
#2414=LINE('',#2413,#2412);
#2415=DIRECTION('',(0.E0,0.E0,-1.E0));
#2416=VECTOR('',#2415,7.112E-1);
#2417=CARTESIAN_POINT('',(1.28905E1,-3.2131E0,6.223E0));
#2418=LINE('',#2417,#2416);
#2419=DIRECTION('',(-1.E0,0.E0,0.E0));
#2420=VECTOR('',#2419,1.0795E1);
#2421=CARTESIAN_POINT('',(1.28905E1,-3.2131E0,6.223E0));
#2422=LINE('',#2421,#2420);
#2423=DIRECTION('',(0.E0,0.E0,1.E0));
#2424=VECTOR('',#2423,6.223E0);
#2425=CARTESIAN_POINT('',(2.0955E0,-3.2131E0,0.E0));
#2426=LINE('',#2425,#2424);
#2427=DIRECTION('',(0.E0,0.E0,1.E0));
#2428=VECTOR('',#2427,1.7018E0);
#2429=CARTESIAN_POINT('',(1.3208E1,-3.2131E0,0.E0));
#2430=LINE('',#2429,#2428);
#2431=CARTESIAN_POINT('',(1.397E1,-3.2131E0,1.7018E0));
#2432=DIRECTION('',(0.E0,-1.E0,0.E0));
#2433=DIRECTION('',(1.E0,0.E0,0.E0));
#2434=AXIS2_PLACEMENT_3D('',#2431,#2432,#2433);
#2436=DIRECTION('',(0.E0,0.E0,1.E0));
#2437=VECTOR('',#2436,1.7018E0);
#2438=CARTESIAN_POINT('',(1.4732E1,-3.2131E0,0.E0));
#2439=LINE('',#2438,#2437);
#2440=DIRECTION('',(-1.E0,0.E0,0.E0));
#2441=VECTOR('',#2440,4.1275E0);
#2442=CARTESIAN_POINT('',(1.9177E1,-3.2131E0,6.223E0));
#2443=LINE('',#2442,#2441);
#2444=DIRECTION('',(0.E0,0.E0,-1.E0));
#2445=VECTOR('',#2444,7.112E-1);
#2446=CARTESIAN_POINT('',(1.50495E1,-3.2131E0,6.223E0));
#2447=LINE('',#2446,#2445);
#2448=DIRECTION('',(1.E0,0.E0,0.E0));
#2449=VECTOR('',#2448,2.159E0);
#2450=CARTESIAN_POINT('',(1.28905E1,-3.2131E0,5.5118E0));
#2451=LINE('',#2450,#2449);
#2452=DIRECTION('',(0.E0,0.E0,-1.E0));
#2453=VECTOR('',#2452,7.112E-1);
#2454=CARTESIAN_POINT('',(-1.25095E1,-3.2131E0,6.223E0));
#2455=LINE('',#2454,#2453);
#2456=DIRECTION('',(-1.E0,0.E0,0.E0));
#2457=VECTOR('',#2456,6.6675E0);
#2458=CARTESIAN_POINT('',(-1.25095E1,-3.2131E0,6.223E0));
#2459=LINE('',#2458,#2457);
#2460=DIRECTION('',(-7.071067811866E-1,0.E0,7.071067811865E-1));
#2461=VECTOR('',#2460,1.796051224214E-1);
#2462=CARTESIAN_POINT('',(-1.905E1,-3.2131E0,6.096E0));
#2463=LINE('',#2462,#2461);
#2464=DIRECTION('',(0.E0,0.E0,-1.E0));
#2465=VECTOR('',#2464,6.096E0);
#2466=CARTESIAN_POINT('',(-1.905E1,-3.2131E0,6.096E0));
#2467=LINE('',#2466,#2465);
#2468=DIRECTION('',(0.E0,0.E0,1.E0));
#2469=VECTOR('',#2468,1.7018E0);
#2470=CARTESIAN_POINT('',(-1.2192E1,-3.2131E0,0.E0));
#2471=LINE('',#2470,#2469);
#2472=CARTESIAN_POINT('',(-1.143E1,-3.2131E0,1.7018E0));
#2473=DIRECTION('',(0.E0,-1.E0,0.E0));
#2474=DIRECTION('',(1.E0,0.E0,0.E0));
#2475=AXIS2_PLACEMENT_3D('',#2472,#2473,#2474);
#2477=DIRECTION('',(0.E0,0.E0,1.E0));
#2478=VECTOR('',#2477,1.7018E0);
#2479=CARTESIAN_POINT('',(-1.0668E1,-3.2131E0,0.E0));
#2480=LINE('',#2479,#2478);
#2481=DIRECTION('',(0.E0,0.E0,1.E0));
#2482=VECTOR('',#2481,6.223E0);
#2483=CARTESIAN_POINT('',(-2.0955E0,-3.2131E0,0.E0));
#2484=LINE('',#2483,#2482);
#2485=DIRECTION('',(-1.E0,0.E0,0.E0));
#2486=VECTOR('',#2485,8.255E0);
#2487=CARTESIAN_POINT('',(-2.0955E0,-3.2131E0,6.223E0));
#2488=LINE('',#2487,#2486);
#2489=DIRECTION('',(0.E0,0.E0,-1.E0));
#2490=VECTOR('',#2489,7.112E-1);
#2491=CARTESIAN_POINT('',(-1.03505E1,-3.2131E0,6.223E0));
#2492=LINE('',#2491,#2490);
#2493=DIRECTION('',(1.E0,0.E0,0.E0));
#2494=VECTOR('',#2493,2.159E0);
#2495=CARTESIAN_POINT('',(-1.25095E1,-3.2131E0,5.5118E0));
#2496=LINE('',#2495,#2494);
#2497=DIRECTION('',(0.E0,-1.E0,0.E0));
#2498=VECTOR('',#2497,6.35E-1);
#2499=CARTESIAN_POINT('',(-1.55575E1,1.5748E0,0.E0));
#2500=LINE('',#2499,#2498);
#2501=DIRECTION('',(1.E0,0.E0,0.E0));
#2502=VECTOR('',#2501,6.35E-1);
#2503=CARTESIAN_POINT('',(-1.55575E1,9.398E-1,0.E0));
#2504=LINE('',#2503,#2502);
#2505=DIRECTION('',(0.E0,1.E0,0.E0));
#2506=VECTOR('',#2505,6.35E-1);
#2507=CARTESIAN_POINT('',(-1.49225E1,9.398E-1,0.E0));
#2508=LINE('',#2507,#2506);
#2509=DIRECTION('',(-1.E0,0.E0,0.E0));
#2510=VECTOR('',#2509,6.35E-1);
#2511=CARTESIAN_POINT('',(-1.49225E1,1.5748E0,0.E0));
#2512=LINE('',#2511,#2510);
#2513=DIRECTION('',(0.E0,-1.E0,0.E0));
#2514=VECTOR('',#2513,6.35E-1);
#2515=CARTESIAN_POINT('',(-1.55575E1,-9.652E-1,0.E0));
#2516=LINE('',#2515,#2514);
#2517=DIRECTION('',(1.E0,0.E0,0.E0));
#2518=VECTOR('',#2517,6.35E-1);
#2519=CARTESIAN_POINT('',(-1.55575E1,-1.6002E0,0.E0));
#2520=LINE('',#2519,#2518);
#2521=DIRECTION('',(0.E0,1.E0,0.E0));
#2522=VECTOR('',#2521,6.35E-1);
#2523=CARTESIAN_POINT('',(-1.49225E1,-1.6002E0,0.E0));
#2524=LINE('',#2523,#2522);
#2525=DIRECTION('',(-1.E0,0.E0,0.E0));
#2526=VECTOR('',#2525,6.35E-1);
#2527=CARTESIAN_POINT('',(-1.49225E1,-9.652E-1,0.E0));
#2528=LINE('',#2527,#2526);
#2529=DIRECTION('',(0.E0,-1.E0,0.E0));
#2530=VECTOR('',#2529,6.35E-1);
#2531=CARTESIAN_POINT('',(-1.30175E1,1.5748E0,0.E0));
#2532=LINE('',#2531,#2530);
#2533=DIRECTION('',(1.E0,0.E0,0.E0));
#2534=VECTOR('',#2533,6.35E-1);
#2535=CARTESIAN_POINT('',(-1.30175E1,9.398E-1,0.E0));
#2536=LINE('',#2535,#2534);
#2537=DIRECTION('',(0.E0,1.E0,0.E0));
#2538=VECTOR('',#2537,6.35E-1);
#2539=CARTESIAN_POINT('',(-1.23825E1,9.398E-1,0.E0));
#2540=LINE('',#2539,#2538);
#2541=DIRECTION('',(-1.E0,0.E0,0.E0));
#2542=VECTOR('',#2541,6.35E-1);
#2543=CARTESIAN_POINT('',(-1.23825E1,1.5748E0,0.E0));
#2544=LINE('',#2543,#2542);
#2545=DIRECTION('',(0.E0,-1.E0,0.E0));
#2546=VECTOR('',#2545,6.35E-1);
#2547=CARTESIAN_POINT('',(-1.30175E1,-9.652E-1,0.E0));
#2548=LINE('',#2547,#2546);
#2549=DIRECTION('',(1.E0,0.E0,0.E0));
#2550=VECTOR('',#2549,6.35E-1);
#2551=CARTESIAN_POINT('',(-1.30175E1,-1.6002E0,0.E0));
#2552=LINE('',#2551,#2550);
#2553=DIRECTION('',(0.E0,1.E0,0.E0));
#2554=VECTOR('',#2553,6.35E-1);
#2555=CARTESIAN_POINT('',(-1.23825E1,-1.6002E0,0.E0));
#2556=LINE('',#2555,#2554);
#2557=DIRECTION('',(-1.E0,0.E0,0.E0));
#2558=VECTOR('',#2557,6.35E-1);
#2559=CARTESIAN_POINT('',(-1.23825E1,-9.652E-1,0.E0));
#2560=LINE('',#2559,#2558);
#2561=DIRECTION('',(0.E0,-1.E0,0.E0));
#2562=VECTOR('',#2561,6.35E-1);
#2563=CARTESIAN_POINT('',(-1.04775E1,1.5748E0,0.E0));
#2564=LINE('',#2563,#2562);
#2565=DIRECTION('',(1.E0,0.E0,0.E0));
#2566=VECTOR('',#2565,6.35E-1);
#2567=CARTESIAN_POINT('',(-1.04775E1,9.398E-1,0.E0));
#2568=LINE('',#2567,#2566);
#2569=DIRECTION('',(0.E0,1.E0,0.E0));
#2570=VECTOR('',#2569,6.35E-1);
#2571=CARTESIAN_POINT('',(-9.8425E0,9.398E-1,0.E0));
#2572=LINE('',#2571,#2570);
#2573=DIRECTION('',(-1.E0,0.E0,0.E0));
#2574=VECTOR('',#2573,6.35E-1);
#2575=CARTESIAN_POINT('',(-9.8425E0,1.5748E0,0.E0));
#2576=LINE('',#2575,#2574);
#2577=DIRECTION('',(0.E0,-1.E0,0.E0));
#2578=VECTOR('',#2577,6.35E-1);
#2579=CARTESIAN_POINT('',(-1.04775E1,-9.652E-1,0.E0));
#2580=LINE('',#2579,#2578);
#2581=DIRECTION('',(1.E0,0.E0,0.E0));
#2582=VECTOR('',#2581,6.35E-1);
#2583=CARTESIAN_POINT('',(-1.04775E1,-1.6002E0,0.E0));
#2584=LINE('',#2583,#2582);
#2585=DIRECTION('',(0.E0,1.E0,0.E0));
#2586=VECTOR('',#2585,6.35E-1);
#2587=CARTESIAN_POINT('',(-9.8425E0,-1.6002E0,0.E0));
#2588=LINE('',#2587,#2586);
#2589=DIRECTION('',(-1.E0,0.E0,0.E0));
#2590=VECTOR('',#2589,6.35E-1);
#2591=CARTESIAN_POINT('',(-9.8425E0,-9.652E-1,0.E0));
#2592=LINE('',#2591,#2590);
#2593=DIRECTION('',(0.E0,-1.E0,0.E0));
#2594=VECTOR('',#2593,6.35E-1);
#2595=CARTESIAN_POINT('',(-7.9375E0,1.5748E0,0.E0));
#2596=LINE('',#2595,#2594);
#2597=DIRECTION('',(1.E0,0.E0,0.E0));
#2598=VECTOR('',#2597,6.35E-1);
#2599=CARTESIAN_POINT('',(-7.9375E0,9.398E-1,0.E0));
#2600=LINE('',#2599,#2598);
#2601=DIRECTION('',(0.E0,1.E0,0.E0));
#2602=VECTOR('',#2601,6.35E-1);
#2603=CARTESIAN_POINT('',(-7.3025E0,9.398E-1,0.E0));
#2604=LINE('',#2603,#2602);
#2605=DIRECTION('',(-1.E0,0.E0,0.E0));
#2606=VECTOR('',#2605,6.35E-1);
#2607=CARTESIAN_POINT('',(-7.3025E0,1.5748E0,0.E0));
#2608=LINE('',#2607,#2606);
#2609=DIRECTION('',(0.E0,-1.E0,0.E0));
#2610=VECTOR('',#2609,6.35E-1);
#2611=CARTESIAN_POINT('',(-7.9375E0,-9.652E-1,0.E0));
#2612=LINE('',#2611,#2610);
#2613=DIRECTION('',(1.E0,0.E0,0.E0));
#2614=VECTOR('',#2613,6.35E-1);
#2615=CARTESIAN_POINT('',(-7.9375E0,-1.6002E0,0.E0));
#2616=LINE('',#2615,#2614);
#2617=DIRECTION('',(0.E0,1.E0,0.E0));
#2618=VECTOR('',#2617,6.35E-1);
#2619=CARTESIAN_POINT('',(-7.3025E0,-1.6002E0,0.E0));
#2620=LINE('',#2619,#2618);
#2621=DIRECTION('',(-1.E0,0.E0,0.E0));
#2622=VECTOR('',#2621,6.35E-1);
#2623=CARTESIAN_POINT('',(-7.3025E0,-9.652E-1,0.E0));
#2624=LINE('',#2623,#2622);
#2625=DIRECTION('',(0.E0,-1.E0,0.E0));
#2626=VECTOR('',#2625,6.35E-1);
#2627=CARTESIAN_POINT('',(-5.3975E0,1.5748E0,0.E0));
#2628=LINE('',#2627,#2626);
#2629=DIRECTION('',(1.E0,0.E0,0.E0));
#2630=VECTOR('',#2629,6.35E-1);
#2631=CARTESIAN_POINT('',(-5.3975E0,9.398E-1,0.E0));
#2632=LINE('',#2631,#2630);
#2633=DIRECTION('',(0.E0,1.E0,0.E0));
#2634=VECTOR('',#2633,6.35E-1);
#2635=CARTESIAN_POINT('',(-4.7625E0,9.398E-1,0.E0));
#2636=LINE('',#2635,#2634);
#2637=DIRECTION('',(-1.E0,0.E0,0.E0));
#2638=VECTOR('',#2637,6.35E-1);
#2639=CARTESIAN_POINT('',(-4.7625E0,1.5748E0,0.E0));
#2640=LINE('',#2639,#2638);
#2641=DIRECTION('',(0.E0,-1.E0,0.E0));
#2642=VECTOR('',#2641,6.35E-1);
#2643=CARTESIAN_POINT('',(-5.3975E0,-9.652E-1,0.E0));
#2644=LINE('',#2643,#2642);
#2645=DIRECTION('',(1.E0,0.E0,0.E0));
#2646=VECTOR('',#2645,6.35E-1);
#2647=CARTESIAN_POINT('',(-5.3975E0,-1.6002E0,0.E0));
#2648=LINE('',#2647,#2646);
#2649=DIRECTION('',(0.E0,1.E0,0.E0));
#2650=VECTOR('',#2649,6.35E-1);
#2651=CARTESIAN_POINT('',(-4.7625E0,-1.6002E0,0.E0));
#2652=LINE('',#2651,#2650);
#2653=DIRECTION('',(-1.E0,0.E0,0.E0));
#2654=VECTOR('',#2653,6.35E-1);
#2655=CARTESIAN_POINT('',(-4.7625E0,-9.652E-1,0.E0));
#2656=LINE('',#2655,#2654);
#2657=DIRECTION('',(0.E0,-1.E0,0.E0));
#2658=VECTOR('',#2657,6.35E-1);
#2659=CARTESIAN_POINT('',(-2.8575E0,1.5748E0,0.E0));
#2660=LINE('',#2659,#2658);
#2661=DIRECTION('',(1.E0,0.E0,0.E0));
#2662=VECTOR('',#2661,6.35E-1);
#2663=CARTESIAN_POINT('',(-2.8575E0,9.398E-1,0.E0));
#2664=LINE('',#2663,#2662);
#2665=DIRECTION('',(0.E0,1.E0,0.E0));
#2666=VECTOR('',#2665,6.35E-1);
#2667=CARTESIAN_POINT('',(-2.2225E0,9.398E-1,0.E0));
#2668=LINE('',#2667,#2666);
#2669=DIRECTION('',(-1.E0,0.E0,0.E0));
#2670=VECTOR('',#2669,6.35E-1);
#2671=CARTESIAN_POINT('',(-2.2225E0,1.5748E0,0.E0));
#2672=LINE('',#2671,#2670);
#2673=DIRECTION('',(0.E0,-1.E0,0.E0));
#2674=VECTOR('',#2673,6.35E-1);
#2675=CARTESIAN_POINT('',(-2.8575E0,-9.652E-1,0.E0));
#2676=LINE('',#2675,#2674);
#2677=DIRECTION('',(1.E0,0.E0,0.E0));
#2678=VECTOR('',#2677,6.35E-1);
#2679=CARTESIAN_POINT('',(-2.8575E0,-1.6002E0,0.E0));
#2680=LINE('',#2679,#2678);
#2681=DIRECTION('',(0.E0,1.E0,0.E0));
#2682=VECTOR('',#2681,6.35E-1);
#2683=CARTESIAN_POINT('',(-2.2225E0,-1.6002E0,0.E0));
#2684=LINE('',#2683,#2682);
#2685=DIRECTION('',(-1.E0,0.E0,0.E0));
#2686=VECTOR('',#2685,6.35E-1);
#2687=CARTESIAN_POINT('',(-2.2225E0,-9.652E-1,0.E0));
#2688=LINE('',#2687,#2686);
#2689=DIRECTION('',(0.E0,-1.E0,0.E0));
#2690=VECTOR('',#2689,6.35E-1);
#2691=CARTESIAN_POINT('',(-3.175E-1,1.5748E0,0.E0));
#2692=LINE('',#2691,#2690);
#2693=DIRECTION('',(1.E0,0.E0,0.E0));
#2694=VECTOR('',#2693,6.35E-1);
#2695=CARTESIAN_POINT('',(-3.175E-1,9.398E-1,0.E0));
#2696=LINE('',#2695,#2694);
#2697=DIRECTION('',(0.E0,1.E0,0.E0));
#2698=VECTOR('',#2697,6.35E-1);
#2699=CARTESIAN_POINT('',(3.175E-1,9.398E-1,0.E0));
#2700=LINE('',#2699,#2698);
#2701=DIRECTION('',(-1.E0,0.E0,0.E0));
#2702=VECTOR('',#2701,6.35E-1);
#2703=CARTESIAN_POINT('',(3.175E-1,1.5748E0,0.E0));
#2704=LINE('',#2703,#2702);
#2705=DIRECTION('',(0.E0,-1.E0,0.E0));
#2706=VECTOR('',#2705,6.35E-1);
#2707=CARTESIAN_POINT('',(-3.175E-1,-9.652E-1,0.E0));
#2708=LINE('',#2707,#2706);
#2709=DIRECTION('',(1.E0,0.E0,0.E0));
#2710=VECTOR('',#2709,6.35E-1);
#2711=CARTESIAN_POINT('',(-3.175E-1,-1.6002E0,0.E0));
#2712=LINE('',#2711,#2710);
#2713=DIRECTION('',(0.E0,1.E0,0.E0));
#2714=VECTOR('',#2713,6.35E-1);
#2715=CARTESIAN_POINT('',(3.175E-1,-1.6002E0,0.E0));
#2716=LINE('',#2715,#2714);
#2717=DIRECTION('',(-1.E0,0.E0,0.E0));
#2718=VECTOR('',#2717,6.35E-1);
#2719=CARTESIAN_POINT('',(3.175E-1,-9.652E-1,0.E0));
#2720=LINE('',#2719,#2718);
#2721=DIRECTION('',(0.E0,-1.E0,0.E0));
#2722=VECTOR('',#2721,6.35E-1);
#2723=CARTESIAN_POINT('',(2.2225E0,1.5748E0,0.E0));
#2724=LINE('',#2723,#2722);
#2725=DIRECTION('',(1.E0,0.E0,0.E0));
#2726=VECTOR('',#2725,6.35E-1);
#2727=CARTESIAN_POINT('',(2.2225E0,9.398E-1,0.E0));
#2728=LINE('',#2727,#2726);
#2729=DIRECTION('',(0.E0,1.E0,0.E0));
#2730=VECTOR('',#2729,6.35E-1);
#2731=CARTESIAN_POINT('',(2.8575E0,9.398E-1,0.E0));
#2732=LINE('',#2731,#2730);
#2733=DIRECTION('',(-1.E0,0.E0,0.E0));
#2734=VECTOR('',#2733,6.35E-1);
#2735=CARTESIAN_POINT('',(2.8575E0,1.5748E0,0.E0));
#2736=LINE('',#2735,#2734);
#2737=DIRECTION('',(0.E0,-1.E0,0.E0));
#2738=VECTOR('',#2737,6.35E-1);
#2739=CARTESIAN_POINT('',(2.2225E0,-9.652E-1,0.E0));
#2740=LINE('',#2739,#2738);
#2741=DIRECTION('',(1.E0,0.E0,0.E0));
#2742=VECTOR('',#2741,6.35E-1);
#2743=CARTESIAN_POINT('',(2.2225E0,-1.6002E0,0.E0));
#2744=LINE('',#2743,#2742);
#2745=DIRECTION('',(0.E0,1.E0,0.E0));
#2746=VECTOR('',#2745,6.35E-1);
#2747=CARTESIAN_POINT('',(2.8575E0,-1.6002E0,0.E0));
#2748=LINE('',#2747,#2746);
#2749=DIRECTION('',(-1.E0,0.E0,0.E0));
#2750=VECTOR('',#2749,6.35E-1);
#2751=CARTESIAN_POINT('',(2.8575E0,-9.652E-1,0.E0));
#2752=LINE('',#2751,#2750);
#2753=DIRECTION('',(0.E0,-1.E0,0.E0));
#2754=VECTOR('',#2753,6.35E-1);
#2755=CARTESIAN_POINT('',(4.7625E0,1.5748E0,0.E0));
#2756=LINE('',#2755,#2754);
#2757=DIRECTION('',(1.E0,0.E0,0.E0));
#2758=VECTOR('',#2757,6.35E-1);
#2759=CARTESIAN_POINT('',(4.7625E0,9.398E-1,0.E0));
#2760=LINE('',#2759,#2758);
#2761=DIRECTION('',(0.E0,1.E0,0.E0));
#2762=VECTOR('',#2761,6.35E-1);
#2763=CARTESIAN_POINT('',(5.3975E0,9.398E-1,0.E0));
#2764=LINE('',#2763,#2762);
#2765=DIRECTION('',(-1.E0,0.E0,0.E0));
#2766=VECTOR('',#2765,6.35E-1);
#2767=CARTESIAN_POINT('',(5.3975E0,1.5748E0,0.E0));
#2768=LINE('',#2767,#2766);
#2769=DIRECTION('',(0.E0,-1.E0,0.E0));
#2770=VECTOR('',#2769,6.35E-1);
#2771=CARTESIAN_POINT('',(4.7625E0,-9.652E-1,0.E0));
#2772=LINE('',#2771,#2770);
#2773=DIRECTION('',(1.E0,0.E0,0.E0));
#2774=VECTOR('',#2773,6.35E-1);
#2775=CARTESIAN_POINT('',(4.7625E0,-1.6002E0,0.E0));
#2776=LINE('',#2775,#2774);
#2777=DIRECTION('',(0.E0,1.E0,0.E0));
#2778=VECTOR('',#2777,6.35E-1);
#2779=CARTESIAN_POINT('',(5.3975E0,-1.6002E0,0.E0));
#2780=LINE('',#2779,#2778);
#2781=DIRECTION('',(-1.E0,0.E0,0.E0));
#2782=VECTOR('',#2781,6.35E-1);
#2783=CARTESIAN_POINT('',(5.3975E0,-9.652E-1,0.E0));
#2784=LINE('',#2783,#2782);
#2785=DIRECTION('',(0.E0,-1.E0,0.E0));
#2786=VECTOR('',#2785,6.35E-1);
#2787=CARTESIAN_POINT('',(7.3025E0,1.5748E0,0.E0));
#2788=LINE('',#2787,#2786);
#2789=DIRECTION('',(1.E0,0.E0,0.E0));
#2790=VECTOR('',#2789,6.35E-1);
#2791=CARTESIAN_POINT('',(7.3025E0,9.398E-1,0.E0));
#2792=LINE('',#2791,#2790);
#2793=DIRECTION('',(0.E0,1.E0,0.E0));
#2794=VECTOR('',#2793,6.35E-1);
#2795=CARTESIAN_POINT('',(7.9375E0,9.398E-1,0.E0));
#2796=LINE('',#2795,#2794);
#2797=DIRECTION('',(-1.E0,0.E0,0.E0));
#2798=VECTOR('',#2797,6.35E-1);
#2799=CARTESIAN_POINT('',(7.9375E0,1.5748E0,0.E0));
#2800=LINE('',#2799,#2798);
#2801=DIRECTION('',(0.E0,-1.E0,0.E0));
#2802=VECTOR('',#2801,6.35E-1);
#2803=CARTESIAN_POINT('',(7.3025E0,-9.652E-1,0.E0));
#2804=LINE('',#2803,#2802);
#2805=DIRECTION('',(1.E0,0.E0,0.E0));
#2806=VECTOR('',#2805,6.35E-1);
#2807=CARTESIAN_POINT('',(7.3025E0,-1.6002E0,0.E0));
#2808=LINE('',#2807,#2806);
#2809=DIRECTION('',(0.E0,1.E0,0.E0));
#2810=VECTOR('',#2809,6.35E-1);
#2811=CARTESIAN_POINT('',(7.9375E0,-1.6002E0,0.E0));
#2812=LINE('',#2811,#2810);
#2813=DIRECTION('',(-1.E0,0.E0,0.E0));
#2814=VECTOR('',#2813,6.35E-1);
#2815=CARTESIAN_POINT('',(7.9375E0,-9.652E-1,0.E0));
#2816=LINE('',#2815,#2814);
#2817=DIRECTION('',(0.E0,-1.E0,0.E0));
#2818=VECTOR('',#2817,6.35E-1);
#2819=CARTESIAN_POINT('',(9.8425E0,1.5748E0,0.E0));
#2820=LINE('',#2819,#2818);
#2821=DIRECTION('',(1.E0,0.E0,0.E0));
#2822=VECTOR('',#2821,6.35E-1);
#2823=CARTESIAN_POINT('',(9.8425E0,9.398E-1,0.E0));
#2824=LINE('',#2823,#2822);
#2825=DIRECTION('',(0.E0,1.E0,0.E0));
#2826=VECTOR('',#2825,6.35E-1);
#2827=CARTESIAN_POINT('',(1.04775E1,9.398E-1,0.E0));
#2828=LINE('',#2827,#2826);
#2829=DIRECTION('',(-1.E0,0.E0,0.E0));
#2830=VECTOR('',#2829,6.35E-1);
#2831=CARTESIAN_POINT('',(1.04775E1,1.5748E0,0.E0));
#2832=LINE('',#2831,#2830);
#2833=DIRECTION('',(0.E0,-1.E0,0.E0));
#2834=VECTOR('',#2833,6.35E-1);
#2835=CARTESIAN_POINT('',(9.8425E0,-9.652E-1,0.E0));
#2836=LINE('',#2835,#2834);
#2837=DIRECTION('',(1.E0,0.E0,0.E0));
#2838=VECTOR('',#2837,6.35E-1);
#2839=CARTESIAN_POINT('',(9.8425E0,-1.6002E0,0.E0));
#2840=LINE('',#2839,#2838);
#2841=DIRECTION('',(0.E0,1.E0,0.E0));
#2842=VECTOR('',#2841,6.35E-1);
#2843=CARTESIAN_POINT('',(1.04775E1,-1.6002E0,0.E0));
#2844=LINE('',#2843,#2842);
#2845=DIRECTION('',(-1.E0,0.E0,0.E0));
#2846=VECTOR('',#2845,6.35E-1);
#2847=CARTESIAN_POINT('',(1.04775E1,-9.652E-1,0.E0));
#2848=LINE('',#2847,#2846);
#2849=DIRECTION('',(0.E0,-1.E0,0.E0));
#2850=VECTOR('',#2849,6.35E-1);
#2851=CARTESIAN_POINT('',(1.23825E1,1.5748E0,0.E0));
#2852=LINE('',#2851,#2850);
#2853=DIRECTION('',(1.E0,0.E0,0.E0));
#2854=VECTOR('',#2853,6.35E-1);
#2855=CARTESIAN_POINT('',(1.23825E1,9.398E-1,0.E0));
#2856=LINE('',#2855,#2854);
#2857=DIRECTION('',(0.E0,1.E0,0.E0));
#2858=VECTOR('',#2857,6.35E-1);
#2859=CARTESIAN_POINT('',(1.30175E1,9.398E-1,0.E0));
#2860=LINE('',#2859,#2858);
#2861=DIRECTION('',(-1.E0,0.E0,0.E0));
#2862=VECTOR('',#2861,6.35E-1);
#2863=CARTESIAN_POINT('',(1.30175E1,1.5748E0,0.E0));
#2864=LINE('',#2863,#2862);
#2865=DIRECTION('',(0.E0,-1.E0,0.E0));
#2866=VECTOR('',#2865,6.35E-1);
#2867=CARTESIAN_POINT('',(1.23825E1,-9.652E-1,0.E0));
#2868=LINE('',#2867,#2866);
#2869=DIRECTION('',(1.E0,0.E0,0.E0));
#2870=VECTOR('',#2869,6.35E-1);
#2871=CARTESIAN_POINT('',(1.23825E1,-1.6002E0,0.E0));
#2872=LINE('',#2871,#2870);
#2873=DIRECTION('',(0.E0,1.E0,0.E0));
#2874=VECTOR('',#2873,6.35E-1);
#2875=CARTESIAN_POINT('',(1.30175E1,-1.6002E0,0.E0));
#2876=LINE('',#2875,#2874);
#2877=DIRECTION('',(-1.E0,0.E0,0.E0));
#2878=VECTOR('',#2877,6.35E-1);
#2879=CARTESIAN_POINT('',(1.30175E1,-9.652E-1,0.E0));
#2880=LINE('',#2879,#2878);
#2881=DIRECTION('',(0.E0,-1.E0,0.E0));
#2882=VECTOR('',#2881,6.35E-1);
#2883=CARTESIAN_POINT('',(1.49225E1,1.5748E0,0.E0));
#2884=LINE('',#2883,#2882);
#2885=DIRECTION('',(1.E0,0.E0,0.E0));
#2886=VECTOR('',#2885,6.35E-1);
#2887=CARTESIAN_POINT('',(1.49225E1,9.398E-1,0.E0));
#2888=LINE('',#2887,#2886);
#2889=DIRECTION('',(0.E0,1.E0,0.E0));
#2890=VECTOR('',#2889,6.35E-1);
#2891=CARTESIAN_POINT('',(1.55575E1,9.398E-1,0.E0));
#2892=LINE('',#2891,#2890);
#2893=DIRECTION('',(-1.E0,0.E0,0.E0));
#2894=VECTOR('',#2893,6.35E-1);
#2895=CARTESIAN_POINT('',(1.55575E1,1.5748E0,0.E0));
#2896=LINE('',#2895,#2894);
#2897=DIRECTION('',(0.E0,-1.E0,0.E0));
#2898=VECTOR('',#2897,6.35E-1);
#2899=CARTESIAN_POINT('',(1.49225E1,-9.652E-1,0.E0));
#2900=LINE('',#2899,#2898);
#2901=DIRECTION('',(1.E0,0.E0,0.E0));
#2902=VECTOR('',#2901,6.35E-1);
#2903=CARTESIAN_POINT('',(1.49225E1,-1.6002E0,0.E0));
#2904=LINE('',#2903,#2902);
#2905=DIRECTION('',(0.E0,1.E0,0.E0));
#2906=VECTOR('',#2905,6.35E-1);
#2907=CARTESIAN_POINT('',(1.55575E1,-1.6002E0,0.E0));
#2908=LINE('',#2907,#2906);
#2909=DIRECTION('',(-1.E0,0.E0,0.E0));
#2910=VECTOR('',#2909,6.35E-1);
#2911=CARTESIAN_POINT('',(1.55575E1,-9.652E-1,0.E0));
#2912=LINE('',#2911,#2910);
#2913=DIRECTION('',(1.E0,0.E0,0.E0));
#2914=VECTOR('',#2913,6.858E0);
#2915=CARTESIAN_POINT('',(-1.905E1,-3.2131E0,0.E0));
#2916=LINE('',#2915,#2914);
#2917=DIRECTION('',(0.E0,-1.E0,0.E0));
#2918=VECTOR('',#2917,1.8161E0);
#2919=CARTESIAN_POINT('',(-1.905E1,-1.397E0,0.E0));
#2920=LINE('',#2919,#2918);
#2921=DIRECTION('',(1.E0,0.E0,0.E0));
#2922=VECTOR('',#2921,3.1242E0);
#2923=CARTESIAN_POINT('',(-1.905E1,-1.397E0,0.E0));
#2924=LINE('',#2923,#2922);
#2925=DIRECTION('',(0.E0,-1.E0,0.E0));
#2926=VECTOR('',#2925,2.794E0);
#2927=CARTESIAN_POINT('',(-1.59258E1,1.397E0,0.E0));
#2928=LINE('',#2927,#2926);
#2929=DIRECTION('',(1.E0,0.E0,0.E0));
#2930=VECTOR('',#2929,3.1242E0);
#2931=CARTESIAN_POINT('',(-1.905E1,1.397E0,0.E0));
#2932=LINE('',#2931,#2930);
#2933=DIRECTION('',(0.E0,-1.E0,0.E0));
#2934=VECTOR('',#2933,1.8161E0);
#2935=CARTESIAN_POINT('',(-1.905E1,3.2131E0,0.E0));
#2936=LINE('',#2935,#2934);
#2937=DIRECTION('',(-1.E0,0.E0,0.E0));
#2938=VECTOR('',#2937,4.826E0);
#2939=CARTESIAN_POINT('',(-1.4224E1,3.2131E0,0.E0));
#2940=LINE('',#2939,#2938);
#2941=DIRECTION('',(0.E0,-1.E0,0.E0));
#2942=VECTOR('',#2941,3.556E-1);
#2943=CARTESIAN_POINT('',(-1.4224E1,3.2131E0,0.E0));
#2944=LINE('',#2943,#2942);
#2945=DIRECTION('',(-1.E0,0.E0,0.E0));
#2946=VECTOR('',#2945,4.191E0);
#2947=CARTESIAN_POINT('',(-1.0033E1,2.8575E0,0.E0));
#2948=LINE('',#2947,#2946);
#2949=DIRECTION('',(0.E0,-1.E0,0.E0));
#2950=VECTOR('',#2949,3.556E-1);
#2951=CARTESIAN_POINT('',(-1.0033E1,3.2131E0,0.E0));
#2952=LINE('',#2951,#2950);
#2953=DIRECTION('',(-1.E0,0.E0,0.E0));
#2954=VECTOR('',#2953,2.0066E1);
#2955=CARTESIAN_POINT('',(1.0033E1,3.2131E0,0.E0));
#2956=LINE('',#2955,#2954);
#2957=DIRECTION('',(0.E0,-1.E0,0.E0));
#2958=VECTOR('',#2957,3.556E-1);
#2959=CARTESIAN_POINT('',(1.0033E1,3.2131E0,0.E0));
#2960=LINE('',#2959,#2958);
#2961=DIRECTION('',(-1.E0,0.E0,0.E0));
#2962=VECTOR('',#2961,4.191E0);
#2963=CARTESIAN_POINT('',(1.4224E1,2.8575E0,0.E0));
#2964=LINE('',#2963,#2962);
#2965=DIRECTION('',(0.E0,-1.E0,0.E0));
#2966=VECTOR('',#2965,3.556E-1);
#2967=CARTESIAN_POINT('',(1.4224E1,3.2131E0,0.E0));
#2968=LINE('',#2967,#2966);
#2969=DIRECTION('',(-1.E0,0.E0,0.E0));
#2970=VECTOR('',#2969,4.826E0);
#2971=CARTESIAN_POINT('',(1.905E1,3.2131E0,0.E0));
#2972=LINE('',#2971,#2970);
#2973=DIRECTION('',(0.E0,1.E0,0.E0));
#2974=VECTOR('',#2973,1.8161E0);
#2975=CARTESIAN_POINT('',(1.905E1,1.397E0,0.E0));
#2976=LINE('',#2975,#2974);
#2977=DIRECTION('',(1.E0,0.E0,0.E0));
#2978=VECTOR('',#2977,3.1242E0);
#2979=CARTESIAN_POINT('',(1.59258E1,1.397E0,0.E0));
#2980=LINE('',#2979,#2978);
#2981=DIRECTION('',(0.E0,-1.E0,0.E0));
#2982=VECTOR('',#2981,2.794E0);
#2983=CARTESIAN_POINT('',(1.59258E1,1.397E0,0.E0));
#2984=LINE('',#2983,#2982);
#2985=DIRECTION('',(1.E0,0.E0,0.E0));
#2986=VECTOR('',#2985,3.1242E0);
#2987=CARTESIAN_POINT('',(1.59258E1,-1.397E0,0.E0));
#2988=LINE('',#2987,#2986);
#2989=DIRECTION('',(0.E0,1.E0,0.E0));
#2990=VECTOR('',#2989,1.8161E0);
#2991=CARTESIAN_POINT('',(1.905E1,-3.2131E0,0.E0));
#2992=LINE('',#2991,#2990);
#2993=DIRECTION('',(1.E0,0.E0,0.E0));
#2994=VECTOR('',#2993,4.318E0);
#2995=CARTESIAN_POINT('',(1.4732E1,-3.2131E0,0.E0));
#2996=LINE('',#2995,#2994);
#2997=DIRECTION('',(1.E0,0.E0,0.E0));
#2998=VECTOR('',#2997,1.524E0);
#2999=CARTESIAN_POINT('',(1.3208E1,-3.2131E0,0.E0));
#3000=LINE('',#2999,#2998);
#3001=DIRECTION('',(1.E0,0.E0,0.E0));
#3002=VECTOR('',#3001,1.11125E1);
#3003=CARTESIAN_POINT('',(2.0955E0,-3.2131E0,0.E0));
#3004=LINE('',#3003,#3002);
#3005=DIRECTION('',(0.E0,1.E0,0.E0));
#3006=VECTOR('',#3005,3.556E-1);
#3007=CARTESIAN_POINT('',(2.0955E0,-3.2131E0,0.E0));
#3008=LINE('',#3007,#3006);
#3009=DIRECTION('',(1.E0,0.E0,0.E0));
#3010=VECTOR('',#3009,4.191E0);
#3011=CARTESIAN_POINT('',(-2.0955E0,-2.8575E0,0.E0));
#3012=LINE('',#3011,#3010);
#3013=DIRECTION('',(0.E0,1.E0,0.E0));
#3014=VECTOR('',#3013,3.556E-1);
#3015=CARTESIAN_POINT('',(-2.0955E0,-3.2131E0,0.E0));
#3016=LINE('',#3015,#3014);
#3017=DIRECTION('',(1.E0,0.E0,0.E0));
#3018=VECTOR('',#3017,8.5725E0);
#3019=CARTESIAN_POINT('',(-1.0668E1,-3.2131E0,0.E0));
#3020=LINE('',#3019,#3018);
#3021=DIRECTION('',(1.E0,0.E0,0.E0));
#3022=VECTOR('',#3021,1.524E0);
#3023=CARTESIAN_POINT('',(-1.2192E1,-3.2131E0,0.E0));
#3024=LINE('',#3023,#3022);
#3025=DIRECTION('',(0.E0,0.E0,1.E0));
#3026=VECTOR('',#3025,6.096E0);
#3027=CARTESIAN_POINT('',(-1.55575E1,1.5748E0,0.E0));
#3028=LINE('',#3027,#3026);
#3029=DIRECTION('',(0.E0,0.E0,1.E0));
#3030=VECTOR('',#3029,6.096E0);
#3031=CARTESIAN_POINT('',(-1.49225E1,1.5748E0,0.E0));
#3032=LINE('',#3031,#3030);
#3033=DIRECTION('',(0.E0,0.E0,1.E0));
#3034=VECTOR('',#3033,6.096E0);
#3035=CARTESIAN_POINT('',(-1.49225E1,9.398E-1,0.E0));
#3036=LINE('',#3035,#3034);
#3037=DIRECTION('',(0.E0,0.E0,1.E0));
#3038=VECTOR('',#3037,6.096E0);
#3039=CARTESIAN_POINT('',(-1.55575E1,9.398E-1,0.E0));
#3040=LINE('',#3039,#3038);
#3041=DIRECTION('',(0.E0,-1.E0,0.E0));
#3042=VECTOR('',#3041,6.35E-1);
#3043=CARTESIAN_POINT('',(-1.55575E1,1.5748E0,6.096E0));
#3044=LINE('',#3043,#3042);
#3045=DIRECTION('',(-1.E0,0.E0,0.E0));
#3046=VECTOR('',#3045,6.35E-1);
#3047=CARTESIAN_POINT('',(-1.49225E1,1.5748E0,6.096E0));
#3048=LINE('',#3047,#3046);
#3049=DIRECTION('',(0.E0,1.E0,0.E0));
#3050=VECTOR('',#3049,6.35E-1);
#3051=CARTESIAN_POINT('',(-1.49225E1,9.398E-1,6.096E0));
#3052=LINE('',#3051,#3050);
#3053=DIRECTION('',(1.E0,0.E0,0.E0));
#3054=VECTOR('',#3053,6.35E-1);
#3055=CARTESIAN_POINT('',(-1.55575E1,9.398E-1,6.096E0));
#3056=LINE('',#3055,#3054);
#3057=DIRECTION('',(0.E0,-1.E0,0.E0));
#3058=VECTOR('',#3057,6.35E-1);
#3059=CARTESIAN_POINT('',(-1.55575E1,-9.652E-1,6.096E0));
#3060=LINE('',#3059,#3058);
#3061=DIRECTION('',(-1.E0,0.E0,0.E0));
#3062=VECTOR('',#3061,6.35E-1);
#3063=CARTESIAN_POINT('',(-1.49225E1,-9.652E-1,6.096E0));
#3064=LINE('',#3063,#3062);
#3065=DIRECTION('',(0.E0,1.E0,0.E0));
#3066=VECTOR('',#3065,6.35E-1);
#3067=CARTESIAN_POINT('',(-1.49225E1,-1.6002E0,6.096E0));
#3068=LINE('',#3067,#3066);
#3069=DIRECTION('',(1.E0,0.E0,0.E0));
#3070=VECTOR('',#3069,6.35E-1);
#3071=CARTESIAN_POINT('',(-1.55575E1,-1.6002E0,6.096E0));
#3072=LINE('',#3071,#3070);
#3073=DIRECTION('',(0.E0,0.E0,1.E0));
#3074=VECTOR('',#3073,6.096E0);
#3075=CARTESIAN_POINT('',(-1.55575E1,-9.652E-1,0.E0));
#3076=LINE('',#3075,#3074);
#3077=DIRECTION('',(0.E0,0.E0,1.E0));
#3078=VECTOR('',#3077,6.096E0);
#3079=CARTESIAN_POINT('',(-1.49225E1,-9.652E-1,0.E0));
#3080=LINE('',#3079,#3078);
#3081=DIRECTION('',(0.E0,0.E0,1.E0));
#3082=VECTOR('',#3081,6.096E0);
#3083=CARTESIAN_POINT('',(-1.49225E1,-1.6002E0,0.E0));
#3084=LINE('',#3083,#3082);
#3085=DIRECTION('',(0.E0,0.E0,1.E0));
#3086=VECTOR('',#3085,6.096E0);
#3087=CARTESIAN_POINT('',(-1.55575E1,-1.6002E0,0.E0));
#3088=LINE('',#3087,#3086);
#3089=DIRECTION('',(0.E0,0.E0,1.E0));
#3090=VECTOR('',#3089,6.096E0);
#3091=CARTESIAN_POINT('',(-1.30175E1,1.5748E0,0.E0));
#3092=LINE('',#3091,#3090);
#3093=DIRECTION('',(0.E0,0.E0,1.E0));
#3094=VECTOR('',#3093,6.096E0);
#3095=CARTESIAN_POINT('',(-1.23825E1,1.5748E0,0.E0));
#3096=LINE('',#3095,#3094);
#3097=DIRECTION('',(0.E0,0.E0,1.E0));
#3098=VECTOR('',#3097,6.096E0);
#3099=CARTESIAN_POINT('',(-1.23825E1,9.398E-1,0.E0));
#3100=LINE('',#3099,#3098);
#3101=DIRECTION('',(0.E0,0.E0,1.E0));
#3102=VECTOR('',#3101,6.096E0);
#3103=CARTESIAN_POINT('',(-1.30175E1,9.398E-1,0.E0));
#3104=LINE('',#3103,#3102);
#3105=DIRECTION('',(0.E0,-1.E0,0.E0));
#3106=VECTOR('',#3105,6.35E-1);
#3107=CARTESIAN_POINT('',(-1.30175E1,1.5748E0,6.096E0));
#3108=LINE('',#3107,#3106);
#3109=DIRECTION('',(-1.E0,0.E0,0.E0));
#3110=VECTOR('',#3109,6.35E-1);
#3111=CARTESIAN_POINT('',(-1.23825E1,1.5748E0,6.096E0));
#3112=LINE('',#3111,#3110);
#3113=DIRECTION('',(0.E0,1.E0,0.E0));
#3114=VECTOR('',#3113,6.35E-1);
#3115=CARTESIAN_POINT('',(-1.23825E1,9.398E-1,6.096E0));
#3116=LINE('',#3115,#3114);
#3117=DIRECTION('',(1.E0,0.E0,0.E0));
#3118=VECTOR('',#3117,6.35E-1);
#3119=CARTESIAN_POINT('',(-1.30175E1,9.398E-1,6.096E0));
#3120=LINE('',#3119,#3118);
#3121=DIRECTION('',(0.E0,-1.E0,0.E0));
#3122=VECTOR('',#3121,6.35E-1);
#3123=CARTESIAN_POINT('',(-1.30175E1,-9.652E-1,6.096E0));
#3124=LINE('',#3123,#3122);
#3125=DIRECTION('',(-1.E0,0.E0,0.E0));
#3126=VECTOR('',#3125,6.35E-1);
#3127=CARTESIAN_POINT('',(-1.23825E1,-9.652E-1,6.096E0));
#3128=LINE('',#3127,#3126);
#3129=DIRECTION('',(0.E0,1.E0,0.E0));
#3130=VECTOR('',#3129,6.35E-1);
#3131=CARTESIAN_POINT('',(-1.23825E1,-1.6002E0,6.096E0));
#3132=LINE('',#3131,#3130);
#3133=DIRECTION('',(1.E0,0.E0,0.E0));
#3134=VECTOR('',#3133,6.35E-1);
#3135=CARTESIAN_POINT('',(-1.30175E1,-1.6002E0,6.096E0));
#3136=LINE('',#3135,#3134);
#3137=DIRECTION('',(0.E0,0.E0,1.E0));
#3138=VECTOR('',#3137,6.096E0);
#3139=CARTESIAN_POINT('',(-1.30175E1,-9.652E-1,0.E0));
#3140=LINE('',#3139,#3138);
#3141=DIRECTION('',(0.E0,0.E0,1.E0));
#3142=VECTOR('',#3141,6.096E0);
#3143=CARTESIAN_POINT('',(-1.23825E1,-9.652E-1,0.E0));
#3144=LINE('',#3143,#3142);
#3145=DIRECTION('',(0.E0,0.E0,1.E0));
#3146=VECTOR('',#3145,6.096E0);
#3147=CARTESIAN_POINT('',(-1.23825E1,-1.6002E0,0.E0));
#3148=LINE('',#3147,#3146);
#3149=DIRECTION('',(0.E0,0.E0,1.E0));
#3150=VECTOR('',#3149,6.096E0);
#3151=CARTESIAN_POINT('',(-1.30175E1,-1.6002E0,0.E0));
#3152=LINE('',#3151,#3150);
#3153=DIRECTION('',(0.E0,0.E0,1.E0));
#3154=VECTOR('',#3153,6.096E0);
#3155=CARTESIAN_POINT('',(-1.04775E1,1.5748E0,0.E0));
#3156=LINE('',#3155,#3154);
#3157=DIRECTION('',(0.E0,0.E0,1.E0));
#3158=VECTOR('',#3157,6.096E0);
#3159=CARTESIAN_POINT('',(-9.8425E0,1.5748E0,0.E0));
#3160=LINE('',#3159,#3158);
#3161=DIRECTION('',(0.E0,0.E0,1.E0));
#3162=VECTOR('',#3161,6.096E0);
#3163=CARTESIAN_POINT('',(-9.8425E0,9.398E-1,0.E0));
#3164=LINE('',#3163,#3162);
#3165=DIRECTION('',(0.E0,0.E0,1.E0));
#3166=VECTOR('',#3165,6.096E0);
#3167=CARTESIAN_POINT('',(-1.04775E1,9.398E-1,0.E0));
#3168=LINE('',#3167,#3166);
#3169=DIRECTION('',(0.E0,-1.E0,0.E0));
#3170=VECTOR('',#3169,6.35E-1);
#3171=CARTESIAN_POINT('',(-1.04775E1,1.5748E0,6.096E0));
#3172=LINE('',#3171,#3170);
#3173=DIRECTION('',(-1.E0,0.E0,0.E0));
#3174=VECTOR('',#3173,6.35E-1);
#3175=CARTESIAN_POINT('',(-9.8425E0,1.5748E0,6.096E0));
#3176=LINE('',#3175,#3174);
#3177=DIRECTION('',(0.E0,1.E0,0.E0));
#3178=VECTOR('',#3177,6.35E-1);
#3179=CARTESIAN_POINT('',(-9.8425E0,9.398E-1,6.096E0));
#3180=LINE('',#3179,#3178);
#3181=DIRECTION('',(1.E0,0.E0,0.E0));
#3182=VECTOR('',#3181,6.35E-1);
#3183=CARTESIAN_POINT('',(-1.04775E1,9.398E-1,6.096E0));
#3184=LINE('',#3183,#3182);
#3185=DIRECTION('',(0.E0,-1.E0,0.E0));
#3186=VECTOR('',#3185,6.35E-1);
#3187=CARTESIAN_POINT('',(-1.04775E1,-9.652E-1,6.096E0));
#3188=LINE('',#3187,#3186);
#3189=DIRECTION('',(-1.E0,0.E0,0.E0));
#3190=VECTOR('',#3189,6.35E-1);
#3191=CARTESIAN_POINT('',(-9.8425E0,-9.652E-1,6.096E0));
#3192=LINE('',#3191,#3190);
#3193=DIRECTION('',(0.E0,1.E0,0.E0));
#3194=VECTOR('',#3193,6.35E-1);
#3195=CARTESIAN_POINT('',(-9.8425E0,-1.6002E0,6.096E0));
#3196=LINE('',#3195,#3194);
#3197=DIRECTION('',(1.E0,0.E0,0.E0));
#3198=VECTOR('',#3197,6.35E-1);
#3199=CARTESIAN_POINT('',(-1.04775E1,-1.6002E0,6.096E0));
#3200=LINE('',#3199,#3198);
#3201=DIRECTION('',(0.E0,0.E0,1.E0));
#3202=VECTOR('',#3201,6.096E0);
#3203=CARTESIAN_POINT('',(-1.04775E1,-9.652E-1,0.E0));
#3204=LINE('',#3203,#3202);
#3205=DIRECTION('',(0.E0,0.E0,1.E0));
#3206=VECTOR('',#3205,6.096E0);
#3207=CARTESIAN_POINT('',(-9.8425E0,-9.652E-1,0.E0));
#3208=LINE('',#3207,#3206);
#3209=DIRECTION('',(0.E0,0.E0,1.E0));
#3210=VECTOR('',#3209,6.096E0);
#3211=CARTESIAN_POINT('',(-9.8425E0,-1.6002E0,0.E0));
#3212=LINE('',#3211,#3210);
#3213=DIRECTION('',(0.E0,0.E0,1.E0));
#3214=VECTOR('',#3213,6.096E0);
#3215=CARTESIAN_POINT('',(-1.04775E1,-1.6002E0,0.E0));
#3216=LINE('',#3215,#3214);
#3217=DIRECTION('',(0.E0,0.E0,1.E0));
#3218=VECTOR('',#3217,6.096E0);
#3219=CARTESIAN_POINT('',(-7.9375E0,1.5748E0,0.E0));
#3220=LINE('',#3219,#3218);
#3221=DIRECTION('',(0.E0,0.E0,1.E0));
#3222=VECTOR('',#3221,6.096E0);
#3223=CARTESIAN_POINT('',(-7.3025E0,1.5748E0,0.E0));
#3224=LINE('',#3223,#3222);
#3225=DIRECTION('',(0.E0,0.E0,1.E0));
#3226=VECTOR('',#3225,6.096E0);
#3227=CARTESIAN_POINT('',(-7.3025E0,9.398E-1,0.E0));
#3228=LINE('',#3227,#3226);
#3229=DIRECTION('',(0.E0,0.E0,1.E0));
#3230=VECTOR('',#3229,6.096E0);
#3231=CARTESIAN_POINT('',(-7.9375E0,9.398E-1,0.E0));
#3232=LINE('',#3231,#3230);
#3233=DIRECTION('',(0.E0,-1.E0,0.E0));
#3234=VECTOR('',#3233,6.35E-1);
#3235=CARTESIAN_POINT('',(-7.9375E0,1.5748E0,6.096E0));
#3236=LINE('',#3235,#3234);
#3237=DIRECTION('',(-1.E0,0.E0,0.E0));
#3238=VECTOR('',#3237,6.35E-1);
#3239=CARTESIAN_POINT('',(-7.3025E0,1.5748E0,6.096E0));
#3240=LINE('',#3239,#3238);
#3241=DIRECTION('',(0.E0,1.E0,0.E0));
#3242=VECTOR('',#3241,6.35E-1);
#3243=CARTESIAN_POINT('',(-7.3025E0,9.398E-1,6.096E0));
#3244=LINE('',#3243,#3242);
#3245=DIRECTION('',(1.E0,0.E0,0.E0));
#3246=VECTOR('',#3245,6.35E-1);
#3247=CARTESIAN_POINT('',(-7.9375E0,9.398E-1,6.096E0));
#3248=LINE('',#3247,#3246);
#3249=DIRECTION('',(0.E0,-1.E0,0.E0));
#3250=VECTOR('',#3249,6.35E-1);
#3251=CARTESIAN_POINT('',(-7.9375E0,-9.652E-1,6.096E0));
#3252=LINE('',#3251,#3250);
#3253=DIRECTION('',(-1.E0,0.E0,0.E0));
#3254=VECTOR('',#3253,6.35E-1);
#3255=CARTESIAN_POINT('',(-7.3025E0,-9.652E-1,6.096E0));
#3256=LINE('',#3255,#3254);
#3257=DIRECTION('',(0.E0,1.E0,0.E0));
#3258=VECTOR('',#3257,6.35E-1);
#3259=CARTESIAN_POINT('',(-7.3025E0,-1.6002E0,6.096E0));
#3260=LINE('',#3259,#3258);
#3261=DIRECTION('',(1.E0,0.E0,0.E0));
#3262=VECTOR('',#3261,6.35E-1);
#3263=CARTESIAN_POINT('',(-7.9375E0,-1.6002E0,6.096E0));
#3264=LINE('',#3263,#3262);
#3265=DIRECTION('',(0.E0,0.E0,1.E0));
#3266=VECTOR('',#3265,6.096E0);
#3267=CARTESIAN_POINT('',(-7.9375E0,-9.652E-1,0.E0));
#3268=LINE('',#3267,#3266);
#3269=DIRECTION('',(0.E0,0.E0,1.E0));
#3270=VECTOR('',#3269,6.096E0);
#3271=CARTESIAN_POINT('',(-7.3025E0,-9.652E-1,0.E0));
#3272=LINE('',#3271,#3270);
#3273=DIRECTION('',(0.E0,0.E0,1.E0));
#3274=VECTOR('',#3273,6.096E0);
#3275=CARTESIAN_POINT('',(-7.3025E0,-1.6002E0,0.E0));
#3276=LINE('',#3275,#3274);
#3277=DIRECTION('',(0.E0,0.E0,1.E0));
#3278=VECTOR('',#3277,6.096E0);
#3279=CARTESIAN_POINT('',(-7.9375E0,-1.6002E0,0.E0));
#3280=LINE('',#3279,#3278);
#3281=DIRECTION('',(0.E0,0.E0,1.E0));
#3282=VECTOR('',#3281,6.096E0);
#3283=CARTESIAN_POINT('',(-5.3975E0,1.5748E0,0.E0));
#3284=LINE('',#3283,#3282);
#3285=DIRECTION('',(0.E0,0.E0,1.E0));
#3286=VECTOR('',#3285,6.096E0);
#3287=CARTESIAN_POINT('',(-4.7625E0,1.5748E0,0.E0));
#3288=LINE('',#3287,#3286);
#3289=DIRECTION('',(0.E0,0.E0,1.E0));
#3290=VECTOR('',#3289,6.096E0);
#3291=CARTESIAN_POINT('',(-4.7625E0,9.398E-1,0.E0));
#3292=LINE('',#3291,#3290);
#3293=DIRECTION('',(0.E0,0.E0,1.E0));
#3294=VECTOR('',#3293,6.096E0);
#3295=CARTESIAN_POINT('',(-5.3975E0,9.398E-1,0.E0));
#3296=LINE('',#3295,#3294);
#3297=DIRECTION('',(0.E0,-1.E0,0.E0));
#3298=VECTOR('',#3297,6.35E-1);
#3299=CARTESIAN_POINT('',(-5.3975E0,1.5748E0,6.096E0));
#3300=LINE('',#3299,#3298);
#3301=DIRECTION('',(-1.E0,0.E0,0.E0));
#3302=VECTOR('',#3301,6.35E-1);
#3303=CARTESIAN_POINT('',(-4.7625E0,1.5748E0,6.096E0));
#3304=LINE('',#3303,#3302);
#3305=DIRECTION('',(0.E0,1.E0,0.E0));
#3306=VECTOR('',#3305,6.35E-1);
#3307=CARTESIAN_POINT('',(-4.7625E0,9.398E-1,6.096E0));
#3308=LINE('',#3307,#3306);
#3309=DIRECTION('',(1.E0,0.E0,0.E0));
#3310=VECTOR('',#3309,6.35E-1);
#3311=CARTESIAN_POINT('',(-5.3975E0,9.398E-1,6.096E0));
#3312=LINE('',#3311,#3310);
#3313=DIRECTION('',(0.E0,-1.E0,0.E0));
#3314=VECTOR('',#3313,6.35E-1);
#3315=CARTESIAN_POINT('',(-5.3975E0,-9.652E-1,6.096E0));
#3316=LINE('',#3315,#3314);
#3317=DIRECTION('',(-1.E0,0.E0,0.E0));
#3318=VECTOR('',#3317,6.35E-1);
#3319=CARTESIAN_POINT('',(-4.7625E0,-9.652E-1,6.096E0));
#3320=LINE('',#3319,#3318);
#3321=DIRECTION('',(0.E0,1.E0,0.E0));
#3322=VECTOR('',#3321,6.35E-1);
#3323=CARTESIAN_POINT('',(-4.7625E0,-1.6002E0,6.096E0));
#3324=LINE('',#3323,#3322);
#3325=DIRECTION('',(1.E0,0.E0,0.E0));
#3326=VECTOR('',#3325,6.35E-1);
#3327=CARTESIAN_POINT('',(-5.3975E0,-1.6002E0,6.096E0));
#3328=LINE('',#3327,#3326);
#3329=DIRECTION('',(0.E0,0.E0,1.E0));
#3330=VECTOR('',#3329,6.096E0);
#3331=CARTESIAN_POINT('',(-5.3975E0,-9.652E-1,0.E0));
#3332=LINE('',#3331,#3330);
#3333=DIRECTION('',(0.E0,0.E0,1.E0));
#3334=VECTOR('',#3333,6.096E0);
#3335=CARTESIAN_POINT('',(-4.7625E0,-9.652E-1,0.E0));
#3336=LINE('',#3335,#3334);
#3337=DIRECTION('',(0.E0,0.E0,1.E0));
#3338=VECTOR('',#3337,6.096E0);
#3339=CARTESIAN_POINT('',(-4.7625E0,-1.6002E0,0.E0));
#3340=LINE('',#3339,#3338);
#3341=DIRECTION('',(0.E0,0.E0,1.E0));
#3342=VECTOR('',#3341,6.096E0);
#3343=CARTESIAN_POINT('',(-5.3975E0,-1.6002E0,0.E0));
#3344=LINE('',#3343,#3342);
#3345=DIRECTION('',(0.E0,0.E0,1.E0));
#3346=VECTOR('',#3345,6.096E0);
#3347=CARTESIAN_POINT('',(-2.8575E0,1.5748E0,0.E0));
#3348=LINE('',#3347,#3346);
#3349=DIRECTION('',(0.E0,0.E0,1.E0));
#3350=VECTOR('',#3349,6.096E0);
#3351=CARTESIAN_POINT('',(-2.2225E0,1.5748E0,0.E0));
#3352=LINE('',#3351,#3350);
#3353=DIRECTION('',(0.E0,0.E0,1.E0));
#3354=VECTOR('',#3353,6.096E0);
#3355=CARTESIAN_POINT('',(-2.2225E0,9.398E-1,0.E0));
#3356=LINE('',#3355,#3354);
#3357=DIRECTION('',(0.E0,0.E0,1.E0));
#3358=VECTOR('',#3357,6.096E0);
#3359=CARTESIAN_POINT('',(-2.8575E0,9.398E-1,0.E0));
#3360=LINE('',#3359,#3358);
#3361=DIRECTION('',(0.E0,-1.E0,0.E0));
#3362=VECTOR('',#3361,6.35E-1);
#3363=CARTESIAN_POINT('',(-2.8575E0,1.5748E0,6.096E0));
#3364=LINE('',#3363,#3362);
#3365=DIRECTION('',(-1.E0,0.E0,0.E0));
#3366=VECTOR('',#3365,6.35E-1);
#3367=CARTESIAN_POINT('',(-2.2225E0,1.5748E0,6.096E0));
#3368=LINE('',#3367,#3366);
#3369=DIRECTION('',(0.E0,1.E0,0.E0));
#3370=VECTOR('',#3369,6.35E-1);
#3371=CARTESIAN_POINT('',(-2.2225E0,9.398E-1,6.096E0));
#3372=LINE('',#3371,#3370);
#3373=DIRECTION('',(1.E0,0.E0,0.E0));
#3374=VECTOR('',#3373,6.35E-1);
#3375=CARTESIAN_POINT('',(-2.8575E0,9.398E-1,6.096E0));
#3376=LINE('',#3375,#3374);
#3377=DIRECTION('',(0.E0,-1.E0,0.E0));
#3378=VECTOR('',#3377,6.35E-1);
#3379=CARTESIAN_POINT('',(-2.8575E0,-9.652E-1,6.096E0));
#3380=LINE('',#3379,#3378);
#3381=DIRECTION('',(-1.E0,0.E0,0.E0));
#3382=VECTOR('',#3381,6.35E-1);
#3383=CARTESIAN_POINT('',(-2.2225E0,-9.652E-1,6.096E0));
#3384=LINE('',#3383,#3382);
#3385=DIRECTION('',(0.E0,1.E0,0.E0));
#3386=VECTOR('',#3385,6.35E-1);
#3387=CARTESIAN_POINT('',(-2.2225E0,-1.6002E0,6.096E0));
#3388=LINE('',#3387,#3386);
#3389=DIRECTION('',(1.E0,0.E0,0.E0));
#3390=VECTOR('',#3389,6.35E-1);
#3391=CARTESIAN_POINT('',(-2.8575E0,-1.6002E0,6.096E0));
#3392=LINE('',#3391,#3390);
#3393=DIRECTION('',(0.E0,0.E0,1.E0));
#3394=VECTOR('',#3393,6.096E0);
#3395=CARTESIAN_POINT('',(-2.8575E0,-9.652E-1,0.E0));
#3396=LINE('',#3395,#3394);
#3397=DIRECTION('',(0.E0,0.E0,1.E0));
#3398=VECTOR('',#3397,6.096E0);
#3399=CARTESIAN_POINT('',(-2.2225E0,-9.652E-1,0.E0));
#3400=LINE('',#3399,#3398);
#3401=DIRECTION('',(0.E0,0.E0,1.E0));
#3402=VECTOR('',#3401,6.096E0);
#3403=CARTESIAN_POINT('',(-2.2225E0,-1.6002E0,0.E0));
#3404=LINE('',#3403,#3402);
#3405=DIRECTION('',(0.E0,0.E0,1.E0));
#3406=VECTOR('',#3405,6.096E0);
#3407=CARTESIAN_POINT('',(-2.8575E0,-1.6002E0,0.E0));
#3408=LINE('',#3407,#3406);
#3409=DIRECTION('',(0.E0,0.E0,1.E0));
#3410=VECTOR('',#3409,6.096E0);
#3411=CARTESIAN_POINT('',(-3.175E-1,1.5748E0,0.E0));
#3412=LINE('',#3411,#3410);
#3413=DIRECTION('',(0.E0,0.E0,1.E0));
#3414=VECTOR('',#3413,6.096E0);
#3415=CARTESIAN_POINT('',(3.175E-1,1.5748E0,0.E0));
#3416=LINE('',#3415,#3414);
#3417=DIRECTION('',(0.E0,0.E0,1.E0));
#3418=VECTOR('',#3417,6.096E0);
#3419=CARTESIAN_POINT('',(3.175E-1,9.398E-1,0.E0));
#3420=LINE('',#3419,#3418);
#3421=DIRECTION('',(0.E0,0.E0,1.E0));
#3422=VECTOR('',#3421,6.096E0);
#3423=CARTESIAN_POINT('',(-3.175E-1,9.398E-1,0.E0));
#3424=LINE('',#3423,#3422);
#3425=DIRECTION('',(0.E0,-1.E0,0.E0));
#3426=VECTOR('',#3425,6.35E-1);
#3427=CARTESIAN_POINT('',(-3.175E-1,1.5748E0,6.096E0));
#3428=LINE('',#3427,#3426);
#3429=DIRECTION('',(-1.E0,0.E0,0.E0));
#3430=VECTOR('',#3429,6.35E-1);
#3431=CARTESIAN_POINT('',(3.175E-1,1.5748E0,6.096E0));
#3432=LINE('',#3431,#3430);
#3433=DIRECTION('',(0.E0,1.E0,0.E0));
#3434=VECTOR('',#3433,6.35E-1);
#3435=CARTESIAN_POINT('',(3.175E-1,9.398E-1,6.096E0));
#3436=LINE('',#3435,#3434);
#3437=DIRECTION('',(1.E0,0.E0,0.E0));
#3438=VECTOR('',#3437,6.35E-1);
#3439=CARTESIAN_POINT('',(-3.175E-1,9.398E-1,6.096E0));
#3440=LINE('',#3439,#3438);
#3441=DIRECTION('',(0.E0,-1.E0,0.E0));
#3442=VECTOR('',#3441,6.35E-1);
#3443=CARTESIAN_POINT('',(-3.175E-1,-9.652E-1,6.096E0));
#3444=LINE('',#3443,#3442);
#3445=DIRECTION('',(-1.E0,0.E0,0.E0));
#3446=VECTOR('',#3445,6.35E-1);
#3447=CARTESIAN_POINT('',(3.175E-1,-9.652E-1,6.096E0));
#3448=LINE('',#3447,#3446);
#3449=DIRECTION('',(0.E0,1.E0,0.E0));
#3450=VECTOR('',#3449,6.35E-1);
#3451=CARTESIAN_POINT('',(3.175E-1,-1.6002E0,6.096E0));
#3452=LINE('',#3451,#3450);
#3453=DIRECTION('',(1.E0,0.E0,0.E0));
#3454=VECTOR('',#3453,6.35E-1);
#3455=CARTESIAN_POINT('',(-3.175E-1,-1.6002E0,6.096E0));
#3456=LINE('',#3455,#3454);
#3457=DIRECTION('',(0.E0,0.E0,1.E0));
#3458=VECTOR('',#3457,6.096E0);
#3459=CARTESIAN_POINT('',(-3.175E-1,-9.652E-1,0.E0));
#3460=LINE('',#3459,#3458);
#3461=DIRECTION('',(0.E0,0.E0,1.E0));
#3462=VECTOR('',#3461,6.096E0);
#3463=CARTESIAN_POINT('',(3.175E-1,-9.652E-1,0.E0));
#3464=LINE('',#3463,#3462);
#3465=DIRECTION('',(0.E0,0.E0,1.E0));
#3466=VECTOR('',#3465,6.096E0);
#3467=CARTESIAN_POINT('',(3.175E-1,-1.6002E0,0.E0));
#3468=LINE('',#3467,#3466);
#3469=DIRECTION('',(0.E0,0.E0,1.E0));
#3470=VECTOR('',#3469,6.096E0);
#3471=CARTESIAN_POINT('',(-3.175E-1,-1.6002E0,0.E0));
#3472=LINE('',#3471,#3470);
#3473=DIRECTION('',(0.E0,0.E0,1.E0));
#3474=VECTOR('',#3473,6.096E0);
#3475=CARTESIAN_POINT('',(2.2225E0,1.5748E0,0.E0));
#3476=LINE('',#3475,#3474);
#3477=DIRECTION('',(0.E0,0.E0,1.E0));
#3478=VECTOR('',#3477,6.096E0);
#3479=CARTESIAN_POINT('',(2.8575E0,1.5748E0,0.E0));
#3480=LINE('',#3479,#3478);
#3481=DIRECTION('',(0.E0,0.E0,1.E0));
#3482=VECTOR('',#3481,6.096E0);
#3483=CARTESIAN_POINT('',(2.8575E0,9.398E-1,0.E0));
#3484=LINE('',#3483,#3482);
#3485=DIRECTION('',(0.E0,0.E0,1.E0));
#3486=VECTOR('',#3485,6.096E0);
#3487=CARTESIAN_POINT('',(2.2225E0,9.398E-1,0.E0));
#3488=LINE('',#3487,#3486);
#3489=DIRECTION('',(0.E0,-1.E0,0.E0));
#3490=VECTOR('',#3489,6.35E-1);
#3491=CARTESIAN_POINT('',(2.2225E0,1.5748E0,6.096E0));
#3492=LINE('',#3491,#3490);
#3493=DIRECTION('',(-1.E0,0.E0,0.E0));
#3494=VECTOR('',#3493,6.35E-1);
#3495=CARTESIAN_POINT('',(2.8575E0,1.5748E0,6.096E0));
#3496=LINE('',#3495,#3494);
#3497=DIRECTION('',(0.E0,1.E0,0.E0));
#3498=VECTOR('',#3497,6.35E-1);
#3499=CARTESIAN_POINT('',(2.8575E0,9.398E-1,6.096E0));
#3500=LINE('',#3499,#3498);
#3501=DIRECTION('',(1.E0,0.E0,0.E0));
#3502=VECTOR('',#3501,6.35E-1);
#3503=CARTESIAN_POINT('',(2.2225E0,9.398E-1,6.096E0));
#3504=LINE('',#3503,#3502);
#3505=DIRECTION('',(0.E0,-1.E0,0.E0));
#3506=VECTOR('',#3505,6.35E-1);
#3507=CARTESIAN_POINT('',(2.2225E0,-9.652E-1,6.096E0));
#3508=LINE('',#3507,#3506);
#3509=DIRECTION('',(-1.E0,0.E0,0.E0));
#3510=VECTOR('',#3509,6.35E-1);
#3511=CARTESIAN_POINT('',(2.8575E0,-9.652E-1,6.096E0));
#3512=LINE('',#3511,#3510);
#3513=DIRECTION('',(0.E0,1.E0,0.E0));
#3514=VECTOR('',#3513,6.35E-1);
#3515=CARTESIAN_POINT('',(2.8575E0,-1.6002E0,6.096E0));
#3516=LINE('',#3515,#3514);
#3517=DIRECTION('',(1.E0,0.E0,0.E0));
#3518=VECTOR('',#3517,6.35E-1);
#3519=CARTESIAN_POINT('',(2.2225E0,-1.6002E0,6.096E0));
#3520=LINE('',#3519,#3518);
#3521=DIRECTION('',(0.E0,0.E0,1.E0));
#3522=VECTOR('',#3521,6.096E0);
#3523=CARTESIAN_POINT('',(2.2225E0,-9.652E-1,0.E0));
#3524=LINE('',#3523,#3522);
#3525=DIRECTION('',(0.E0,0.E0,1.E0));
#3526=VECTOR('',#3525,6.096E0);
#3527=CARTESIAN_POINT('',(2.8575E0,-9.652E-1,0.E0));
#3528=LINE('',#3527,#3526);
#3529=DIRECTION('',(0.E0,0.E0,1.E0));
#3530=VECTOR('',#3529,6.096E0);
#3531=CARTESIAN_POINT('',(2.8575E0,-1.6002E0,0.E0));
#3532=LINE('',#3531,#3530);
#3533=DIRECTION('',(0.E0,0.E0,1.E0));
#3534=VECTOR('',#3533,6.096E0);
#3535=CARTESIAN_POINT('',(2.2225E0,-1.6002E0,0.E0));
#3536=LINE('',#3535,#3534);
#3537=DIRECTION('',(0.E0,0.E0,1.E0));
#3538=VECTOR('',#3537,6.096E0);
#3539=CARTESIAN_POINT('',(4.7625E0,1.5748E0,0.E0));
#3540=LINE('',#3539,#3538);
#3541=DIRECTION('',(0.E0,0.E0,1.E0));
#3542=VECTOR('',#3541,6.096E0);
#3543=CARTESIAN_POINT('',(5.3975E0,1.5748E0,0.E0));
#3544=LINE('',#3543,#3542);
#3545=DIRECTION('',(0.E0,0.E0,1.E0));
#3546=VECTOR('',#3545,6.096E0);
#3547=CARTESIAN_POINT('',(5.3975E0,9.398E-1,0.E0));
#3548=LINE('',#3547,#3546);
#3549=DIRECTION('',(0.E0,0.E0,1.E0));
#3550=VECTOR('',#3549,6.096E0);
#3551=CARTESIAN_POINT('',(4.7625E0,9.398E-1,0.E0));
#3552=LINE('',#3551,#3550);
#3553=DIRECTION('',(0.E0,-1.E0,0.E0));
#3554=VECTOR('',#3553,6.35E-1);
#3555=CARTESIAN_POINT('',(4.7625E0,1.5748E0,6.096E0));
#3556=LINE('',#3555,#3554);
#3557=DIRECTION('',(-1.E0,0.E0,0.E0));
#3558=VECTOR('',#3557,6.35E-1);
#3559=CARTESIAN_POINT('',(5.3975E0,1.5748E0,6.096E0));
#3560=LINE('',#3559,#3558);
#3561=DIRECTION('',(0.E0,1.E0,0.E0));
#3562=VECTOR('',#3561,6.35E-1);
#3563=CARTESIAN_POINT('',(5.3975E0,9.398E-1,6.096E0));
#3564=LINE('',#3563,#3562);
#3565=DIRECTION('',(1.E0,0.E0,0.E0));
#3566=VECTOR('',#3565,6.35E-1);
#3567=CARTESIAN_POINT('',(4.7625E0,9.398E-1,6.096E0));
#3568=LINE('',#3567,#3566);
#3569=DIRECTION('',(0.E0,-1.E0,0.E0));
#3570=VECTOR('',#3569,6.35E-1);
#3571=CARTESIAN_POINT('',(4.7625E0,-9.652E-1,6.096E0));
#3572=LINE('',#3571,#3570);
#3573=DIRECTION('',(-1.E0,0.E0,0.E0));
#3574=VECTOR('',#3573,6.35E-1);
#3575=CARTESIAN_POINT('',(5.3975E0,-9.652E-1,6.096E0));
#3576=LINE('',#3575,#3574);
#3577=DIRECTION('',(0.E0,1.E0,0.E0));
#3578=VECTOR('',#3577,6.35E-1);
#3579=CARTESIAN_POINT('',(5.3975E0,-1.6002E0,6.096E0));
#3580=LINE('',#3579,#3578);
#3581=DIRECTION('',(1.E0,0.E0,0.E0));
#3582=VECTOR('',#3581,6.35E-1);
#3583=CARTESIAN_POINT('',(4.7625E0,-1.6002E0,6.096E0));
#3584=LINE('',#3583,#3582);
#3585=DIRECTION('',(0.E0,0.E0,1.E0));
#3586=VECTOR('',#3585,6.096E0);
#3587=CARTESIAN_POINT('',(4.7625E0,-9.652E-1,0.E0));
#3588=LINE('',#3587,#3586);
#3589=DIRECTION('',(0.E0,0.E0,1.E0));
#3590=VECTOR('',#3589,6.096E0);
#3591=CARTESIAN_POINT('',(5.3975E0,-9.652E-1,0.E0));
#3592=LINE('',#3591,#3590);
#3593=DIRECTION('',(0.E0,0.E0,1.E0));
#3594=VECTOR('',#3593,6.096E0);
#3595=CARTESIAN_POINT('',(5.3975E0,-1.6002E0,0.E0));
#3596=LINE('',#3595,#3594);
#3597=DIRECTION('',(0.E0,0.E0,1.E0));
#3598=VECTOR('',#3597,6.096E0);
#3599=CARTESIAN_POINT('',(4.7625E0,-1.6002E0,0.E0));
#3600=LINE('',#3599,#3598);
#3601=DIRECTION('',(0.E0,0.E0,1.E0));
#3602=VECTOR('',#3601,6.096E0);
#3603=CARTESIAN_POINT('',(7.3025E0,1.5748E0,0.E0));
#3604=LINE('',#3603,#3602);
#3605=DIRECTION('',(0.E0,0.E0,1.E0));
#3606=VECTOR('',#3605,6.096E0);
#3607=CARTESIAN_POINT('',(7.9375E0,1.5748E0,0.E0));
#3608=LINE('',#3607,#3606);
#3609=DIRECTION('',(0.E0,0.E0,1.E0));
#3610=VECTOR('',#3609,6.096E0);
#3611=CARTESIAN_POINT('',(7.9375E0,9.398E-1,0.E0));
#3612=LINE('',#3611,#3610);
#3613=DIRECTION('',(0.E0,0.E0,1.E0));
#3614=VECTOR('',#3613,6.096E0);
#3615=CARTESIAN_POINT('',(7.3025E0,9.398E-1,0.E0));
#3616=LINE('',#3615,#3614);
#3617=DIRECTION('',(0.E0,-1.E0,0.E0));
#3618=VECTOR('',#3617,6.35E-1);
#3619=CARTESIAN_POINT('',(7.3025E0,1.5748E0,6.096E0));
#3620=LINE('',#3619,#3618);
#3621=DIRECTION('',(-1.E0,0.E0,0.E0));
#3622=VECTOR('',#3621,6.35E-1);
#3623=CARTESIAN_POINT('',(7.9375E0,1.5748E0,6.096E0));
#3624=LINE('',#3623,#3622);
#3625=DIRECTION('',(0.E0,1.E0,0.E0));
#3626=VECTOR('',#3625,6.35E-1);
#3627=CARTESIAN_POINT('',(7.9375E0,9.398E-1,6.096E0));
#3628=LINE('',#3627,#3626);
#3629=DIRECTION('',(1.E0,0.E0,0.E0));
#3630=VECTOR('',#3629,6.35E-1);
#3631=CARTESIAN_POINT('',(7.3025E0,9.398E-1,6.096E0));
#3632=LINE('',#3631,#3630);
#3633=DIRECTION('',(0.E0,-1.E0,0.E0));
#3634=VECTOR('',#3633,6.35E-1);
#3635=CARTESIAN_POINT('',(7.3025E0,-9.652E-1,6.096E0));
#3636=LINE('',#3635,#3634);
#3637=DIRECTION('',(-1.E0,0.E0,0.E0));
#3638=VECTOR('',#3637,6.35E-1);
#3639=CARTESIAN_POINT('',(7.9375E0,-9.652E-1,6.096E0));
#3640=LINE('',#3639,#3638);
#3641=DIRECTION('',(0.E0,1.E0,0.E0));
#3642=VECTOR('',#3641,6.35E-1);
#3643=CARTESIAN_POINT('',(7.9375E0,-1.6002E0,6.096E0));
#3644=LINE('',#3643,#3642);
#3645=DIRECTION('',(1.E0,0.E0,0.E0));
#3646=VECTOR('',#3645,6.35E-1);
#3647=CARTESIAN_POINT('',(7.3025E0,-1.6002E0,6.096E0));
#3648=LINE('',#3647,#3646);
#3649=DIRECTION('',(0.E0,0.E0,1.E0));
#3650=VECTOR('',#3649,6.096E0);
#3651=CARTESIAN_POINT('',(7.3025E0,-9.652E-1,0.E0));
#3652=LINE('',#3651,#3650);
#3653=DIRECTION('',(0.E0,0.E0,1.E0));
#3654=VECTOR('',#3653,6.096E0);
#3655=CARTESIAN_POINT('',(7.9375E0,-9.652E-1,0.E0));
#3656=LINE('',#3655,#3654);
#3657=DIRECTION('',(0.E0,0.E0,1.E0));
#3658=VECTOR('',#3657,6.096E0);
#3659=CARTESIAN_POINT('',(7.9375E0,-1.6002E0,0.E0));
#3660=LINE('',#3659,#3658);
#3661=DIRECTION('',(0.E0,0.E0,1.E0));
#3662=VECTOR('',#3661,6.096E0);
#3663=CARTESIAN_POINT('',(7.3025E0,-1.6002E0,0.E0));
#3664=LINE('',#3663,#3662);
#3665=DIRECTION('',(0.E0,0.E0,1.E0));
#3666=VECTOR('',#3665,6.096E0);
#3667=CARTESIAN_POINT('',(9.8425E0,1.5748E0,0.E0));
#3668=LINE('',#3667,#3666);
#3669=DIRECTION('',(0.E0,0.E0,1.E0));
#3670=VECTOR('',#3669,6.096E0);
#3671=CARTESIAN_POINT('',(1.04775E1,1.5748E0,0.E0));
#3672=LINE('',#3671,#3670);
#3673=DIRECTION('',(0.E0,0.E0,1.E0));
#3674=VECTOR('',#3673,6.096E0);
#3675=CARTESIAN_POINT('',(1.04775E1,9.398E-1,0.E0));
#3676=LINE('',#3675,#3674);
#3677=DIRECTION('',(0.E0,0.E0,1.E0));
#3678=VECTOR('',#3677,6.096E0);
#3679=CARTESIAN_POINT('',(9.8425E0,9.398E-1,0.E0));
#3680=LINE('',#3679,#3678);
#3681=DIRECTION('',(0.E0,-1.E0,0.E0));
#3682=VECTOR('',#3681,6.35E-1);
#3683=CARTESIAN_POINT('',(9.8425E0,1.5748E0,6.096E0));
#3684=LINE('',#3683,#3682);
#3685=DIRECTION('',(-1.E0,0.E0,0.E0));
#3686=VECTOR('',#3685,6.35E-1);
#3687=CARTESIAN_POINT('',(1.04775E1,1.5748E0,6.096E0));
#3688=LINE('',#3687,#3686);
#3689=DIRECTION('',(0.E0,1.E0,0.E0));
#3690=VECTOR('',#3689,6.35E-1);
#3691=CARTESIAN_POINT('',(1.04775E1,9.398E-1,6.096E0));
#3692=LINE('',#3691,#3690);
#3693=DIRECTION('',(1.E0,0.E0,0.E0));
#3694=VECTOR('',#3693,6.35E-1);
#3695=CARTESIAN_POINT('',(9.8425E0,9.398E-1,6.096E0));
#3696=LINE('',#3695,#3694);
#3697=DIRECTION('',(0.E0,-1.E0,0.E0));
#3698=VECTOR('',#3697,6.35E-1);
#3699=CARTESIAN_POINT('',(9.8425E0,-9.652E-1,6.096E0));
#3700=LINE('',#3699,#3698);
#3701=DIRECTION('',(-1.E0,0.E0,0.E0));
#3702=VECTOR('',#3701,6.35E-1);
#3703=CARTESIAN_POINT('',(1.04775E1,-9.652E-1,6.096E0));
#3704=LINE('',#3703,#3702);
#3705=DIRECTION('',(0.E0,1.E0,0.E0));
#3706=VECTOR('',#3705,6.35E-1);
#3707=CARTESIAN_POINT('',(1.04775E1,-1.6002E0,6.096E0));
#3708=LINE('',#3707,#3706);
#3709=DIRECTION('',(1.E0,0.E0,0.E0));
#3710=VECTOR('',#3709,6.35E-1);
#3711=CARTESIAN_POINT('',(9.8425E0,-1.6002E0,6.096E0));
#3712=LINE('',#3711,#3710);
#3713=DIRECTION('',(0.E0,0.E0,1.E0));
#3714=VECTOR('',#3713,6.096E0);
#3715=CARTESIAN_POINT('',(9.8425E0,-9.652E-1,0.E0));
#3716=LINE('',#3715,#3714);
#3717=DIRECTION('',(0.E0,0.E0,1.E0));
#3718=VECTOR('',#3717,6.096E0);
#3719=CARTESIAN_POINT('',(1.04775E1,-9.652E-1,0.E0));
#3720=LINE('',#3719,#3718);
#3721=DIRECTION('',(0.E0,0.E0,1.E0));
#3722=VECTOR('',#3721,6.096E0);
#3723=CARTESIAN_POINT('',(1.04775E1,-1.6002E0,0.E0));
#3724=LINE('',#3723,#3722);
#3725=DIRECTION('',(0.E0,0.E0,1.E0));
#3726=VECTOR('',#3725,6.096E0);
#3727=CARTESIAN_POINT('',(9.8425E0,-1.6002E0,0.E0));
#3728=LINE('',#3727,#3726);
#3729=DIRECTION('',(0.E0,0.E0,1.E0));
#3730=VECTOR('',#3729,6.096E0);
#3731=CARTESIAN_POINT('',(1.23825E1,1.5748E0,0.E0));
#3732=LINE('',#3731,#3730);
#3733=DIRECTION('',(0.E0,0.E0,1.E0));
#3734=VECTOR('',#3733,6.096E0);
#3735=CARTESIAN_POINT('',(1.30175E1,1.5748E0,0.E0));
#3736=LINE('',#3735,#3734);
#3737=DIRECTION('',(0.E0,0.E0,1.E0));
#3738=VECTOR('',#3737,6.096E0);
#3739=CARTESIAN_POINT('',(1.30175E1,9.398E-1,0.E0));
#3740=LINE('',#3739,#3738);
#3741=DIRECTION('',(0.E0,0.E0,1.E0));
#3742=VECTOR('',#3741,6.096E0);
#3743=CARTESIAN_POINT('',(1.23825E1,9.398E-1,0.E0));
#3744=LINE('',#3743,#3742);
#3745=DIRECTION('',(0.E0,-1.E0,0.E0));
#3746=VECTOR('',#3745,6.35E-1);
#3747=CARTESIAN_POINT('',(1.23825E1,1.5748E0,6.096E0));
#3748=LINE('',#3747,#3746);
#3749=DIRECTION('',(-1.E0,0.E0,0.E0));
#3750=VECTOR('',#3749,6.35E-1);
#3751=CARTESIAN_POINT('',(1.30175E1,1.5748E0,6.096E0));
#3752=LINE('',#3751,#3750);
#3753=DIRECTION('',(0.E0,1.E0,0.E0));
#3754=VECTOR('',#3753,6.35E-1);
#3755=CARTESIAN_POINT('',(1.30175E1,9.398E-1,6.096E0));
#3756=LINE('',#3755,#3754);
#3757=DIRECTION('',(1.E0,0.E0,0.E0));
#3758=VECTOR('',#3757,6.35E-1);
#3759=CARTESIAN_POINT('',(1.23825E1,9.398E-1,6.096E0));
#3760=LINE('',#3759,#3758);
#3761=DIRECTION('',(0.E0,-1.E0,0.E0));
#3762=VECTOR('',#3761,6.35E-1);
#3763=CARTESIAN_POINT('',(1.23825E1,-9.652E-1,6.096E0));
#3764=LINE('',#3763,#3762);
#3765=DIRECTION('',(-1.E0,0.E0,0.E0));
#3766=VECTOR('',#3765,6.35E-1);
#3767=CARTESIAN_POINT('',(1.30175E1,-9.652E-1,6.096E0));
#3768=LINE('',#3767,#3766);
#3769=DIRECTION('',(0.E0,1.E0,0.E0));
#3770=VECTOR('',#3769,6.35E-1);
#3771=CARTESIAN_POINT('',(1.30175E1,-1.6002E0,6.096E0));
#3772=LINE('',#3771,#3770);
#3773=DIRECTION('',(1.E0,0.E0,0.E0));
#3774=VECTOR('',#3773,6.35E-1);
#3775=CARTESIAN_POINT('',(1.23825E1,-1.6002E0,6.096E0));
#3776=LINE('',#3775,#3774);
#3777=DIRECTION('',(0.E0,0.E0,1.E0));
#3778=VECTOR('',#3777,6.096E0);
#3779=CARTESIAN_POINT('',(1.23825E1,-9.652E-1,0.E0));
#3780=LINE('',#3779,#3778);
#3781=DIRECTION('',(0.E0,0.E0,1.E0));
#3782=VECTOR('',#3781,6.096E0);
#3783=CARTESIAN_POINT('',(1.30175E1,-9.652E-1,0.E0));
#3784=LINE('',#3783,#3782);
#3785=DIRECTION('',(0.E0,0.E0,1.E0));
#3786=VECTOR('',#3785,6.096E0);
#3787=CARTESIAN_POINT('',(1.30175E1,-1.6002E0,0.E0));
#3788=LINE('',#3787,#3786);
#3789=DIRECTION('',(0.E0,0.E0,1.E0));
#3790=VECTOR('',#3789,6.096E0);
#3791=CARTESIAN_POINT('',(1.23825E1,-1.6002E0,0.E0));
#3792=LINE('',#3791,#3790);
#3793=DIRECTION('',(0.E0,0.E0,1.E0));
#3794=VECTOR('',#3793,6.096E0);
#3795=CARTESIAN_POINT('',(1.49225E1,1.5748E0,0.E0));
#3796=LINE('',#3795,#3794);
#3797=DIRECTION('',(0.E0,0.E0,1.E0));
#3798=VECTOR('',#3797,6.096E0);
#3799=CARTESIAN_POINT('',(1.55575E1,1.5748E0,0.E0));
#3800=LINE('',#3799,#3798);
#3801=DIRECTION('',(0.E0,0.E0,1.E0));
#3802=VECTOR('',#3801,6.096E0);
#3803=CARTESIAN_POINT('',(1.55575E1,9.398E-1,0.E0));
#3804=LINE('',#3803,#3802);
#3805=DIRECTION('',(0.E0,0.E0,1.E0));
#3806=VECTOR('',#3805,6.096E0);
#3807=CARTESIAN_POINT('',(1.49225E1,9.398E-1,0.E0));
#3808=LINE('',#3807,#3806);
#3809=DIRECTION('',(0.E0,-1.E0,0.E0));
#3810=VECTOR('',#3809,6.35E-1);
#3811=CARTESIAN_POINT('',(1.49225E1,1.5748E0,6.096E0));
#3812=LINE('',#3811,#3810);
#3813=DIRECTION('',(-1.E0,0.E0,0.E0));
#3814=VECTOR('',#3813,6.35E-1);
#3815=CARTESIAN_POINT('',(1.55575E1,1.5748E0,6.096E0));
#3816=LINE('',#3815,#3814);
#3817=DIRECTION('',(0.E0,1.E0,0.E0));
#3818=VECTOR('',#3817,6.35E-1);
#3819=CARTESIAN_POINT('',(1.55575E1,9.398E-1,6.096E0));
#3820=LINE('',#3819,#3818);
#3821=DIRECTION('',(1.E0,0.E0,0.E0));
#3822=VECTOR('',#3821,6.35E-1);
#3823=CARTESIAN_POINT('',(1.49225E1,9.398E-1,6.096E0));
#3824=LINE('',#3823,#3822);
#3825=DIRECTION('',(0.E0,-1.E0,0.E0));
#3826=VECTOR('',#3825,6.35E-1);
#3827=CARTESIAN_POINT('',(1.49225E1,-9.652E-1,6.096E0));
#3828=LINE('',#3827,#3826);
#3829=DIRECTION('',(-1.E0,0.E0,0.E0));
#3830=VECTOR('',#3829,6.35E-1);
#3831=CARTESIAN_POINT('',(1.55575E1,-9.652E-1,6.096E0));
#3832=LINE('',#3831,#3830);
#3833=DIRECTION('',(0.E0,1.E0,0.E0));
#3834=VECTOR('',#3833,6.35E-1);
#3835=CARTESIAN_POINT('',(1.55575E1,-1.6002E0,6.096E0));
#3836=LINE('',#3835,#3834);
#3837=DIRECTION('',(1.E0,0.E0,0.E0));
#3838=VECTOR('',#3837,6.35E-1);
#3839=CARTESIAN_POINT('',(1.49225E1,-1.6002E0,6.096E0));
#3840=LINE('',#3839,#3838);
#3841=DIRECTION('',(0.E0,0.E0,1.E0));
#3842=VECTOR('',#3841,6.096E0);
#3843=CARTESIAN_POINT('',(1.49225E1,-9.652E-1,0.E0));
#3844=LINE('',#3843,#3842);
#3845=DIRECTION('',(0.E0,0.E0,1.E0));
#3846=VECTOR('',#3845,6.096E0);
#3847=CARTESIAN_POINT('',(1.55575E1,-9.652E-1,0.E0));
#3848=LINE('',#3847,#3846);
#3849=DIRECTION('',(0.E0,0.E0,1.E0));
#3850=VECTOR('',#3849,6.096E0);
#3851=CARTESIAN_POINT('',(1.55575E1,-1.6002E0,0.E0));
#3852=LINE('',#3851,#3850);
#3853=DIRECTION('',(0.E0,0.E0,1.E0));
#3854=VECTOR('',#3853,6.096E0);
#3855=CARTESIAN_POINT('',(1.49225E1,-1.6002E0,0.E0));
#3856=LINE('',#3855,#3854);
#3857=DIRECTION('',(0.E0,0.E0,1.E0));
#3858=VECTOR('',#3857,6.096E0);
#3859=CARTESIAN_POINT('',(-1.905E1,-1.397E0,0.E0));
#3860=LINE('',#3859,#3858);
#3861=DIRECTION('',(0.E0,1.E0,0.E0));
#3862=VECTOR('',#3861,1.8161E0);
#3863=CARTESIAN_POINT('',(-1.905E1,-3.2131E0,6.096E0));
#3864=LINE('',#3863,#3862);
#3865=DIRECTION('',(0.E0,0.E0,1.E0));
#3866=VECTOR('',#3865,6.096E0);
#3867=CARTESIAN_POINT('',(-1.905E1,1.397E0,0.E0));
#3868=LINE('',#3867,#3866);
#3869=DIRECTION('',(0.E0,1.E0,0.E0));
#3870=VECTOR('',#3869,1.8161E0);
#3871=CARTESIAN_POINT('',(-1.905E1,1.397E0,6.096E0));
#3872=LINE('',#3871,#3870);
#3873=DIRECTION('',(0.E0,0.E0,-1.E0));
#3874=VECTOR('',#3873,6.096E0);
#3875=CARTESIAN_POINT('',(-1.905E1,3.2131E0,6.096E0));
#3876=LINE('',#3875,#3874);
#3877=DIRECTION('',(1.E0,0.E0,0.E0));
#3878=VECTOR('',#3877,1.524E0);
#3879=CARTESIAN_POINT('',(-1.9812E1,-1.397E0,-3.683E0));
#3880=LINE('',#3879,#3878);
#3881=DIRECTION('',(5.398770950425E-1,0.E0,8.417438578620E-1));
#3882=VECTOR('',#3881,4.375440302415E0);
#3883=CARTESIAN_POINT('',(-1.8288E1,-1.397E0,-3.683E0));
#3884=LINE('',#3883,#3882);
#3885=DIRECTION('',(5.398770950425E-1,0.E0,-8.417438578620E-1));
#3886=VECTOR('',#3885,4.375440302415E0);
#3887=CARTESIAN_POINT('',(1.59258E1,-1.397E0,0.E0));
#3888=LINE('',#3887,#3886);
#3889=DIRECTION('',(1.E0,0.E0,0.E0));
#3890=VECTOR('',#3889,1.524E0);
#3891=CARTESIAN_POINT('',(1.8288E1,-1.397E0,-3.683E0));
#3892=LINE('',#3891,#3890);
#3893=DIRECTION('',(0.E0,0.E0,1.E0));
#3894=VECTOR('',#3893,1.0287E1);
#3895=CARTESIAN_POINT('',(-1.9812E1,-1.397E0,-3.683E0));
#3896=LINE('',#3895,#3894);
#3897=DIRECTION('',(0.E0,1.E0,0.E0));
#3898=VECTOR('',#3897,4.445E-1);
#3899=CARTESIAN_POINT('',(-1.9812E1,-1.8415E0,-3.683E0));
#3900=LINE('',#3899,#3898);
#3901=DIRECTION('',(0.E0,0.E0,1.E0));
#3902=VECTOR('',#3901,1.0287E1);
#3903=CARTESIAN_POINT('',(-1.9812E1,1.397E0,-3.683E0));
#3904=LINE('',#3903,#3902);
#3905=DIRECTION('',(0.E0,1.E0,0.E0));
#3906=VECTOR('',#3905,4.445E-1);
#3907=CARTESIAN_POINT('',(-1.9812E1,1.397E0,-3.683E0));
#3908=LINE('',#3907,#3906);
#3909=DIRECTION('',(5.398770950425E-1,0.E0,8.417438578620E-1));
#3910=VECTOR('',#3909,4.375440302415E0);
#3911=CARTESIAN_POINT('',(-1.8288E1,1.397E0,-3.683E0));
#3912=LINE('',#3911,#3910);
#3913=DIRECTION('',(1.E0,0.E0,0.E0));
#3914=VECTOR('',#3913,1.524E0);
#3915=CARTESIAN_POINT('',(-1.9812E1,1.397E0,-3.683E0));
#3916=LINE('',#3915,#3914);
#3917=DIRECTION('',(1.E0,0.E0,0.E0));
#3918=VECTOR('',#3917,1.524E0);
#3919=CARTESIAN_POINT('',(1.8288E1,1.397E0,-3.683E0));
#3920=LINE('',#3919,#3918);
#3921=DIRECTION('',(5.398770950425E-1,0.E0,-8.417438578620E-1));
#3922=VECTOR('',#3921,4.375440302415E0);
#3923=CARTESIAN_POINT('',(1.59258E1,1.397E0,0.E0));
#3924=LINE('',#3923,#3922);
#3925=DIRECTION('',(-7.071067811865E-1,0.E0,7.071067811865E-1));
#3926=VECTOR('',#3925,7.184204896855E-1);
#3927=CARTESIAN_POINT('',(-1.905E1,-1.397E0,6.096E0));
#3928=LINE('',#3927,#3926);
#3929=DIRECTION('',(-5.773502691896E-1,-5.773502691896E-1,5.773502691896E-1));
#3930=VECTOR('',#3929,6.599113576837E-1);
#3931=CARTESIAN_POINT('',(-1.9177E1,-3.2131E0,6.223E0));
#3932=LINE('',#3931,#3930);
#3933=DIRECTION('',(-7.071067811865E-1,0.E0,7.071067811865E-1));
#3934=VECTOR('',#3933,7.184204896855E-1);
#3935=CARTESIAN_POINT('',(-1.905E1,1.397E0,6.096E0));
#3936=LINE('',#3935,#3934);
#3937=DIRECTION('',(7.071067811866E-1,0.E0,-7.071067811865E-1));
#3938=VECTOR('',#3937,1.796051224214E-1);
#3939=CARTESIAN_POINT('',(-1.9177E1,3.2131E0,6.223E0));
#3940=LINE('',#3939,#3938);
#3941=DIRECTION('',(0.E0,-7.071067811865E-1,-7.071067811865E-1));
#3942=VECTOR('',#3941,5.388153672641E-1);
#3943=CARTESIAN_POINT('',(-1.4224E1,3.5941E0,6.604E0));
#3944=LINE('',#3943,#3942);
#3945=DIRECTION('',(-5.773502691896E-1,5.773502691896E-1,5.773502691896E-1));
#3946=VECTOR('',#3945,6.599113576837E-1);
#3947=CARTESIAN_POINT('',(-1.9177E1,3.2131E0,6.223E0));
#3948=LINE('',#3947,#3946);
#3949=DIRECTION('',(0.E0,-7.071067811865E-1,-7.071067811865E-1));
#3950=VECTOR('',#3949,5.388153672641E-1);
#3951=CARTESIAN_POINT('',(1.4224E1,3.5941E0,6.604E0));
#3952=LINE('',#3951,#3950);
#3953=DIRECTION('',(0.E0,-7.071067811865E-1,-7.071067811865E-1));
#3954=VECTOR('',#3953,5.388153672641E-1);
#3955=CARTESIAN_POINT('',(1.0033E1,3.5941E0,6.604E0));
#3956=LINE('',#3955,#3954);
#3957=DIRECTION('',(0.E0,-7.071067811865E-1,-7.071067811865E-1));
#3958=VECTOR('',#3957,5.388153672641E-1);
#3959=CARTESIAN_POINT('',(-1.0033E1,3.5941E0,6.604E0));
#3960=LINE('',#3959,#3958);
#3961=DIRECTION('',(0.E0,-1.E0,0.E0));
#3962=VECTOR('',#3961,1.143E0);
#3963=CARTESIAN_POINT('',(-1.4224E1,4.0005E0,-5.08E-1));
#3964=LINE('',#3963,#3962);
#3965=DIRECTION('',(0.E0,-1.E0,0.E0));
#3966=VECTOR('',#3965,1.143E0);
#3967=CARTESIAN_POINT('',(-1.3716E1,4.0005E0,-1.016E0));
#3968=LINE('',#3967,#3966);
#3969=DIRECTION('',(0.E0,-1.E0,0.E0));
#3970=VECTOR('',#3969,1.143E0);
#3971=CARTESIAN_POINT('',(-1.0541E1,4.0005E0,-1.016E0));
#3972=LINE('',#3971,#3970);
#3973=DIRECTION('',(0.E0,-1.E0,0.E0));
#3974=VECTOR('',#3973,1.143E0);
#3975=CARTESIAN_POINT('',(-1.0033E1,4.0005E0,-5.08E-1));
#3976=LINE('',#3975,#3974);
#3977=DIRECTION('',(0.E0,0.E0,1.E0));
#3978=VECTOR('',#3977,6.223E0);
#3979=CARTESIAN_POINT('',(-1.4224E1,3.2131E0,0.E0));
#3980=LINE('',#3979,#3978);
#3981=DIRECTION('',(1.E0,0.E0,0.E0));
#3982=VECTOR('',#3981,4.953E0);
#3983=CARTESIAN_POINT('',(-1.9177E1,3.2131E0,6.223E0));
#3984=LINE('',#3983,#3982);
#3985=DIRECTION('',(0.E0,0.E0,1.E0));
#3986=VECTOR('',#3985,6.223E0);
#3987=CARTESIAN_POINT('',(1.4224E1,3.2131E0,0.E0));
#3988=LINE('',#3987,#3986);
#3989=DIRECTION('',(1.E0,0.E0,0.E0));
#3990=VECTOR('',#3989,4.953E0);
#3991=CARTESIAN_POINT('',(1.4224E1,3.2131E0,6.223E0));
#3992=LINE('',#3991,#3990);
#3993=DIRECTION('',(7.071067811866E-1,0.E0,7.071067811865E-1));
#3994=VECTOR('',#3993,1.796051224214E-1);
#3995=CARTESIAN_POINT('',(1.905E1,3.2131E0,6.096E0));
#3996=LINE('',#3995,#3994);
#3997=DIRECTION('',(0.E0,0.E0,-1.E0));
#3998=VECTOR('',#3997,6.096E0);
#3999=CARTESIAN_POINT('',(1.905E1,3.2131E0,6.096E0));
#4000=LINE('',#3999,#3998);
#4001=DIRECTION('',(1.E0,0.E0,0.E0));
#4002=VECTOR('',#4001,2.0066E1);
#4003=CARTESIAN_POINT('',(-1.0033E1,3.2131E0,6.223E0));
#4004=LINE('',#4003,#4002);
#4005=DIRECTION('',(0.E0,0.E0,1.E0));
#4006=VECTOR('',#4005,6.223E0);
#4007=CARTESIAN_POINT('',(1.0033E1,3.2131E0,0.E0));
#4008=LINE('',#4007,#4006);
#4009=DIRECTION('',(0.E0,0.E0,1.E0));
#4010=VECTOR('',#4009,6.223E0);
#4011=CARTESIAN_POINT('',(-1.0033E1,3.2131E0,0.E0));
#4012=LINE('',#4011,#4010);
#4013=DIRECTION('',(0.E0,0.E0,-1.E0));
#4014=VECTOR('',#4013,5.08E-1);
#4015=CARTESIAN_POINT('',(1.4224E1,2.8575E0,0.E0));
#4016=LINE('',#4015,#4014);
#4017=DIRECTION('',(0.E0,0.E0,1.E0));
#4018=VECTOR('',#4017,5.08E-1);
#4019=CARTESIAN_POINT('',(1.0033E1,2.8575E0,-5.08E-1));
#4020=LINE('',#4019,#4018);
#4021=CARTESIAN_POINT('',(1.0541E1,2.8575E0,-5.08E-1));
#4022=DIRECTION('',(0.E0,1.E0,0.E0));
#4023=DIRECTION('',(0.E0,0.E0,-1.E0));
#4024=AXIS2_PLACEMENT_3D('',#4021,#4022,#4023);
#4026=DIRECTION('',(-1.E0,0.E0,0.E0));
#4027=VECTOR('',#4026,3.175E0);
#4028=CARTESIAN_POINT('',(1.3716E1,2.8575E0,-1.016E0));
#4029=LINE('',#4028,#4027);
#4030=CARTESIAN_POINT('',(1.3716E1,2.8575E0,-5.08E-1));
#4031=DIRECTION('',(0.E0,1.E0,0.E0));
#4032=DIRECTION('',(1.E0,0.E0,1.770237499894E-14));
#4033=AXIS2_PLACEMENT_3D('',#4030,#4031,#4032);
#4035=DIRECTION('',(0.E0,-1.E0,0.E0));
#4036=VECTOR('',#4035,1.143E0);
#4037=CARTESIAN_POINT('',(1.0033E1,4.0005E0,-5.08E-1));
#4038=LINE('',#4037,#4036);
#4039=DIRECTION('',(0.E0,-1.E0,0.E0));
#4040=VECTOR('',#4039,1.143E0);
#4041=CARTESIAN_POINT('',(1.0541E1,4.0005E0,-1.016E0));
#4042=LINE('',#4041,#4040);
#4043=DIRECTION('',(0.E0,-1.E0,0.E0));
#4044=VECTOR('',#4043,1.143E0);
#4045=CARTESIAN_POINT('',(1.3716E1,4.0005E0,-1.016E0));
#4046=LINE('',#4045,#4044);
#4047=DIRECTION('',(0.E0,-1.E0,0.E0));
#4048=VECTOR('',#4047,1.143E0);
#4049=CARTESIAN_POINT('',(1.4224E1,4.0005E0,-5.08E-1));
#4050=LINE('',#4049,#4048);
#4051=DIRECTION('',(-7.071067811865E-1,0.E0,-7.071067811865E-1));
#4052=VECTOR('',#4051,7.184204896855E-1);
#4053=CARTESIAN_POINT('',(1.9558E1,-1.397E0,6.604E0));
#4054=LINE('',#4053,#4052);
#4055=DIRECTION('',(-7.071067811866E-1,0.E0,-7.071067811865E-1));
#4056=VECTOR('',#4055,1.796051224214E-1);
#4057=CARTESIAN_POINT('',(1.9177E1,-3.2131E0,6.223E0));
#4058=LINE('',#4057,#4056);
#4059=DIRECTION('',(-7.071067811865E-1,0.E0,-7.071067811865E-1));
#4060=VECTOR('',#4059,7.184204896855E-1);
#4061=CARTESIAN_POINT('',(1.9558E1,1.397E0,6.604E0));
#4062=LINE('',#4061,#4060);
#4063=DIRECTION('',(5.773502691896E-1,5.773502691896E-1,5.773502691896E-1));
#4064=VECTOR('',#4063,6.599113576837E-1);
#4065=CARTESIAN_POINT('',(1.9177E1,3.2131E0,6.223E0));
#4066=LINE('',#4065,#4064);
#4067=DIRECTION('',(0.E0,0.E0,1.E0));
#4068=VECTOR('',#4067,6.096E0);
#4069=CARTESIAN_POINT('',(1.905E1,-1.397E0,0.E0));
#4070=LINE('',#4069,#4068);
#4071=DIRECTION('',(0.E0,-1.E0,0.E0));
#4072=VECTOR('',#4071,1.8161E0);
#4073=CARTESIAN_POINT('',(1.905E1,-1.397E0,6.096E0));
#4074=LINE('',#4073,#4072);
#4075=DIRECTION('',(0.E0,0.E0,-1.E0));
#4076=VECTOR('',#4075,6.096E0);
#4077=CARTESIAN_POINT('',(1.905E1,-3.2131E0,6.096E0));
#4078=LINE('',#4077,#4076);
#4079=DIRECTION('',(0.E0,0.E0,1.E0));
#4080=VECTOR('',#4079,6.096E0);
#4081=CARTESIAN_POINT('',(1.905E1,1.397E0,0.E0));
#4082=LINE('',#4081,#4080);
#4083=DIRECTION('',(0.E0,-1.E0,0.E0));
#4084=VECTOR('',#4083,1.8161E0);
#4085=CARTESIAN_POINT('',(1.905E1,3.2131E0,6.096E0));
#4086=LINE('',#4085,#4084);
#4087=DIRECTION('',(0.E0,0.E0,-1.E0));
#4088=VECTOR('',#4087,5.08E-1);
#4089=CARTESIAN_POINT('',(-1.0033E1,2.8575E0,0.E0));
#4090=LINE('',#4089,#4088);
#4091=DIRECTION('',(0.E0,0.E0,1.E0));
#4092=VECTOR('',#4091,5.08E-1);
#4093=CARTESIAN_POINT('',(-1.4224E1,2.8575E0,-5.08E-1));
#4094=LINE('',#4093,#4092);
#4095=CARTESIAN_POINT('',(-1.3716E1,2.8575E0,-5.08E-1));
#4096=DIRECTION('',(0.E0,1.E0,0.E0));
#4097=DIRECTION('',(0.E0,0.E0,-1.E0));
#4098=AXIS2_PLACEMENT_3D('',#4095,#4096,#4097);
#4100=DIRECTION('',(-1.E0,0.E0,0.E0));
#4101=VECTOR('',#4100,3.175E0);
#4102=CARTESIAN_POINT('',(-1.0541E1,2.8575E0,-1.016E0));
#4103=LINE('',#4102,#4101);
#4104=CARTESIAN_POINT('',(-1.0541E1,2.8575E0,-5.08E-1));
#4105=DIRECTION('',(0.E0,1.E0,0.E0));
#4106=DIRECTION('',(1.E0,0.E0,1.770237499894E-14));
#4107=AXIS2_PLACEMENT_3D('',#4104,#4105,#4106);
#4109=DIRECTION('',(0.E0,1.E0,0.E0));
#4110=VECTOR('',#4109,2.794E0);
#4111=CARTESIAN_POINT('',(-1.8288E1,-1.397E0,-3.683E0));
#4112=LINE('',#4111,#4110);
#4113=DIRECTION('',(0.E0,0.E0,-1.E0));
#4114=VECTOR('',#4113,1.0287E1);
#4115=CARTESIAN_POINT('',(1.9812E1,-1.397E0,6.604E0));
#4116=LINE('',#4115,#4114);
#4117=DIRECTION('',(0.E0,0.E0,-1.E0));
#4118=VECTOR('',#4117,1.0287E1);
#4119=CARTESIAN_POINT('',(1.9812E1,1.397E0,6.604E0));
#4120=LINE('',#4119,#4118);
#4121=DIRECTION('',(0.E0,0.E0,-1.E0));
#4122=VECTOR('',#4121,5.842E-1);
#4123=CARTESIAN_POINT('',(1.3208E1,-3.2131E0,0.E0));
#4124=LINE('',#4123,#4122);
#4125=DIRECTION('',(0.E0,0.E0,1.E0));
#4126=VECTOR('',#4125,5.842E-1);
#4127=CARTESIAN_POINT('',(1.4732E1,-3.2131E0,-5.842E-1));
#4128=LINE('',#4127,#4126);
#4129=DIRECTION('',(-1.E0,0.E0,0.E0));
#4130=VECTOR('',#4129,1.3081E0);
#4131=CARTESIAN_POINT('',(1.60401E1,-3.2131E0,-5.842E-1));
#4132=LINE('',#4131,#4130);
#4133=DIRECTION('',(0.E0,0.E0,1.E0));
#4134=VECTOR('',#4133,2.1844E0);
#4135=CARTESIAN_POINT('',(1.60401E1,-3.2131E0,-2.7686E0));
#4136=LINE('',#4135,#4134);
#4137=DIRECTION('',(1.E0,0.E0,0.E0));
#4138=VECTOR('',#4137,4.1402E0);
#4139=CARTESIAN_POINT('',(1.18999E1,-3.2131E0,-2.7686E0));
#4140=LINE('',#4139,#4138);
#4141=DIRECTION('',(0.E0,0.E0,-1.E0));
#4142=VECTOR('',#4141,2.1844E0);
#4143=CARTESIAN_POINT('',(1.18999E1,-3.2131E0,-5.842E-1));
#4144=LINE('',#4143,#4142);
#4145=DIRECTION('',(-1.E0,0.E0,0.E0));
#4146=VECTOR('',#4145,1.3081E0);
#4147=CARTESIAN_POINT('',(1.3208E1,-3.2131E0,-5.842E-1));
#4148=LINE('',#4147,#4146);
#4149=DIRECTION('',(0.E0,0.E0,-1.E0));
#4150=VECTOR('',#4149,2.286E0);
#4151=CARTESIAN_POINT('',(1.3208E1,-3.8354E0,1.7018E0));
#4152=LINE('',#4151,#4150);
#4153=DIRECTION('',(0.E0,1.E0,0.E0));
#4154=VECTOR('',#4153,6.223E-1);
#4155=CARTESIAN_POINT('',(1.3208E1,-3.8354E0,1.7018E0));
#4156=LINE('',#4155,#4154);
#4157=CARTESIAN_POINT('',(1.397E1,-3.8354E0,1.7018E0));
#4158=DIRECTION('',(0.E0,-1.E0,0.E0));
#4159=DIRECTION('',(1.E0,0.E0,1.631823868215E-14));
#4160=AXIS2_PLACEMENT_3D('',#4157,#4158,#4159);
#4162=DIRECTION('',(0.E0,1.E0,0.E0));
#4163=VECTOR('',#4162,6.223E-1);
#4164=CARTESIAN_POINT('',(1.4732E1,-3.8354E0,1.7018E0));
#4165=LINE('',#4164,#4163);
#4166=DIRECTION('',(0.E0,0.E0,1.E0));
#4167=VECTOR('',#4166,2.286E0);
#4168=CARTESIAN_POINT('',(1.4732E1,-3.8354E0,-5.842E-1));
#4169=LINE('',#4168,#4167);
#4170=DIRECTION('',(0.E0,1.E0,0.E0));
#4171=VECTOR('',#4170,6.223E-1);
#4172=CARTESIAN_POINT('',(1.4732E1,-3.8354E0,-5.842E-1));
#4173=LINE('',#4172,#4171);
#4174=DIRECTION('',(1.E0,0.E0,0.E0));
#4175=VECTOR('',#4174,9.398E-1);
#4176=CARTESIAN_POINT('',(1.4732E1,-3.8354E0,-5.842E-1));
#4177=LINE('',#4176,#4175);
#4178=DIRECTION('',(0.E0,1.E0,0.E0));
#4179=VECTOR('',#4178,1.651E-1);
#4180=CARTESIAN_POINT('',(1.56718E1,-4.0005E0,-5.842E-1));
#4181=LINE('',#4180,#4179);
#4182=DIRECTION('',(0.E0,1.E0,0.E0));
#4183=VECTOR('',#4182,7.874E-1);
#4184=CARTESIAN_POINT('',(1.60401E1,-4.0005E0,-5.842E-1));
#4185=LINE('',#4184,#4183);
#4186=DIRECTION('',(0.E0,-1.E0,0.E0));
#4187=VECTOR('',#4186,4.318E-1);
#4188=CARTESIAN_POINT('',(1.60401E1,-3.5687E0,-2.7686E0));
#4189=LINE('',#4188,#4187);
#4190=DIRECTION('',(0.E0,1.E0,0.E0));
#4191=VECTOR('',#4190,3.556E-1);
#4192=CARTESIAN_POINT('',(1.60401E1,-3.5687E0,-2.7686E0));
#4193=LINE('',#4192,#4191);
#4194=DIRECTION('',(1.E0,0.E0,0.E0));
#4195=VECTOR('',#4194,4.1402E0);
#4196=CARTESIAN_POINT('',(1.18999E1,-3.5687E0,-2.7686E0));
#4197=LINE('',#4196,#4195);
#4198=DIRECTION('',(0.E0,1.E0,0.E0));
#4199=VECTOR('',#4198,3.556E-1);
#4200=CARTESIAN_POINT('',(1.18999E1,-3.5687E0,-2.7686E0));
#4201=LINE('',#4200,#4199);
#4202=DIRECTION('',(0.E0,-1.E0,0.E0));
#4203=VECTOR('',#4202,4.318E-1);
#4204=CARTESIAN_POINT('',(1.18999E1,-3.5687E0,-2.7686E0));
#4205=LINE('',#4204,#4203);
#4206=DIRECTION('',(0.E0,1.E0,0.E0));
#4207=VECTOR('',#4206,7.874E-1);
#4208=CARTESIAN_POINT('',(1.18999E1,-4.0005E0,-5.842E-1));
#4209=LINE('',#4208,#4207);
#4210=DIRECTION('',(-1.E0,0.E0,0.E0));
#4211=VECTOR('',#4210,9.398E-1);
#4212=CARTESIAN_POINT('',(1.3208E1,-3.8354E0,-5.842E-1));
#4213=LINE('',#4212,#4211);
#4214=DIRECTION('',(0.E0,1.E0,0.E0));
#4215=VECTOR('',#4214,6.223E-1);
#4216=CARTESIAN_POINT('',(1.3208E1,-3.8354E0,-5.842E-1));
#4217=LINE('',#4216,#4215);
#4218=DIRECTION('',(0.E0,1.E0,0.E0));
#4219=VECTOR('',#4218,1.651E-1);
#4220=CARTESIAN_POINT('',(1.22682E1,-4.0005E0,-5.842E-1));
#4221=LINE('',#4220,#4219);
#4222=DIRECTION('',(0.E0,0.E0,-1.E0));
#4223=VECTOR('',#4222,5.08E-1);
#4224=CARTESIAN_POINT('',(-2.0955E0,-2.8575E0,0.E0));
#4225=LINE('',#4224,#4223);
#4226=DIRECTION('',(0.E0,0.E0,1.E0));
#4227=VECTOR('',#4226,5.08E-1);
#4228=CARTESIAN_POINT('',(2.0955E0,-2.8575E0,-5.08E-1));
#4229=LINE('',#4228,#4227);
#4230=CARTESIAN_POINT('',(1.5875E0,-2.8575E0,-5.08E-1));
#4231=DIRECTION('',(0.E0,-1.E0,0.E0));
#4232=DIRECTION('',(0.E0,0.E0,-1.E0));
#4233=AXIS2_PLACEMENT_3D('',#4230,#4231,#4232);
#4235=DIRECTION('',(1.E0,0.E0,0.E0));
#4236=VECTOR('',#4235,3.175E0);
#4237=CARTESIAN_POINT('',(-1.5875E0,-2.8575E0,-1.016E0));
#4238=LINE('',#4237,#4236);
#4239=CARTESIAN_POINT('',(-1.5875E0,-2.8575E0,-5.08E-1));
#4240=DIRECTION('',(0.E0,-1.E0,0.E0));
#4241=DIRECTION('',(-1.E0,0.E0,-1.289432253010E-14));
#4242=AXIS2_PLACEMENT_3D('',#4239,#4240,#4241);
#4244=DIRECTION('',(0.E0,1.E0,0.E0));
#4245=VECTOR('',#4244,1.143E0);
#4246=CARTESIAN_POINT('',(-2.0955E0,-4.0005E0,-5.08E-1));
#4247=LINE('',#4246,#4245);
#4248=DIRECTION('',(0.E0,1.E0,0.E0));
#4249=VECTOR('',#4248,1.143E0);
#4250=CARTESIAN_POINT('',(-1.5875E0,-4.0005E0,-1.016E0));
#4251=LINE('',#4250,#4249);
#4252=DIRECTION('',(0.E0,1.E0,0.E0));
#4253=VECTOR('',#4252,1.143E0);
#4254=CARTESIAN_POINT('',(1.5875E0,-4.0005E0,-1.016E0));
#4255=LINE('',#4254,#4253);
#4256=DIRECTION('',(0.E0,0.E0,1.E0));
#4257=VECTOR('',#4256,5.842E-1);
#4258=CARTESIAN_POINT('',(-1.0668E1,-3.2131E0,-5.842E-1));
#4259=LINE('',#4258,#4257);
#4260=DIRECTION('',(-1.E0,0.E0,0.E0));
#4261=VECTOR('',#4260,1.3081E0);
#4262=CARTESIAN_POINT('',(-9.3599E0,-3.2131E0,-5.842E-1));
#4263=LINE('',#4262,#4261);
#4264=DIRECTION('',(0.E0,0.E0,1.E0));
#4265=VECTOR('',#4264,2.1844E0);
#4266=CARTESIAN_POINT('',(-9.3599E0,-3.2131E0,-2.7686E0));
#4267=LINE('',#4266,#4265);
#4268=DIRECTION('',(1.E0,0.E0,0.E0));
#4269=VECTOR('',#4268,4.1402E0);
#4270=CARTESIAN_POINT('',(-1.35001E1,-3.2131E0,-2.7686E0));
#4271=LINE('',#4270,#4269);
#4272=DIRECTION('',(0.E0,0.E0,-1.E0));
#4273=VECTOR('',#4272,2.1844E0);
#4274=CARTESIAN_POINT('',(-1.35001E1,-3.2131E0,-5.842E-1));
#4275=LINE('',#4274,#4273);
#4276=DIRECTION('',(-1.E0,0.E0,0.E0));
#4277=VECTOR('',#4276,1.3081E0);
#4278=CARTESIAN_POINT('',(-1.2192E1,-3.2131E0,-5.842E-1));
#4279=LINE('',#4278,#4277);
#4280=DIRECTION('',(0.E0,0.E0,-1.E0));
#4281=VECTOR('',#4280,5.842E-1);
#4282=CARTESIAN_POINT('',(-1.2192E1,-3.2131E0,0.E0));
#4283=LINE('',#4282,#4281);
#4284=DIRECTION('',(0.E0,0.E0,1.E0));
#4285=VECTOR('',#4284,2.286E0);
#4286=CARTESIAN_POINT('',(-1.0668E1,-3.8354E0,-5.842E-1));
#4287=LINE('',#4286,#4285);
#4288=DIRECTION('',(0.E0,1.E0,0.E0));
#4289=VECTOR('',#4288,6.223E-1);
#4290=CARTESIAN_POINT('',(-1.0668E1,-3.8354E0,-5.842E-1));
#4291=LINE('',#4290,#4289);
#4292=DIRECTION('',(1.E0,0.E0,0.E0));
#4293=VECTOR('',#4292,9.398E-1);
#4294=CARTESIAN_POINT('',(-1.0668E1,-3.8354E0,-5.842E-1));
#4295=LINE('',#4294,#4293);
#4296=DIRECTION('',(0.E0,1.E0,0.E0));
#4297=VECTOR('',#4296,1.651E-1);
#4298=CARTESIAN_POINT('',(-9.7282E0,-4.0005E0,-5.842E-1));
#4299=LINE('',#4298,#4297);
#4300=DIRECTION('',(0.E0,1.E0,0.E0));
#4301=VECTOR('',#4300,7.874E-1);
#4302=CARTESIAN_POINT('',(-9.3599E0,-4.0005E0,-5.842E-1));
#4303=LINE('',#4302,#4301);
#4304=DIRECTION('',(0.E0,1.E0,0.E0));
#4305=VECTOR('',#4304,3.556E-1);
#4306=CARTESIAN_POINT('',(-9.3599E0,-3.5687E0,-2.7686E0));
#4307=LINE('',#4306,#4305);
#4308=CARTESIAN_POINT('',(-1.143E1,-3.8354E0,1.7018E0));
#4309=DIRECTION('',(0.E0,-1.E0,0.E0));
#4310=DIRECTION('',(1.E0,0.E0,0.E0));
#4311=AXIS2_PLACEMENT_3D('',#4308,#4309,#4310);
#4313=DIRECTION('',(0.E0,1.E0,0.E0));
#4314=VECTOR('',#4313,6.223E-1);
#4315=CARTESIAN_POINT('',(-1.0668E1,-3.8354E0,1.7018E0));
#4316=LINE('',#4315,#4314);
#4317=DIRECTION('',(0.E0,0.E0,-1.E0));
#4318=VECTOR('',#4317,2.286E0);
#4319=CARTESIAN_POINT('',(-1.2192E1,-3.8354E0,1.7018E0));
#4320=LINE('',#4319,#4318);
#4321=DIRECTION('',(0.E0,1.E0,0.E0));
#4322=VECTOR('',#4321,6.223E-1);
#4323=CARTESIAN_POINT('',(-1.2192E1,-3.8354E0,1.7018E0));
#4324=LINE('',#4323,#4322);
#4325=DIRECTION('',(0.E0,0.E0,1.E0));
#4326=VECTOR('',#4325,1.0922E0);
#4327=CARTESIAN_POINT('',(1.50495E1,-3.8354E0,5.5118E0));
#4328=LINE('',#4327,#4326);
#4329=DIRECTION('',(0.E0,1.E0,0.E0));
#4330=VECTOR('',#4329,6.223E-1);
#4331=CARTESIAN_POINT('',(1.50495E1,-3.8354E0,5.5118E0));
#4332=LINE('',#4331,#4330);
#4333=DIRECTION('',(1.E0,0.E0,0.E0));
#4334=VECTOR('',#4333,2.159E0);
#4335=CARTESIAN_POINT('',(1.28905E1,-3.8354E0,5.5118E0));
#4336=LINE('',#4335,#4334);
#4337=DIRECTION('',(0.E0,1.E0,0.E0));
#4338=VECTOR('',#4337,6.223E-1);
#4339=CARTESIAN_POINT('',(1.28905E1,-3.8354E0,5.5118E0));
#4340=LINE('',#4339,#4338);
#4341=DIRECTION('',(0.E0,0.E0,1.E0));
#4342=VECTOR('',#4341,1.0922E0);
#4343=CARTESIAN_POINT('',(-1.03505E1,-3.8354E0,5.5118E0));
#4344=LINE('',#4343,#4342);
#4345=DIRECTION('',(0.E0,1.E0,0.E0));
#4346=VECTOR('',#4345,6.223E-1);
#4347=CARTESIAN_POINT('',(-1.03505E1,-3.8354E0,5.5118E0));
#4348=LINE('',#4347,#4346);
#4349=DIRECTION('',(1.E0,0.E0,0.E0));
#4350=VECTOR('',#4349,2.159E0);
#4351=CARTESIAN_POINT('',(-1.25095E1,-3.8354E0,5.5118E0));
#4352=LINE('',#4351,#4350);
#4353=DIRECTION('',(0.E0,1.E0,0.E0));
#4354=VECTOR('',#4353,6.223E-1);
#4355=CARTESIAN_POINT('',(-1.25095E1,-3.8354E0,5.5118E0));
#4356=LINE('',#4355,#4354);
#4357=DIRECTION('',(0.E0,1.E0,0.E0));
#4358=VECTOR('',#4357,1.5748E0);
#4359=CARTESIAN_POINT('',(1.85928E1,-4.0005E0,-3.086936225746E0));
#4360=LINE('',#4359,#4358);
#4361=DIRECTION('',(0.E0,1.E0,0.E0));
#4362=VECTOR('',#4361,1.5748E0);
#4363=CARTESIAN_POINT('',(2.10693E1,-4.0005E0,-1.657128284098E0));
#4364=LINE('',#4363,#4362);
#4365=DIRECTION('',(0.E0,1.E0,0.E0));
#4366=VECTOR('',#4365,1.5748E0);
#4367=CARTESIAN_POINT('',(2.35458E1,-4.0005E0,-3.086936225746E0));
#4368=LINE('',#4367,#4366);
#4369=DIRECTION('',(0.E0,0.E0,1.E0));
#4370=VECTOR('',#4369,9.99998E-1);
#4371=CARTESIAN_POINT('',(-2.286E1,-2.667E-1,-7.3406E0));
#4372=LINE('',#4371,#4370);
#4373=DIRECTION('',(0.E0,0.E0,1.E0));
#4374=VECTOR('',#4373,9.99998E-1);
#4375=CARTESIAN_POINT('',(-2.54E1,-2.667E-1,-7.3406E0));
#4376=LINE('',#4375,#4374);
#4377=CARTESIAN_POINT('',(-2.413E1,-2.667E-1,-6.340602E0));
#4378=DIRECTION('',(0.E0,0.E0,-1.E0));
#4379=DIRECTION('',(1.E0,0.E0,0.E0));
#4380=AXIS2_PLACEMENT_3D('',#4377,#4378,#4379);
#4382=CARTESIAN_POINT('',(-2.413E1,-2.667E-1,-6.340602E0));
#4383=DIRECTION('',(0.E0,0.E0,-1.E0));
#4384=DIRECTION('',(-1.E0,0.E0,0.E0));
#4385=AXIS2_PLACEMENT_3D('',#4382,#4383,#4384);
#4387=CARTESIAN_POINT('',(2.413E1,-2.667E-1,-6.340602E0));
#4388=DIRECTION('',(0.E0,0.E0,-1.E0));
#4389=DIRECTION('',(1.E0,0.E0,0.E0));
#4390=AXIS2_PLACEMENT_3D('',#4387,#4388,#4389);
#4392=CARTESIAN_POINT('',(2.413E1,-2.667E-1,-6.340602E0));
#4393=DIRECTION('',(0.E0,0.E0,-1.E0));
#4394=DIRECTION('',(-1.E0,0.E0,0.E0));
#4395=AXIS2_PLACEMENT_3D('',#4392,#4393,#4394);
#4397=DIRECTION('',(0.E0,0.E0,1.E0));
#4398=VECTOR('',#4397,9.99998E-1);
#4399=CARTESIAN_POINT('',(2.54E1,-2.667E-1,-7.3406E0));
#4400=LINE('',#4399,#4398);
#4401=DIRECTION('',(0.E0,0.E0,1.E0));
#4402=VECTOR('',#4401,9.99998E-1);
#4403=CARTESIAN_POINT('',(2.286E1,-2.667E-1,-7.3406E0));
#4404=LINE('',#4403,#4402);
#4405=DIRECTION('',(0.E0,0.E0,-1.E0));
#4406=VECTOR('',#4405,2.794E0);
#4407=CARTESIAN_POINT('',(-1.49225E1,-1.2827E0,-7.3406E0));
#4408=LINE('',#4407,#4406);
#4409=DIRECTION('',(0.E0,0.E0,-1.E0));
#4410=VECTOR('',#4409,2.794E0);
#4411=CARTESIAN_POINT('',(-1.55575E1,-1.2827E0,-7.3406E0));
#4412=LINE('',#4411,#4410);
#4413=CARTESIAN_POINT('',(-1.524E1,-1.2827E0,-1.01346E1));
#4414=DIRECTION('',(0.E0,0.E0,-1.E0));
#4415=DIRECTION('',(1.E0,0.E0,0.E0));
#4416=AXIS2_PLACEMENT_3D('',#4413,#4414,#4415);
#4418=CARTESIAN_POINT('',(-1.524E1,-1.2827E0,-1.01346E1));
#4419=DIRECTION('',(0.E0,0.E0,-1.E0));
#4420=DIRECTION('',(-1.E0,0.E0,0.E0));
#4421=AXIS2_PLACEMENT_3D('',#4418,#4419,#4420);
#4423=CARTESIAN_POINT('',(-1.524E1,1.2573E0,-1.01346E1));
#4424=DIRECTION('',(0.E0,0.E0,-1.E0));
#4425=DIRECTION('',(1.E0,0.E0,0.E0));
#4426=AXIS2_PLACEMENT_3D('',#4423,#4424,#4425);
#4428=CARTESIAN_POINT('',(-1.524E1,1.2573E0,-1.01346E1));
#4429=DIRECTION('',(0.E0,0.E0,-1.E0));
#4430=DIRECTION('',(-1.E0,0.E0,0.E0));
#4431=AXIS2_PLACEMENT_3D('',#4428,#4429,#4430);
#4433=DIRECTION('',(0.E0,0.E0,-1.E0));
#4434=VECTOR('',#4433,2.794E0);
#4435=CARTESIAN_POINT('',(-1.49225E1,1.2573E0,-7.3406E0));
#4436=LINE('',#4435,#4434);
#4437=DIRECTION('',(0.E0,0.E0,-1.E0));
#4438=VECTOR('',#4437,2.794E0);
#4439=CARTESIAN_POINT('',(-1.55575E1,1.2573E0,-7.3406E0));
#4440=LINE('',#4439,#4438);
#4441=DIRECTION('',(0.E0,0.E0,-1.E0));
#4442=VECTOR('',#4441,2.794E0);
#4443=CARTESIAN_POINT('',(-1.23825E1,-1.2827E0,-7.3406E0));
#4444=LINE('',#4443,#4442);
#4445=DIRECTION('',(0.E0,0.E0,-1.E0));
#4446=VECTOR('',#4445,2.794E0);
#4447=CARTESIAN_POINT('',(-1.30175E1,-1.2827E0,-7.3406E0));
#4448=LINE('',#4447,#4446);
#4449=CARTESIAN_POINT('',(-1.27E1,-1.2827E0,-1.01346E1));
#4450=DIRECTION('',(0.E0,0.E0,-1.E0));
#4451=DIRECTION('',(1.E0,0.E0,0.E0));
#4452=AXIS2_PLACEMENT_3D('',#4449,#4450,#4451);
#4454=CARTESIAN_POINT('',(-1.27E1,-1.2827E0,-1.01346E1));
#4455=DIRECTION('',(0.E0,0.E0,-1.E0));
#4456=DIRECTION('',(-1.E0,0.E0,0.E0));
#4457=AXIS2_PLACEMENT_3D('',#4454,#4455,#4456);
#4459=CARTESIAN_POINT('',(-1.27E1,1.2573E0,-1.01346E1));
#4460=DIRECTION('',(0.E0,0.E0,-1.E0));
#4461=DIRECTION('',(1.E0,0.E0,0.E0));
#4462=AXIS2_PLACEMENT_3D('',#4459,#4460,#4461);
#4464=CARTESIAN_POINT('',(-1.27E1,1.2573E0,-1.01346E1));
#4465=DIRECTION('',(0.E0,0.E0,-1.E0));
#4466=DIRECTION('',(-1.E0,0.E0,0.E0));
#4467=AXIS2_PLACEMENT_3D('',#4464,#4465,#4466);
#4469=DIRECTION('',(0.E0,0.E0,-1.E0));
#4470=VECTOR('',#4469,2.794E0);
#4471=CARTESIAN_POINT('',(-1.23825E1,1.2573E0,-7.3406E0));
#4472=LINE('',#4471,#4470);
#4473=DIRECTION('',(0.E0,0.E0,-1.E0));
#4474=VECTOR('',#4473,2.794E0);
#4475=CARTESIAN_POINT('',(-1.30175E1,1.2573E0,-7.3406E0));
#4476=LINE('',#4475,#4474);
#4477=DIRECTION('',(0.E0,0.E0,-1.E0));
#4478=VECTOR('',#4477,2.794E0);
#4479=CARTESIAN_POINT('',(-9.8425E0,-1.2827E0,-7.3406E0));
#4480=LINE('',#4479,#4478);
#4481=DIRECTION('',(0.E0,0.E0,-1.E0));
#4482=VECTOR('',#4481,2.794E0);
#4483=CARTESIAN_POINT('',(-1.04775E1,-1.2827E0,-7.3406E0));
#4484=LINE('',#4483,#4482);
#4485=CARTESIAN_POINT('',(-1.016E1,-1.2827E0,-1.01346E1));
#4486=DIRECTION('',(0.E0,0.E0,-1.E0));
#4487=DIRECTION('',(1.E0,0.E0,0.E0));
#4488=AXIS2_PLACEMENT_3D('',#4485,#4486,#4487);
#4490=CARTESIAN_POINT('',(-1.016E1,-1.2827E0,-1.01346E1));
#4491=DIRECTION('',(0.E0,0.E0,-1.E0));
#4492=DIRECTION('',(-1.E0,0.E0,0.E0));
#4493=AXIS2_PLACEMENT_3D('',#4490,#4491,#4492);
#4495=CARTESIAN_POINT('',(-1.016E1,1.2573E0,-1.01346E1));
#4496=DIRECTION('',(0.E0,0.E0,-1.E0));
#4497=DIRECTION('',(1.E0,0.E0,0.E0));
#4498=AXIS2_PLACEMENT_3D('',#4495,#4496,#4497);
#4500=CARTESIAN_POINT('',(-1.016E1,1.2573E0,-1.01346E1));
#4501=DIRECTION('',(0.E0,0.E0,-1.E0));
#4502=DIRECTION('',(-1.E0,0.E0,0.E0));
#4503=AXIS2_PLACEMENT_3D('',#4500,#4501,#4502);
#4505=DIRECTION('',(0.E0,0.E0,-1.E0));
#4506=VECTOR('',#4505,2.794E0);
#4507=CARTESIAN_POINT('',(-9.8425E0,1.2573E0,-7.3406E0));
#4508=LINE('',#4507,#4506);
#4509=DIRECTION('',(0.E0,0.E0,-1.E0));
#4510=VECTOR('',#4509,2.794E0);
#4511=CARTESIAN_POINT('',(-1.04775E1,1.2573E0,-7.3406E0));
#4512=LINE('',#4511,#4510);
#4513=DIRECTION('',(0.E0,0.E0,-1.E0));
#4514=VECTOR('',#4513,2.794E0);
#4515=CARTESIAN_POINT('',(-7.3025E0,-1.2827E0,-7.3406E0));
#4516=LINE('',#4515,#4514);
#4517=DIRECTION('',(0.E0,0.E0,-1.E0));
#4518=VECTOR('',#4517,2.794E0);
#4519=CARTESIAN_POINT('',(-7.9375E0,-1.2827E0,-7.3406E0));
#4520=LINE('',#4519,#4518);
#4521=CARTESIAN_POINT('',(-7.62E0,-1.2827E0,-1.01346E1));
#4522=DIRECTION('',(0.E0,0.E0,-1.E0));
#4523=DIRECTION('',(1.E0,0.E0,0.E0));
#4524=AXIS2_PLACEMENT_3D('',#4521,#4522,#4523);
#4526=CARTESIAN_POINT('',(-7.62E0,-1.2827E0,-1.01346E1));
#4527=DIRECTION('',(0.E0,0.E0,-1.E0));
#4528=DIRECTION('',(-1.E0,0.E0,0.E0));
#4529=AXIS2_PLACEMENT_3D('',#4526,#4527,#4528);
#4531=CARTESIAN_POINT('',(-7.62E0,1.2573E0,-1.01346E1));
#4532=DIRECTION('',(0.E0,0.E0,-1.E0));
#4533=DIRECTION('',(1.E0,0.E0,0.E0));
#4534=AXIS2_PLACEMENT_3D('',#4531,#4532,#4533);
#4536=CARTESIAN_POINT('',(-7.62E0,1.2573E0,-1.01346E1));
#4537=DIRECTION('',(0.E0,0.E0,-1.E0));
#4538=DIRECTION('',(-1.E0,0.E0,0.E0));
#4539=AXIS2_PLACEMENT_3D('',#4536,#4537,#4538);
#4541=DIRECTION('',(0.E0,0.E0,-1.E0));
#4542=VECTOR('',#4541,2.794E0);
#4543=CARTESIAN_POINT('',(-7.3025E0,1.2573E0,-7.3406E0));
#4544=LINE('',#4543,#4542);
#4545=DIRECTION('',(0.E0,0.E0,-1.E0));
#4546=VECTOR('',#4545,2.794E0);
#4547=CARTESIAN_POINT('',(-7.9375E0,1.2573E0,-7.3406E0));
#4548=LINE('',#4547,#4546);
#4549=DIRECTION('',(0.E0,0.E0,-1.E0));
#4550=VECTOR('',#4549,2.794E0);
#4551=CARTESIAN_POINT('',(-4.7625E0,-1.2827E0,-7.3406E0));
#4552=LINE('',#4551,#4550);
#4553=DIRECTION('',(0.E0,0.E0,-1.E0));
#4554=VECTOR('',#4553,2.794E0);
#4555=CARTESIAN_POINT('',(-5.3975E0,-1.2827E0,-7.3406E0));
#4556=LINE('',#4555,#4554);
#4557=CARTESIAN_POINT('',(-5.08E0,-1.2827E0,-1.01346E1));
#4558=DIRECTION('',(0.E0,0.E0,-1.E0));
#4559=DIRECTION('',(1.E0,0.E0,0.E0));
#4560=AXIS2_PLACEMENT_3D('',#4557,#4558,#4559);
#4562=CARTESIAN_POINT('',(-5.08E0,-1.2827E0,-1.01346E1));
#4563=DIRECTION('',(0.E0,0.E0,-1.E0));
#4564=DIRECTION('',(-1.E0,0.E0,0.E0));
#4565=AXIS2_PLACEMENT_3D('',#4562,#4563,#4564);
#4567=CARTESIAN_POINT('',(-5.08E0,1.2573E0,-1.01346E1));
#4568=DIRECTION('',(0.E0,0.E0,-1.E0));
#4569=DIRECTION('',(1.E0,0.E0,0.E0));
#4570=AXIS2_PLACEMENT_3D('',#4567,#4568,#4569);
#4572=CARTESIAN_POINT('',(-5.08E0,1.2573E0,-1.01346E1));
#4573=DIRECTION('',(0.E0,0.E0,-1.E0));
#4574=DIRECTION('',(-1.E0,0.E0,0.E0));
#4575=AXIS2_PLACEMENT_3D('',#4572,#4573,#4574);
#4577=DIRECTION('',(0.E0,0.E0,-1.E0));
#4578=VECTOR('',#4577,2.794E0);
#4579=CARTESIAN_POINT('',(-4.7625E0,1.2573E0,-7.3406E0));
#4580=LINE('',#4579,#4578);
#4581=DIRECTION('',(0.E0,0.E0,-1.E0));
#4582=VECTOR('',#4581,2.794E0);
#4583=CARTESIAN_POINT('',(-5.3975E0,1.2573E0,-7.3406E0));
#4584=LINE('',#4583,#4582);
#4585=DIRECTION('',(0.E0,0.E0,-1.E0));
#4586=VECTOR('',#4585,2.794E0);
#4587=CARTESIAN_POINT('',(-2.2225E0,-1.2827E0,-7.3406E0));
#4588=LINE('',#4587,#4586);
#4589=DIRECTION('',(0.E0,0.E0,-1.E0));
#4590=VECTOR('',#4589,2.794E0);
#4591=CARTESIAN_POINT('',(-2.8575E0,-1.2827E0,-7.3406E0));
#4592=LINE('',#4591,#4590);
#4593=CARTESIAN_POINT('',(-2.54E0,-1.2827E0,-1.01346E1));
#4594=DIRECTION('',(0.E0,0.E0,-1.E0));
#4595=DIRECTION('',(1.E0,0.E0,0.E0));
#4596=AXIS2_PLACEMENT_3D('',#4593,#4594,#4595);
#4598=CARTESIAN_POINT('',(-2.54E0,-1.2827E0,-1.01346E1));
#4599=DIRECTION('',(0.E0,0.E0,-1.E0));
#4600=DIRECTION('',(-1.E0,0.E0,0.E0));
#4601=AXIS2_PLACEMENT_3D('',#4598,#4599,#4600);
#4603=CARTESIAN_POINT('',(-2.54E0,1.2573E0,-1.01346E1));
#4604=DIRECTION('',(0.E0,0.E0,-1.E0));
#4605=DIRECTION('',(1.E0,0.E0,0.E0));
#4606=AXIS2_PLACEMENT_3D('',#4603,#4604,#4605);
#4608=CARTESIAN_POINT('',(-2.54E0,1.2573E0,-1.01346E1));
#4609=DIRECTION('',(0.E0,0.E0,-1.E0));
#4610=DIRECTION('',(-1.E0,0.E0,0.E0));
#4611=AXIS2_PLACEMENT_3D('',#4608,#4609,#4610);
#4613=DIRECTION('',(0.E0,0.E0,-1.E0));
#4614=VECTOR('',#4613,2.794E0);
#4615=CARTESIAN_POINT('',(-2.2225E0,1.2573E0,-7.3406E0));
#4616=LINE('',#4615,#4614);
#4617=DIRECTION('',(0.E0,0.E0,-1.E0));
#4618=VECTOR('',#4617,2.794E0);
#4619=CARTESIAN_POINT('',(-2.8575E0,1.2573E0,-7.3406E0));
#4620=LINE('',#4619,#4618);
#4621=DIRECTION('',(0.E0,0.E0,-1.E0));
#4622=VECTOR('',#4621,2.794E0);
#4623=CARTESIAN_POINT('',(3.175E-1,-1.2827E0,-7.3406E0));
#4624=LINE('',#4623,#4622);
#4625=DIRECTION('',(0.E0,0.E0,-1.E0));
#4626=VECTOR('',#4625,2.794E0);
#4627=CARTESIAN_POINT('',(-3.175E-1,-1.2827E0,-7.3406E0));
#4628=LINE('',#4627,#4626);
#4629=CARTESIAN_POINT('',(0.E0,-1.2827E0,-1.01346E1));
#4630=DIRECTION('',(0.E0,0.E0,-1.E0));
#4631=DIRECTION('',(1.E0,0.E0,0.E0));
#4632=AXIS2_PLACEMENT_3D('',#4629,#4630,#4631);
#4634=CARTESIAN_POINT('',(0.E0,-1.2827E0,-1.01346E1));
#4635=DIRECTION('',(0.E0,0.E0,-1.E0));
#4636=DIRECTION('',(-1.E0,0.E0,0.E0));
#4637=AXIS2_PLACEMENT_3D('',#4634,#4635,#4636);
#4639=CARTESIAN_POINT('',(0.E0,1.2573E0,-1.01346E1));
#4640=DIRECTION('',(0.E0,0.E0,-1.E0));
#4641=DIRECTION('',(1.E0,0.E0,0.E0));
#4642=AXIS2_PLACEMENT_3D('',#4639,#4640,#4641);
#4644=CARTESIAN_POINT('',(0.E0,1.2573E0,-1.01346E1));
#4645=DIRECTION('',(0.E0,0.E0,-1.E0));
#4646=DIRECTION('',(-1.E0,0.E0,0.E0));
#4647=AXIS2_PLACEMENT_3D('',#4644,#4645,#4646);
#4649=DIRECTION('',(0.E0,0.E0,-1.E0));
#4650=VECTOR('',#4649,2.794E0);
#4651=CARTESIAN_POINT('',(3.175E-1,1.2573E0,-7.3406E0));
#4652=LINE('',#4651,#4650);
#4653=DIRECTION('',(0.E0,0.E0,-1.E0));
#4654=VECTOR('',#4653,2.794E0);
#4655=CARTESIAN_POINT('',(-3.175E-1,1.2573E0,-7.3406E0));
#4656=LINE('',#4655,#4654);
#4657=DIRECTION('',(0.E0,0.E0,-1.E0));
#4658=VECTOR('',#4657,2.794E0);
#4659=CARTESIAN_POINT('',(2.8575E0,-1.2827E0,-7.3406E0));
#4660=LINE('',#4659,#4658);
#4661=DIRECTION('',(0.E0,0.E0,-1.E0));
#4662=VECTOR('',#4661,2.794E0);
#4663=CARTESIAN_POINT('',(2.2225E0,-1.2827E0,-7.3406E0));
#4664=LINE('',#4663,#4662);
#4665=CARTESIAN_POINT('',(2.54E0,-1.2827E0,-1.01346E1));
#4666=DIRECTION('',(0.E0,0.E0,-1.E0));
#4667=DIRECTION('',(1.E0,0.E0,0.E0));
#4668=AXIS2_PLACEMENT_3D('',#4665,#4666,#4667);
#4670=CARTESIAN_POINT('',(2.54E0,-1.2827E0,-1.01346E1));
#4671=DIRECTION('',(0.E0,0.E0,-1.E0));
#4672=DIRECTION('',(-1.E0,0.E0,0.E0));
#4673=AXIS2_PLACEMENT_3D('',#4670,#4671,#4672);
#4675=CARTESIAN_POINT('',(2.54E0,1.2573E0,-1.01346E1));
#4676=DIRECTION('',(0.E0,0.E0,-1.E0));
#4677=DIRECTION('',(1.E0,0.E0,0.E0));
#4678=AXIS2_PLACEMENT_3D('',#4675,#4676,#4677);
#4680=CARTESIAN_POINT('',(2.54E0,1.2573E0,-1.01346E1));
#4681=DIRECTION('',(0.E0,0.E0,-1.E0));
#4682=DIRECTION('',(-1.E0,0.E0,0.E0));
#4683=AXIS2_PLACEMENT_3D('',#4680,#4681,#4682);
#4685=DIRECTION('',(0.E0,0.E0,-1.E0));
#4686=VECTOR('',#4685,2.794E0);
#4687=CARTESIAN_POINT('',(2.8575E0,1.2573E0,-7.3406E0));
#4688=LINE('',#4687,#4686);
#4689=DIRECTION('',(0.E0,0.E0,-1.E0));
#4690=VECTOR('',#4689,2.794E0);
#4691=CARTESIAN_POINT('',(2.2225E0,1.2573E0,-7.3406E0));
#4692=LINE('',#4691,#4690);
#4693=DIRECTION('',(0.E0,0.E0,-1.E0));
#4694=VECTOR('',#4693,2.794E0);
#4695=CARTESIAN_POINT('',(5.3975E0,-1.2827E0,-7.3406E0));
#4696=LINE('',#4695,#4694);
#4697=DIRECTION('',(0.E0,0.E0,-1.E0));
#4698=VECTOR('',#4697,2.794E0);
#4699=CARTESIAN_POINT('',(4.7625E0,-1.2827E0,-7.3406E0));
#4700=LINE('',#4699,#4698);
#4701=CARTESIAN_POINT('',(5.08E0,-1.2827E0,-1.01346E1));
#4702=DIRECTION('',(0.E0,0.E0,-1.E0));
#4703=DIRECTION('',(1.E0,0.E0,0.E0));
#4704=AXIS2_PLACEMENT_3D('',#4701,#4702,#4703);
#4706=CARTESIAN_POINT('',(5.08E0,-1.2827E0,-1.01346E1));
#4707=DIRECTION('',(0.E0,0.E0,-1.E0));
#4708=DIRECTION('',(-1.E0,0.E0,0.E0));
#4709=AXIS2_PLACEMENT_3D('',#4706,#4707,#4708);
#4711=CARTESIAN_POINT('',(5.08E0,1.2573E0,-1.01346E1));
#4712=DIRECTION('',(0.E0,0.E0,-1.E0));
#4713=DIRECTION('',(1.E0,0.E0,0.E0));
#4714=AXIS2_PLACEMENT_3D('',#4711,#4712,#4713);
#4716=CARTESIAN_POINT('',(5.08E0,1.2573E0,-1.01346E1));
#4717=DIRECTION('',(0.E0,0.E0,-1.E0));
#4718=DIRECTION('',(-1.E0,0.E0,0.E0));
#4719=AXIS2_PLACEMENT_3D('',#4716,#4717,#4718);
#4721=DIRECTION('',(0.E0,0.E0,-1.E0));
#4722=VECTOR('',#4721,2.794E0);
#4723=CARTESIAN_POINT('',(5.3975E0,1.2573E0,-7.3406E0));
#4724=LINE('',#4723,#4722);
#4725=DIRECTION('',(0.E0,0.E0,-1.E0));
#4726=VECTOR('',#4725,2.794E0);
#4727=CARTESIAN_POINT('',(4.7625E0,1.2573E0,-7.3406E0));
#4728=LINE('',#4727,#4726);
#4729=DIRECTION('',(0.E0,0.E0,-1.E0));
#4730=VECTOR('',#4729,2.794E0);
#4731=CARTESIAN_POINT('',(7.9375E0,-1.2827E0,-7.3406E0));
#4732=LINE('',#4731,#4730);
#4733=DIRECTION('',(0.E0,0.E0,-1.E0));
#4734=VECTOR('',#4733,2.794E0);
#4735=CARTESIAN_POINT('',(7.3025E0,-1.2827E0,-7.3406E0));
#4736=LINE('',#4735,#4734);
#4737=CARTESIAN_POINT('',(7.62E0,-1.2827E0,-1.01346E1));
#4738=DIRECTION('',(0.E0,0.E0,-1.E0));
#4739=DIRECTION('',(1.E0,0.E0,0.E0));
#4740=AXIS2_PLACEMENT_3D('',#4737,#4738,#4739);
#4742=CARTESIAN_POINT('',(7.62E0,-1.2827E0,-1.01346E1));
#4743=DIRECTION('',(0.E0,0.E0,-1.E0));
#4744=DIRECTION('',(-1.E0,0.E0,0.E0));
#4745=AXIS2_PLACEMENT_3D('',#4742,#4743,#4744);
#4747=CARTESIAN_POINT('',(7.62E0,1.2573E0,-1.01346E1));
#4748=DIRECTION('',(0.E0,0.E0,-1.E0));
#4749=DIRECTION('',(1.E0,0.E0,0.E0));
#4750=AXIS2_PLACEMENT_3D('',#4747,#4748,#4749);
#4752=CARTESIAN_POINT('',(7.62E0,1.2573E0,-1.01346E1));
#4753=DIRECTION('',(0.E0,0.E0,-1.E0));
#4754=DIRECTION('',(-1.E0,0.E0,0.E0));
#4755=AXIS2_PLACEMENT_3D('',#4752,#4753,#4754);
#4757=DIRECTION('',(0.E0,0.E0,-1.E0));
#4758=VECTOR('',#4757,2.794E0);
#4759=CARTESIAN_POINT('',(7.9375E0,1.2573E0,-7.3406E0));
#4760=LINE('',#4759,#4758);
#4761=DIRECTION('',(0.E0,0.E0,-1.E0));
#4762=VECTOR('',#4761,2.794E0);
#4763=CARTESIAN_POINT('',(7.3025E0,1.2573E0,-7.3406E0));
#4764=LINE('',#4763,#4762);
#4765=DIRECTION('',(0.E0,0.E0,-1.E0));
#4766=VECTOR('',#4765,2.794E0);
#4767=CARTESIAN_POINT('',(1.04775E1,-1.2827E0,-7.3406E0));
#4768=LINE('',#4767,#4766);
#4769=DIRECTION('',(0.E0,0.E0,-1.E0));
#4770=VECTOR('',#4769,2.794E0);
#4771=CARTESIAN_POINT('',(9.8425E0,-1.2827E0,-7.3406E0));
#4772=LINE('',#4771,#4770);
#4773=CARTESIAN_POINT('',(1.016E1,-1.2827E0,-1.01346E1));
#4774=DIRECTION('',(0.E0,0.E0,-1.E0));
#4775=DIRECTION('',(1.E0,0.E0,0.E0));
#4776=AXIS2_PLACEMENT_3D('',#4773,#4774,#4775);
#4778=CARTESIAN_POINT('',(1.016E1,-1.2827E0,-1.01346E1));
#4779=DIRECTION('',(0.E0,0.E0,-1.E0));
#4780=DIRECTION('',(-1.E0,0.E0,0.E0));
#4781=AXIS2_PLACEMENT_3D('',#4778,#4779,#4780);
#4783=CARTESIAN_POINT('',(1.016E1,1.2573E0,-1.01346E1));
#4784=DIRECTION('',(0.E0,0.E0,-1.E0));
#4785=DIRECTION('',(1.E0,0.E0,0.E0));
#4786=AXIS2_PLACEMENT_3D('',#4783,#4784,#4785);
#4788=CARTESIAN_POINT('',(1.016E1,1.2573E0,-1.01346E1));
#4789=DIRECTION('',(0.E0,0.E0,-1.E0));
#4790=DIRECTION('',(-1.E0,0.E0,0.E0));
#4791=AXIS2_PLACEMENT_3D('',#4788,#4789,#4790);
#4793=DIRECTION('',(0.E0,0.E0,-1.E0));
#4794=VECTOR('',#4793,2.794E0);
#4795=CARTESIAN_POINT('',(1.04775E1,1.2573E0,-7.3406E0));
#4796=LINE('',#4795,#4794);
#4797=DIRECTION('',(0.E0,0.E0,-1.E0));
#4798=VECTOR('',#4797,2.794E0);
#4799=CARTESIAN_POINT('',(9.8425E0,1.2573E0,-7.3406E0));
#4800=LINE('',#4799,#4798);
#4801=DIRECTION('',(0.E0,0.E0,-1.E0));
#4802=VECTOR('',#4801,2.794E0);
#4803=CARTESIAN_POINT('',(1.30175E1,-1.2827E0,-7.3406E0));
#4804=LINE('',#4803,#4802);
#4805=DIRECTION('',(0.E0,0.E0,-1.E0));
#4806=VECTOR('',#4805,2.794E0);
#4807=CARTESIAN_POINT('',(1.23825E1,-1.2827E0,-7.3406E0));
#4808=LINE('',#4807,#4806);
#4809=CARTESIAN_POINT('',(1.27E1,-1.2827E0,-1.01346E1));
#4810=DIRECTION('',(0.E0,0.E0,-1.E0));
#4811=DIRECTION('',(1.E0,0.E0,0.E0));
#4812=AXIS2_PLACEMENT_3D('',#4809,#4810,#4811);
#4814=CARTESIAN_POINT('',(1.27E1,-1.2827E0,-1.01346E1));
#4815=DIRECTION('',(0.E0,0.E0,-1.E0));
#4816=DIRECTION('',(-1.E0,0.E0,0.E0));
#4817=AXIS2_PLACEMENT_3D('',#4814,#4815,#4816);
#4819=CARTESIAN_POINT('',(1.27E1,1.2573E0,-1.01346E1));
#4820=DIRECTION('',(0.E0,0.E0,-1.E0));
#4821=DIRECTION('',(1.E0,0.E0,0.E0));
#4822=AXIS2_PLACEMENT_3D('',#4819,#4820,#4821);
#4824=CARTESIAN_POINT('',(1.27E1,1.2573E0,-1.01346E1));
#4825=DIRECTION('',(0.E0,0.E0,-1.E0));
#4826=DIRECTION('',(-1.E0,0.E0,0.E0));
#4827=AXIS2_PLACEMENT_3D('',#4824,#4825,#4826);
#4829=DIRECTION('',(0.E0,0.E0,-1.E0));
#4830=VECTOR('',#4829,2.794E0);
#4831=CARTESIAN_POINT('',(1.30175E1,1.2573E0,-7.3406E0));
#4832=LINE('',#4831,#4830);
#4833=DIRECTION('',(0.E0,0.E0,-1.E0));
#4834=VECTOR('',#4833,2.794E0);
#4835=CARTESIAN_POINT('',(1.23825E1,1.2573E0,-7.3406E0));
#4836=LINE('',#4835,#4834);
#4837=DIRECTION('',(0.E0,0.E0,-1.E0));
#4838=VECTOR('',#4837,2.794E0);
#4839=CARTESIAN_POINT('',(1.55575E1,-1.2827E0,-7.3406E0));
#4840=LINE('',#4839,#4838);
#4841=DIRECTION('',(0.E0,0.E0,-1.E0));
#4842=VECTOR('',#4841,2.794E0);
#4843=CARTESIAN_POINT('',(1.49225E1,-1.2827E0,-7.3406E0));
#4844=LINE('',#4843,#4842);
#4845=CARTESIAN_POINT('',(1.524E1,-1.2827E0,-1.01346E1));
#4846=DIRECTION('',(0.E0,0.E0,-1.E0));
#4847=DIRECTION('',(1.E0,0.E0,0.E0));
#4848=AXIS2_PLACEMENT_3D('',#4845,#4846,#4847);
#4850=CARTESIAN_POINT('',(1.524E1,-1.2827E0,-1.01346E1));
#4851=DIRECTION('',(0.E0,0.E0,-1.E0));
#4852=DIRECTION('',(-1.E0,0.E0,0.E0));
#4853=AXIS2_PLACEMENT_3D('',#4850,#4851,#4852);
#4855=CARTESIAN_POINT('',(1.524E1,1.2573E0,-1.01346E1));
#4856=DIRECTION('',(0.E0,0.E0,-1.E0));
#4857=DIRECTION('',(1.E0,0.E0,0.E0));
#4858=AXIS2_PLACEMENT_3D('',#4855,#4856,#4857);
#4860=CARTESIAN_POINT('',(1.524E1,1.2573E0,-1.01346E1));
#4861=DIRECTION('',(0.E0,0.E0,-1.E0));
#4862=DIRECTION('',(-1.E0,0.E0,0.E0));
#4863=AXIS2_PLACEMENT_3D('',#4860,#4861,#4862);
#4865=DIRECTION('',(0.E0,0.E0,-1.E0));
#4866=VECTOR('',#4865,2.794E0);
#4867=CARTESIAN_POINT('',(1.55575E1,1.2573E0,-7.3406E0));
#4868=LINE('',#4867,#4866);
#4869=DIRECTION('',(0.E0,0.E0,-1.E0));
#4870=VECTOR('',#4869,2.794E0);
#4871=CARTESIAN_POINT('',(1.49225E1,1.2573E0,-7.3406E0));
#4872=LINE('',#4871,#4870);
#4873=CARTESIAN_POINT('',(-2.1082E1,-1.85E0,-4.5974E0));
#4874=DIRECTION('',(0.E0,-1.E0,0.E0));
#4875=DIRECTION('',(-1.E0,0.E0,0.E0));
#4876=AXIS2_PLACEMENT_3D('',#4873,#4874,#4875);
#4878=DIRECTION('',(0.E0,-1.E0,0.E0));
#4879=VECTOR('',#4878,5.757E-1);
#4880=CARTESIAN_POINT('',(-1.98628E1,-1.85E0,-4.5974E0));
#4881=LINE('',#4880,#4879);
#4882=CARTESIAN_POINT('',(-2.1082E1,-2.4257E0,-4.5974E0));
#4883=DIRECTION('',(0.E0,-1.E0,0.E0));
#4884=DIRECTION('',(-1.E0,0.E0,0.E0));
#4885=AXIS2_PLACEMENT_3D('',#4882,#4883,#4884);
#4887=CARTESIAN_POINT('',(-2.1082E1,3.E0,-4.5974E0));
#4888=DIRECTION('',(0.E0,-1.E0,0.E0));
#4889=DIRECTION('',(-1.E0,0.E0,0.E0));
#4890=AXIS2_PLACEMENT_3D('',#4887,#4888,#4889);
#4892=DIRECTION('',(0.E0,-1.E0,0.E0));
#4893=VECTOR('',#4892,1.0005E0);
#4894=CARTESIAN_POINT('',(-1.98628E1,4.0005E0,-4.5974E0));
#4895=LINE('',#4894,#4893);
#4896=CARTESIAN_POINT('',(-2.1082E1,-1.85E0,-4.5974E0));
#4897=DIRECTION('',(0.E0,-1.E0,0.E0));
#4898=DIRECTION('',(1.E0,0.E0,0.E0));
#4899=AXIS2_PLACEMENT_3D('',#4896,#4897,#4898);
#4901=DIRECTION('',(0.E0,-1.E0,0.E0));
#4902=VECTOR('',#4901,5.757E-1);
#4903=CARTESIAN_POINT('',(-2.23012E1,-1.85E0,-4.5974E0));
#4904=LINE('',#4903,#4902);
#4905=CARTESIAN_POINT('',(-2.1082E1,-2.4257E0,-4.5974E0));
#4906=DIRECTION('',(0.E0,-1.E0,0.E0));
#4907=DIRECTION('',(1.E0,0.E0,0.E0));
#4908=AXIS2_PLACEMENT_3D('',#4905,#4906,#4907);
#4910=CARTESIAN_POINT('',(-2.1082E1,3.E0,-4.5974E0));
#4911=DIRECTION('',(0.E0,-1.E0,0.E0));
#4912=DIRECTION('',(1.E0,0.E0,0.E0));
#4913=AXIS2_PLACEMENT_3D('',#4910,#4911,#4912);
#4915=DIRECTION('',(0.E0,-1.E0,0.E0));
#4916=VECTOR('',#4915,1.0005E0);
#4917=CARTESIAN_POINT('',(-2.23012E1,4.0005E0,-4.5974E0));
#4918=LINE('',#4917,#4916);
#4919=DIRECTION('',(-7.071067811865E-1,-7.071067811865E-1,0.E0));
#4920=VECTOR('',#4919,7.543415141698E-1);
#4921=CARTESIAN_POINT('',(0.E0,4.5339E0,6.35E0));
#4922=LINE('',#4921,#4920);
#4923=DIRECTION('',(-7.071067811865E-1,7.071067811865E-1,0.E0));
#4924=VECTOR('',#4923,7.543415141698E-1);
#4925=CARTESIAN_POINT('',(5.334E-1,4.0005E0,6.35E0));
#4926=LINE('',#4925,#4924);
#4927=DIRECTION('',(0.E0,0.E0,-1.E0));
#4928=VECTOR('',#4927,8.8646E0);
#4929=CARTESIAN_POINT('',(0.E0,4.5339E0,6.35E0));
#4930=LINE('',#4929,#4928);
#4931=DIRECTION('',(-7.071067811865E-1,7.071067811865E-1,0.E0));
#4932=VECTOR('',#4931,7.543415141698E-1);
#4933=CARTESIAN_POINT('',(5.334E-1,4.0005E0,-2.5146E0));
#4934=LINE('',#4933,#4932);
#4935=DIRECTION('',(-7.071067811865E-1,-7.071067811865E-1,0.E0));
#4936=VECTOR('',#4935,7.543415141698E-1);
#4937=CARTESIAN_POINT('',(0.E0,4.5339E0,-2.5146E0));
#4938=LINE('',#4937,#4936);
#4939=DIRECTION('',(2.538981284121E-1,0.E0,9.672309653794E-1));
#4940=VECTOR('',#4939,5.252106458365E0);
#4941=CARTESIAN_POINT('',(-1.98755E1,-3.6957E0,1.524E0));
#4942=LINE('',#4941,#4940);
#4943=DIRECTION('',(2.538981284121E-1,0.E0,-9.672309653794E-1));
#4944=VECTOR('',#4943,5.252106458365E0);
#4945=CARTESIAN_POINT('',(-2.1209E1,-3.6957E0,6.604E0));
#4946=LINE('',#4945,#4944);
#4947=DIRECTION('',(0.E0,1.E0,0.E0));
#4948=VECTOR('',#4947,3.048E-1);
#4949=CARTESIAN_POINT('',(-1.98755E1,-4.0005E0,1.524E0));
#4950=LINE('',#4949,#4948);
#4951=CARTESIAN_POINT('',(-2.1336E1,1.076854166667E-1,5.6134E0));
#4952=DIRECTION('',(1.E0,0.E0,0.E0));
#4953=DIRECTION('',(0.E0,9.422362810291E-1,-3.349489374703E-1));
#4954=AXIS2_PLACEMENT_3D('',#4951,#4952,#4953);
#4956=DIRECTION('',(0.E0,1.E0,0.E0));
#4957=VECTOR('',#4956,5.08E-1);
#4958=CARTESIAN_POINT('',(-2.1336E1,1.8415E0,2.1844E0));
#4959=LINE('',#4958,#4957);
#4960=DIRECTION('',(0.E0,-2.588190451025E-1,-9.659258262891E-1));
#4961=VECTOR('',#4960,2.866265633083E0);
#4962=CARTESIAN_POINT('',(-2.1336E1,3.091344134165E0,6.604E0));
#4963=LINE('',#4962,#4961);
#4964=DIRECTION('',(0.E0,-1.E0,0.E0));
#4965=VECTOR('',#4964,1.249844134165E0);
#4966=CARTESIAN_POINT('',(-2.1336E1,3.091344134165E0,6.604E0));
#4967=LINE('',#4966,#4965);
#4968=CARTESIAN_POINT('',(-2.1336E1,-1.076854166667E-1,5.6134E0));
#4969=DIRECTION('',(1.E0,0.E0,0.E0));
#4970=DIRECTION('',(0.E0,-9.422362810291E-1,3.349489374703E-1));
#4971=AXIS2_PLACEMENT_3D('',#4968,#4969,#4970);
#4973=DIRECTION('',(0.E0,-1.E0,0.E0));
#4974=VECTOR('',#4973,1.249844134165E0);
#4975=CARTESIAN_POINT('',(-2.1336E1,-1.8415E0,6.604E0));
#4976=LINE('',#4975,#4974);
#4977=DIRECTION('',(0.E0,-2.588190451025E-1,9.659258262891E-1));
#4978=VECTOR('',#4977,2.866265633083E0);
#4979=CARTESIAN_POINT('',(-2.1336E1,-2.3495E0,3.8354E0));
#4980=LINE('',#4979,#4978);
#4981=DIRECTION('',(0.E0,1.E0,0.E0));
#4982=VECTOR('',#4981,5.08E-1);
#4983=CARTESIAN_POINT('',(-2.1336E1,-2.3495E0,2.1844E0));
#4984=LINE('',#4983,#4982);
#4985=CARTESIAN_POINT('',(-2.205369612267E1,1.076854166667E-1,5.6134E0));
#4986=DIRECTION('',(-1.E0,0.E0,-1.969414489327E-14));
#4987=DIRECTION('',(-1.079242807110E-14,8.456798392498E-1,5.336905559277E-1));
#4988=AXIS2_PLACEMENT_3D('',#4985,#4986,#4987);
#4990=CARTESIAN_POINT('',(-2.205369612267E1,1.076854166667E-1,5.6134E0));
#4991=DIRECTION('',(1.E0,0.E0,1.981660957318E-14));
#4992=DIRECTION('',(1.079242807110E-14,8.456798392498E-1,-5.336905559277E-1));
#4993=AXIS2_PLACEMENT_3D('',#4990,#4991,#4992);
#4995=DIRECTION('',(0.E0,1.E0,0.E0));
#4996=VECTOR('',#4995,5.08E-1);
#4997=CARTESIAN_POINT('',(-2.3114E1,-2.3495E0,2.1844E0));
#4998=LINE('',#4997,#4996);
#4999=DIRECTION('',(0.E0,1.E0,0.E0));
#5000=VECTOR('',#4999,5.08E-1);
#5001=CARTESIAN_POINT('',(-2.3114E1,1.8415E0,2.1844E0));
#5002=LINE('',#5001,#5000);
#5003=DIRECTION('',(0.E0,0.E0,-1.E0));
#5004=VECTOR('',#5003,1.651E0);
#5005=CARTESIAN_POINT('',(2.1336E1,-2.3495E0,3.8354E0));
#5006=LINE('',#5005,#5004);
#5007=CARTESIAN_POINT('',(2.2225E1,-2.3495E0,2.1844E0));
#5008=DIRECTION('',(0.E0,-1.E0,0.E0));
#5009=DIRECTION('',(-1.E0,0.E0,2.547643386091E-14));
#5010=AXIS2_PLACEMENT_3D('',#5007,#5008,#5009);
#5012=DIRECTION('',(0.E0,0.E0,1.E0));
#5013=VECTOR('',#5012,1.651E0);
#5014=CARTESIAN_POINT('',(2.3114E1,-2.3495E0,2.1844E0));
#5015=LINE('',#5014,#5013);
#5016=DIRECTION('',(-1.E0,0.E0,0.E0));
#5017=VECTOR('',#5016,1.778E0);
#5018=CARTESIAN_POINT('',(2.3114E1,-2.3495E0,3.8354E0));
#5019=LINE('',#5018,#5017);
#5020=DIRECTION('',(0.E0,0.E0,-1.E0));
#5021=VECTOR('',#5020,1.651E0);
#5022=CARTESIAN_POINT('',(-2.3114E1,-2.3495E0,3.8354E0));
#5023=LINE('',#5022,#5021);
#5024=CARTESIAN_POINT('',(-2.2225E1,-2.3495E0,2.1844E0));
#5025=DIRECTION('',(0.E0,-1.E0,0.E0));
#5026=DIRECTION('',(-1.E0,0.E0,0.E0));
#5027=AXIS2_PLACEMENT_3D('',#5024,#5025,#5026);
#5029=DIRECTION('',(0.E0,0.E0,1.E0));
#5030=VECTOR('',#5029,1.651E0);
#5031=CARTESIAN_POINT('',(-2.1336E1,-2.3495E0,2.1844E0));
#5032=LINE('',#5031,#5030);
#5033=DIRECTION('',(1.E0,0.E0,0.E0));
#5034=VECTOR('',#5033,1.778E0);
#5035=CARTESIAN_POINT('',(-2.3114E1,-2.3495E0,3.8354E0));
#5036=LINE('',#5035,#5034);
#5037=DIRECTION('',(0.E0,1.E0,0.E0));
#5038=VECTOR('',#5037,5.08E-1);
#5039=CARTESIAN_POINT('',(2.1336E1,-2.3495E0,2.1844E0));
#5040=LINE('',#5039,#5038);
#5041=DIRECTION('',(0.E0,1.E0,0.E0));
#5042=VECTOR('',#5041,5.08E-1);
#5043=CARTESIAN_POINT('',(2.1336E1,1.8415E0,2.1844E0));
#5044=LINE('',#5043,#5042);
#5045=DIRECTION('',(0.E0,-1.E0,0.E0));
#5046=VECTOR('',#5045,1.249844134165E0);
#5047=CARTESIAN_POINT('',(2.3114E1,-1.8415E0,6.604E0));
#5048=LINE('',#5047,#5046);
#5049=DIRECTION('',(0.E0,2.588190451025E-1,-9.659258262891E-1));
#5050=VECTOR('',#5049,2.866265633083E0);
#5051=CARTESIAN_POINT('',(2.3114E1,-3.091344134165E0,6.604E0));
#5052=LINE('',#5051,#5050);
#5053=DIRECTION('',(0.E0,1.E0,0.E0));
#5054=VECTOR('',#5053,5.08E-1);
#5055=CARTESIAN_POINT('',(2.3114E1,-2.3495E0,2.1844E0));
#5056=LINE('',#5055,#5054);
#5057=DIRECTION('',(0.E0,2.588190451025E-1,9.659258262891E-1));
#5058=VECTOR('',#5057,2.866265633083E0);
#5059=CARTESIAN_POINT('',(2.3114E1,2.3495E0,3.8354E0));
#5060=LINE('',#5059,#5058);
#5061=DIRECTION('',(0.E0,-1.E0,0.E0));
#5062=VECTOR('',#5061,1.249844134165E0);
#5063=CARTESIAN_POINT('',(2.3114E1,3.091344134165E0,6.604E0));
#5064=LINE('',#5063,#5062);
#5065=DIRECTION('',(0.E0,1.E0,0.E0));
#5066=VECTOR('',#5065,5.08E-1);
#5067=CARTESIAN_POINT('',(2.3114E1,1.8415E0,2.1844E0));
#5068=LINE('',#5067,#5066);
#5069=DIRECTION('',(0.E0,0.E0,-1.E0));
#5070=VECTOR('',#5069,1.651E0);
#5071=CARTESIAN_POINT('',(2.1336E1,2.3495E0,3.8354E0));
#5072=LINE('',#5071,#5070);
#5073=DIRECTION('',(-1.E0,0.E0,0.E0));
#5074=VECTOR('',#5073,1.778E0);
#5075=CARTESIAN_POINT('',(2.3114E1,2.3495E0,3.8354E0));
#5076=LINE('',#5075,#5074);
#5077=DIRECTION('',(0.E0,0.E0,1.E0));
#5078=VECTOR('',#5077,1.651E0);
#5079=CARTESIAN_POINT('',(2.3114E1,2.3495E0,2.1844E0));
#5080=LINE('',#5079,#5078);
#5081=CARTESIAN_POINT('',(2.2225E1,2.3495E0,2.1844E0));
#5082=DIRECTION('',(0.E0,-1.E0,0.E0));
#5083=DIRECTION('',(-1.E0,0.E0,2.547643386091E-14));
#5084=AXIS2_PLACEMENT_3D('',#5081,#5082,#5083);
#5086=DIRECTION('',(0.E0,0.E0,-1.E0));
#5087=VECTOR('',#5086,1.651E0);
#5088=CARTESIAN_POINT('',(-2.3114E1,2.3495E0,3.8354E0));
#5089=LINE('',#5088,#5087);
#5090=DIRECTION('',(1.E0,0.E0,0.E0));
#5091=VECTOR('',#5090,1.778E0);
#5092=CARTESIAN_POINT('',(-2.3114E1,2.3495E0,3.8354E0));
#5093=LINE('',#5092,#5091);
#5094=DIRECTION('',(0.E0,0.E0,1.E0));
#5095=VECTOR('',#5094,1.651E0);
#5096=CARTESIAN_POINT('',(-2.1336E1,2.3495E0,2.1844E0));
#5097=LINE('',#5096,#5095);
#5098=CARTESIAN_POINT('',(-2.2225E1,2.3495E0,2.1844E0));
#5099=DIRECTION('',(0.E0,-1.E0,0.E0));
#5100=DIRECTION('',(-1.E0,0.E0,0.E0));
#5101=AXIS2_PLACEMENT_3D('',#5098,#5099,#5100);
#5103=DIRECTION('',(0.E0,-2.588190451025E-1,9.659258262891E-1));
#5104=VECTOR('',#5103,2.866265633083E0);
#5105=CARTESIAN_POINT('',(-2.3114E1,-2.3495E0,3.8354E0));
#5106=LINE('',#5105,#5104);
#5107=DIRECTION('',(0.E0,1.E0,0.E0));
#5108=VECTOR('',#5107,1.249844134165E0);
#5109=CARTESIAN_POINT('',(-2.3114E1,-3.091344134165E0,6.604E0));
#5110=LINE('',#5109,#5108);
#5111=DIRECTION('',(0.E0,1.E0,0.E0));
#5112=VECTOR('',#5111,1.249844134165E0);
#5113=CARTESIAN_POINT('',(-2.3114E1,1.8415E0,6.604E0));
#5114=LINE('',#5113,#5112);
#5115=DIRECTION('',(0.E0,-2.588190451025E-1,-9.659258262891E-1));
#5116=VECTOR('',#5115,2.866265633083E0);
#5117=CARTESIAN_POINT('',(-2.3114E1,3.091344134165E0,6.604E0));
#5118=LINE('',#5117,#5116);
#5119=CARTESIAN_POINT('',(-2.205369612267E1,-1.076854166667E-1,5.6134E0));
#5120=DIRECTION('',(1.E0,0.E0,1.981660957318E-14));
#5121=DIRECTION('',(0.E0,-1.E0,0.E0));
#5122=AXIS2_PLACEMENT_3D('',#5119,#5120,#5121);
#5124=CARTESIAN_POINT('',(-2.205369612267E1,-1.076854166667E-1,5.6134E0));
#5125=DIRECTION('',(-1.E0,0.E0,-1.969414489327E-14));
#5126=DIRECTION('',(0.E0,-1.E0,0.E0));
#5127=AXIS2_PLACEMENT_3D('',#5124,#5125,#5126);
#5129=CARTESIAN_POINT('',(2.205369612267E1,-1.076854166667E-1,5.6134E0));
#5130=DIRECTION('',(1.E0,0.E0,-1.969414489327E-14));
#5131=DIRECTION('',(1.079242807110E-14,-8.456798392498E-1,5.336905559277E-1));
#5132=AXIS2_PLACEMENT_3D('',#5129,#5130,#5131);
#5134=CARTESIAN_POINT('',(2.205369612267E1,-1.076854166667E-1,5.6134E0));
#5135=DIRECTION('',(-1.E0,0.E0,1.981660957318E-14));
#5136=DIRECTION('',(-1.079242807110E-14,-8.456798392498E-1,-5.336905559277E-1));
#5137=AXIS2_PLACEMENT_3D('',#5134,#5135,#5136);
#5139=CARTESIAN_POINT('',(-2.6162E1,4.0005E0,1.521615173907E-14));
#5140=CARTESIAN_POINT('',(-2.6162E1,4.0005E0,-7.3406E0));
#5141=VERTEX_POINT('',#5139);
#5142=VERTEX_POINT('',#5140);
#5143=CARTESIAN_POINT('',(2.6162E1,4.0005E0,-7.3406E0));
#5144=CARTESIAN_POINT('',(2.6162E1,4.0005E0,1.509903313490E-14));
#5145=VERTEX_POINT('',#5143);
#5146=VERTEX_POINT('',#5144);
#5147=CARTESIAN_POINT('',(-2.6162E1,-4.0005E0,1.521615173907E-14));
#5148=CARTESIAN_POINT('',(-2.6162E1,-4.0005E0,-7.3406E0));
#5149=VERTEX_POINT('',#5147);
#5150=VERTEX_POINT('',#5148);
#5151=CARTESIAN_POINT('',(2.6162E1,-4.0005E0,-7.3406E0));
#5152=CARTESIAN_POINT('',(2.6162E1,-4.0005E0,1.509903313490E-14));
#5153=VERTEX_POINT('',#5151);
#5154=VERTEX_POINT('',#5152);
#5155=CARTESIAN_POINT('',(-2.0955E0,-2.8575E0,-5.08E-1));
#5156=CARTESIAN_POINT('',(-1.5875E0,-2.8575E0,-1.016E0));
#5157=VERTEX_POINT('',#5155);
#5158=VERTEX_POINT('',#5156);
#5159=CARTESIAN_POINT('',(1.5875E0,-2.8575E0,-1.016E0));
#5160=VERTEX_POINT('',#5159);
#5161=CARTESIAN_POINT('',(2.0955E0,-2.8575E0,-5.08E-1));
#5162=VERTEX_POINT('',#5161);
#5163=CARTESIAN_POINT('',(-2.0955E0,-4.0005E0,6.604E0));
#5164=CARTESIAN_POINT('',(-2.0955E0,-4.0005E0,-5.08E-1));
#5165=VERTEX_POINT('',#5163);
#5166=VERTEX_POINT('',#5164);
#5167=CARTESIAN_POINT('',(-1.5875E0,-4.0005E0,-1.016E0));
#5168=VERTEX_POINT('',#5167);
#5169=CARTESIAN_POINT('',(1.5875E0,-4.0005E0,-1.016E0));
#5170=VERTEX_POINT('',#5169);
#5171=CARTESIAN_POINT('',(2.0955E0,-4.0005E0,-5.08E-1));
#5172=VERTEX_POINT('',#5171);
#5173=CARTESIAN_POINT('',(2.0955E0,-4.0005E0,6.604E0));
#5174=VERTEX_POINT('',#5173);
#5175=CARTESIAN_POINT('',(-2.0955E0,-3.5941E0,6.604E0));
#5176=VERTEX_POINT('',#5175);
#5177=CARTESIAN_POINT('',(2.0955E0,-3.5941E0,6.604E0));
#5178=VERTEX_POINT('',#5177);
#5179=CARTESIAN_POINT('',(-2.0955E0,-3.2131E0,0.E0));
#5180=CARTESIAN_POINT('',(-2.0955E0,-3.2131E0,6.223E0));
#5181=VERTEX_POINT('',#5179);
#5182=VERTEX_POINT('',#5180);
#5183=CARTESIAN_POINT('',(2.0955E0,-3.2131E0,0.E0));
#5184=CARTESIAN_POINT('',(2.0955E0,-3.2131E0,6.223E0));
#5185=VERTEX_POINT('',#5183);
#5186=VERTEX_POINT('',#5184);
#5187=CARTESIAN_POINT('',(-2.0955E0,-2.8575E0,0.E0));
#5188=VERTEX_POINT('',#5187);
#5189=CARTESIAN_POINT('',(2.0955E0,-2.8575E0,0.E0));
#5190=VERTEX_POINT('',#5189);
#5191=CARTESIAN_POINT('',(-1.0033E1,2.8575E0,-5.08E-1));
#5192=CARTESIAN_POINT('',(-1.0541E1,2.8575E0,-1.016E0));
#5193=VERTEX_POINT('',#5191);
#5194=VERTEX_POINT('',#5192);
#5195=CARTESIAN_POINT('',(-1.3716E1,2.8575E0,-1.016E0));
#5196=VERTEX_POINT('',#5195);
#5197=CARTESIAN_POINT('',(-1.4224E1,2.8575E0,-5.08E-1));
#5198=VERTEX_POINT('',#5197);
#5199=CARTESIAN_POINT('',(-1.0033E1,4.0005E0,6.604E0));
#5200=CARTESIAN_POINT('',(-1.0033E1,4.0005E0,-5.08E-1));
#5201=VERTEX_POINT('',#5199);
#5202=VERTEX_POINT('',#5200);
#5203=CARTESIAN_POINT('',(-1.0541E1,4.0005E0,-1.016E0));
#5204=VERTEX_POINT('',#5203);
#5205=CARTESIAN_POINT('',(-1.3716E1,4.0005E0,-1.016E0));
#5206=VERTEX_POINT('',#5205);
#5207=CARTESIAN_POINT('',(-1.4224E1,4.0005E0,-5.08E-1));
#5208=VERTEX_POINT('',#5207);
#5209=CARTESIAN_POINT('',(-1.4224E1,4.0005E0,6.604E0));
#5210=VERTEX_POINT('',#5209);
#5211=CARTESIAN_POINT('',(-1.0033E1,3.5941E0,6.604E0));
#5212=VERTEX_POINT('',#5211);
#5213=CARTESIAN_POINT('',(-1.4224E1,3.5941E0,6.604E0));
#5214=VERTEX_POINT('',#5213);
#5215=CARTESIAN_POINT('',(-1.0033E1,3.2131E0,0.E0));
#5216=CARTESIAN_POINT('',(-1.0033E1,3.2131E0,6.223E0));
#5217=VERTEX_POINT('',#5215);
#5218=VERTEX_POINT('',#5216);
#5219=CARTESIAN_POINT('',(-1.4224E1,3.2131E0,0.E0));
#5220=CARTESIAN_POINT('',(-1.4224E1,3.2131E0,6.223E0));
#5221=VERTEX_POINT('',#5219);
#5222=VERTEX_POINT('',#5220);
#5223=CARTESIAN_POINT('',(-1.905E1,3.2131E0,0.E0));
#5224=VERTEX_POINT('',#5223);
#5225=CARTESIAN_POINT('',(-1.0033E1,2.8575E0,0.E0));
#5226=VERTEX_POINT('',#5225);
#5227=CARTESIAN_POINT('',(-1.4224E1,2.8575E0,0.E0));
#5228=VERTEX_POINT('',#5227);
#5229=CARTESIAN_POINT('',(1.4224E1,2.8575E0,-5.08E-1));
#5230=CARTESIAN_POINT('',(1.3716E1,2.8575E0,-1.016E0));
#5231=VERTEX_POINT('',#5229);
#5232=VERTEX_POINT('',#5230);
#5233=CARTESIAN_POINT('',(1.0541E1,2.8575E0,-1.016E0));
#5234=VERTEX_POINT('',#5233);
#5235=CARTESIAN_POINT('',(1.0033E1,2.8575E0,-5.08E-1));
#5236=VERTEX_POINT('',#5235);
#5237=CARTESIAN_POINT('',(1.4224E1,4.0005E0,6.604E0));
#5238=CARTESIAN_POINT('',(1.4224E1,4.0005E0,-5.08E-1));
#5239=VERTEX_POINT('',#5237);
#5240=VERTEX_POINT('',#5238);
#5241=CARTESIAN_POINT('',(1.3716E1,4.0005E0,-1.016E0));
#5242=VERTEX_POINT('',#5241);
#5243=CARTESIAN_POINT('',(1.0541E1,4.0005E0,-1.016E0));
#5244=VERTEX_POINT('',#5243);
#5245=CARTESIAN_POINT('',(1.0033E1,4.0005E0,-5.08E-1));
#5246=VERTEX_POINT('',#5245);
#5247=CARTESIAN_POINT('',(1.4224E1,3.5941E0,6.604E0));
#5248=VERTEX_POINT('',#5247);
#5249=CARTESIAN_POINT('',(1.4224E1,3.2131E0,0.E0));
#5250=CARTESIAN_POINT('',(1.4224E1,3.2131E0,6.223E0));
#5251=VERTEX_POINT('',#5249);
#5252=VERTEX_POINT('',#5250);
#5253=CARTESIAN_POINT('',(1.905E1,3.2131E0,0.E0));
#5254=VERTEX_POINT('',#5253);
#5255=CARTESIAN_POINT('',(1.4224E1,2.8575E0,0.E0));
#5256=VERTEX_POINT('',#5255);
#5257=CARTESIAN_POINT('',(-1.905E1,3.2131E0,6.096E0));
#5258=VERTEX_POINT('',#5257);
#5259=CARTESIAN_POINT('',(-1.905E1,-3.2131E0,6.096E0));
#5260=CARTESIAN_POINT('',(-1.905E1,-3.2131E0,0.E0));
#5261=VERTEX_POINT('',#5259);
#5262=VERTEX_POINT('',#5260);
#5263=CARTESIAN_POINT('',(1.905E1,-3.2131E0,6.096E0));
#5264=CARTESIAN_POINT('',(1.905E1,-3.2131E0,0.E0));
#5265=VERTEX_POINT('',#5263);
#5266=VERTEX_POINT('',#5264);
#5267=CARTESIAN_POINT('',(1.905E1,3.2131E0,6.096E0));
#5268=VERTEX_POINT('',#5267);
#5269=CARTESIAN_POINT('',(1.9177E1,-3.2131E0,6.223E0));
#5270=VERTEX_POINT('',#5269);
#5271=CARTESIAN_POINT('',(1.9177E1,3.2131E0,6.223E0));
#5272=VERTEX_POINT('',#5271);
#5273=CARTESIAN_POINT('',(1.9558E1,-3.5941E0,6.604E0));
#5274=VERTEX_POINT('',#5273);
#5275=CARTESIAN_POINT('',(-1.9177E1,-3.2131E0,6.223E0));
#5276=VERTEX_POINT('',#5275);
#5277=CARTESIAN_POINT('',(-1.9558E1,-3.5941E0,6.604E0));
#5278=VERTEX_POINT('',#5277);
#5279=CARTESIAN_POINT('',(-1.9177E1,3.2131E0,6.223E0));
#5280=VERTEX_POINT('',#5279);
#5281=CARTESIAN_POINT('',(-1.9558E1,3.5941E0,6.604E0));
#5282=VERTEX_POINT('',#5281);
#5283=CARTESIAN_POINT('',(1.9558E1,3.5941E0,6.604E0));
#5284=VERTEX_POINT('',#5283);
#5285=CARTESIAN_POINT('',(1.3208E1,-3.2131E0,-5.842E-1));
#5286=CARTESIAN_POINT('',(1.18999E1,-3.2131E0,-5.842E-1));
#5287=VERTEX_POINT('',#5285);
#5288=VERTEX_POINT('',#5286);
#5289=CARTESIAN_POINT('',(1.18999E1,-3.2131E0,-2.7686E0));
#5290=VERTEX_POINT('',#5289);
#5291=CARTESIAN_POINT('',(1.60401E1,-3.2131E0,-2.7686E0));
#5292=VERTEX_POINT('',#5291);
#5293=CARTESIAN_POINT('',(1.60401E1,-3.2131E0,-5.842E-1));
#5294=VERTEX_POINT('',#5293);
#5295=CARTESIAN_POINT('',(1.4732E1,-3.2131E0,-5.842E-1));
#5296=VERTEX_POINT('',#5295);
#5297=CARTESIAN_POINT('',(1.28905E1,-3.2131E0,6.223E0));
#5298=CARTESIAN_POINT('',(1.28905E1,-3.2131E0,5.5118E0));
#5299=VERTEX_POINT('',#5297);
#5300=VERTEX_POINT('',#5298);
#5301=CARTESIAN_POINT('',(1.50495E1,-3.2131E0,5.5118E0));
#5302=VERTEX_POINT('',#5301);
#5303=CARTESIAN_POINT('',(1.50495E1,-3.2131E0,6.223E0));
#5304=VERTEX_POINT('',#5303);
#5305=CARTESIAN_POINT('',(1.4732E1,-3.2131E0,1.7018E0));
#5306=CARTESIAN_POINT('',(1.3208E1,-3.2131E0,1.7018E0));
#5307=VERTEX_POINT('',#5305);
#5308=VERTEX_POINT('',#5306);
#5309=CARTESIAN_POINT('',(1.3208E1,-3.2131E0,0.E0));
#5310=VERTEX_POINT('',#5309);
#5311=CARTESIAN_POINT('',(1.4732E1,-3.2131E0,0.E0));
#5312=VERTEX_POINT('',#5311);
#5313=CARTESIAN_POINT('',(1.28905E1,-3.5941E0,6.604E0));
#5314=VERTEX_POINT('',#5313);
#5315=CARTESIAN_POINT('',(1.50495E1,-3.5941E0,6.604E0));
#5316=VERTEX_POINT('',#5315);
#5317=CARTESIAN_POINT('',(1.60401E1,-4.0005E0,-5.842E-1));
#5318=VERTEX_POINT('',#5317);
#5319=CARTESIAN_POINT('',(2.30886E1,4.5339E0,-2.2606E0));
#5320=CARTESIAN_POINT('',(2.30886E1,4.5339E0,-7.0866E0));
#5321=VERTEX_POINT('',#5319);
#5322=VERTEX_POINT('',#5320);
#5323=CARTESIAN_POINT('',(1.905E1,4.5339E0,6.35E0));
#5324=CARTESIAN_POINT('',(1.905E1,4.5339E0,-7.0866E0));
#5325=VERTEX_POINT('',#5323);
#5326=VERTEX_POINT('',#5324);
#5327=CARTESIAN_POINT('',(2.3622E1,4.0005E0,-7.0866E0));
#5328=CARTESIAN_POINT('',(2.3622E1,4.0005E0,-2.2606E0));
#5329=VERTEX_POINT('',#5327);
#5330=VERTEX_POINT('',#5328);
#5331=CARTESIAN_POINT('',(2.25552E1,4.0005E0,-7.0866E0));
#5332=CARTESIAN_POINT('',(2.25552E1,4.0005E0,-2.2606E0));
#5333=VERTEX_POINT('',#5331);
#5334=VERTEX_POINT('',#5332);
#5335=CARTESIAN_POINT('',(1.85166E1,4.0005E0,-7.0866E0));
#5336=CARTESIAN_POINT('',(1.85166E1,4.0005E0,6.35E0));
#5337=VERTEX_POINT('',#5335);
#5338=VERTEX_POINT('',#5336);
#5339=CARTESIAN_POINT('',(1.95834E1,4.0005E0,-7.0866E0));
#5340=CARTESIAN_POINT('',(1.95834E1,4.0005E0,6.35E0));
#5341=VERTEX_POINT('',#5339);
#5342=VERTEX_POINT('',#5340);
#5343=CARTESIAN_POINT('',(-2.6162E1,-1.8415E0,1.944576701828E-14));
#5344=CARTESIAN_POINT('',(-2.6162E1,-1.8415E0,-3.683E0));
#5345=VERTEX_POINT('',#5343);
#5346=VERTEX_POINT('',#5344);
#5347=CARTESIAN_POINT('',(-2.6162E1,1.8415E0,1.944576701828E-14));
#5348=CARTESIAN_POINT('',(-2.6162E1,1.8415E0,-3.683E0));
#5349=VERTEX_POINT('',#5347);
#5350=VERTEX_POINT('',#5348);
#5351=CARTESIAN_POINT('',(2.6162E1,-1.8415E0,1.862235725084E-14));
#5352=CARTESIAN_POINT('',(2.6162E1,-1.8415E0,-3.683E0));
#5353=VERTEX_POINT('',#5351);
#5354=VERTEX_POINT('',#5352);
#5355=CARTESIAN_POINT('',(2.6162E1,1.8415E0,1.862235725084E-14));
#5356=CARTESIAN_POINT('',(2.6162E1,1.8415E0,-3.683E0));
#5357=VERTEX_POINT('',#5355);
#5358=VERTEX_POINT('',#5356);
#5359=CARTESIAN_POINT('',(1.9812E1,-1.8415E0,6.604E0));
#5360=CARTESIAN_POINT('',(1.9812E1,-1.8415E0,-3.683E0));
#5361=VERTEX_POINT('',#5359);
#5362=VERTEX_POINT('',#5360);
#5363=CARTESIAN_POINT('',(-1.9812E1,-1.8415E0,-3.683E0));
#5364=CARTESIAN_POINT('',(-1.9812E1,-1.8415E0,6.604E0));
#5365=VERTEX_POINT('',#5363);
#5366=VERTEX_POINT('',#5364);
#5367=CARTESIAN_POINT('',(1.9812E1,1.8415E0,6.604E0));
#5368=CARTESIAN_POINT('',(1.9812E1,1.8415E0,-3.683E0));
#5369=VERTEX_POINT('',#5367);
#5370=VERTEX_POINT('',#5368);
#5371=CARTESIAN_POINT('',(-1.9812E1,1.8415E0,-3.683E0));
#5372=CARTESIAN_POINT('',(-1.9812E1,1.8415E0,6.604E0));
#5373=VERTEX_POINT('',#5371);
#5374=VERTEX_POINT('',#5372);
#5375=CARTESIAN_POINT('',(1.8288E1,-1.397E0,-3.683E0));
#5376=CARTESIAN_POINT('',(1.8288E1,1.397E0,-3.683E0));
#5377=VERTEX_POINT('',#5375);
#5378=VERTEX_POINT('',#5376);
#5379=CARTESIAN_POINT('',(-1.8288E1,-1.397E0,-3.683E0));
#5380=CARTESIAN_POINT('',(-1.8288E1,1.397E0,-3.683E0));
#5381=VERTEX_POINT('',#5379);
#5382=VERTEX_POINT('',#5380);
#5383=CARTESIAN_POINT('',(-1.9812E1,-1.397E0,6.604E0));
#5384=CARTESIAN_POINT('',(-1.9558E1,-1.397E0,6.604E0));
#5385=VERTEX_POINT('',#5383);
#5386=VERTEX_POINT('',#5384);
#5387=CARTESIAN_POINT('',(1.9558E1,-1.397E0,6.604E0));
#5388=CARTESIAN_POINT('',(1.9812E1,-1.397E0,6.604E0));
#5389=VERTEX_POINT('',#5387);
#5390=VERTEX_POINT('',#5388);
#5391=CARTESIAN_POINT('',(-1.9812E1,1.397E0,6.604E0));
#5392=CARTESIAN_POINT('',(-1.9558E1,1.397E0,6.604E0));
#5393=VERTEX_POINT('',#5391);
#5394=VERTEX_POINT('',#5392);
#5395=CARTESIAN_POINT('',(1.9558E1,1.397E0,6.604E0));
#5396=CARTESIAN_POINT('',(1.9812E1,1.397E0,6.604E0));
#5397=VERTEX_POINT('',#5395);
#5398=VERTEX_POINT('',#5396);
#5399=CARTESIAN_POINT('',(-1.905E1,-1.397E0,0.E0));
#5400=CARTESIAN_POINT('',(-1.905E1,-1.397E0,6.096E0));
#5401=VERTEX_POINT('',#5399);
#5402=VERTEX_POINT('',#5400);
#5403=CARTESIAN_POINT('',(-1.905E1,1.397E0,0.E0));
#5404=CARTESIAN_POINT('',(-1.905E1,1.397E0,6.096E0));
#5405=VERTEX_POINT('',#5403);
#5406=VERTEX_POINT('',#5404);
#5407=CARTESIAN_POINT('',(1.905E1,-1.397E0,0.E0));
#5408=CARTESIAN_POINT('',(1.905E1,-1.397E0,6.096E0));
#5409=VERTEX_POINT('',#5407);
#5410=VERTEX_POINT('',#5408);
#5411=CARTESIAN_POINT('',(1.905E1,1.397E0,0.E0));
#5412=CARTESIAN_POINT('',(1.905E1,1.397E0,6.096E0));
#5413=VERTEX_POINT('',#5411);
#5414=VERTEX_POINT('',#5412);
#5415=CARTESIAN_POINT('',(1.9812E1,-1.397E0,-3.683E0));
#5416=VERTEX_POINT('',#5415);
#5417=CARTESIAN_POINT('',(1.9812E1,1.397E0,-3.683E0));
#5418=VERTEX_POINT('',#5417);
#5419=CARTESIAN_POINT('',(-1.9812E1,-1.397E0,-3.683E0));
#5420=VERTEX_POINT('',#5419);
#5421=CARTESIAN_POINT('',(-1.9812E1,1.397E0,-3.683E0));
#5422=VERTEX_POINT('',#5421);
#5423=CARTESIAN_POINT('',(1.59258E1,-1.397E0,0.E0));
#5424=VERTEX_POINT('',#5423);
#5425=CARTESIAN_POINT('',(-1.59258E1,-1.397E0,0.E0));
#5426=VERTEX_POINT('',#5425);
#5427=CARTESIAN_POINT('',(1.59258E1,1.397E0,0.E0));
#5428=VERTEX_POINT('',#5427);
#5429=CARTESIAN_POINT('',(-1.59258E1,1.397E0,0.E0));
#5430=VERTEX_POINT('',#5429);
#5431=CARTESIAN_POINT('',(1.895515798530E1,1.2065E0,-2.606749781740E-2));
#5432=CARTESIAN_POINT('',(1.660691700508E1,1.2065E0,-2.606749781736E-2));
#5433=VERTEX_POINT('',#5431);
#5434=VERTEX_POINT('',#5432);
#5435=CARTESIAN_POINT('',(1.895515798530E1,-1.2065E0,-2.606749781740E-2));
#5436=CARTESIAN_POINT('',(1.660691700508E1,-1.2065E0,-2.606749781736E-2));
#5437=VERTEX_POINT('',#5435);
#5438=VERTEX_POINT('',#5436);
#5439=CARTESIAN_POINT('',(1.915313139261E1,1.2065E0,8.823250218259E-2));
#5440=VERTEX_POINT('',#5439);
#5441=CARTESIAN_POINT('',(1.650707152602E1,1.2065E0,-2.315524028062E-1));
#5442=VERTEX_POINT('',#5441);
#5443=CARTESIAN_POINT('',(1.915313139261E1,-1.2065E0,8.823250218259E-2));
#5444=VERTEX_POINT('',#5443);
#5445=CARTESIAN_POINT('',(1.650707152602E1,-1.2065E0,-2.315524028062E-1));
#5446=VERTEX_POINT('',#5445);
#5447=CARTESIAN_POINT('',(2.35458E1,-2.4257E0,-3.086936225746E0));
#5448=CARTESIAN_POINT('',(2.10693E1,-2.4257E0,-1.657128284098E0));
#5449=VERTEX_POINT('',#5447);
#5450=VERTEX_POINT('',#5448);
#5451=CARTESIAN_POINT('',(1.85928E1,-2.4257E0,-3.086936225746E0));
#5452=VERTEX_POINT('',#5451);
#5453=CARTESIAN_POINT('',(-1.85928E1,-2.4257E0,-3.086936225746E0));
#5454=CARTESIAN_POINT('',(-2.10693E1,-2.4257E0,-1.657128284098E0));
#5455=VERTEX_POINT('',#5453);
#5456=VERTEX_POINT('',#5454);
#5457=CARTESIAN_POINT('',(-2.35458E1,-2.4257E0,-3.086936225746E0));
#5458=VERTEX_POINT('',#5457);
#5459=CARTESIAN_POINT('',(2.35458E1,-4.0005E0,-7.3406E0));
#5460=CARTESIAN_POINT('',(2.35458E1,-4.0005E0,-3.086936225746E0));
#5461=VERTEX_POINT('',#5459);
#5462=VERTEX_POINT('',#5460);
#5463=CARTESIAN_POINT('',(2.10693E1,-4.0005E0,-1.657128284098E0));
#5464=VERTEX_POINT('',#5463);
#5465=CARTESIAN_POINT('',(1.85928E1,-4.0005E0,-3.086936225746E0));
#5466=VERTEX_POINT('',#5465);
#5467=CARTESIAN_POINT('',(1.85928E1,-4.0005E0,-7.3406E0));
#5468=VERTEX_POINT('',#5467);
#5469=CARTESIAN_POINT('',(-1.85928E1,-4.0005E0,-7.3406E0));
#5470=CARTESIAN_POINT('',(-1.85928E1,-4.0005E0,-3.086936225746E0));
#5471=VERTEX_POINT('',#5469);
#5472=VERTEX_POINT('',#5470);
#5473=CARTESIAN_POINT('',(-2.10693E1,-4.0005E0,-1.657128284098E0));
#5474=VERTEX_POINT('',#5473);
#5475=CARTESIAN_POINT('',(-2.35458E1,-4.0005E0,-3.086936225746E0));
#5476=VERTEX_POINT('',#5475);
#5477=CARTESIAN_POINT('',(-2.35458E1,-4.0005E0,-7.3406E0));
#5478=VERTEX_POINT('',#5477);
#5479=CARTESIAN_POINT('',(-2.35458E1,-2.4257E0,-7.3406E0));
#5480=CARTESIAN_POINT('',(-1.85928E1,-2.4257E0,-7.3406E0));
#5481=VERTEX_POINT('',#5479);
#5482=VERTEX_POINT('',#5480);
#5483=CARTESIAN_POINT('',(1.85928E1,-2.4257E0,-7.3406E0));
#5484=CARTESIAN_POINT('',(2.35458E1,-2.4257E0,-7.3406E0));
#5485=VERTEX_POINT('',#5483);
#5486=VERTEX_POINT('',#5484);
#5487=CARTESIAN_POINT('',(-2.286E1,-2.667E-1,-6.340602E0));
#5488=CARTESIAN_POINT('',(-2.54E1,-2.667E-1,-6.340602E0));
#5489=VERTEX_POINT('',#5487);
#5490=VERTEX_POINT('',#5488);
#5491=CARTESIAN_POINT('',(2.54E1,-2.667E-1,-6.340602E0));
#5492=CARTESIAN_POINT('',(2.286E1,-2.667E-1,-6.340602E0));
#5493=VERTEX_POINT('',#5491);
#5494=VERTEX_POINT('',#5492);
#5495=CARTESIAN_POINT('',(-2.286E1,-2.667E-1,-7.3406E0));
#5496=CARTESIAN_POINT('',(-2.54E1,-2.667E-1,-7.3406E0));
#5497=VERTEX_POINT('',#5495);
#5498=VERTEX_POINT('',#5496);
#5499=CARTESIAN_POINT('',(2.54E1,-2.667E-1,-7.3406E0));
#5500=CARTESIAN_POINT('',(2.286E1,-2.667E-1,-7.3406E0));
#5501=VERTEX_POINT('',#5499);
#5502=VERTEX_POINT('',#5500);
#5503=CARTESIAN_POINT('',(-2.1209E1,-4.0005E0,6.604E0));
#5504=CARTESIAN_POINT('',(-1.98755E1,-4.0005E0,1.524E0));
#5505=VERTEX_POINT('',#5503);
#5506=VERTEX_POINT('',#5504);
#5507=CARTESIAN_POINT('',(-1.8542E1,-4.0005E0,6.604E0));
#5508=VERTEX_POINT('',#5507);
#5509=CARTESIAN_POINT('',(-2.1209E1,-3.6957E0,6.604E0));
#5510=CARTESIAN_POINT('',(-1.8542E1,-3.6957E0,6.604E0));
#5511=VERTEX_POINT('',#5509);
#5512=VERTEX_POINT('',#5510);
#5513=CARTESIAN_POINT('',(-1.98755E1,-3.6957E0,1.524E0));
#5514=VERTEX_POINT('',#5513);
#5515=CARTESIAN_POINT('',(1.0033E1,3.5941E0,6.604E0));
#5516=VERTEX_POINT('',#5515);
#5517=CARTESIAN_POINT('',(1.0033E1,3.2131E0,6.223E0));
#5518=VERTEX_POINT('',#5517);
#5519=CARTESIAN_POINT('',(1.18999E1,-4.0005E0,-5.842E-1));
#5520=VERTEX_POINT('',#5519);
#5521=CARTESIAN_POINT('',(1.0033E1,4.0005E0,6.604E0));
#5522=VERTEX_POINT('',#5521);
#5523=CARTESIAN_POINT('',(1.0033E1,3.2131E0,0.E0));
#5524=VERTEX_POINT('',#5523);
#5525=CARTESIAN_POINT('',(1.0033E1,2.8575E0,0.E0));
#5526=VERTEX_POINT('',#5525);
#5527=CARTESIAN_POINT('',(-1.650707152602E1,1.2065E0,-2.315524028062E-1));
#5528=CARTESIAN_POINT('',(-1.660691700508E1,1.2065E0,-2.606749781736E-2));
#5529=VERTEX_POINT('',#5527);
#5530=VERTEX_POINT('',#5528);
#5531=CARTESIAN_POINT('',(-1.895515798530E1,1.2065E0,-2.606749781740E-2));
#5532=VERTEX_POINT('',#5531);
#5533=CARTESIAN_POINT('',(-1.915313139261E1,1.2065E0,8.823250218259E-2));
#5534=VERTEX_POINT('',#5533);
#5535=CARTESIAN_POINT('',(-1.650707152602E1,-1.2065E0,-2.315524028062E-1));
#5536=CARTESIAN_POINT('',(-1.660691700508E1,-1.2065E0,-2.606749781736E-2));
#5537=VERTEX_POINT('',#5535);
#5538=VERTEX_POINT('',#5536);
#5539=CARTESIAN_POINT('',(-1.895515798530E1,-1.2065E0,-2.606749781740E-2));
#5540=VERTEX_POINT('',#5539);
#5541=CARTESIAN_POINT('',(-1.915313139261E1,-1.2065E0,8.823250218259E-2));
#5542=VERTEX_POINT('',#5541);
#5543=CARTESIAN_POINT('',(2.1336E1,-2.3495E0,2.1844E0));
#5544=CARTESIAN_POINT('',(2.3114E1,-2.3495E0,2.1844E0));
#5545=VERTEX_POINT('',#5543);
#5546=VERTEX_POINT('',#5544);
#5547=CARTESIAN_POINT('',(-2.3114E1,-2.3495E0,2.1844E0));
#5548=CARTESIAN_POINT('',(-2.1336E1,-2.3495E0,2.1844E0));
#5549=VERTEX_POINT('',#5547);
#5550=VERTEX_POINT('',#5548);
#5551=CARTESIAN_POINT('',(2.1336E1,2.3495E0,2.1844E0));
#5552=CARTESIAN_POINT('',(2.3114E1,2.3495E0,2.1844E0));
#5553=VERTEX_POINT('',#5551);
#5554=VERTEX_POINT('',#5552);
#5555=CARTESIAN_POINT('',(-2.3114E1,2.3495E0,2.1844E0));
#5556=CARTESIAN_POINT('',(-2.1336E1,2.3495E0,2.1844E0));
#5557=VERTEX_POINT('',#5555);
#5558=VERTEX_POINT('',#5556);
#5559=CARTESIAN_POINT('',(2.1336E1,-1.8415E0,2.1844E0));
#5560=CARTESIAN_POINT('',(2.3114E1,-1.8415E0,2.1844E0));
#5561=VERTEX_POINT('',#5559);
#5562=VERTEX_POINT('',#5560);
#5563=CARTESIAN_POINT('',(2.3114E1,-1.8415E0,6.604E0));
#5564=VERTEX_POINT('',#5563);
#5565=CARTESIAN_POINT('',(-2.3114E1,-1.8415E0,6.604E0));
#5566=CARTESIAN_POINT('',(-2.3114E1,-1.8415E0,2.1844E0));
#5567=VERTEX_POINT('',#5565);
#5568=VERTEX_POINT('',#5566);
#5569=CARTESIAN_POINT('',(-2.1336E1,-1.8415E0,2.1844E0));
#5570=VERTEX_POINT('',#5569);
#5571=CARTESIAN_POINT('',(2.1336E1,1.8415E0,2.1844E0));
#5572=CARTESIAN_POINT('',(2.3114E1,1.8415E0,2.1844E0));
#5573=VERTEX_POINT('',#5571);
#5574=VERTEX_POINT('',#5572);
#5575=CARTESIAN_POINT('',(2.3114E1,1.8415E0,6.604E0));
#5576=VERTEX_POINT('',#5575);
#5577=CARTESIAN_POINT('',(-2.3114E1,1.8415E0,6.604E0));
#5578=CARTESIAN_POINT('',(-2.3114E1,1.8415E0,2.1844E0));
#5579=VERTEX_POINT('',#5577);
#5580=VERTEX_POINT('',#5578);
#5581=CARTESIAN_POINT('',(-2.1336E1,1.8415E0,2.1844E0));
#5582=VERTEX_POINT('',#5581);
#5583=CARTESIAN_POINT('',(2.1336E1,-1.8415E0,6.604E0));
#5584=VERTEX_POINT('',#5583);
#5585=CARTESIAN_POINT('',(-2.1336E1,-1.8415E0,6.604E0));
#5586=VERTEX_POINT('',#5585);
#5587=CARTESIAN_POINT('',(2.1336E1,1.8415E0,6.604E0));
#5588=VERTEX_POINT('',#5587);
#5589=CARTESIAN_POINT('',(-2.1336E1,1.8415E0,6.604E0));
#5590=VERTEX_POINT('',#5589);
#5591=CARTESIAN_POINT('',(2.1336E1,-2.3495E0,3.8354E0));
#5592=VERTEX_POINT('',#5591);
#5593=CARTESIAN_POINT('',(2.3114E1,-2.3495E0,3.8354E0));
#5594=VERTEX_POINT('',#5593);
#5595=CARTESIAN_POINT('',(2.1336E1,2.3495E0,3.8354E0));
#5596=VERTEX_POINT('',#5595);
#5597=CARTESIAN_POINT('',(2.3114E1,2.3495E0,3.8354E0));
#5598=VERTEX_POINT('',#5597);
#5599=CARTESIAN_POINT('',(2.3114E1,-3.091344134165E0,6.604E0));
#5600=VERTEX_POINT('',#5599);
#5601=CARTESIAN_POINT('',(2.3114E1,3.091344134165E0,6.604E0));
#5602=VERTEX_POINT('',#5601);
#5603=CARTESIAN_POINT('',(2.1336E1,-3.091344134165E0,6.604E0));
#5604=VERTEX_POINT('',#5603);
#5605=CARTESIAN_POINT('',(2.1336E1,3.091344134165E0,6.604E0));
#5606=VERTEX_POINT('',#5605);
#5607=CARTESIAN_POINT('',(-2.3114E1,-2.3495E0,3.8354E0));
#5608=VERTEX_POINT('',#5607);
#5609=CARTESIAN_POINT('',(-2.1336E1,-2.3495E0,3.8354E0));
#5610=VERTEX_POINT('',#5609);
#5611=CARTESIAN_POINT('',(-2.3114E1,2.3495E0,3.8354E0));
#5612=VERTEX_POINT('',#5611);
#5613=CARTESIAN_POINT('',(-2.1336E1,2.3495E0,3.8354E0));
#5614=VERTEX_POINT('',#5613);
#5615=CARTESIAN_POINT('',(-2.3114E1,-3.091344134165E0,6.604E0));
#5616=VERTEX_POINT('',#5615);
#5617=CARTESIAN_POINT('',(-2.3114E1,3.091344134165E0,6.604E0));
#5618=VERTEX_POINT('',#5617);
#5619=CARTESIAN_POINT('',(-2.1336E1,-3.091344134165E0,6.604E0));
#5620=VERTEX_POINT('',#5619);
#5621=CARTESIAN_POINT('',(-2.1336E1,3.091344134165E0,6.604E0));
#5622=VERTEX_POINT('',#5621);
#5623=CARTESIAN_POINT('',(-1.55575E1,1.5748E0,6.096E0));
#5624=CARTESIAN_POINT('',(-1.55575E1,9.398E-1,6.096E0));
#5625=VERTEX_POINT('',#5623);
#5626=VERTEX_POINT('',#5624);
#5627=CARTESIAN_POINT('',(-1.49225E1,9.398E-1,6.096E0));
#5628=VERTEX_POINT('',#5627);
#5629=CARTESIAN_POINT('',(-1.49225E1,1.5748E0,6.096E0));
#5630=VERTEX_POINT('',#5629);
#5631=CARTESIAN_POINT('',(-1.55575E1,-9.652E-1,6.096E0));
#5632=CARTESIAN_POINT('',(-1.55575E1,-1.6002E0,6.096E0));
#5633=VERTEX_POINT('',#5631);
#5634=VERTEX_POINT('',#5632);
#5635=CARTESIAN_POINT('',(-1.49225E1,-1.6002E0,6.096E0));
#5636=VERTEX_POINT('',#5635);
#5637=CARTESIAN_POINT('',(-1.49225E1,-9.652E-1,6.096E0));
#5638=VERTEX_POINT('',#5637);
#5639=CARTESIAN_POINT('',(-1.55575E1,1.5748E0,0.E0));
#5640=CARTESIAN_POINT('',(-1.55575E1,9.398E-1,0.E0));
#5641=VERTEX_POINT('',#5639);
#5642=VERTEX_POINT('',#5640);
#5643=CARTESIAN_POINT('',(-1.49225E1,9.398E-1,0.E0));
#5644=VERTEX_POINT('',#5643);
#5645=CARTESIAN_POINT('',(-1.49225E1,1.5748E0,0.E0));
#5646=VERTEX_POINT('',#5645);
#5647=CARTESIAN_POINT('',(-1.55575E1,-9.652E-1,0.E0));
#5648=CARTESIAN_POINT('',(-1.55575E1,-1.6002E0,0.E0));
#5649=VERTEX_POINT('',#5647);
#5650=VERTEX_POINT('',#5648);
#5651=CARTESIAN_POINT('',(-1.49225E1,-1.6002E0,0.E0));
#5652=VERTEX_POINT('',#5651);
#5653=CARTESIAN_POINT('',(-1.49225E1,-9.652E-1,0.E0));
#5654=VERTEX_POINT('',#5653);
#5655=CARTESIAN_POINT('',(-1.30175E1,1.5748E0,6.096E0));
#5656=CARTESIAN_POINT('',(-1.30175E1,9.398E-1,6.096E0));
#5657=VERTEX_POINT('',#5655);
#5658=VERTEX_POINT('',#5656);
#5659=CARTESIAN_POINT('',(-1.23825E1,9.398E-1,6.096E0));
#5660=VERTEX_POINT('',#5659);
#5661=CARTESIAN_POINT('',(-1.23825E1,1.5748E0,6.096E0));
#5662=VERTEX_POINT('',#5661);
#5663=CARTESIAN_POINT('',(-1.30175E1,-9.652E-1,6.096E0));
#5664=CARTESIAN_POINT('',(-1.30175E1,-1.6002E0,6.096E0));
#5665=VERTEX_POINT('',#5663);
#5666=VERTEX_POINT('',#5664);
#5667=CARTESIAN_POINT('',(-1.23825E1,-1.6002E0,6.096E0));
#5668=VERTEX_POINT('',#5667);
#5669=CARTESIAN_POINT('',(-1.23825E1,-9.652E-1,6.096E0));
#5670=VERTEX_POINT('',#5669);
#5671=CARTESIAN_POINT('',(-1.30175E1,1.5748E0,0.E0));
#5672=CARTESIAN_POINT('',(-1.30175E1,9.398E-1,0.E0));
#5673=VERTEX_POINT('',#5671);
#5674=VERTEX_POINT('',#5672);
#5675=CARTESIAN_POINT('',(-1.23825E1,9.398E-1,0.E0));
#5676=VERTEX_POINT('',#5675);
#5677=CARTESIAN_POINT('',(-1.23825E1,1.5748E0,0.E0));
#5678=VERTEX_POINT('',#5677);
#5679=CARTESIAN_POINT('',(-1.30175E1,-9.652E-1,0.E0));
#5680=CARTESIAN_POINT('',(-1.30175E1,-1.6002E0,0.E0));
#5681=VERTEX_POINT('',#5679);
#5682=VERTEX_POINT('',#5680);
#5683=CARTESIAN_POINT('',(-1.23825E1,-1.6002E0,0.E0));
#5684=VERTEX_POINT('',#5683);
#5685=CARTESIAN_POINT('',(-1.23825E1,-9.652E-1,0.E0));
#5686=VERTEX_POINT('',#5685);
#5687=CARTESIAN_POINT('',(-1.04775E1,1.5748E0,6.096E0));
#5688=CARTESIAN_POINT('',(-1.04775E1,9.398E-1,6.096E0));
#5689=VERTEX_POINT('',#5687);
#5690=VERTEX_POINT('',#5688);
#5691=CARTESIAN_POINT('',(-9.8425E0,9.398E-1,6.096E0));
#5692=VERTEX_POINT('',#5691);
#5693=CARTESIAN_POINT('',(-9.8425E0,1.5748E0,6.096E0));
#5694=VERTEX_POINT('',#5693);
#5695=CARTESIAN_POINT('',(-1.04775E1,-9.652E-1,6.096E0));
#5696=CARTESIAN_POINT('',(-1.04775E1,-1.6002E0,6.096E0));
#5697=VERTEX_POINT('',#5695);
#5698=VERTEX_POINT('',#5696);
#5699=CARTESIAN_POINT('',(-9.8425E0,-1.6002E0,6.096E0));
#5700=VERTEX_POINT('',#5699);
#5701=CARTESIAN_POINT('',(-9.8425E0,-9.652E-1,6.096E0));
#5702=VERTEX_POINT('',#5701);
#5703=CARTESIAN_POINT('',(-1.04775E1,1.5748E0,0.E0));
#5704=CARTESIAN_POINT('',(-1.04775E1,9.398E-1,0.E0));
#5705=VERTEX_POINT('',#5703);
#5706=VERTEX_POINT('',#5704);
#5707=CARTESIAN_POINT('',(-9.8425E0,9.398E-1,0.E0));
#5708=VERTEX_POINT('',#5707);
#5709=CARTESIAN_POINT('',(-9.8425E0,1.5748E0,0.E0));
#5710=VERTEX_POINT('',#5709);
#5711=CARTESIAN_POINT('',(-1.04775E1,-9.652E-1,0.E0));
#5712=CARTESIAN_POINT('',(-1.04775E1,-1.6002E0,0.E0));
#5713=VERTEX_POINT('',#5711);
#5714=VERTEX_POINT('',#5712);
#5715=CARTESIAN_POINT('',(-9.8425E0,-1.6002E0,0.E0));
#5716=VERTEX_POINT('',#5715);
#5717=CARTESIAN_POINT('',(-9.8425E0,-9.652E-1,0.E0));
#5718=VERTEX_POINT('',#5717);
#5719=CARTESIAN_POINT('',(-7.9375E0,1.5748E0,6.096E0));
#5720=CARTESIAN_POINT('',(-7.9375E0,9.398E-1,6.096E0));
#5721=VERTEX_POINT('',#5719);
#5722=VERTEX_POINT('',#5720);
#5723=CARTESIAN_POINT('',(-7.3025E0,9.398E-1,6.096E0));
#5724=VERTEX_POINT('',#5723);
#5725=CARTESIAN_POINT('',(-7.3025E0,1.5748E0,6.096E0));
#5726=VERTEX_POINT('',#5725);
#5727=CARTESIAN_POINT('',(-7.9375E0,-9.652E-1,6.096E0));
#5728=CARTESIAN_POINT('',(-7.9375E0,-1.6002E0,6.096E0));
#5729=VERTEX_POINT('',#5727);
#5730=VERTEX_POINT('',#5728);
#5731=CARTESIAN_POINT('',(-7.3025E0,-1.6002E0,6.096E0));
#5732=VERTEX_POINT('',#5731);
#5733=CARTESIAN_POINT('',(-7.3025E0,-9.652E-1,6.096E0));
#5734=VERTEX_POINT('',#5733);
#5735=CARTESIAN_POINT('',(-7.9375E0,1.5748E0,0.E0));
#5736=CARTESIAN_POINT('',(-7.9375E0,9.398E-1,0.E0));
#5737=VERTEX_POINT('',#5735);
#5738=VERTEX_POINT('',#5736);
#5739=CARTESIAN_POINT('',(-7.3025E0,9.398E-1,0.E0));
#5740=VERTEX_POINT('',#5739);
#5741=CARTESIAN_POINT('',(-7.3025E0,1.5748E0,0.E0));
#5742=VERTEX_POINT('',#5741);
#5743=CARTESIAN_POINT('',(-7.9375E0,-9.652E-1,0.E0));
#5744=CARTESIAN_POINT('',(-7.9375E0,-1.6002E0,0.E0));
#5745=VERTEX_POINT('',#5743);
#5746=VERTEX_POINT('',#5744);
#5747=CARTESIAN_POINT('',(-7.3025E0,-1.6002E0,0.E0));
#5748=VERTEX_POINT('',#5747);
#5749=CARTESIAN_POINT('',(-7.3025E0,-9.652E-1,0.E0));
#5750=VERTEX_POINT('',#5749);
#5751=CARTESIAN_POINT('',(-5.3975E0,1.5748E0,6.096E0));
#5752=CARTESIAN_POINT('',(-5.3975E0,9.398E-1,6.096E0));
#5753=VERTEX_POINT('',#5751);
#5754=VERTEX_POINT('',#5752);
#5755=CARTESIAN_POINT('',(-4.7625E0,9.398E-1,6.096E0));
#5756=VERTEX_POINT('',#5755);
#5757=CARTESIAN_POINT('',(-4.7625E0,1.5748E0,6.096E0));
#5758=VERTEX_POINT('',#5757);
#5759=CARTESIAN_POINT('',(-5.3975E0,-9.652E-1,6.096E0));
#5760=CARTESIAN_POINT('',(-5.3975E0,-1.6002E0,6.096E0));
#5761=VERTEX_POINT('',#5759);
#5762=VERTEX_POINT('',#5760);
#5763=CARTESIAN_POINT('',(-4.7625E0,-1.6002E0,6.096E0));
#5764=VERTEX_POINT('',#5763);
#5765=CARTESIAN_POINT('',(-4.7625E0,-9.652E-1,6.096E0));
#5766=VERTEX_POINT('',#5765);
#5767=CARTESIAN_POINT('',(-5.3975E0,1.5748E0,0.E0));
#5768=CARTESIAN_POINT('',(-5.3975E0,9.398E-1,0.E0));
#5769=VERTEX_POINT('',#5767);
#5770=VERTEX_POINT('',#5768);
#5771=CARTESIAN_POINT('',(-4.7625E0,9.398E-1,0.E0));
#5772=VERTEX_POINT('',#5771);
#5773=CARTESIAN_POINT('',(-4.7625E0,1.5748E0,0.E0));
#5774=VERTEX_POINT('',#5773);
#5775=CARTESIAN_POINT('',(-5.3975E0,-9.652E-1,0.E0));
#5776=CARTESIAN_POINT('',(-5.3975E0,-1.6002E0,0.E0));
#5777=VERTEX_POINT('',#5775);
#5778=VERTEX_POINT('',#5776);
#5779=CARTESIAN_POINT('',(-4.7625E0,-1.6002E0,0.E0));
#5780=VERTEX_POINT('',#5779);
#5781=CARTESIAN_POINT('',(-4.7625E0,-9.652E-1,0.E0));
#5782=VERTEX_POINT('',#5781);
#5783=CARTESIAN_POINT('',(-1.49225E1,-1.2827E0,-1.01346E1));
#5784=CARTESIAN_POINT('',(-1.55575E1,-1.2827E0,-1.01346E1));
#5785=VERTEX_POINT('',#5783);
#5786=VERTEX_POINT('',#5784);
#5787=CARTESIAN_POINT('',(-1.49225E1,1.2573E0,-1.01346E1));
#5788=CARTESIAN_POINT('',(-1.55575E1,1.2573E0,-1.01346E1));
#5789=VERTEX_POINT('',#5787);
#5790=VERTEX_POINT('',#5788);
#5791=CARTESIAN_POINT('',(-1.49225E1,-1.2827E0,-7.3406E0));
#5792=CARTESIAN_POINT('',(-1.55575E1,-1.2827E0,-7.3406E0));
#5793=VERTEX_POINT('',#5791);
#5794=VERTEX_POINT('',#5792);
#5795=CARTESIAN_POINT('',(-1.49225E1,1.2573E0,-7.3406E0));
#5796=CARTESIAN_POINT('',(-1.55575E1,1.2573E0,-7.3406E0));
#5797=VERTEX_POINT('',#5795);
#5798=VERTEX_POINT('',#5796);
#5799=CARTESIAN_POINT('',(-1.23825E1,-1.2827E0,-1.01346E1));
#5800=CARTESIAN_POINT('',(-1.30175E1,-1.2827E0,-1.01346E1));
#5801=VERTEX_POINT('',#5799);
#5802=VERTEX_POINT('',#5800);
#5803=CARTESIAN_POINT('',(-1.23825E1,1.2573E0,-1.01346E1));
#5804=CARTESIAN_POINT('',(-1.30175E1,1.2573E0,-1.01346E1));
#5805=VERTEX_POINT('',#5803);
#5806=VERTEX_POINT('',#5804);
#5807=CARTESIAN_POINT('',(-1.23825E1,-1.2827E0,-7.3406E0));
#5808=CARTESIAN_POINT('',(-1.30175E1,-1.2827E0,-7.3406E0));
#5809=VERTEX_POINT('',#5807);
#5810=VERTEX_POINT('',#5808);
#5811=CARTESIAN_POINT('',(-1.23825E1,1.2573E0,-7.3406E0));
#5812=CARTESIAN_POINT('',(-1.30175E1,1.2573E0,-7.3406E0));
#5813=VERTEX_POINT('',#5811);
#5814=VERTEX_POINT('',#5812);
#5815=CARTESIAN_POINT('',(-9.8425E0,-1.2827E0,-1.01346E1));
#5816=CARTESIAN_POINT('',(-1.04775E1,-1.2827E0,-1.01346E1));
#5817=VERTEX_POINT('',#5815);
#5818=VERTEX_POINT('',#5816);
#5819=CARTESIAN_POINT('',(-9.8425E0,1.2573E0,-1.01346E1));
#5820=CARTESIAN_POINT('',(-1.04775E1,1.2573E0,-1.01346E1));
#5821=VERTEX_POINT('',#5819);
#5822=VERTEX_POINT('',#5820);
#5823=CARTESIAN_POINT('',(-9.8425E0,-1.2827E0,-7.3406E0));
#5824=CARTESIAN_POINT('',(-1.04775E1,-1.2827E0,-7.3406E0));
#5825=VERTEX_POINT('',#5823);
#5826=VERTEX_POINT('',#5824);
#5827=CARTESIAN_POINT('',(-9.8425E0,1.2573E0,-7.3406E0));
#5828=CARTESIAN_POINT('',(-1.04775E1,1.2573E0,-7.3406E0));
#5829=VERTEX_POINT('',#5827);
#5830=VERTEX_POINT('',#5828);
#5831=CARTESIAN_POINT('',(-7.3025E0,-1.2827E0,-1.01346E1));
#5832=CARTESIAN_POINT('',(-7.9375E0,-1.2827E0,-1.01346E1));
#5833=VERTEX_POINT('',#5831);
#5834=VERTEX_POINT('',#5832);
#5835=CARTESIAN_POINT('',(-7.3025E0,1.2573E0,-1.01346E1));
#5836=CARTESIAN_POINT('',(-7.9375E0,1.2573E0,-1.01346E1));
#5837=VERTEX_POINT('',#5835);
#5838=VERTEX_POINT('',#5836);
#5839=CARTESIAN_POINT('',(-7.3025E0,-1.2827E0,-7.3406E0));
#5840=CARTESIAN_POINT('',(-7.9375E0,-1.2827E0,-7.3406E0));
#5841=VERTEX_POINT('',#5839);
#5842=VERTEX_POINT('',#5840);
#5843=CARTESIAN_POINT('',(-7.3025E0,1.2573E0,-7.3406E0));
#5844=CARTESIAN_POINT('',(-7.9375E0,1.2573E0,-7.3406E0));
#5845=VERTEX_POINT('',#5843);
#5846=VERTEX_POINT('',#5844);
#5847=CARTESIAN_POINT('',(-4.7625E0,-1.2827E0,-1.01346E1));
#5848=CARTESIAN_POINT('',(-5.3975E0,-1.2827E0,-1.01346E1));
#5849=VERTEX_POINT('',#5847);
#5850=VERTEX_POINT('',#5848);
#5851=CARTESIAN_POINT('',(-4.7625E0,1.2573E0,-1.01346E1));
#5852=CARTESIAN_POINT('',(-5.3975E0,1.2573E0,-1.01346E1));
#5853=VERTEX_POINT('',#5851);
#5854=VERTEX_POINT('',#5852);
#5855=CARTESIAN_POINT('',(-4.7625E0,-1.2827E0,-7.3406E0));
#5856=CARTESIAN_POINT('',(-5.3975E0,-1.2827E0,-7.3406E0));
#5857=VERTEX_POINT('',#5855);
#5858=VERTEX_POINT('',#5856);
#5859=CARTESIAN_POINT('',(-4.7625E0,1.2573E0,-7.3406E0));
#5860=CARTESIAN_POINT('',(-5.3975E0,1.2573E0,-7.3406E0));
#5861=VERTEX_POINT('',#5859);
#5862=VERTEX_POINT('',#5860);
#5863=CARTESIAN_POINT('',(-2.25552E1,4.0005E0,-7.0866E0));
#5864=CARTESIAN_POINT('',(-2.30886E1,4.5339E0,-7.0866E0));
#5865=VERTEX_POINT('',#5863);
#5866=VERTEX_POINT('',#5864);
#5867=CARTESIAN_POINT('',(-2.25552E1,4.0005E0,-2.2606E0));
#5868=CARTESIAN_POINT('',(-2.30886E1,4.5339E0,-2.2606E0));
#5869=VERTEX_POINT('',#5867);
#5870=VERTEX_POINT('',#5868);
#5871=CARTESIAN_POINT('',(-2.3622E1,4.0005E0,-7.0866E0));
#5872=VERTEX_POINT('',#5871);
#5873=CARTESIAN_POINT('',(-2.3622E1,4.0005E0,-2.2606E0));
#5874=VERTEX_POINT('',#5873);
#5875=CARTESIAN_POINT('',(-1.905E1,4.5339E0,6.35E0));
#5876=CARTESIAN_POINT('',(-1.95834E1,4.0005E0,6.35E0));
#5877=VERTEX_POINT('',#5875);
#5878=VERTEX_POINT('',#5876);
#5879=CARTESIAN_POINT('',(-1.905E1,4.5339E0,-7.0866E0));
#5880=CARTESIAN_POINT('',(-1.95834E1,4.0005E0,-7.0866E0));
#5881=VERTEX_POINT('',#5879);
#5882=VERTEX_POINT('',#5880);
#5883=CARTESIAN_POINT('',(-1.85166E1,4.0005E0,6.35E0));
#5884=VERTEX_POINT('',#5883);
#5885=CARTESIAN_POINT('',(-1.85166E1,4.0005E0,-7.0866E0));
#5886=VERTEX_POINT('',#5885);
#5887=CARTESIAN_POINT('',(1.5748E1,4.5339E0,-2.5146E0));
#5888=CARTESIAN_POINT('',(1.52146E1,4.0005E0,-2.5146E0));
#5889=VERTEX_POINT('',#5887);
#5890=VERTEX_POINT('',#5888);
#5891=CARTESIAN_POINT('',(1.5748E1,4.5339E0,6.35E0));
#5892=CARTESIAN_POINT('',(1.52146E1,4.0005E0,6.35E0));
#5893=VERTEX_POINT('',#5891);
#5894=VERTEX_POINT('',#5892);
#5895=CARTESIAN_POINT('',(1.62814E1,4.0005E0,-2.5146E0));
#5896=VERTEX_POINT('',#5895);
#5897=CARTESIAN_POINT('',(1.62814E1,4.0005E0,6.35E0));
#5898=VERTEX_POINT('',#5897);
#5899=CARTESIAN_POINT('',(-1.5748E1,4.5339E0,-2.5146E0));
#5900=CARTESIAN_POINT('',(-1.62814E1,4.0005E0,-2.5146E0));
#5901=VERTEX_POINT('',#5899);
#5902=VERTEX_POINT('',#5900);
#5903=CARTESIAN_POINT('',(-1.5748E1,4.5339E0,6.35E0));
#5904=CARTESIAN_POINT('',(-1.62814E1,4.0005E0,6.35E0));
#5905=VERTEX_POINT('',#5903);
#5906=VERTEX_POINT('',#5904);
#5907=CARTESIAN_POINT('',(-1.52146E1,4.0005E0,-2.5146E0));
#5908=VERTEX_POINT('',#5907);
#5909=CARTESIAN_POINT('',(-1.52146E1,4.0005E0,6.35E0));
#5910=VERTEX_POINT('',#5909);
#5911=CARTESIAN_POINT('',(1.886599612267E1,-1.778E0,6.8834E0));
#5912=CARTESIAN_POINT('',(1.988199612267E1,-1.778E0,6.8834E0));
#5913=VERTEX_POINT('',#5911);
#5914=VERTEX_POINT('',#5912);
#5915=CARTESIAN_POINT('',(1.988199612267E1,-1.778E0,2.633576440887E0));
#5916=VERTEX_POINT('',#5915);
#5917=CARTESIAN_POINT('',(2.281455844128E1,-1.778E0,-2.445770491298E0));
#5918=VERTEX_POINT('',#5917);
#5919=CARTESIAN_POINT('',(2.4511E1,-1.778E0,-1.775068146102E0));
#5920=VERTEX_POINT('',#5919);
#5921=CARTESIAN_POINT('',(2.585846065778E1,-1.778E0,-6.037384665693E-1));
#5922=VERTEX_POINT('',#5921);
#5923=CARTESIAN_POINT('',(2.310779612267E1,-1.778E0,4.160552262806E0));
#5924=VERTEX_POINT('',#5923);
#5925=CARTESIAN_POINT('',(2.310779612267E1,-1.778E0,6.8834E0));
#5926=CARTESIAN_POINT('',(2.167461042347E1,-1.778E0,1.50114E1));
#5927=VERTEX_POINT('',#5925);
#5928=VERTEX_POINT('',#5926);
#5929=CARTESIAN_POINT('',(1.964117787954E1,-1.778E0,1.50114E1));
#5930=VERTEX_POINT('',#5929);
#5931=CARTESIAN_POINT('',(1.988199612267E1,-1.2065E0,2.633576440887E0));
#5932=CARTESIAN_POINT('',(2.281455844128E1,-1.2065E0,-2.445770491298E0));
#5933=VERTEX_POINT('',#5931);
#5934=VERTEX_POINT('',#5932);
#5935=CARTESIAN_POINT('',(-2.281455844128E1,-1.2065E0,-2.445770491298E0));
#5936=VERTEX_POINT('',#5935);
#5937=CARTESIAN_POINT('',(-1.988199612267E1,-1.2065E0,2.633576440887E0));
#5938=VERTEX_POINT('',#5937);
#5939=CARTESIAN_POINT('',(1.964117787954E1,1.778E0,1.50114E1));
#5940=CARTESIAN_POINT('',(2.167461042347E1,1.778E0,1.50114E1));
#5941=VERTEX_POINT('',#5939);
#5942=VERTEX_POINT('',#5940);
#5943=CARTESIAN_POINT('',(2.310779612267E1,1.778E0,6.8834E0));
#5944=VERTEX_POINT('',#5943);
#5945=CARTESIAN_POINT('',(2.310779612267E1,1.778E0,4.160552262806E0));
#5946=CARTESIAN_POINT('',(2.585846065778E1,1.778E0,-6.037384665693E-1));
#5947=VERTEX_POINT('',#5945);
#5948=VERTEX_POINT('',#5946);
#5949=CARTESIAN_POINT('',(2.4511E1,1.778E0,-1.775068146102E0));
#5950=VERTEX_POINT('',#5949);
#5951=CARTESIAN_POINT('',(2.281455844128E1,1.778E0,-2.445770491298E0));
#5952=VERTEX_POINT('',#5951);
#5953=CARTESIAN_POINT('',(1.988199612267E1,1.778E0,2.633576440887E0));
#5954=VERTEX_POINT('',#5953);
#5955=CARTESIAN_POINT('',(1.988199612267E1,1.778E0,6.8834E0));
#5956=VERTEX_POINT('',#5955);
#5957=CARTESIAN_POINT('',(1.886599612267E1,1.778E0,6.8834E0));
#5958=VERTEX_POINT('',#5957);
#5959=CARTESIAN_POINT('',(2.281455844128E1,1.2065E0,-2.445770491298E0));
#5960=CARTESIAN_POINT('',(1.988199612267E1,1.2065E0,2.633576440887E0));
#5961=VERTEX_POINT('',#5959);
#5962=VERTEX_POINT('',#5960);
#5963=CARTESIAN_POINT('',(-2.281455844128E1,1.2065E0,-2.445770491298E0));
#5964=VERTEX_POINT('',#5963);
#5965=CARTESIAN_POINT('',(-1.988199612267E1,1.2065E0,2.633576440887E0));
#5966=VERTEX_POINT('',#5965);
#5967=CARTESIAN_POINT('',(1.22682E1,-4.0005E0,6.604E0));
#5968=CARTESIAN_POINT('',(1.22682E1,-4.0005E0,-5.842E-1));
#5969=VERTEX_POINT('',#5967);
#5970=VERTEX_POINT('',#5968);
#5971=CARTESIAN_POINT('',(1.56718E1,-4.0005E0,6.604E0));
#5972=CARTESIAN_POINT('',(1.56718E1,-4.0005E0,-5.842E-1));
#5973=VERTEX_POINT('',#5971);
#5974=VERTEX_POINT('',#5972);
#5975=CARTESIAN_POINT('',(1.22682E1,-3.8354E0,6.604E0));
#5976=CARTESIAN_POINT('',(1.28905E1,-3.8354E0,6.604E0));
#5977=VERTEX_POINT('',#5975);
#5978=VERTEX_POINT('',#5976);
#5979=CARTESIAN_POINT('',(1.50495E1,-3.8354E0,6.604E0));
#5980=CARTESIAN_POINT('',(1.56718E1,-3.8354E0,6.604E0));
#5981=VERTEX_POINT('',#5979);
#5982=VERTEX_POINT('',#5980);
#5983=CARTESIAN_POINT('',(1.28905E1,-3.8354E0,5.5118E0));
#5984=VERTEX_POINT('',#5983);
#5985=CARTESIAN_POINT('',(1.50495E1,-3.8354E0,5.5118E0));
#5986=VERTEX_POINT('',#5985);
#5987=CARTESIAN_POINT('',(1.4732E1,-3.8354E0,1.7018E0));
#5988=CARTESIAN_POINT('',(1.3208E1,-3.8354E0,1.7018E0));
#5989=VERTEX_POINT('',#5987);
#5990=VERTEX_POINT('',#5988);
#5991=CARTESIAN_POINT('',(1.3208E1,-3.8354E0,-5.842E-1));
#5992=VERTEX_POINT('',#5991);
#5993=CARTESIAN_POINT('',(1.22682E1,-3.8354E0,-5.842E-1));
#5994=VERTEX_POINT('',#5993);
#5995=CARTESIAN_POINT('',(1.4732E1,-3.8354E0,-5.842E-1));
#5996=CARTESIAN_POINT('',(1.56718E1,-3.8354E0,-5.842E-1));
#5997=VERTEX_POINT('',#5995);
#5998=VERTEX_POINT('',#5996);
#5999=CARTESIAN_POINT('',(-1.35001E1,-3.2131E0,-2.7686E0));
#6000=CARTESIAN_POINT('',(-9.3599E0,-3.2131E0,-2.7686E0));
#6001=VERTEX_POINT('',#5999);
#6002=VERTEX_POINT('',#6000);
#6003=CARTESIAN_POINT('',(-9.3599E0,-3.2131E0,-5.842E-1));
#6004=VERTEX_POINT('',#6003);
#6005=CARTESIAN_POINT('',(-1.0668E1,-3.2131E0,-5.842E-1));
#6006=VERTEX_POINT('',#6005);
#6007=CARTESIAN_POINT('',(-1.2192E1,-3.2131E0,-5.842E-1));
#6008=CARTESIAN_POINT('',(-1.35001E1,-3.2131E0,-5.842E-1));
#6009=VERTEX_POINT('',#6007);
#6010=VERTEX_POINT('',#6008);
#6011=CARTESIAN_POINT('',(-9.3599E0,-4.0005E0,-2.7686E0));
#6012=CARTESIAN_POINT('',(-9.3599E0,-4.0005E0,-5.842E-1));
#6013=VERTEX_POINT('',#6011);
#6014=VERTEX_POINT('',#6012);
#6015=CARTESIAN_POINT('',(-1.35001E1,-4.0005E0,-5.842E-1));
#6016=CARTESIAN_POINT('',(-1.35001E1,-4.0005E0,-2.7686E0));
#6017=VERTEX_POINT('',#6015);
#6018=VERTEX_POINT('',#6016);
#6019=CARTESIAN_POINT('',(-1.25095E1,-3.2131E0,6.223E0));
#6020=CARTESIAN_POINT('',(-1.25095E1,-3.2131E0,5.5118E0));
#6021=VERTEX_POINT('',#6019);
#6022=VERTEX_POINT('',#6020);
#6023=CARTESIAN_POINT('',(-1.03505E1,-3.2131E0,5.5118E0));
#6024=VERTEX_POINT('',#6023);
#6025=CARTESIAN_POINT('',(-1.25095E1,-3.5941E0,6.604E0));
#6026=VERTEX_POINT('',#6025);
#6027=CARTESIAN_POINT('',(-1.03505E1,-3.5941E0,6.604E0));
#6028=VERTEX_POINT('',#6027);
#6029=CARTESIAN_POINT('',(-1.03505E1,-3.2131E0,6.223E0));
#6030=VERTEX_POINT('',#6029);
#6031=CARTESIAN_POINT('',(-1.35001E1,-3.5687E0,-2.7686E0));
#6032=VERTEX_POINT('',#6031);
#6033=CARTESIAN_POINT('',(-9.3599E0,-3.5687E0,-2.7686E0));
#6034=VERTEX_POINT('',#6033);
#6035=CARTESIAN_POINT('',(-1.31318E1,-4.0005E0,6.604E0));
#6036=CARTESIAN_POINT('',(-1.31318E1,-4.0005E0,-5.842E-1));
#6037=VERTEX_POINT('',#6035);
#6038=VERTEX_POINT('',#6036);
#6039=CARTESIAN_POINT('',(-1.31318E1,-3.8354E0,6.604E0));
#6040=CARTESIAN_POINT('',(-1.25095E1,-3.8354E0,6.604E0));
#6041=VERTEX_POINT('',#6039);
#6042=VERTEX_POINT('',#6040);
#6043=CARTESIAN_POINT('',(-1.25095E1,-3.8354E0,5.5118E0));
#6044=VERTEX_POINT('',#6043);
#6045=CARTESIAN_POINT('',(-1.03505E1,-3.8354E0,5.5118E0));
#6046=VERTEX_POINT('',#6045);
#6047=CARTESIAN_POINT('',(-1.2192E1,-3.8354E0,-5.842E-1));
#6048=CARTESIAN_POINT('',(-1.31318E1,-3.8354E0,-5.842E-1));
#6049=VERTEX_POINT('',#6047);
#6050=VERTEX_POINT('',#6048);
#6051=CARTESIAN_POINT('',(1.7272E1,3.5687E0,-2.7686E0));
#6052=CARTESIAN_POINT('',(-1.7272E1,3.5687E0,-2.7686E0));
#6053=VERTEX_POINT('',#6051);
#6054=VERTEX_POINT('',#6052);
#6055=CARTESIAN_POINT('',(-1.7272E1,4.0005E0,-2.7686E0));
#6056=CARTESIAN_POINT('',(1.7272E1,4.0005E0,-2.7686E0));
#6057=VERTEX_POINT('',#6055);
#6058=VERTEX_POINT('',#6056);
#6059=CARTESIAN_POINT('',(-1.7272E1,4.0005E0,-7.3406E0));
#6060=VERTEX_POINT('',#6059);
#6061=CARTESIAN_POINT('',(1.7272E1,4.0005E0,-7.3406E0));
#6062=VERTEX_POINT('',#6061);
#6063=CARTESIAN_POINT('',(1.60401E1,-4.0005E0,-2.7686E0));
#6064=CARTESIAN_POINT('',(1.7272E1,-4.0005E0,-2.7686E0));
#6065=VERTEX_POINT('',#6063);
#6066=VERTEX_POINT('',#6064);
#6067=CARTESIAN_POINT('',(1.7272E1,-4.0005E0,-7.3406E0));
#6068=VERTEX_POINT('',#6067);
#6069=CARTESIAN_POINT('',(-1.7272E1,-4.0005E0,-7.3406E0));
#6070=CARTESIAN_POINT('',(-1.7272E1,-4.0005E0,-2.7686E0));
#6071=VERTEX_POINT('',#6069);
#6072=VERTEX_POINT('',#6070);
#6073=CARTESIAN_POINT('',(-1.7272E1,3.5687E0,-7.3406E0));
#6074=VERTEX_POINT('',#6073);
#6075=CARTESIAN_POINT('',(1.7272E1,3.5687E0,-7.3406E0));
#6076=VERTEX_POINT('',#6075);
#6077=CARTESIAN_POINT('',(-1.7272E1,-3.5687E0,-7.3406E0));
#6078=CARTESIAN_POINT('',(1.7272E1,-3.5687E0,-7.3406E0));
#6079=VERTEX_POINT('',#6077);
#6080=VERTEX_POINT('',#6078);
#6081=CARTESIAN_POINT('',(1.18999E1,-3.5687E0,-2.7686E0));
#6082=CARTESIAN_POINT('',(1.18999E1,-4.0005E0,-2.7686E0));
#6083=VERTEX_POINT('',#6081);
#6084=VERTEX_POINT('',#6082);
#6085=CARTESIAN_POINT('',(1.60401E1,-3.5687E0,-2.7686E0));
#6086=VERTEX_POINT('',#6085);
#6087=CARTESIAN_POINT('',(1.7272E1,-3.5687E0,-2.7686E0));
#6088=VERTEX_POINT('',#6087);
#6089=CARTESIAN_POINT('',(-1.7272E1,-3.5687E0,-2.7686E0));
#6090=VERTEX_POINT('',#6089);
#6091=CARTESIAN_POINT('',(0.E0,4.5339E0,6.35E0));
#6092=CARTESIAN_POINT('',(0.E0,4.5339E0,-2.5146E0));
#6093=VERTEX_POINT('',#6091);
#6094=VERTEX_POINT('',#6092);
#6095=CARTESIAN_POINT('',(-5.334E-1,4.0005E0,6.35E0));
#6096=CARTESIAN_POINT('',(5.334E-1,4.0005E0,6.35E0));
#6097=VERTEX_POINT('',#6095);
#6098=VERTEX_POINT('',#6096);
#6099=CARTESIAN_POINT('',(-5.334E-1,4.0005E0,-2.5146E0));
#6100=CARTESIAN_POINT('',(5.334E-1,4.0005E0,-2.5146E0));
#6101=VERTEX_POINT('',#6099);
#6102=VERTEX_POINT('',#6100);
#6103=CARTESIAN_POINT('',(-2.8575E0,1.5748E0,6.096E0));
#6104=CARTESIAN_POINT('',(-2.8575E0,9.398E-1,6.096E0));
#6105=VERTEX_POINT('',#6103);
#6106=VERTEX_POINT('',#6104);
#6107=CARTESIAN_POINT('',(-2.2225E0,9.398E-1,6.096E0));
#6108=VERTEX_POINT('',#6107);
#6109=CARTESIAN_POINT('',(-2.2225E0,1.5748E0,6.096E0));
#6110=VERTEX_POINT('',#6109);
#6111=CARTESIAN_POINT('',(-2.8575E0,-9.652E-1,6.096E0));
#6112=CARTESIAN_POINT('',(-2.8575E0,-1.6002E0,6.096E0));
#6113=VERTEX_POINT('',#6111);
#6114=VERTEX_POINT('',#6112);
#6115=CARTESIAN_POINT('',(-2.2225E0,-1.6002E0,6.096E0));
#6116=VERTEX_POINT('',#6115);
#6117=CARTESIAN_POINT('',(-2.2225E0,-9.652E-1,6.096E0));
#6118=VERTEX_POINT('',#6117);
#6119=CARTESIAN_POINT('',(-2.8575E0,1.5748E0,0.E0));
#6120=CARTESIAN_POINT('',(-2.8575E0,9.398E-1,0.E0));
#6121=VERTEX_POINT('',#6119);
#6122=VERTEX_POINT('',#6120);
#6123=CARTESIAN_POINT('',(-2.2225E0,9.398E-1,0.E0));
#6124=VERTEX_POINT('',#6123);
#6125=CARTESIAN_POINT('',(-2.2225E0,1.5748E0,0.E0));
#6126=VERTEX_POINT('',#6125);
#6127=CARTESIAN_POINT('',(-2.8575E0,-9.652E-1,0.E0));
#6128=CARTESIAN_POINT('',(-2.8575E0,-1.6002E0,0.E0));
#6129=VERTEX_POINT('',#6127);
#6130=VERTEX_POINT('',#6128);
#6131=CARTESIAN_POINT('',(-2.2225E0,-1.6002E0,0.E0));
#6132=VERTEX_POINT('',#6131);
#6133=CARTESIAN_POINT('',(-2.2225E0,-9.652E-1,0.E0));
#6134=VERTEX_POINT('',#6133);
#6135=CARTESIAN_POINT('',(-3.175E-1,1.5748E0,6.096E0));
#6136=CARTESIAN_POINT('',(-3.175E-1,9.398E-1,6.096E0));
#6137=VERTEX_POINT('',#6135);
#6138=VERTEX_POINT('',#6136);
#6139=CARTESIAN_POINT('',(3.175E-1,9.398E-1,6.096E0));
#6140=VERTEX_POINT('',#6139);
#6141=CARTESIAN_POINT('',(3.175E-1,1.5748E0,6.096E0));
#6142=VERTEX_POINT('',#6141);
#6143=CARTESIAN_POINT('',(-3.175E-1,-9.652E-1,6.096E0));
#6144=CARTESIAN_POINT('',(-3.175E-1,-1.6002E0,6.096E0));
#6145=VERTEX_POINT('',#6143);
#6146=VERTEX_POINT('',#6144);
#6147=CARTESIAN_POINT('',(3.175E-1,-1.6002E0,6.096E0));
#6148=VERTEX_POINT('',#6147);
#6149=CARTESIAN_POINT('',(3.175E-1,-9.652E-1,6.096E0));
#6150=VERTEX_POINT('',#6149);
#6151=CARTESIAN_POINT('',(-3.175E-1,1.5748E0,0.E0));
#6152=CARTESIAN_POINT('',(-3.175E-1,9.398E-1,0.E0));
#6153=VERTEX_POINT('',#6151);
#6154=VERTEX_POINT('',#6152);
#6155=CARTESIAN_POINT('',(3.175E-1,9.398E-1,0.E0));
#6156=VERTEX_POINT('',#6155);
#6157=CARTESIAN_POINT('',(3.175E-1,1.5748E0,0.E0));
#6158=VERTEX_POINT('',#6157);
#6159=CARTESIAN_POINT('',(-3.175E-1,-9.652E-1,0.E0));
#6160=CARTESIAN_POINT('',(-3.175E-1,-1.6002E0,0.E0));
#6161=VERTEX_POINT('',#6159);
#6162=VERTEX_POINT('',#6160);
#6163=CARTESIAN_POINT('',(3.175E-1,-1.6002E0,0.E0));
#6164=VERTEX_POINT('',#6163);
#6165=CARTESIAN_POINT('',(3.175E-1,-9.652E-1,0.E0));
#6166=VERTEX_POINT('',#6165);
#6167=CARTESIAN_POINT('',(2.2225E0,1.5748E0,6.096E0));
#6168=CARTESIAN_POINT('',(2.2225E0,9.398E-1,6.096E0));
#6169=VERTEX_POINT('',#6167);
#6170=VERTEX_POINT('',#6168);
#6171=CARTESIAN_POINT('',(2.8575E0,9.398E-1,6.096E0));
#6172=VERTEX_POINT('',#6171);
#6173=CARTESIAN_POINT('',(2.8575E0,1.5748E0,6.096E0));
#6174=VERTEX_POINT('',#6173);
#6175=CARTESIAN_POINT('',(2.2225E0,-9.652E-1,6.096E0));
#6176=CARTESIAN_POINT('',(2.2225E0,-1.6002E0,6.096E0));
#6177=VERTEX_POINT('',#6175);
#6178=VERTEX_POINT('',#6176);
#6179=CARTESIAN_POINT('',(2.8575E0,-1.6002E0,6.096E0));
#6180=VERTEX_POINT('',#6179);
#6181=CARTESIAN_POINT('',(2.8575E0,-9.652E-1,6.096E0));
#6182=VERTEX_POINT('',#6181);
#6183=CARTESIAN_POINT('',(2.2225E0,1.5748E0,0.E0));
#6184=CARTESIAN_POINT('',(2.2225E0,9.398E-1,0.E0));
#6185=VERTEX_POINT('',#6183);
#6186=VERTEX_POINT('',#6184);
#6187=CARTESIAN_POINT('',(2.8575E0,9.398E-1,0.E0));
#6188=VERTEX_POINT('',#6187);
#6189=CARTESIAN_POINT('',(2.8575E0,1.5748E0,0.E0));
#6190=VERTEX_POINT('',#6189);
#6191=CARTESIAN_POINT('',(2.2225E0,-9.652E-1,0.E0));
#6192=CARTESIAN_POINT('',(2.2225E0,-1.6002E0,0.E0));
#6193=VERTEX_POINT('',#6191);
#6194=VERTEX_POINT('',#6192);
#6195=CARTESIAN_POINT('',(2.8575E0,-1.6002E0,0.E0));
#6196=VERTEX_POINT('',#6195);
#6197=CARTESIAN_POINT('',(2.8575E0,-9.652E-1,0.E0));
#6198=VERTEX_POINT('',#6197);
#6199=CARTESIAN_POINT('',(-2.2225E0,-1.2827E0,-1.01346E1));
#6200=CARTESIAN_POINT('',(-2.8575E0,-1.2827E0,-1.01346E1));
#6201=VERTEX_POINT('',#6199);
#6202=VERTEX_POINT('',#6200);
#6203=CARTESIAN_POINT('',(-2.2225E0,1.2573E0,-1.01346E1));
#6204=CARTESIAN_POINT('',(-2.8575E0,1.2573E0,-1.01346E1));
#6205=VERTEX_POINT('',#6203);
#6206=VERTEX_POINT('',#6204);
#6207=CARTESIAN_POINT('',(-2.2225E0,-1.2827E0,-7.3406E0));
#6208=CARTESIAN_POINT('',(-2.8575E0,-1.2827E0,-7.3406E0));
#6209=VERTEX_POINT('',#6207);
#6210=VERTEX_POINT('',#6208);
#6211=CARTESIAN_POINT('',(-2.2225E0,1.2573E0,-7.3406E0));
#6212=CARTESIAN_POINT('',(-2.8575E0,1.2573E0,-7.3406E0));
#6213=VERTEX_POINT('',#6211);
#6214=VERTEX_POINT('',#6212);
#6215=CARTESIAN_POINT('',(3.175E-1,-1.2827E0,-1.01346E1));
#6216=CARTESIAN_POINT('',(-3.175E-1,-1.2827E0,-1.01346E1));
#6217=VERTEX_POINT('',#6215);
#6218=VERTEX_POINT('',#6216);
#6219=CARTESIAN_POINT('',(3.175E-1,1.2573E0,-1.01346E1));
#6220=CARTESIAN_POINT('',(-3.175E-1,1.2573E0,-1.01346E1));
#6221=VERTEX_POINT('',#6219);
#6222=VERTEX_POINT('',#6220);
#6223=CARTESIAN_POINT('',(3.175E-1,-1.2827E0,-7.3406E0));
#6224=CARTESIAN_POINT('',(-3.175E-1,-1.2827E0,-7.3406E0));
#6225=VERTEX_POINT('',#6223);
#6226=VERTEX_POINT('',#6224);
#6227=CARTESIAN_POINT('',(3.175E-1,1.2573E0,-7.3406E0));
#6228=CARTESIAN_POINT('',(-3.175E-1,1.2573E0,-7.3406E0));
#6229=VERTEX_POINT('',#6227);
#6230=VERTEX_POINT('',#6228);
#6231=CARTESIAN_POINT('',(2.8575E0,-1.2827E0,-1.01346E1));
#6232=CARTESIAN_POINT('',(2.2225E0,-1.2827E0,-1.01346E1));
#6233=VERTEX_POINT('',#6231);
#6234=VERTEX_POINT('',#6232);
#6235=CARTESIAN_POINT('',(2.8575E0,1.2573E0,-1.01346E1));
#6236=CARTESIAN_POINT('',(2.2225E0,1.2573E0,-1.01346E1));
#6237=VERTEX_POINT('',#6235);
#6238=VERTEX_POINT('',#6236);
#6239=CARTESIAN_POINT('',(2.8575E0,-1.2827E0,-7.3406E0));
#6240=CARTESIAN_POINT('',(2.2225E0,-1.2827E0,-7.3406E0));
#6241=VERTEX_POINT('',#6239);
#6242=VERTEX_POINT('',#6240);
#6243=CARTESIAN_POINT('',(2.8575E0,1.2573E0,-7.3406E0));
#6244=CARTESIAN_POINT('',(2.2225E0,1.2573E0,-7.3406E0));
#6245=VERTEX_POINT('',#6243);
#6246=VERTEX_POINT('',#6244);
#6247=CARTESIAN_POINT('',(-1.0668E1,-3.2131E0,0.E0));
#6248=CARTESIAN_POINT('',(-1.0668E1,-3.2131E0,1.7018E0));
#6249=VERTEX_POINT('',#6247);
#6250=VERTEX_POINT('',#6248);
#6251=CARTESIAN_POINT('',(-1.2192E1,-3.2131E0,1.7018E0));
#6252=VERTEX_POINT('',#6251);
#6253=CARTESIAN_POINT('',(-1.2192E1,-3.2131E0,0.E0));
#6254=VERTEX_POINT('',#6253);
#6255=CARTESIAN_POINT('',(-9.7282E0,-4.0005E0,6.604E0));
#6256=CARTESIAN_POINT('',(-9.7282E0,-4.0005E0,-5.842E-1));
#6257=VERTEX_POINT('',#6255);
#6258=VERTEX_POINT('',#6256);
#6259=CARTESIAN_POINT('',(-1.03505E1,-3.8354E0,6.604E0));
#6260=CARTESIAN_POINT('',(-9.7282E0,-3.8354E0,6.604E0));
#6261=VERTEX_POINT('',#6259);
#6262=VERTEX_POINT('',#6260);
#6263=CARTESIAN_POINT('',(-1.0668E1,-3.8354E0,-5.842E-1));
#6264=CARTESIAN_POINT('',(-9.7282E0,-3.8354E0,-5.842E-1));
#6265=VERTEX_POINT('',#6263);
#6266=VERTEX_POINT('',#6264);
#6267=CARTESIAN_POINT('',(-1.0668E1,-3.8354E0,1.7018E0));
#6268=VERTEX_POINT('',#6267);
#6269=CARTESIAN_POINT('',(-1.2192E1,-3.8354E0,1.7018E0));
#6270=VERTEX_POINT('',#6269);
#6271=CARTESIAN_POINT('',(4.7625E0,1.5748E0,6.096E0));
#6272=CARTESIAN_POINT('',(4.7625E0,9.398E-1,6.096E0));
#6273=VERTEX_POINT('',#6271);
#6274=VERTEX_POINT('',#6272);
#6275=CARTESIAN_POINT('',(5.3975E0,9.398E-1,6.096E0));
#6276=VERTEX_POINT('',#6275);
#6277=CARTESIAN_POINT('',(5.3975E0,1.5748E0,6.096E0));
#6278=VERTEX_POINT('',#6277);
#6279=CARTESIAN_POINT('',(4.7625E0,-9.652E-1,6.096E0));
#6280=CARTESIAN_POINT('',(4.7625E0,-1.6002E0,6.096E0));
#6281=VERTEX_POINT('',#6279);
#6282=VERTEX_POINT('',#6280);
#6283=CARTESIAN_POINT('',(5.3975E0,-1.6002E0,6.096E0));
#6284=VERTEX_POINT('',#6283);
#6285=CARTESIAN_POINT('',(5.3975E0,-9.652E-1,6.096E0));
#6286=VERTEX_POINT('',#6285);
#6287=CARTESIAN_POINT('',(4.7625E0,1.5748E0,0.E0));
#6288=CARTESIAN_POINT('',(4.7625E0,9.398E-1,0.E0));
#6289=VERTEX_POINT('',#6287);
#6290=VERTEX_POINT('',#6288);
#6291=CARTESIAN_POINT('',(5.3975E0,9.398E-1,0.E0));
#6292=VERTEX_POINT('',#6291);
#6293=CARTESIAN_POINT('',(5.3975E0,1.5748E0,0.E0));
#6294=VERTEX_POINT('',#6293);
#6295=CARTESIAN_POINT('',(4.7625E0,-9.652E-1,0.E0));
#6296=CARTESIAN_POINT('',(4.7625E0,-1.6002E0,0.E0));
#6297=VERTEX_POINT('',#6295);
#6298=VERTEX_POINT('',#6296);
#6299=CARTESIAN_POINT('',(5.3975E0,-1.6002E0,0.E0));
#6300=VERTEX_POINT('',#6299);
#6301=CARTESIAN_POINT('',(5.3975E0,-9.652E-1,0.E0));
#6302=VERTEX_POINT('',#6301);
#6303=CARTESIAN_POINT('',(7.3025E0,1.5748E0,6.096E0));
#6304=CARTESIAN_POINT('',(7.3025E0,9.398E-1,6.096E0));
#6305=VERTEX_POINT('',#6303);
#6306=VERTEX_POINT('',#6304);
#6307=CARTESIAN_POINT('',(7.9375E0,9.398E-1,6.096E0));
#6308=VERTEX_POINT('',#6307);
#6309=CARTESIAN_POINT('',(7.9375E0,1.5748E0,6.096E0));
#6310=VERTEX_POINT('',#6309);
#6311=CARTESIAN_POINT('',(7.3025E0,-9.652E-1,6.096E0));
#6312=CARTESIAN_POINT('',(7.3025E0,-1.6002E0,6.096E0));
#6313=VERTEX_POINT('',#6311);
#6314=VERTEX_POINT('',#6312);
#6315=CARTESIAN_POINT('',(7.9375E0,-1.6002E0,6.096E0));
#6316=VERTEX_POINT('',#6315);
#6317=CARTESIAN_POINT('',(7.9375E0,-9.652E-1,6.096E0));
#6318=VERTEX_POINT('',#6317);
#6319=CARTESIAN_POINT('',(7.3025E0,1.5748E0,0.E0));
#6320=CARTESIAN_POINT('',(7.3025E0,9.398E-1,0.E0));
#6321=VERTEX_POINT('',#6319);
#6322=VERTEX_POINT('',#6320);
#6323=CARTESIAN_POINT('',(7.9375E0,9.398E-1,0.E0));
#6324=VERTEX_POINT('',#6323);
#6325=CARTESIAN_POINT('',(7.9375E0,1.5748E0,0.E0));
#6326=VERTEX_POINT('',#6325);
#6327=CARTESIAN_POINT('',(7.3025E0,-9.652E-1,0.E0));
#6328=CARTESIAN_POINT('',(7.3025E0,-1.6002E0,0.E0));
#6329=VERTEX_POINT('',#6327);
#6330=VERTEX_POINT('',#6328);
#6331=CARTESIAN_POINT('',(7.9375E0,-1.6002E0,0.E0));
#6332=VERTEX_POINT('',#6331);
#6333=CARTESIAN_POINT('',(7.9375E0,-9.652E-1,0.E0));
#6334=VERTEX_POINT('',#6333);
#6335=CARTESIAN_POINT('',(5.3975E0,-1.2827E0,-1.01346E1));
#6336=CARTESIAN_POINT('',(4.7625E0,-1.2827E0,-1.01346E1));
#6337=VERTEX_POINT('',#6335);
#6338=VERTEX_POINT('',#6336);
#6339=CARTESIAN_POINT('',(5.3975E0,1.2573E0,-1.01346E1));
#6340=CARTESIAN_POINT('',(4.7625E0,1.2573E0,-1.01346E1));
#6341=VERTEX_POINT('',#6339);
#6342=VERTEX_POINT('',#6340);
#6343=CARTESIAN_POINT('',(5.3975E0,-1.2827E0,-7.3406E0));
#6344=CARTESIAN_POINT('',(4.7625E0,-1.2827E0,-7.3406E0));
#6345=VERTEX_POINT('',#6343);
#6346=VERTEX_POINT('',#6344);
#6347=CARTESIAN_POINT('',(5.3975E0,1.2573E0,-7.3406E0));
#6348=CARTESIAN_POINT('',(4.7625E0,1.2573E0,-7.3406E0));
#6349=VERTEX_POINT('',#6347);
#6350=VERTEX_POINT('',#6348);
#6351=CARTESIAN_POINT('',(7.9375E0,-1.2827E0,-1.01346E1));
#6352=CARTESIAN_POINT('',(7.3025E0,-1.2827E0,-1.01346E1));
#6353=VERTEX_POINT('',#6351);
#6354=VERTEX_POINT('',#6352);
#6355=CARTESIAN_POINT('',(7.9375E0,1.2573E0,-1.01346E1));
#6356=CARTESIAN_POINT('',(7.3025E0,1.2573E0,-1.01346E1));
#6357=VERTEX_POINT('',#6355);
#6358=VERTEX_POINT('',#6356);
#6359=CARTESIAN_POINT('',(7.9375E0,-1.2827E0,-7.3406E0));
#6360=CARTESIAN_POINT('',(7.3025E0,-1.2827E0,-7.3406E0));
#6361=VERTEX_POINT('',#6359);
#6362=VERTEX_POINT('',#6360);
#6363=CARTESIAN_POINT('',(7.9375E0,1.2573E0,-7.3406E0));
#6364=CARTESIAN_POINT('',(7.3025E0,1.2573E0,-7.3406E0));
#6365=VERTEX_POINT('',#6363);
#6366=VERTEX_POINT('',#6364);
#6367=CARTESIAN_POINT('',(9.8425E0,1.5748E0,6.096E0));
#6368=CARTESIAN_POINT('',(9.8425E0,9.398E-1,6.096E0));
#6369=VERTEX_POINT('',#6367);
#6370=VERTEX_POINT('',#6368);
#6371=CARTESIAN_POINT('',(1.04775E1,9.398E-1,6.096E0));
#6372=VERTEX_POINT('',#6371);
#6373=CARTESIAN_POINT('',(1.04775E1,1.5748E0,6.096E0));
#6374=VERTEX_POINT('',#6373);
#6375=CARTESIAN_POINT('',(9.8425E0,-9.652E-1,6.096E0));
#6376=CARTESIAN_POINT('',(9.8425E0,-1.6002E0,6.096E0));
#6377=VERTEX_POINT('',#6375);
#6378=VERTEX_POINT('',#6376);
#6379=CARTESIAN_POINT('',(1.04775E1,-1.6002E0,6.096E0));
#6380=VERTEX_POINT('',#6379);
#6381=CARTESIAN_POINT('',(1.04775E1,-9.652E-1,6.096E0));
#6382=VERTEX_POINT('',#6381);
#6383=CARTESIAN_POINT('',(9.8425E0,1.5748E0,0.E0));
#6384=CARTESIAN_POINT('',(9.8425E0,9.398E-1,0.E0));
#6385=VERTEX_POINT('',#6383);
#6386=VERTEX_POINT('',#6384);
#6387=CARTESIAN_POINT('',(1.04775E1,9.398E-1,0.E0));
#6388=VERTEX_POINT('',#6387);
#6389=CARTESIAN_POINT('',(1.04775E1,1.5748E0,0.E0));
#6390=VERTEX_POINT('',#6389);
#6391=CARTESIAN_POINT('',(9.8425E0,-9.652E-1,0.E0));
#6392=CARTESIAN_POINT('',(9.8425E0,-1.6002E0,0.E0));
#6393=VERTEX_POINT('',#6391);
#6394=VERTEX_POINT('',#6392);
#6395=CARTESIAN_POINT('',(1.04775E1,-1.6002E0,0.E0));
#6396=VERTEX_POINT('',#6395);
#6397=CARTESIAN_POINT('',(1.04775E1,-9.652E-1,0.E0));
#6398=VERTEX_POINT('',#6397);
#6399=CARTESIAN_POINT('',(1.23825E1,1.5748E0,6.096E0));
#6400=CARTESIAN_POINT('',(1.23825E1,9.398E-1,6.096E0));
#6401=VERTEX_POINT('',#6399);
#6402=VERTEX_POINT('',#6400);
#6403=CARTESIAN_POINT('',(1.30175E1,9.398E-1,6.096E0));
#6404=VERTEX_POINT('',#6403);
#6405=CARTESIAN_POINT('',(1.30175E1,1.5748E0,6.096E0));
#6406=VERTEX_POINT('',#6405);
#6407=CARTESIAN_POINT('',(1.23825E1,-9.652E-1,6.096E0));
#6408=CARTESIAN_POINT('',(1.23825E1,-1.6002E0,6.096E0));
#6409=VERTEX_POINT('',#6407);
#6410=VERTEX_POINT('',#6408);
#6411=CARTESIAN_POINT('',(1.30175E1,-1.6002E0,6.096E0));
#6412=VERTEX_POINT('',#6411);
#6413=CARTESIAN_POINT('',(1.30175E1,-9.652E-1,6.096E0));
#6414=VERTEX_POINT('',#6413);
#6415=CARTESIAN_POINT('',(1.23825E1,1.5748E0,0.E0));
#6416=CARTESIAN_POINT('',(1.23825E1,9.398E-1,0.E0));
#6417=VERTEX_POINT('',#6415);
#6418=VERTEX_POINT('',#6416);
#6419=CARTESIAN_POINT('',(1.30175E1,9.398E-1,0.E0));
#6420=VERTEX_POINT('',#6419);
#6421=CARTESIAN_POINT('',(1.30175E1,1.5748E0,0.E0));
#6422=VERTEX_POINT('',#6421);
#6423=CARTESIAN_POINT('',(1.23825E1,-9.652E-1,0.E0));
#6424=CARTESIAN_POINT('',(1.23825E1,-1.6002E0,0.E0));
#6425=VERTEX_POINT('',#6423);
#6426=VERTEX_POINT('',#6424);
#6427=CARTESIAN_POINT('',(1.30175E1,-1.6002E0,0.E0));
#6428=VERTEX_POINT('',#6427);
#6429=CARTESIAN_POINT('',(1.30175E1,-9.652E-1,0.E0));
#6430=VERTEX_POINT('',#6429);
#6431=CARTESIAN_POINT('',(1.49225E1,1.5748E0,6.096E0));
#6432=CARTESIAN_POINT('',(1.49225E1,9.398E-1,6.096E0));
#6433=VERTEX_POINT('',#6431);
#6434=VERTEX_POINT('',#6432);
#6435=CARTESIAN_POINT('',(1.55575E1,9.398E-1,6.096E0));
#6436=VERTEX_POINT('',#6435);
#6437=CARTESIAN_POINT('',(1.55575E1,1.5748E0,6.096E0));
#6438=VERTEX_POINT('',#6437);
#6439=CARTESIAN_POINT('',(1.49225E1,-9.652E-1,6.096E0));
#6440=CARTESIAN_POINT('',(1.49225E1,-1.6002E0,6.096E0));
#6441=VERTEX_POINT('',#6439);
#6442=VERTEX_POINT('',#6440);
#6443=CARTESIAN_POINT('',(1.55575E1,-1.6002E0,6.096E0));
#6444=VERTEX_POINT('',#6443);
#6445=CARTESIAN_POINT('',(1.55575E1,-9.652E-1,6.096E0));
#6446=VERTEX_POINT('',#6445);
#6447=CARTESIAN_POINT('',(1.49225E1,1.5748E0,0.E0));
#6448=CARTESIAN_POINT('',(1.49225E1,9.398E-1,0.E0));
#6449=VERTEX_POINT('',#6447);
#6450=VERTEX_POINT('',#6448);
#6451=CARTESIAN_POINT('',(1.55575E1,9.398E-1,0.E0));
#6452=VERTEX_POINT('',#6451);
#6453=CARTESIAN_POINT('',(1.55575E1,1.5748E0,0.E0));
#6454=VERTEX_POINT('',#6453);
#6455=CARTESIAN_POINT('',(1.49225E1,-9.652E-1,0.E0));
#6456=CARTESIAN_POINT('',(1.49225E1,-1.6002E0,0.E0));
#6457=VERTEX_POINT('',#6455);
#6458=VERTEX_POINT('',#6456);
#6459=CARTESIAN_POINT('',(1.55575E1,-1.6002E0,0.E0));
#6460=VERTEX_POINT('',#6459);
#6461=CARTESIAN_POINT('',(1.55575E1,-9.652E-1,0.E0));
#6462=VERTEX_POINT('',#6461);
#6463=CARTESIAN_POINT('',(1.04775E1,-1.2827E0,-1.01346E1));
#6464=CARTESIAN_POINT('',(9.8425E0,-1.2827E0,-1.01346E1));
#6465=VERTEX_POINT('',#6463);
#6466=VERTEX_POINT('',#6464);
#6467=CARTESIAN_POINT('',(1.04775E1,1.2573E0,-1.01346E1));
#6468=CARTESIAN_POINT('',(9.8425E0,1.2573E0,-1.01346E1));
#6469=VERTEX_POINT('',#6467);
#6470=VERTEX_POINT('',#6468);
#6471=CARTESIAN_POINT('',(1.04775E1,-1.2827E0,-7.3406E0));
#6472=CARTESIAN_POINT('',(9.8425E0,-1.2827E0,-7.3406E0));
#6473=VERTEX_POINT('',#6471);
#6474=VERTEX_POINT('',#6472);
#6475=CARTESIAN_POINT('',(1.04775E1,1.2573E0,-7.3406E0));
#6476=CARTESIAN_POINT('',(9.8425E0,1.2573E0,-7.3406E0));
#6477=VERTEX_POINT('',#6475);
#6478=VERTEX_POINT('',#6476);
#6479=CARTESIAN_POINT('',(1.30175E1,-1.2827E0,-1.01346E1));
#6480=CARTESIAN_POINT('',(1.23825E1,-1.2827E0,-1.01346E1));
#6481=VERTEX_POINT('',#6479);
#6482=VERTEX_POINT('',#6480);
#6483=CARTESIAN_POINT('',(1.30175E1,1.2573E0,-1.01346E1));
#6484=CARTESIAN_POINT('',(1.23825E1,1.2573E0,-1.01346E1));
#6485=VERTEX_POINT('',#6483);
#6486=VERTEX_POINT('',#6484);
#6487=CARTESIAN_POINT('',(1.30175E1,-1.2827E0,-7.3406E0));
#6488=CARTESIAN_POINT('',(1.23825E1,-1.2827E0,-7.3406E0));
#6489=VERTEX_POINT('',#6487);
#6490=VERTEX_POINT('',#6488);
#6491=CARTESIAN_POINT('',(1.30175E1,1.2573E0,-7.3406E0));
#6492=CARTESIAN_POINT('',(1.23825E1,1.2573E0,-7.3406E0));
#6493=VERTEX_POINT('',#6491);
#6494=VERTEX_POINT('',#6492);
#6495=CARTESIAN_POINT('',(1.55575E1,-1.2827E0,-1.01346E1));
#6496=CARTESIAN_POINT('',(1.49225E1,-1.2827E0,-1.01346E1));
#6497=VERTEX_POINT('',#6495);
#6498=VERTEX_POINT('',#6496);
#6499=CARTESIAN_POINT('',(1.55575E1,1.2573E0,-1.01346E1));
#6500=CARTESIAN_POINT('',(1.49225E1,1.2573E0,-1.01346E1));
#6501=VERTEX_POINT('',#6499);
#6502=VERTEX_POINT('',#6500);
#6503=CARTESIAN_POINT('',(1.55575E1,-1.2827E0,-7.3406E0));
#6504=CARTESIAN_POINT('',(1.49225E1,-1.2827E0,-7.3406E0));
#6505=VERTEX_POINT('',#6503);
#6506=VERTEX_POINT('',#6504);
#6507=CARTESIAN_POINT('',(1.55575E1,1.2573E0,-7.3406E0));
#6508=CARTESIAN_POINT('',(1.49225E1,1.2573E0,-7.3406E0));
#6509=VERTEX_POINT('',#6507);
#6510=VERTEX_POINT('',#6508);
#6511=CARTESIAN_POINT('',(2.1336E1,-1.8415E0,6.229741531472E0));
#6512=VERTEX_POINT('',#6511);
#6513=CARTESIAN_POINT('',(2.1336E1,-1.8415E0,4.997058468528E0));
#6514=VERTEX_POINT('',#6513);
#6515=CARTESIAN_POINT('',(2.1336E1,1.8415E0,6.229741531472E0));
#6516=VERTEX_POINT('',#6515);
#6517=CARTESIAN_POINT('',(2.1336E1,1.8415E0,4.997058468528E0));
#6518=VERTEX_POINT('',#6517);
#6519=CARTESIAN_POINT('',(2.310779612267E1,-1.778E0,5.613400000619E0));
#6520=VERTEX_POINT('',#6519);
#6521=CARTESIAN_POINT('',(2.310779612267E1,1.778E0,5.613400000619E0));
#6522=VERTEX_POINT('',#6521);
#6523=CARTESIAN_POINT('',(2.205369612267E1,-1.778E0,6.6675E0));
#6524=VERTEX_POINT('',#6523);
#6525=CARTESIAN_POINT('',(2.205369612267E1,-1.778E0,4.5593E0));
#6526=VERTEX_POINT('',#6525);
#6527=CARTESIAN_POINT('',(2.205369612267E1,1.778E0,6.6675E0));
#6528=VERTEX_POINT('',#6527);
#6529=CARTESIAN_POINT('',(2.205369612267E1,1.778E0,4.5593E0));
#6530=VERTEX_POINT('',#6529);
#6531=CARTESIAN_POINT('',(2.205369612267E1,-2.0828E0,5.6134E0));
#6532=VERTEX_POINT('',#6531);
#6533=CARTESIAN_POINT('',(2.205369612267E1,2.0828E0,5.6134E0));
#6534=VERTEX_POINT('',#6533);
#6535=CARTESIAN_POINT('',(-2.1336E1,-1.8415E0,4.997058468528E0));
#6536=CARTESIAN_POINT('',(-2.1336E1,-1.8415E0,6.229741531472E0));
#6537=VERTEX_POINT('',#6535);
#6538=VERTEX_POINT('',#6536);
#6539=CARTESIAN_POINT('',(-2.1336E1,1.8415E0,4.997058468528E0));
#6540=CARTESIAN_POINT('',(-2.1336E1,1.8415E0,6.229741531472E0));
#6541=VERTEX_POINT('',#6539);
#6542=VERTEX_POINT('',#6540);
#6543=CARTESIAN_POINT('',(-2.205369612267E1,-1.778E0,6.6675E0));
#6544=CARTESIAN_POINT('',(-2.310779612267E1,-1.778E0,5.613400001238E0));
#6545=VERTEX_POINT('',#6543);
#6546=VERTEX_POINT('',#6544);
#6547=CARTESIAN_POINT('',(-2.205369612267E1,-1.778E0,4.5593E0));
#6548=VERTEX_POINT('',#6547);
#6549=CARTESIAN_POINT('',(-2.205369612267E1,1.778E0,6.6675E0));
#6550=CARTESIAN_POINT('',(-2.310779612267E1,1.778E0,5.613400001238E0));
#6551=VERTEX_POINT('',#6549);
#6552=VERTEX_POINT('',#6550);
#6553=CARTESIAN_POINT('',(-2.205369612267E1,1.778E0,4.5593E0));
#6554=VERTEX_POINT('',#6553);
#6555=CARTESIAN_POINT('',(-2.205369612267E1,2.0828E0,5.6134E0));
#6556=VERTEX_POINT('',#6555);
#6557=CARTESIAN_POINT('',(-2.205369612267E1,-2.0828E0,5.6134E0));
#6558=VERTEX_POINT('',#6557);
#6559=CARTESIAN_POINT('',(-1.964117787954E1,-1.778E0,1.50114E1));
#6560=CARTESIAN_POINT('',(-2.167461042347E1,-1.778E0,1.50114E1));
#6561=VERTEX_POINT('',#6559);
#6562=VERTEX_POINT('',#6560);
#6563=CARTESIAN_POINT('',(-2.310779612267E1,-1.778E0,6.8834E0));
#6564=VERTEX_POINT('',#6563);
#6565=CARTESIAN_POINT('',(-2.310779612267E1,-1.778E0,4.160552262806E0));
#6566=CARTESIAN_POINT('',(-2.585846065778E1,-1.778E0,-6.037384665693E-1));
#6567=VERTEX_POINT('',#6565);
#6568=VERTEX_POINT('',#6566);
#6569=CARTESIAN_POINT('',(-2.4511E1,-1.778E0,-1.775068146102E0));
#6570=VERTEX_POINT('',#6569);
#6571=CARTESIAN_POINT('',(-2.281455844128E1,-1.778E0,-2.445770491298E0));
#6572=VERTEX_POINT('',#6571);
#6573=CARTESIAN_POINT('',(-1.988199612267E1,-1.778E0,2.633576440887E0));
#6574=VERTEX_POINT('',#6573);
#6575=CARTESIAN_POINT('',(-1.988199612267E1,-1.778E0,6.8834E0));
#6576=VERTEX_POINT('',#6575);
#6577=CARTESIAN_POINT('',(-1.886599612267E1,-1.778E0,6.8834E0));
#6578=VERTEX_POINT('',#6577);
#6579=CARTESIAN_POINT('',(-1.886599612267E1,1.778E0,6.8834E0));
#6580=CARTESIAN_POINT('',(-1.988199612267E1,1.778E0,6.8834E0));
#6581=VERTEX_POINT('',#6579);
#6582=VERTEX_POINT('',#6580);
#6583=CARTESIAN_POINT('',(-1.988199612267E1,1.778E0,2.633576440887E0));
#6584=VERTEX_POINT('',#6583);
#6585=CARTESIAN_POINT('',(-2.281455844128E1,1.778E0,-2.445770491298E0));
#6586=VERTEX_POINT('',#6585);
#6587=CARTESIAN_POINT('',(-2.4511E1,1.778E0,-1.775068146102E0));
#6588=VERTEX_POINT('',#6587);
#6589=CARTESIAN_POINT('',(-2.585846065778E1,1.778E0,-6.037384665693E-1));
#6590=VERTEX_POINT('',#6589);
#6591=CARTESIAN_POINT('',(-2.310779612267E1,1.778E0,4.160552262806E0));
#6592=VERTEX_POINT('',#6591);
#6593=CARTESIAN_POINT('',(-2.310779612267E1,1.778E0,6.8834E0));
#6594=CARTESIAN_POINT('',(-2.167461042347E1,1.778E0,1.50114E1));
#6595=VERTEX_POINT('',#6593);
#6596=VERTEX_POINT('',#6594);
#6597=CARTESIAN_POINT('',(-1.964117787954E1,1.778E0,1.50114E1));
#6598=VERTEX_POINT('',#6597);
#6599=CARTESIAN_POINT('',(1.734199612267E1,2.6035E0,1.08966E1));
#6600=CARTESIAN_POINT('',(1.800239612267E1,2.6035E0,1.08966E1));
#6601=VERTEX_POINT('',#6599);
#6602=VERTEX_POINT('',#6600);
#6603=CARTESIAN_POINT('',(1.886599612267E1,2.6035E0,1.08966E1));
#6604=VERTEX_POINT('',#6603);
#6605=CARTESIAN_POINT('',(1.886599612267E1,2.6035E0,1.408757435634E1));
#6606=VERTEX_POINT('',#6605);
#6607=CARTESIAN_POINT('',(1.772299612267E1,2.6035E0,1.27254E1));
#6608=VERTEX_POINT('',#6607);
#6609=CARTESIAN_POINT('',(1.772299612267E1,2.6035E0,1.23444E1));
#6610=VERTEX_POINT('',#6609);
#6611=CARTESIAN_POINT('',(1.734199612267E1,2.6035E0,1.23444E1));
#6612=VERTEX_POINT('',#6611);
#6613=CARTESIAN_POINT('',(-1.800239612267E1,2.6035E0,1.08966E1));
#6614=CARTESIAN_POINT('',(-1.734199612267E1,2.6035E0,1.08966E1));
#6615=VERTEX_POINT('',#6613);
#6616=VERTEX_POINT('',#6614);
#6617=CARTESIAN_POINT('',(-1.734199612267E1,2.6035E0,1.23444E1));
#6618=VERTEX_POINT('',#6617);
#6619=CARTESIAN_POINT('',(-1.772299612267E1,2.6035E0,1.23444E1));
#6620=VERTEX_POINT('',#6619);
#6621=CARTESIAN_POINT('',(-1.772299612267E1,2.6035E0,1.27254E1));
#6622=VERTEX_POINT('',#6621);
#6623=CARTESIAN_POINT('',(-1.886599612267E1,2.6035E0,1.408757435634E1));
#6624=VERTEX_POINT('',#6623);
#6625=CARTESIAN_POINT('',(-1.886599612267E1,2.6035E0,1.08966E1));
#6626=VERTEX_POINT('',#6625);
#6627=CARTESIAN_POINT('',(1.734199612267E1,-2.6035E0,1.08966E1));
#6628=CARTESIAN_POINT('',(1.800239612267E1,-2.6035E0,1.08966E1));
#6629=VERTEX_POINT('',#6627);
#6630=VERTEX_POINT('',#6628);
#6631=CARTESIAN_POINT('',(1.886599612267E1,-2.6035E0,1.08966E1));
#6632=VERTEX_POINT('',#6631);
#6633=CARTESIAN_POINT('',(1.886599612267E1,-2.6035E0,1.408757435634E1));
#6634=VERTEX_POINT('',#6633);
#6635=CARTESIAN_POINT('',(1.772299612267E1,-2.6035E0,1.27254E1));
#6636=VERTEX_POINT('',#6635);
#6637=CARTESIAN_POINT('',(1.772299612267E1,-2.6035E0,1.23444E1));
#6638=VERTEX_POINT('',#6637);
#6639=CARTESIAN_POINT('',(1.734199612267E1,-2.6035E0,1.23444E1));
#6640=VERTEX_POINT('',#6639);
#6641=CARTESIAN_POINT('',(-1.800239612267E1,-2.6035E0,1.08966E1));
#6642=CARTESIAN_POINT('',(-1.734199612267E1,-2.6035E0,1.08966E1));
#6643=VERTEX_POINT('',#6641);
#6644=VERTEX_POINT('',#6642);
#6645=CARTESIAN_POINT('',(-1.734199612267E1,-2.6035E0,1.23444E1));
#6646=VERTEX_POINT('',#6645);
#6647=CARTESIAN_POINT('',(-1.772299612267E1,-2.6035E0,1.23444E1));
#6648=VERTEX_POINT('',#6647);
#6649=CARTESIAN_POINT('',(-1.772299612267E1,-2.6035E0,1.27254E1));
#6650=VERTEX_POINT('',#6649);
#6651=CARTESIAN_POINT('',(-1.886599612267E1,-2.6035E0,1.408757435634E1));
#6652=VERTEX_POINT('',#6651);
#6653=CARTESIAN_POINT('',(-1.886599612267E1,-2.6035E0,1.08966E1));
#6654=VERTEX_POINT('',#6653);
#6655=CARTESIAN_POINT('',(1.886599612267E1,-1.778E0,1.08966E1));
#6656=CARTESIAN_POINT('',(1.886599612267E1,-1.778E0,1.408757435634E1));
#6657=VERTEX_POINT('',#6655);
#6658=VERTEX_POINT('',#6656);
#6659=CARTESIAN_POINT('',(-1.886599612267E1,-1.778E0,1.408757435634E1));
#6660=CARTESIAN_POINT('',(-1.886599612267E1,-1.778E0,1.08966E1));
#6661=VERTEX_POINT('',#6659);
#6662=VERTEX_POINT('',#6660);
#6663=CARTESIAN_POINT('',(1.886599612267E1,1.778E0,1.08966E1));
#6664=CARTESIAN_POINT('',(1.886599612267E1,1.778E0,1.408757435634E1));
#6665=VERTEX_POINT('',#6663);
#6666=VERTEX_POINT('',#6664);
#6667=CARTESIAN_POINT('',(-1.886599612267E1,1.778E0,1.408757435634E1));
#6668=CARTESIAN_POINT('',(-1.886599612267E1,1.778E0,1.08966E1));
#6669=VERTEX_POINT('',#6667);
#6670=VERTEX_POINT('',#6668);
#6671=CARTESIAN_POINT('',(2.23012E1,4.0005E0,-4.5974E0));
#6672=CARTESIAN_POINT('',(1.98628E1,4.0005E0,-4.5974E0));
#6673=VERTEX_POINT('',#6671);
#6674=VERTEX_POINT('',#6672);
#6675=CARTESIAN_POINT('',(1.98628E1,-2.4257E0,-4.5974E0));
#6676=CARTESIAN_POINT('',(2.23012E1,-2.4257E0,-4.5974E0));
#6677=VERTEX_POINT('',#6675);
#6678=VERTEX_POINT('',#6676);
#6679=CARTESIAN_POINT('',(-1.98628E1,4.0005E0,-4.5974E0));
#6680=CARTESIAN_POINT('',(-2.23012E1,4.0005E0,-4.5974E0));
#6681=VERTEX_POINT('',#6679);
#6682=VERTEX_POINT('',#6680);
#6683=CARTESIAN_POINT('',(-2.23012E1,-2.4257E0,-4.5974E0));
#6684=CARTESIAN_POINT('',(-1.98628E1,-2.4257E0,-4.5974E0));
#6685=VERTEX_POINT('',#6683);
#6686=VERTEX_POINT('',#6684);
#6687=CARTESIAN_POINT('',(2.413E1,-1.5367E0,-4.682998E0));
#6688=CARTESIAN_POINT('',(2.413E1,1.0033E0,-4.682998E0));
#6689=VERTEX_POINT('',#6687);
#6690=VERTEX_POINT('',#6688);
#6691=CARTESIAN_POINT('',(-2.413E1,-1.5367E0,-4.682998E0));
#6692=CARTESIAN_POINT('',(-2.413E1,1.0033E0,-4.682998E0));
#6693=VERTEX_POINT('',#6691);
#6694=VERTEX_POINT('',#6692);
#6695=CARTESIAN_POINT('',(2.413E1,-1.5367E0,-3.683E0));
#6696=CARTESIAN_POINT('',(2.413E1,1.0033E0,-3.683E0));
#6697=VERTEX_POINT('',#6695);
#6698=VERTEX_POINT('',#6696);
#6699=CARTESIAN_POINT('',(-2.413E1,-1.5367E0,-3.683E0));
#6700=CARTESIAN_POINT('',(-2.413E1,1.0033E0,-3.683E0));
#6701=VERTEX_POINT('',#6699);
#6702=VERTEX_POINT('',#6700);
#6703=CARTESIAN_POINT('',(-2.362333131129E1,-1.8415E0,6.286227229197E0));
#6704=CARTESIAN_POINT('',(-2.315229245803E1,-1.8415E0,6.604E0));
#6705=VERTEX_POINT('',#6703);
#6706=VERTEX_POINT('',#6704);
#6707=CARTESIAN_POINT('',(-2.315229245803E1,-4.0005E0,6.604E0));
#6708=VERTEX_POINT('',#6707);
#6709=CARTESIAN_POINT('',(-2.362333131129E1,-4.0005E0,6.286227229197E0));
#6710=VERTEX_POINT('',#6709);
#6711=CARTESIAN_POINT('',(-2.362333131129E1,4.0005E0,6.286227229197E0));
#6712=CARTESIAN_POINT('',(-2.315229245803E1,4.0005E0,6.604E0));
#6713=VERTEX_POINT('',#6711);
#6714=VERTEX_POINT('',#6712);
#6715=CARTESIAN_POINT('',(-2.315229245803E1,1.8415E0,6.604E0));
#6716=VERTEX_POINT('',#6715);
#6717=CARTESIAN_POINT('',(-2.362333131129E1,1.8415E0,6.286227229197E0));
#6718=VERTEX_POINT('',#6717);
#6719=CARTESIAN_POINT('',(2.315229245803E1,-1.8415E0,6.604E0));
#6720=CARTESIAN_POINT('',(2.362333131129E1,-1.8415E0,6.286227229197E0));
#6721=VERTEX_POINT('',#6719);
#6722=VERTEX_POINT('',#6720);
#6723=CARTESIAN_POINT('',(2.362333131129E1,-4.0005E0,6.286227229197E0));
#6724=VERTEX_POINT('',#6723);
#6725=CARTESIAN_POINT('',(2.315229245803E1,-4.0005E0,6.604E0));
#6726=VERTEX_POINT('',#6725);
#6727=CARTESIAN_POINT('',(2.315229245803E1,4.0005E0,6.604E0));
#6728=CARTESIAN_POINT('',(2.362333131129E1,4.0005E0,6.286227229197E0));
#6729=VERTEX_POINT('',#6727);
#6730=VERTEX_POINT('',#6728);
#6731=CARTESIAN_POINT('',(2.362333131129E1,1.8415E0,6.286227229197E0));
#6732=VERTEX_POINT('',#6731);
#6733=CARTESIAN_POINT('',(2.315229245803E1,1.8415E0,6.604E0));
#6734=VERTEX_POINT('',#6733);
#6735=CARTESIAN_POINT('',(-2.188842499961E1,1.8415E0,-3.683E0));
#6736=CARTESIAN_POINT('',(-2.027557500039E1,1.8415E0,-3.683E0));
#6737=VERTEX_POINT('',#6735);
#6738=VERTEX_POINT('',#6736);
#6739=CARTESIAN_POINT('',(2.027557500039E1,1.8415E0,-3.683E0));
#6740=CARTESIAN_POINT('',(2.188842499961E1,1.8415E0,-3.683E0));
#6741=VERTEX_POINT('',#6739);
#6742=VERTEX_POINT('',#6740);
#6743=CARTESIAN_POINT('',(2.027557500039E1,-1.8415E0,-3.683E0));
#6744=VERTEX_POINT('',#6743);
#6745=CARTESIAN_POINT('',(2.188842499961E1,-1.8415E0,-3.683E0));
#6746=VERTEX_POINT('',#6745);
#6747=CARTESIAN_POINT('',(-2.188842499961E1,-1.8415E0,-3.683E0));
#6748=VERTEX_POINT('',#6747);
#6749=CARTESIAN_POINT('',(-2.027557500039E1,-1.8415E0,-3.683E0));
#6750=VERTEX_POINT('',#6749);
#6751=CARTESIAN_POINT('',(1.98628E1,-1.85E0,-4.5974E0));
#6752=CARTESIAN_POINT('',(2.23012E1,-1.85E0,-4.5974E0));
#6753=VERTEX_POINT('',#6751);
#6754=VERTEX_POINT('',#6752);
#6755=CARTESIAN_POINT('',(1.98628E1,3.E0,-4.5974E0));
#6756=CARTESIAN_POINT('',(2.23012E1,3.E0,-4.5974E0));
#6757=VERTEX_POINT('',#6755);
#6758=VERTEX_POINT('',#6756);
#6759=CARTESIAN_POINT('',(-2.23012E1,-1.85E0,-4.5974E0));
#6760=CARTESIAN_POINT('',(-1.98628E1,-1.85E0,-4.5974E0));
#6761=VERTEX_POINT('',#6759);
#6762=VERTEX_POINT('',#6760);
#6763=CARTESIAN_POINT('',(-2.23012E1,3.E0,-4.5974E0));
#6764=CARTESIAN_POINT('',(-1.98628E1,3.E0,-4.5974E0));
#6765=VERTEX_POINT('',#6763);
#6766=VERTEX_POINT('',#6764);
#6767=CARTESIAN_POINT('',(2.585846065778E1,1.2065E0,-6.037384665693E-1));
#6768=DIRECTION('',(8.660254037844E-1,0.E0,5.E-1));
#6769=DIRECTION('',(-5.E-1,0.E0,8.660254037844E-1));
#6770=AXIS2_PLACEMENT_3D('',#6767,#6768,#6769);
#6771=PLANE('',#6770);
#6773=ORIENTED_EDGE('',*,*,#6772,.T.);
#6775=ORIENTED_EDGE('',*,*,#6774,.T.);
#6777=ORIENTED_EDGE('',*,*,#6776,.F.);
#6779=ORIENTED_EDGE('',*,*,#6778,.T.);
#6780=EDGE_LOOP('',(#6773,#6775,#6777,#6779));
#6781=FACE_OUTER_BOUND('',#6780,.F.);
#6783=CARTESIAN_POINT('',(2.310779612267E1,1.2065E0,4.160552262806E0));
#6784=DIRECTION('',(1.E0,0.E0,-1.957168021335E-14));
#6785=DIRECTION('',(1.957168021335E-14,0.E0,1.E0));
#6786=AXIS2_PLACEMENT_3D('',#6783,#6784,#6785);
#6787=PLANE('',#6786);
#6789=ORIENTED_EDGE('',*,*,#6788,.T.);
#6791=ORIENTED_EDGE('',*,*,#6790,.T.);
#6793=ORIENTED_EDGE('',*,*,#6792,.T.);
#6795=ORIENTED_EDGE('',*,*,#6794,.T.);
#6797=ORIENTED_EDGE('',*,*,#6796,.T.);
#6798=ORIENTED_EDGE('',*,*,#6772,.F.);
#6799=EDGE_LOOP('',(#6789,#6791,#6793,#6795,#6797,#6798));
#6800=FACE_OUTER_BOUND('',#6799,.F.);
#6802=CARTESIAN_POINT('',(0.E0,-1.778E0,0.E0));
#6803=DIRECTION('',(0.E0,-1.E0,0.E0));
#6804=DIRECTION('',(1.E0,0.E0,0.E0));
#6805=AXIS2_PLACEMENT_3D('',#6802,#6803,#6804);
#6806=PLANE('',#6805);
#6807=ORIENTED_EDGE('',*,*,#6788,.F.);
#6808=ORIENTED_EDGE('',*,*,#6778,.F.);
#6810=ORIENTED_EDGE('',*,*,#6809,.F.);
#6812=ORIENTED_EDGE('',*,*,#6811,.F.);
#6814=ORIENTED_EDGE('',*,*,#6813,.F.);
#6816=ORIENTED_EDGE('',*,*,#6815,.F.);
#6818=ORIENTED_EDGE('',*,*,#6817,.F.);
#6820=ORIENTED_EDGE('',*,*,#6819,.F.);
#6822=ORIENTED_EDGE('',*,*,#6821,.T.);
#6824=ORIENTED_EDGE('',*,*,#6823,.F.);
#6826=ORIENTED_EDGE('',*,*,#6825,.F.);
#6828=ORIENTED_EDGE('',*,*,#6827,.F.);
#6829=ORIENTED_EDGE('',*,*,#6790,.F.);
#6831=ORIENTED_EDGE('',*,*,#6830,.F.);
#6833=ORIENTED_EDGE('',*,*,#6832,.F.);
#6835=ORIENTED_EDGE('',*,*,#6834,.F.);
#6836=EDGE_LOOP('',(#6807,#6808,#6810,#6812,#6814,#6816,#6818,#6820,#6822,#6824,
#6826,#6828,#6829,#6831,#6833,#6835));
#6837=FACE_OUTER_BOUND('',#6836,.F.);
#6839=CARTESIAN_POINT('',(0.E0,-1.778E0,0.E0));
#6840=DIRECTION('',(0.E0,-1.E0,0.E0));
#6841=DIRECTION('',(1.E0,0.E0,0.E0));
#6842=AXIS2_PLACEMENT_3D('',#6839,#6840,#6841);
#6843=PLANE('',#6842);
#6845=ORIENTED_EDGE('',*,*,#6844,.T.);
#6847=ORIENTED_EDGE('',*,*,#6846,.F.);
#6849=ORIENTED_EDGE('',*,*,#6848,.F.);
#6851=ORIENTED_EDGE('',*,*,#6850,.F.);
#6853=ORIENTED_EDGE('',*,*,#6852,.F.);
#6855=ORIENTED_EDGE('',*,*,#6854,.T.);
#6857=ORIENTED_EDGE('',*,*,#6856,.F.);
#6859=ORIENTED_EDGE('',*,*,#6858,.F.);
#6861=ORIENTED_EDGE('',*,*,#6860,.F.);
#6863=ORIENTED_EDGE('',*,*,#6862,.F.);
#6865=ORIENTED_EDGE('',*,*,#6864,.F.);
#6867=ORIENTED_EDGE('',*,*,#6866,.F.);
#6869=ORIENTED_EDGE('',*,*,#6868,.F.);
#6871=ORIENTED_EDGE('',*,*,#6870,.F.);
#6873=ORIENTED_EDGE('',*,*,#6872,.T.);
#6875=ORIENTED_EDGE('',*,*,#6874,.T.);
#6876=EDGE_LOOP('',(#6845,#6847,#6849,#6851,#6853,#6855,#6857,#6859,#6861,#6863,
#6865,#6867,#6869,#6871,#6873,#6875));
#6877=FACE_OUTER_BOUND('',#6876,.F.);
#6879=CARTESIAN_POINT('',(2.4511E1,1.2065E0,-1.775068146102E0));
#6880=DIRECTION('',(6.560590289905E-1,0.E0,-7.547095802228E-1));
#6881=DIRECTION('',(7.547095802228E-1,0.E0,6.560590289905E-1));
#6882=AXIS2_PLACEMENT_3D('',#6879,#6880,#6881);
#6883=PLANE('',#6882);
#6884=ORIENTED_EDGE('',*,*,#6776,.T.);
#6886=ORIENTED_EDGE('',*,*,#6885,.T.);
#6888=ORIENTED_EDGE('',*,*,#6887,.F.);
#6889=ORIENTED_EDGE('',*,*,#6809,.T.);
#6890=EDGE_LOOP('',(#6884,#6886,#6888,#6889));
#6891=FACE_OUTER_BOUND('',#6890,.F.);
#6893=CARTESIAN_POINT('',(0.E0,1.778E0,0.E0));
#6894=DIRECTION('',(0.E0,1.E0,0.E0));
#6895=DIRECTION('',(-1.E0,0.E0,0.E0));
#6896=AXIS2_PLACEMENT_3D('',#6893,#6894,#6895);
#6897=PLANE('',#6896);
#6898=ORIENTED_EDGE('',*,*,#6794,.F.);
#6900=ORIENTED_EDGE('',*,*,#6899,.F.);
#6902=ORIENTED_EDGE('',*,*,#6901,.F.);
#6904=ORIENTED_EDGE('',*,*,#6903,.F.);
#6906=ORIENTED_EDGE('',*,*,#6905,.F.);
#6908=ORIENTED_EDGE('',*,*,#6907,.F.);
#6910=ORIENTED_EDGE('',*,*,#6909,.F.);
#6912=ORIENTED_EDGE('',*,*,#6911,.F.);
#6914=ORIENTED_EDGE('',*,*,#6913,.F.);
#6916=ORIENTED_EDGE('',*,*,#6915,.F.);
#6917=ORIENTED_EDGE('',*,*,#6885,.F.);
#6918=ORIENTED_EDGE('',*,*,#6774,.F.);
#6919=ORIENTED_EDGE('',*,*,#6796,.F.);
#6921=ORIENTED_EDGE('',*,*,#6920,.T.);
#6923=ORIENTED_EDGE('',*,*,#6922,.T.);
#6925=ORIENTED_EDGE('',*,*,#6924,.T.);
#6926=EDGE_LOOP('',(#6898,#6900,#6902,#6904,#6906,#6908,#6910,#6912,#6914,#6916,
#6917,#6918,#6919,#6921,#6923,#6925));
#6927=FACE_OUTER_BOUND('',#6926,.F.);
#6929=CARTESIAN_POINT('',(0.E0,1.778E0,0.E0));
#6930=DIRECTION('',(0.E0,1.E0,0.E0));
#6931=DIRECTION('',(-1.E0,0.E0,0.E0));
#6932=AXIS2_PLACEMENT_3D('',#6929,#6930,#6931);
#6933=PLANE('',#6932);
#6935=ORIENTED_EDGE('',*,*,#6934,.F.);
#6937=ORIENTED_EDGE('',*,*,#6936,.F.);
#6939=ORIENTED_EDGE('',*,*,#6938,.F.);
#6941=ORIENTED_EDGE('',*,*,#6940,.F.);
#6943=ORIENTED_EDGE('',*,*,#6942,.F.);
#6945=ORIENTED_EDGE('',*,*,#6944,.F.);
#6947=ORIENTED_EDGE('',*,*,#6946,.F.);
#6949=ORIENTED_EDGE('',*,*,#6948,.F.);
#6951=ORIENTED_EDGE('',*,*,#6950,.F.);
#6953=ORIENTED_EDGE('',*,*,#6952,.F.);
#6955=ORIENTED_EDGE('',*,*,#6954,.F.);
#6957=ORIENTED_EDGE('',*,*,#6956,.F.);
#6959=ORIENTED_EDGE('',*,*,#6958,.F.);
#6961=ORIENTED_EDGE('',*,*,#6960,.F.);
#6963=ORIENTED_EDGE('',*,*,#6962,.F.);
#6965=ORIENTED_EDGE('',*,*,#6964,.F.);
#6966=EDGE_LOOP('',(#6935,#6937,#6939,#6941,#6943,#6945,#6947,#6949,#6951,#6953,
#6955,#6957,#6959,#6961,#6963,#6965));
#6967=FACE_OUTER_BOUND('',#6966,.F.);
#6969=CARTESIAN_POINT('',(2.310779612267E1,1.2065E0,6.8834E0));
#6970=DIRECTION('',(9.848077530122E-1,0.E0,1.736481776669E-1));
#6971=DIRECTION('',(-1.736481776669E-1,0.E0,9.848077530122E-1));
#6972=AXIS2_PLACEMENT_3D('',#6969,#6970,#6971);
#6973=PLANE('',#6972);
#6975=ORIENTED_EDGE('',*,*,#6974,.T.);
#6976=ORIENTED_EDGE('',*,*,#6899,.T.);
#6977=ORIENTED_EDGE('',*,*,#6792,.F.);
#6978=ORIENTED_EDGE('',*,*,#6827,.T.);
#6979=EDGE_LOOP('',(#6975,#6976,#6977,#6978));
#6980=FACE_OUTER_BOUND('',#6979,.F.);
#6982=CARTESIAN_POINT('',(2.167461042347E1,1.2065E0,1.50114E1));
#6983=DIRECTION('',(1.747150988316E-14,0.E0,1.E0));
#6984=DIRECTION('',(-1.E0,0.E0,1.747150988316E-14));
#6985=AXIS2_PLACEMENT_3D('',#6982,#6983,#6984);
#6986=PLANE('',#6985);
#6988=ORIENTED_EDGE('',*,*,#6987,.F.);
#6989=ORIENTED_EDGE('',*,*,#6901,.T.);
#6990=ORIENTED_EDGE('',*,*,#6974,.F.);
#6991=ORIENTED_EDGE('',*,*,#6825,.T.);
#6992=EDGE_LOOP('',(#6988,#6989,#6990,#6991));
#6993=FACE_OUTER_BOUND('',#6992,.F.);
#6995=CARTESIAN_POINT('',(1.964117787954E1,1.2065E0,1.50114E1));
#6996=DIRECTION('',(-7.660444431190E-1,0.E0,6.427876096866E-1));
#6997=DIRECTION('',(-6.427876096866E-1,0.E0,-7.660444431190E-1));
#6998=AXIS2_PLACEMENT_3D('',#6995,#6996,#6997);
#6999=PLANE('',#6998);
#7001=ORIENTED_EDGE('',*,*,#7000,.F.);
#7003=ORIENTED_EDGE('',*,*,#7002,.F.);
#7005=ORIENTED_EDGE('',*,*,#7004,.T.);
#7006=ORIENTED_EDGE('',*,*,#6903,.T.);
#7007=ORIENTED_EDGE('',*,*,#6987,.T.);
#7008=ORIENTED_EDGE('',*,*,#6823,.T.);
#7010=ORIENTED_EDGE('',*,*,#7009,.T.);
#7012=ORIENTED_EDGE('',*,*,#7011,.T.);
#7013=EDGE_LOOP('',(#7001,#7003,#7005,#7006,#7007,#7008,#7010,#7012));
#7014=FACE_OUTER_BOUND('',#7013,.F.);
#7016=CARTESIAN_POINT('',(1.772299612267E1,1.2065E0,1.27254E1));
#7017=DIRECTION('',(-1.E0,0.E0,1.864941563675E-14));
#7018=DIRECTION('',(-1.864941563675E-14,0.E0,-1.E0));
#7019=AXIS2_PLACEMENT_3D('',#7016,#7017,#7018);
#7020=PLANE('',#7019);
#7022=ORIENTED_EDGE('',*,*,#7021,.F.);
#7024=ORIENTED_EDGE('',*,*,#7023,.F.);
#7025=ORIENTED_EDGE('',*,*,#7000,.T.);
#7027=ORIENTED_EDGE('',*,*,#7026,.T.);
#7028=EDGE_LOOP('',(#7022,#7024,#7025,#7027));
#7029=FACE_OUTER_BOUND('',#7028,.F.);
#7031=CARTESIAN_POINT('',(1.772299612267E1,1.2065E0,1.23444E1));
#7032=DIRECTION('',(2.797412345512E-14,0.E0,1.E0));
#7033=DIRECTION('',(-1.E0,0.E0,2.797412345512E-14));
#7034=AXIS2_PLACEMENT_3D('',#7031,#7032,#7033);
#7035=PLANE('',#7034);
#7037=ORIENTED_EDGE('',*,*,#7036,.F.);
#7039=ORIENTED_EDGE('',*,*,#7038,.F.);
#7040=ORIENTED_EDGE('',*,*,#7021,.T.);
#7042=ORIENTED_EDGE('',*,*,#7041,.T.);
#7043=EDGE_LOOP('',(#7037,#7039,#7040,#7042));
#7044=FACE_OUTER_BOUND('',#7043,.F.);
#7046=CARTESIAN_POINT('',(1.734199612267E1,1.2065E0,1.23444E1));
#7047=DIRECTION('',(-1.E0,0.E0,1.963096382816E-14));
#7048=DIRECTION('',(-1.963096382816E-14,0.E0,-1.E0));
#7049=AXIS2_PLACEMENT_3D('',#7046,#7047,#7048);
#7050=PLANE('',#7049);
#7052=ORIENTED_EDGE('',*,*,#7051,.T.);
#7054=ORIENTED_EDGE('',*,*,#7053,.F.);
#7055=ORIENTED_EDGE('',*,*,#7036,.T.);
#7057=ORIENTED_EDGE('',*,*,#7056,.T.);
#7058=EDGE_LOOP('',(#7052,#7054,#7055,#7057));
#7059=FACE_OUTER_BOUND('',#7058,.F.);
#7061=CARTESIAN_POINT('',(1.767219612267E1,1.2065E0,1.08966E1));
#7062=DIRECTION('',(0.E0,-1.E0,0.E0));
#7063=DIRECTION('',(1.E0,0.E0,0.E0));
#7064=AXIS2_PLACEMENT_3D('',#7061,#7062,#7063);
#7065=CYLINDRICAL_SURFACE('',#7064,3.302E-1);
#7067=ORIENTED_EDGE('',*,*,#7066,.F.);
#7069=ORIENTED_EDGE('',*,*,#7068,.F.);
#7070=ORIENTED_EDGE('',*,*,#7051,.F.);
#7072=ORIENTED_EDGE('',*,*,#7071,.T.);
#7073=EDGE_LOOP('',(#7067,#7069,#7070,#7072));
#7074=FACE_OUTER_BOUND('',#7073,.F.);
#7076=CARTESIAN_POINT('',(1.800239612267E1,1.2065E0,1.08966E1));
#7077=DIRECTION('',(-1.851228758060E-14,0.E0,-1.E0));
#7078=DIRECTION('',(1.E0,0.E0,-1.851228758060E-14));
#7079=AXIS2_PLACEMENT_3D('',#7076,#7077,#7078);
#7080=PLANE('',#7079);
#7082=ORIENTED_EDGE('',*,*,#7081,.T.);
#7084=ORIENTED_EDGE('',*,*,#7083,.F.);
#7086=ORIENTED_EDGE('',*,*,#7085,.F.);
#7087=ORIENTED_EDGE('',*,*,#7066,.T.);
#7089=ORIENTED_EDGE('',*,*,#7088,.T.);
#7091=ORIENTED_EDGE('',*,*,#7090,.F.);
#7092=EDGE_LOOP('',(#7082,#7084,#7086,#7087,#7089,#7091));
#7093=FACE_OUTER_BOUND('',#7092,.F.);
#7095=CARTESIAN_POINT('',(1.886599612267E1,1.2065E0,1.08966E1));
#7096=DIRECTION('',(-1.E0,0.E0,1.859039849866E-14));
#7097=DIRECTION('',(-1.859039849866E-14,0.E0,-1.E0));
#7098=AXIS2_PLACEMENT_3D('',#7095,#7096,#7097);
#7099=PLANE('',#7098);
#7100=ORIENTED_EDGE('',*,*,#6819,.T.);
#7102=ORIENTED_EDGE('',*,*,#7101,.T.);
#7103=ORIENTED_EDGE('',*,*,#6907,.T.);
#7104=ORIENTED_EDGE('',*,*,#7081,.F.);
#7105=EDGE_LOOP('',(#7100,#7102,#7103,#7104));
#7106=FACE_OUTER_BOUND('',#7105,.F.);
#7108=CARTESIAN_POINT('',(1.886599612267E1,1.2065E0,6.8834E0));
#7109=DIRECTION('',(-1.660963580148E-14,0.E0,-1.E0));
#7110=DIRECTION('',(1.E0,0.E0,-1.660963580148E-14));
#7111=AXIS2_PLACEMENT_3D('',#7108,#7109,#7110);
#7112=PLANE('',#7111);
#7114=ORIENTED_EDGE('',*,*,#7113,.T.);
#7115=ORIENTED_EDGE('',*,*,#6909,.T.);
#7116=ORIENTED_EDGE('',*,*,#7101,.F.);
#7117=ORIENTED_EDGE('',*,*,#6817,.T.);
#7118=EDGE_LOOP('',(#7114,#7115,#7116,#7117));
#7119=FACE_OUTER_BOUND('',#7118,.F.);
#7121=CARTESIAN_POINT('',(1.988199612267E1,1.2065E0,6.8834E0));
#7122=DIRECTION('',(-1.E0,0.E0,1.922724872594E-14));
#7123=DIRECTION('',(-1.922724872594E-14,0.E0,-1.E0));
#7124=AXIS2_PLACEMENT_3D('',#7121,#7122,#7123);
#7125=PLANE('',#7124);
#7127=ORIENTED_EDGE('',*,*,#7126,.F.);
#7129=ORIENTED_EDGE('',*,*,#7128,.T.);
#7130=ORIENTED_EDGE('',*,*,#6911,.T.);
#7131=ORIENTED_EDGE('',*,*,#7113,.F.);
#7132=ORIENTED_EDGE('',*,*,#6815,.T.);
#7134=ORIENTED_EDGE('',*,*,#7133,.F.);
#7135=EDGE_LOOP('',(#7127,#7129,#7130,#7131,#7132,#7134));
#7136=FACE_OUTER_BOUND('',#7135,.F.);
#7138=CARTESIAN_POINT('',(1.820063139261E1,1.2065E0,1.738010896392E0));
#7139=DIRECTION('',(0.E0,-1.E0,0.E0));
#7140=DIRECTION('',(1.E0,0.E0,0.E0));
#7141=AXIS2_PLACEMENT_3D('',#7138,#7139,#7140);
#7142=CYLINDRICAL_SURFACE('',#7141,1.905E0);
#7144=ORIENTED_EDGE('',*,*,#7143,.F.);
#7145=ORIENTED_EDGE('',*,*,#7126,.T.);
#7147=ORIENTED_EDGE('',*,*,#7146,.T.);
#7149=ORIENTED_EDGE('',*,*,#7148,.F.);
#7150=EDGE_LOOP('',(#7144,#7145,#7147,#7149));
#7151=FACE_OUTER_BOUND('',#7150,.F.);
#7153=CARTESIAN_POINT('',(0.E0,1.2065E0,0.E0));
#7154=DIRECTION('',(0.E0,-1.E0,0.E0));
#7155=DIRECTION('',(1.E0,0.E0,0.E0));
#7156=AXIS2_PLACEMENT_3D('',#7153,#7154,#7155);
#7157=PLANE('',#7156);
#7159=ORIENTED_EDGE('',*,*,#7158,.T.);
#7160=ORIENTED_EDGE('',*,*,#7143,.T.);
#7162=ORIENTED_EDGE('',*,*,#7161,.T.);
#7164=ORIENTED_EDGE('',*,*,#7163,.T.);
#7166=ORIENTED_EDGE('',*,*,#7165,.T.);
#7168=ORIENTED_EDGE('',*,*,#7167,.T.);
#7169=EDGE_LOOP('',(#7159,#7160,#7162,#7164,#7166,#7168));
#7170=FACE_OUTER_BOUND('',#7169,.F.);
#7172=CARTESIAN_POINT('',(0.E0,1.2065E0,0.E0));
#7173=DIRECTION('',(0.E0,-1.E0,0.E0));
#7174=DIRECTION('',(1.E0,0.E0,0.E0));
#7175=AXIS2_PLACEMENT_3D('',#7172,#7173,#7174);
#7176=PLANE('',#7175);
#7178=ORIENTED_EDGE('',*,*,#7177,.T.);
#7180=ORIENTED_EDGE('',*,*,#7179,.T.);
#7182=ORIENTED_EDGE('',*,*,#7181,.T.);
#7184=ORIENTED_EDGE('',*,*,#7183,.T.);
#7186=ORIENTED_EDGE('',*,*,#7185,.T.);
#7188=ORIENTED_EDGE('',*,*,#7187,.T.);
#7189=EDGE_LOOP('',(#7178,#7180,#7182,#7184,#7186,#7188));
#7190=FACE_OUTER_BOUND('',#7189,.F.);
#7192=CARTESIAN_POINT('',(2.281455844128E1,1.2065E0,-2.445770491298E0));
#7193=DIRECTION('',(-8.660254037844E-1,0.E0,-5.E-1));
#7194=DIRECTION('',(-5.E-1,0.E0,8.660254037844E-1));
#7195=AXIS2_PLACEMENT_3D('',#7192,#7193,#7194);
#7196=PLANE('',#7195);
#7197=ORIENTED_EDGE('',*,*,#7158,.F.);
#7199=ORIENTED_EDGE('',*,*,#7198,.T.);
#7200=ORIENTED_EDGE('',*,*,#6913,.T.);
#7201=ORIENTED_EDGE('',*,*,#7128,.F.);
#7202=EDGE_LOOP('',(#7197,#7199,#7200,#7201));
#7203=FACE_OUTER_BOUND('',#7202,.F.);
#7205=CARTESIAN_POINT('',(2.13995E1,1.2065E0,3.614207941648E0));
#7206=DIRECTION('',(0.E0,-1.E0,0.E0));
#7207=DIRECTION('',(1.E0,0.E0,0.E0));
#7208=AXIS2_PLACEMENT_3D('',#7205,#7206,#7207);
#7209=CYLINDRICAL_SURFACE('',#7208,6.223E0);
#7210=ORIENTED_EDGE('',*,*,#6887,.T.);
#7211=ORIENTED_EDGE('',*,*,#6915,.T.);
#7212=ORIENTED_EDGE('',*,*,#7198,.F.);
#7213=ORIENTED_EDGE('',*,*,#7167,.F.);
#7215=ORIENTED_EDGE('',*,*,#7214,.T.);
#7217=ORIENTED_EDGE('',*,*,#7216,.T.);
#7219=ORIENTED_EDGE('',*,*,#7218,.T.);
#7220=ORIENTED_EDGE('',*,*,#6811,.T.);
#7221=EDGE_LOOP('',(#7210,#7211,#7212,#7213,#7215,#7217,#7219,#7220));
#7222=FACE_OUTER_BOUND('',#7221,.F.);
#7224=CARTESIAN_POINT('',(1.660691700508E1,1.2065E0,-1.530674978174E-1));
#7225=DIRECTION('',(0.E0,-1.E0,0.E0));
#7226=DIRECTION('',(1.E0,0.E0,0.E0));
#7227=AXIS2_PLACEMENT_3D('',#7224,#7225,#7226);
#7228=CYLINDRICAL_SURFACE('',#7227,1.27E-1);
#7229=ORIENTED_EDGE('',*,*,#7165,.F.);
#7231=ORIENTED_EDGE('',*,*,#7230,.T.);
#7233=ORIENTED_EDGE('',*,*,#7232,.T.);
#7234=ORIENTED_EDGE('',*,*,#7214,.F.);
#7235=EDGE_LOOP('',(#7229,#7231,#7233,#7234));
#7236=FACE_OUTER_BOUND('',#7235,.F.);
#7238=CARTESIAN_POINT('',(1.895515798530E1,1.2065E0,-2.606749781740E-2));
#7239=DIRECTION('',(1.868994890724E-14,0.E0,1.E0));
#7240=DIRECTION('',(-1.E0,0.E0,1.868994890724E-14));
#7241=AXIS2_PLACEMENT_3D('',#7238,#7239,#7240);
#7242=PLANE('',#7241);
#7243=ORIENTED_EDGE('',*,*,#7163,.F.);
#7245=ORIENTED_EDGE('',*,*,#7244,.T.);
#7247=ORIENTED_EDGE('',*,*,#7246,.T.);
#7248=ORIENTED_EDGE('',*,*,#7230,.F.);
#7249=EDGE_LOOP('',(#7243,#7245,#7247,#7248));
#7250=FACE_OUTER_BOUND('',#7249,.F.);
#7252=CARTESIAN_POINT('',(1.915313139261E1,1.2065E0,8.823250218259E-2));
#7253=DIRECTION('',(-5.E-1,0.E0,8.660254037844E-1));
#7254=DIRECTION('',(-8.660254037844E-1,0.E0,-5.E-1));
#7255=AXIS2_PLACEMENT_3D('',#7252,#7253,#7254);
#7256=PLANE('',#7255);
#7257=ORIENTED_EDGE('',*,*,#7161,.F.);
#7258=ORIENTED_EDGE('',*,*,#7148,.T.);
#7260=ORIENTED_EDGE('',*,*,#7259,.T.);
#7261=ORIENTED_EDGE('',*,*,#7244,.F.);
#7262=EDGE_LOOP('',(#7257,#7258,#7260,#7261));
#7263=FACE_OUTER_BOUND('',#7262,.F.);
#7265=CARTESIAN_POINT('',(0.E0,-1.2065E0,0.E0));
#7266=DIRECTION('',(0.E0,-1.E0,0.E0));
#7267=DIRECTION('',(1.E0,0.E0,0.E0));
#7268=AXIS2_PLACEMENT_3D('',#7265,#7266,#7267);
#7269=PLANE('',#7268);
#7271=ORIENTED_EDGE('',*,*,#7270,.T.);
#7272=ORIENTED_EDGE('',*,*,#7216,.F.);
#7273=ORIENTED_EDGE('',*,*,#7232,.F.);
#7274=ORIENTED_EDGE('',*,*,#7246,.F.);
#7275=ORIENTED_EDGE('',*,*,#7259,.F.);
#7276=ORIENTED_EDGE('',*,*,#7146,.F.);
#7277=EDGE_LOOP('',(#7271,#7272,#7273,#7274,#7275,#7276));
#7278=FACE_OUTER_BOUND('',#7277,.F.);
#7280=CARTESIAN_POINT('',(0.E0,-1.2065E0,0.E0));
#7281=DIRECTION('',(0.E0,-1.E0,0.E0));
#7282=DIRECTION('',(1.E0,0.E0,0.E0));
#7283=AXIS2_PLACEMENT_3D('',#7280,#7281,#7282);
#7284=PLANE('',#7283);
#7286=ORIENTED_EDGE('',*,*,#7285,.F.);
#7288=ORIENTED_EDGE('',*,*,#7287,.T.);
#7290=ORIENTED_EDGE('',*,*,#7289,.F.);
#7292=ORIENTED_EDGE('',*,*,#7291,.F.);
#7294=ORIENTED_EDGE('',*,*,#7293,.F.);
#7296=ORIENTED_EDGE('',*,*,#7295,.F.);
#7297=EDGE_LOOP('',(#7286,#7288,#7290,#7292,#7294,#7296));
#7298=FACE_OUTER_BOUND('',#7297,.F.);
#7300=CARTESIAN_POINT('',(1.988199612267E1,-1.2065E0,2.633576440887E0));
#7301=DIRECTION('',(-8.660254037844E-1,0.E0,-5.E-1));
#7302=DIRECTION('',(5.E-1,0.E0,-8.660254037844E-1));
#7303=AXIS2_PLACEMENT_3D('',#7300,#7301,#7302);
#7304=PLANE('',#7303);
#7305=ORIENTED_EDGE('',*,*,#7270,.F.);
#7306=ORIENTED_EDGE('',*,*,#7133,.T.);
#7307=ORIENTED_EDGE('',*,*,#6813,.T.);
#7308=ORIENTED_EDGE('',*,*,#7218,.F.);
#7309=EDGE_LOOP('',(#7305,#7306,#7307,#7308));
#7310=FACE_OUTER_BOUND('',#7309,.F.);
#7312=CARTESIAN_POINT('',(-2.13995E1,1.2065E0,3.614207941648E0));
#7313=DIRECTION('',(0.E0,-1.E0,0.E0));
#7314=DIRECTION('',(1.E0,0.E0,0.E0));
#7315=AXIS2_PLACEMENT_3D('',#7312,#7313,#7314);
#7316=CYLINDRICAL_SURFACE('',#7315,6.223E0);
#7317=ORIENTED_EDGE('',*,*,#7177,.F.);
#7319=ORIENTED_EDGE('',*,*,#7318,.T.);
#7320=ORIENTED_EDGE('',*,*,#6946,.T.);
#7322=ORIENTED_EDGE('',*,*,#7321,.F.);
#7323=ORIENTED_EDGE('',*,*,#6864,.T.);
#7325=ORIENTED_EDGE('',*,*,#7324,.F.);
#7326=ORIENTED_EDGE('',*,*,#7285,.T.);
#7328=ORIENTED_EDGE('',*,*,#7327,.F.);
#7329=EDGE_LOOP('',(#7317,#7319,#7320,#7322,#7323,#7325,#7326,#7328));
#7330=FACE_OUTER_BOUND('',#7329,.F.);
#7332=CARTESIAN_POINT('',(-1.988199612267E1,1.2065E0,2.633576440887E0));
#7333=DIRECTION('',(8.660254037844E-1,0.E0,-5.E-1));
#7334=DIRECTION('',(-5.E-1,0.E0,-8.660254037844E-1));
#7335=AXIS2_PLACEMENT_3D('',#7332,#7333,#7334);
#7336=PLANE('',#7335);
#7337=ORIENTED_EDGE('',*,*,#7187,.F.);
#7339=ORIENTED_EDGE('',*,*,#7338,.T.);
#7340=ORIENTED_EDGE('',*,*,#6948,.T.);
#7341=ORIENTED_EDGE('',*,*,#7318,.F.);
#7342=EDGE_LOOP('',(#7337,#7339,#7340,#7341));
#7343=FACE_OUTER_BOUND('',#7342,.F.);
#7345=CARTESIAN_POINT('',(-1.988199612267E1,1.2065E0,2.633576440887E0));
#7346=DIRECTION('',(1.E0,0.E0,1.922724872594E-14));
#7347=DIRECTION('',(-1.922724872594E-14,0.E0,1.E0));
#7348=AXIS2_PLACEMENT_3D('',#7345,#7346,#7347);
#7349=PLANE('',#7348);
#7351=ORIENTED_EDGE('',*,*,#7350,.T.);
#7352=ORIENTED_EDGE('',*,*,#6950,.T.);
#7353=ORIENTED_EDGE('',*,*,#7338,.F.);
#7355=ORIENTED_EDGE('',*,*,#7354,.T.);
#7357=ORIENTED_EDGE('',*,*,#7356,.T.);
#7358=ORIENTED_EDGE('',*,*,#6860,.T.);
#7359=EDGE_LOOP('',(#7351,#7352,#7353,#7355,#7357,#7358));
#7360=FACE_OUTER_BOUND('',#7359,.F.);
#7362=CARTESIAN_POINT('',(-1.988199612267E1,1.2065E0,6.8834E0));
#7363=DIRECTION('',(1.923220987540E-14,0.E0,-1.E0));
#7364=DIRECTION('',(1.E0,0.E0,1.923220987540E-14));
#7365=AXIS2_PLACEMENT_3D('',#7362,#7363,#7364);
#7366=PLANE('',#7365);
#7368=ORIENTED_EDGE('',*,*,#7367,.T.);
#7369=ORIENTED_EDGE('',*,*,#6952,.T.);
#7370=ORIENTED_EDGE('',*,*,#7350,.F.);
#7371=ORIENTED_EDGE('',*,*,#6858,.T.);
#7372=EDGE_LOOP('',(#7368,#7369,#7370,#7371));
#7373=FACE_OUTER_BOUND('',#7372,.F.);
#7375=CARTESIAN_POINT('',(-1.886599612267E1,1.2065E0,6.8834E0));
#7376=DIRECTION('',(1.E0,0.E0,1.770514142729E-14));
#7377=DIRECTION('',(-1.770514142729E-14,0.E0,1.E0));
#7378=AXIS2_PLACEMENT_3D('',#7375,#7376,#7377);
#7379=PLANE('',#7378);
#7380=ORIENTED_EDGE('',*,*,#6856,.T.);
#7382=ORIENTED_EDGE('',*,*,#7381,.T.);
#7383=ORIENTED_EDGE('',*,*,#6954,.T.);
#7384=ORIENTED_EDGE('',*,*,#7367,.F.);
#7385=EDGE_LOOP('',(#7380,#7382,#7383,#7384));
#7386=FACE_OUTER_BOUND('',#7385,.F.);
#7388=CARTESIAN_POINT('',(-1.886599612267E1,1.2065E0,1.08966E1));
#7389=DIRECTION('',(1.851228758060E-14,0.E0,-1.E0));
#7390=DIRECTION('',(1.E0,0.E0,1.851228758060E-14));
#7391=AXIS2_PLACEMENT_3D('',#7388,#7389,#7390);
#7392=PLANE('',#7391);
#7394=ORIENTED_EDGE('',*,*,#7393,.T.);
#7396=ORIENTED_EDGE('',*,*,#7395,.F.);
#7398=ORIENTED_EDGE('',*,*,#7397,.T.);
#7399=ORIENTED_EDGE('',*,*,#7381,.F.);
#7401=ORIENTED_EDGE('',*,*,#7400,.T.);
#7403=ORIENTED_EDGE('',*,*,#7402,.T.);
#7404=EDGE_LOOP('',(#7394,#7396,#7398,#7399,#7401,#7403));
#7405=FACE_OUTER_BOUND('',#7404,.F.);
#7407=CARTESIAN_POINT('',(-1.767219612267E1,1.2065E0,1.08966E1));
#7408=DIRECTION('',(0.E0,-1.E0,0.E0));
#7409=DIRECTION('',(1.E0,0.E0,0.E0));
#7410=AXIS2_PLACEMENT_3D('',#7407,#7408,#7409);
#7411=CYLINDRICAL_SURFACE('',#7410,3.302E-1);
#7413=ORIENTED_EDGE('',*,*,#7412,.F.);
#7415=ORIENTED_EDGE('',*,*,#7414,.F.);
#7416=ORIENTED_EDGE('',*,*,#7393,.F.);
#7418=ORIENTED_EDGE('',*,*,#7417,.T.);
#7419=EDGE_LOOP('',(#7413,#7415,#7416,#7418));
#7420=FACE_OUTER_BOUND('',#7419,.F.);
#7422=CARTESIAN_POINT('',(-1.734199612267E1,1.2065E0,1.08966E1));
#7423=DIRECTION('',(1.E0,0.E0,1.963096382816E-14));
#7424=DIRECTION('',(-1.963096382816E-14,0.E0,1.E0));
#7425=AXIS2_PLACEMENT_3D('',#7422,#7423,#7424);
#7426=PLANE('',#7425);
#7428=ORIENTED_EDGE('',*,*,#7427,.F.);
#7430=ORIENTED_EDGE('',*,*,#7429,.F.);
#7431=ORIENTED_EDGE('',*,*,#7412,.T.);
#7433=ORIENTED_EDGE('',*,*,#7432,.T.);
#7434=EDGE_LOOP('',(#7428,#7430,#7431,#7433));
#7435=FACE_OUTER_BOUND('',#7434,.F.);
#7437=CARTESIAN_POINT('',(-1.734199612267E1,1.2065E0,1.23444E1));
#7438=DIRECTION('',(-1.398706172756E-14,0.E0,1.E0));
#7439=DIRECTION('',(-1.E0,0.E0,-1.398706172756E-14));
#7440=AXIS2_PLACEMENT_3D('',#7437,#7438,#7439);
#7441=PLANE('',#7440);
#7443=ORIENTED_EDGE('',*,*,#7442,.F.);
#7445=ORIENTED_EDGE('',*,*,#7444,.F.);
#7446=ORIENTED_EDGE('',*,*,#7427,.T.);
#7448=ORIENTED_EDGE('',*,*,#7447,.T.);
#7449=EDGE_LOOP('',(#7443,#7445,#7446,#7448));
#7450=FACE_OUTER_BOUND('',#7449,.F.);
#7452=CARTESIAN_POINT('',(-1.772299612267E1,1.2065E0,1.23444E1));
#7453=DIRECTION('',(1.E0,0.E0,1.864941563675E-14));
#7454=DIRECTION('',(-1.864941563675E-14,0.E0,1.E0));
#7455=AXIS2_PLACEMENT_3D('',#7452,#7453,#7454);
#7456=PLANE('',#7455);
#7458=ORIENTED_EDGE('',*,*,#7457,.F.);
#7460=ORIENTED_EDGE('',*,*,#7459,.F.);
#7461=ORIENTED_EDGE('',*,*,#7442,.T.);
#7463=ORIENTED_EDGE('',*,*,#7462,.T.);
#7464=EDGE_LOOP('',(#7458,#7460,#7461,#7463));
#7465=FACE_OUTER_BOUND('',#7464,.F.);
#7467=CARTESIAN_POINT('',(-1.772299612267E1,1.2065E0,1.27254E1));
#7468=DIRECTION('',(7.660444431190E-1,0.E0,6.427876096866E-1));
#7469=DIRECTION('',(-6.427876096866E-1,0.E0,7.660444431190E-1));
#7470=AXIS2_PLACEMENT_3D('',#7467,#7468,#7469);
#7471=PLANE('',#7470);
#7472=ORIENTED_EDGE('',*,*,#6958,.T.);
#7474=ORIENTED_EDGE('',*,*,#7473,.F.);
#7476=ORIENTED_EDGE('',*,*,#7475,.F.);
#7477=ORIENTED_EDGE('',*,*,#7457,.T.);
#7479=ORIENTED_EDGE('',*,*,#7478,.T.);
#7481=ORIENTED_EDGE('',*,*,#7480,.F.);
#7482=ORIENTED_EDGE('',*,*,#6852,.T.);
#7484=ORIENTED_EDGE('',*,*,#7483,.F.);
#7485=EDGE_LOOP('',(#7472,#7474,#7476,#7477,#7479,#7481,#7482,#7484));
#7486=FACE_OUTER_BOUND('',#7485,.F.);
#7488=CARTESIAN_POINT('',(-1.886599612267E1,2.6035E0,1.408757435634E1));
#7489=DIRECTION('',(-1.E0,0.E0,0.E0));
#7490=DIRECTION('',(0.E0,0.E0,-1.E0));
#7491=AXIS2_PLACEMENT_3D('',#7488,#7489,#7490);
#7492=PLANE('',#7491);
#7493=ORIENTED_EDGE('',*,*,#6854,.F.);
#7494=ORIENTED_EDGE('',*,*,#7480,.T.);
#7496=ORIENTED_EDGE('',*,*,#7495,.T.);
#7497=ORIENTED_EDGE('',*,*,#7400,.F.);
#7498=EDGE_LOOP('',(#7493,#7494,#7496,#7497));
#7499=FACE_OUTER_BOUND('',#7498,.F.);
#7501=CARTESIAN_POINT('',(-1.886599612267E1,2.6035E0,1.408757435634E1));
#7502=DIRECTION('',(-1.E0,0.E0,0.E0));
#7503=DIRECTION('',(0.E0,0.E0,-1.E0));
#7504=AXIS2_PLACEMENT_3D('',#7501,#7502,#7503);
#7505=PLANE('',#7504);
#7506=ORIENTED_EDGE('',*,*,#6956,.T.);
#7507=ORIENTED_EDGE('',*,*,#7397,.F.);
#7509=ORIENTED_EDGE('',*,*,#7508,.F.);
#7510=ORIENTED_EDGE('',*,*,#7473,.T.);
#7511=EDGE_LOOP('',(#7506,#7507,#7509,#7510));
#7512=FACE_OUTER_BOUND('',#7511,.F.);
#7514=CARTESIAN_POINT('',(0.E0,-2.6035E0,0.E0));
#7515=DIRECTION('',(0.E0,-1.E0,0.E0));
#7516=DIRECTION('',(1.E0,0.E0,0.E0));
#7517=AXIS2_PLACEMENT_3D('',#7514,#7515,#7516);
#7518=PLANE('',#7517);
#7519=ORIENTED_EDGE('',*,*,#7071,.F.);
#7520=ORIENTED_EDGE('',*,*,#7056,.F.);
#7521=ORIENTED_EDGE('',*,*,#7041,.F.);
#7522=ORIENTED_EDGE('',*,*,#7026,.F.);
#7523=ORIENTED_EDGE('',*,*,#7011,.F.);
#7525=ORIENTED_EDGE('',*,*,#7524,.F.);
#7526=ORIENTED_EDGE('',*,*,#7088,.F.);
#7527=EDGE_LOOP('',(#7519,#7520,#7521,#7522,#7523,#7525,#7526));
#7528=FACE_OUTER_BOUND('',#7527,.F.);
#7530=CARTESIAN_POINT('',(0.E0,-2.6035E0,0.E0));
#7531=DIRECTION('',(0.E0,-1.E0,0.E0));
#7532=DIRECTION('',(1.E0,0.E0,0.E0));
#7533=AXIS2_PLACEMENT_3D('',#7530,#7531,#7532);
#7534=PLANE('',#7533);
#7535=ORIENTED_EDGE('',*,*,#7417,.F.);
#7536=ORIENTED_EDGE('',*,*,#7402,.F.);
#7537=ORIENTED_EDGE('',*,*,#7495,.F.);
#7538=ORIENTED_EDGE('',*,*,#7478,.F.);
#7539=ORIENTED_EDGE('',*,*,#7462,.F.);
#7540=ORIENTED_EDGE('',*,*,#7447,.F.);
#7541=ORIENTED_EDGE('',*,*,#7432,.F.);
#7542=EDGE_LOOP('',(#7535,#7536,#7537,#7538,#7539,#7540,#7541));
#7543=FACE_OUTER_BOUND('',#7542,.F.);
#7545=CARTESIAN_POINT('',(1.886599612267E1,2.6035E0,1.08966E1));
#7546=DIRECTION('',(1.E0,0.E0,0.E0));
#7547=DIRECTION('',(0.E0,0.E0,1.E0));
#7548=AXIS2_PLACEMENT_3D('',#7545,#7546,#7547);
#7549=PLANE('',#7548);
#7550=ORIENTED_EDGE('',*,*,#6821,.F.);
#7551=ORIENTED_EDGE('',*,*,#7090,.T.);
#7552=ORIENTED_EDGE('',*,*,#7524,.T.);
#7553=ORIENTED_EDGE('',*,*,#7009,.F.);
#7554=EDGE_LOOP('',(#7550,#7551,#7552,#7553));
#7555=FACE_OUTER_BOUND('',#7554,.F.);
#7557=CARTESIAN_POINT('',(1.886599612267E1,2.6035E0,1.08966E1));
#7558=DIRECTION('',(1.E0,0.E0,0.E0));
#7559=DIRECTION('',(0.E0,0.E0,1.E0));
#7560=AXIS2_PLACEMENT_3D('',#7557,#7558,#7559);
#7561=PLANE('',#7560);
#7562=ORIENTED_EDGE('',*,*,#6905,.T.);
#7563=ORIENTED_EDGE('',*,*,#7004,.F.);
#7565=ORIENTED_EDGE('',*,*,#7564,.F.);
#7566=ORIENTED_EDGE('',*,*,#7083,.T.);
#7567=EDGE_LOOP('',(#7562,#7563,#7565,#7566));
#7568=FACE_OUTER_BOUND('',#7567,.F.);
#7570=CARTESIAN_POINT('',(0.E0,2.6035E0,0.E0));
#7571=DIRECTION('',(0.E0,-1.E0,0.E0));
#7572=DIRECTION('',(1.E0,0.E0,0.E0));
#7573=AXIS2_PLACEMENT_3D('',#7570,#7571,#7572);
#7574=PLANE('',#7573);
#7575=ORIENTED_EDGE('',*,*,#7068,.T.);
#7576=ORIENTED_EDGE('',*,*,#7085,.T.);
#7577=ORIENTED_EDGE('',*,*,#7564,.T.);
#7578=ORIENTED_EDGE('',*,*,#7002,.T.);
#7579=ORIENTED_EDGE('',*,*,#7023,.T.);
#7580=ORIENTED_EDGE('',*,*,#7038,.T.);
#7581=ORIENTED_EDGE('',*,*,#7053,.T.);
#7582=EDGE_LOOP('',(#7575,#7576,#7577,#7578,#7579,#7580,#7581));
#7583=FACE_OUTER_BOUND('',#7582,.F.);
#7585=CARTESIAN_POINT('',(0.E0,2.6035E0,0.E0));
#7586=DIRECTION('',(0.E0,-1.E0,0.E0));
#7587=DIRECTION('',(1.E0,0.E0,0.E0));
#7588=AXIS2_PLACEMENT_3D('',#7585,#7586,#7587);
#7589=PLANE('',#7588);
#7590=ORIENTED_EDGE('',*,*,#7414,.T.);
#7591=ORIENTED_EDGE('',*,*,#7429,.T.);
#7592=ORIENTED_EDGE('',*,*,#7444,.T.);
#7593=ORIENTED_EDGE('',*,*,#7459,.T.);
#7594=ORIENTED_EDGE('',*,*,#7475,.T.);
#7595=ORIENTED_EDGE('',*,*,#7508,.T.);
#7596=ORIENTED_EDGE('',*,*,#7395,.T.);
#7597=EDGE_LOOP('',(#7590,#7591,#7592,#7593,#7594,#7595,#7596));
#7598=FACE_OUTER_BOUND('',#7597,.F.);
#7600=CARTESIAN_POINT('',(-1.964117787954E1,1.2065E0,1.50114E1));
#7601=DIRECTION('',(-1.834508537731E-14,0.E0,1.E0));
#7602=DIRECTION('',(-1.E0,0.E0,-1.834508537731E-14));
#7603=AXIS2_PLACEMENT_3D('',#7600,#7601,#7602);
#7604=PLANE('',#7603);
#7606=ORIENTED_EDGE('',*,*,#7605,.T.);
#7607=ORIENTED_EDGE('',*,*,#6960,.T.);
#7608=ORIENTED_EDGE('',*,*,#7483,.T.);
#7609=ORIENTED_EDGE('',*,*,#6850,.T.);
#7610=EDGE_LOOP('',(#7606,#7607,#7608,#7609));
#7611=FACE_OUTER_BOUND('',#7610,.F.);
#7613=CARTESIAN_POINT('',(-2.167461042347E1,1.2065E0,1.50114E1));
#7614=DIRECTION('',(-9.848077530122E-1,0.E0,1.736481776669E-1));
#7615=DIRECTION('',(-1.736481776669E-1,0.E0,-9.848077530122E-1));
#7616=AXIS2_PLACEMENT_3D('',#7613,#7614,#7615);
#7617=PLANE('',#7616);
#7619=ORIENTED_EDGE('',*,*,#7618,.T.);
#7620=ORIENTED_EDGE('',*,*,#6962,.T.);
#7621=ORIENTED_EDGE('',*,*,#7605,.F.);
#7622=ORIENTED_EDGE('',*,*,#6848,.T.);
#7623=EDGE_LOOP('',(#7619,#7620,#7621,#7622));
#7624=FACE_OUTER_BOUND('',#7623,.F.);
#7626=CARTESIAN_POINT('',(-2.310779612267E1,1.2065E0,6.8834E0));
#7627=DIRECTION('',(-1.E0,0.E0,-1.957168021335E-14));
#7628=DIRECTION('',(1.957168021335E-14,0.E0,-1.E0));
#7629=AXIS2_PLACEMENT_3D('',#7626,#7627,#7628);
#7630=PLANE('',#7629);
#7631=ORIENTED_EDGE('',*,*,#6846,.T.);
#7632=ORIENTED_EDGE('',*,*,#6870,.T.);
#7634=ORIENTED_EDGE('',*,*,#7633,.T.);
#7635=ORIENTED_EDGE('',*,*,#6940,.T.);
#7636=ORIENTED_EDGE('',*,*,#6964,.T.);
#7637=ORIENTED_EDGE('',*,*,#7618,.F.);
#7638=EDGE_LOOP('',(#7631,#7632,#7634,#7635,#7636,#7637));
#7639=FACE_OUTER_BOUND('',#7638,.F.);
#7641=CARTESIAN_POINT('',(-2.310779612267E1,1.2065E0,4.160552262806E0));
#7642=DIRECTION('',(-8.660254037844E-1,0.E0,5.E-1));
#7643=DIRECTION('',(-5.E-1,0.E0,-8.660254037844E-1));
#7644=AXIS2_PLACEMENT_3D('',#7641,#7642,#7643);
#7645=PLANE('',#7644);
#7647=ORIENTED_EDGE('',*,*,#7646,.T.);
#7648=ORIENTED_EDGE('',*,*,#6942,.T.);
#7649=ORIENTED_EDGE('',*,*,#7633,.F.);
#7650=ORIENTED_EDGE('',*,*,#6868,.T.);
#7651=EDGE_LOOP('',(#7647,#7648,#7649,#7650));
#7652=FACE_OUTER_BOUND('',#7651,.F.);
#7654=CARTESIAN_POINT('',(-2.585846065778E1,1.2065E0,-6.037384665693E-1));
#7655=DIRECTION('',(-6.560590289905E-1,0.E0,-7.547095802228E-1));
#7656=DIRECTION('',(7.547095802228E-1,0.E0,-6.560590289905E-1));
#7657=AXIS2_PLACEMENT_3D('',#7654,#7655,#7656);
#7658=PLANE('',#7657);
#7659=ORIENTED_EDGE('',*,*,#7321,.T.);
#7660=ORIENTED_EDGE('',*,*,#6944,.T.);
#7661=ORIENTED_EDGE('',*,*,#7646,.F.);
#7662=ORIENTED_EDGE('',*,*,#6866,.T.);
#7663=EDGE_LOOP('',(#7659,#7660,#7661,#7662));
#7664=FACE_OUTER_BOUND('',#7663,.F.);
#7666=CARTESIAN_POINT('',(-1.820063139261E1,1.2065E0,1.738010896392E0));
#7667=DIRECTION('',(0.E0,-1.E0,0.E0));
#7668=DIRECTION('',(1.E0,0.E0,0.E0));
#7669=AXIS2_PLACEMENT_3D('',#7666,#7667,#7668);
#7670=CYLINDRICAL_SURFACE('',#7669,1.905E0);
#7671=ORIENTED_EDGE('',*,*,#7185,.F.);
#7673=ORIENTED_EDGE('',*,*,#7672,.T.);
#7674=ORIENTED_EDGE('',*,*,#7289,.T.);
#7675=ORIENTED_EDGE('',*,*,#7354,.F.);
#7676=EDGE_LOOP('',(#7671,#7673,#7674,#7675));
#7677=FACE_OUTER_BOUND('',#7676,.F.);
#7679=CARTESIAN_POINT('',(-1.895515798530E1,1.2065E0,-2.606749781740E-2));
#7680=DIRECTION('',(5.E-1,0.E0,8.660254037844E-1));
#7681=DIRECTION('',(-8.660254037844E-1,0.E0,5.E-1));
#7682=AXIS2_PLACEMENT_3D('',#7679,#7680,#7681);
#7683=PLANE('',#7682);
#7684=ORIENTED_EDGE('',*,*,#7183,.F.);
#7686=ORIENTED_EDGE('',*,*,#7685,.T.);
#7687=ORIENTED_EDGE('',*,*,#7291,.T.);
#7688=ORIENTED_EDGE('',*,*,#7672,.F.);
#7689=EDGE_LOOP('',(#7684,#7686,#7687,#7688));
#7690=FACE_OUTER_BOUND('',#7689,.F.);
#7692=CARTESIAN_POINT('',(-1.660691700508E1,1.2065E0,-2.606749781736E-2));
#7693=DIRECTION('',(-1.869142637355E-14,0.E0,1.E0));
#7694=DIRECTION('',(-1.E0,0.E0,-1.869142637355E-14));
#7695=AXIS2_PLACEMENT_3D('',#7692,#7693,#7694);
#7696=PLANE('',#7695);
#7697=ORIENTED_EDGE('',*,*,#7181,.F.);
#7699=ORIENTED_EDGE('',*,*,#7698,.T.);
#7700=ORIENTED_EDGE('',*,*,#7293,.T.);
#7701=ORIENTED_EDGE('',*,*,#7685,.F.);
#7702=EDGE_LOOP('',(#7697,#7699,#7700,#7701));
#7703=FACE_OUTER_BOUND('',#7702,.F.);
#7705=CARTESIAN_POINT('',(-1.660691700508E1,1.2065E0,-1.530674978174E-1));
#7706=DIRECTION('',(0.E0,-1.E0,0.E0));
#7707=DIRECTION('',(1.E0,0.E0,0.E0));
#7708=AXIS2_PLACEMENT_3D('',#7705,#7706,#7707);
#7709=CYLINDRICAL_SURFACE('',#7708,1.27E-1);
#7710=ORIENTED_EDGE('',*,*,#7179,.F.);
#7711=ORIENTED_EDGE('',*,*,#7327,.T.);
#7712=ORIENTED_EDGE('',*,*,#7295,.T.);
#7713=ORIENTED_EDGE('',*,*,#7698,.F.);
#7714=EDGE_LOOP('',(#7710,#7711,#7712,#7713));
#7715=FACE_OUTER_BOUND('',#7714,.F.);
#7717=CARTESIAN_POINT('',(-2.281455844128E1,-1.2065E0,-2.445770491298E0));
#7718=DIRECTION('',(8.660254037844E-1,0.E0,-5.E-1));
#7719=DIRECTION('',(5.E-1,0.E0,8.660254037844E-1));
#7720=AXIS2_PLACEMENT_3D('',#7717,#7718,#7719);
#7721=PLANE('',#7720);
#7722=ORIENTED_EDGE('',*,*,#7287,.F.);
#7723=ORIENTED_EDGE('',*,*,#7324,.T.);
#7724=ORIENTED_EDGE('',*,*,#6862,.T.);
#7725=ORIENTED_EDGE('',*,*,#7356,.F.);
#7726=EDGE_LOOP('',(#7722,#7723,#7724,#7725));
#7727=FACE_OUTER_BOUND('',#7726,.F.);
#7729=CARTESIAN_POINT('',(2.205369612267E1,1.076854166667E-1,5.6134E0));
#7730=DIRECTION('',(0.E0,1.E0,0.E0));
#7731=DIRECTION('',(-1.957168021335E-14,0.E0,-1.E0));
#7732=AXIS2_PLACEMENT_3D('',#7729,#7730,#7731);
#7733=SPHERICAL_SURFACE('',#7732,1.975114583333E0);
#7734=ORIENTED_EDGE('',*,*,#6924,.F.);
#7736=ORIENTED_EDGE('',*,*,#7735,.F.);
#7738=ORIENTED_EDGE('',*,*,#7737,.T.);
#7739=ORIENTED_EDGE('',*,*,#6920,.F.);
#7740=EDGE_LOOP('',(#7734,#7736,#7738,#7739));
#7741=FACE_OUTER_BOUND('',#7740,.F.);
#7743=CARTESIAN_POINT('',(2.205369612267E1,1.076854166667E-1,5.6134E0));
#7744=DIRECTION('',(0.E0,1.E0,0.E0));
#7745=DIRECTION('',(-1.957168021335E-14,0.E0,-1.E0));
#7746=AXIS2_PLACEMENT_3D('',#7743,#7744,#7745);
#7747=SPHERICAL_SURFACE('',#7746,1.975114583333E0);
#7748=ORIENTED_EDGE('',*,*,#6922,.F.);
#7749=ORIENTED_EDGE('',*,*,#7737,.F.);
#7750=ORIENTED_EDGE('',*,*,#7735,.T.);
#7751=EDGE_LOOP('',(#7748,#7749,#7750));
#7752=FACE_OUTER_BOUND('',#7751,.F.);
#7754=ORIENTED_EDGE('',*,*,#7753,.T.);
#7756=ORIENTED_EDGE('',*,*,#7755,.T.);
#7757=EDGE_LOOP('',(#7754,#7756));
#7758=FACE_BOUND('',#7757,.F.);
#7760=CARTESIAN_POINT('',(0.E0,1.8415E0,0.E0));
#7761=DIRECTION('',(0.E0,-1.E0,0.E0));
#7762=DIRECTION('',(1.E0,0.E0,0.E0));
#7763=AXIS2_PLACEMENT_3D('',#7760,#7761,#7762);
#7764=PLANE('',#7763);
#7766=ORIENTED_EDGE('',*,*,#7765,.T.);
#7767=ORIENTED_EDGE('',*,*,#7753,.F.);
#7769=ORIENTED_EDGE('',*,*,#7768,.T.);
#7771=ORIENTED_EDGE('',*,*,#7770,.T.);
#7773=ORIENTED_EDGE('',*,*,#7772,.F.);
#7775=ORIENTED_EDGE('',*,*,#7774,.F.);
#7777=ORIENTED_EDGE('',*,*,#7776,.F.);
#7779=ORIENTED_EDGE('',*,*,#7778,.F.);
#7781=ORIENTED_EDGE('',*,*,#7780,.T.);
#7783=ORIENTED_EDGE('',*,*,#7782,.F.);
#7785=ORIENTED_EDGE('',*,*,#7784,.F.);
#7787=ORIENTED_EDGE('',*,*,#7786,.F.);
#7789=ORIENTED_EDGE('',*,*,#7788,.F.);
#7791=ORIENTED_EDGE('',*,*,#7790,.F.);
#7792=EDGE_LOOP('',(#7766,#7767,#7769,#7771,#7773,#7775,#7777,#7779,#7781,#7783,
#7785,#7787,#7789,#7791));
#7793=FACE_OUTER_BOUND('',#7792,.F.);
#7795=CARTESIAN_POINT('',(0.E0,1.8415E0,0.E0));
#7796=DIRECTION('',(0.E0,-1.E0,0.E0));
#7797=DIRECTION('',(1.E0,0.E0,0.E0));
#7798=AXIS2_PLACEMENT_3D('',#7795,#7796,#7797);
#7799=PLANE('',#7798);
#7801=ORIENTED_EDGE('',*,*,#7800,.T.);
#7803=ORIENTED_EDGE('',*,*,#7802,.F.);
#7805=ORIENTED_EDGE('',*,*,#7804,.F.);
#7807=ORIENTED_EDGE('',*,*,#7806,.F.);
#7809=ORIENTED_EDGE('',*,*,#7808,.F.);
#7811=ORIENTED_EDGE('',*,*,#7810,.F.);
#7813=ORIENTED_EDGE('',*,*,#7812,.F.);
#7815=ORIENTED_EDGE('',*,*,#7814,.F.);
#7817=ORIENTED_EDGE('',*,*,#7816,.F.);
#7819=ORIENTED_EDGE('',*,*,#7818,.F.);
#7821=ORIENTED_EDGE('',*,*,#7820,.F.);
#7823=ORIENTED_EDGE('',*,*,#7822,.T.);
#7825=ORIENTED_EDGE('',*,*,#7824,.T.);
#7827=ORIENTED_EDGE('',*,*,#7826,.F.);
#7828=EDGE_LOOP('',(#7801,#7803,#7805,#7807,#7809,#7811,#7813,#7815,#7817,#7819,
#7821,#7823,#7825,#7827));
#7829=FACE_OUTER_BOUND('',#7828,.F.);
#7831=CARTESIAN_POINT('',(2.1336E1,-2.3495E0,6.604E0));
#7832=DIRECTION('',(-1.E0,0.E0,0.E0));
#7833=DIRECTION('',(0.E0,0.E0,-1.E0));
#7834=AXIS2_PLACEMENT_3D('',#7831,#7832,#7833);
#7835=PLANE('',#7834);
#7837=ORIENTED_EDGE('',*,*,#7836,.T.);
#7839=ORIENTED_EDGE('',*,*,#7838,.F.);
#7841=ORIENTED_EDGE('',*,*,#7840,.T.);
#7843=ORIENTED_EDGE('',*,*,#7842,.F.);
#7845=ORIENTED_EDGE('',*,*,#7844,.F.);
#7847=ORIENTED_EDGE('',*,*,#7846,.F.);
#7849=ORIENTED_EDGE('',*,*,#7848,.T.);
#7850=EDGE_LOOP('',(#7837,#7839,#7841,#7843,#7845,#7847,#7849));
#7851=FACE_OUTER_BOUND('',#7850,.F.);
#7853=CARTESIAN_POINT('',(2.1336E1,-2.3495E0,6.604E0));
#7854=DIRECTION('',(-1.E0,0.E0,0.E0));
#7855=DIRECTION('',(0.E0,0.E0,-1.E0));
#7856=AXIS2_PLACEMENT_3D('',#7853,#7854,#7855);
#7857=PLANE('',#7856);
#7858=ORIENTED_EDGE('',*,*,#7765,.F.);
#7860=ORIENTED_EDGE('',*,*,#7859,.T.);
#7862=ORIENTED_EDGE('',*,*,#7861,.F.);
#7864=ORIENTED_EDGE('',*,*,#7863,.T.);
#7866=ORIENTED_EDGE('',*,*,#7865,.F.);
#7867=ORIENTED_EDGE('',*,*,#7768,.F.);
#7868=ORIENTED_EDGE('',*,*,#7755,.F.);
#7869=EDGE_LOOP('',(#7858,#7860,#7862,#7864,#7866,#7867,#7868));
#7870=FACE_OUTER_BOUND('',#7869,.F.);
#7872=CARTESIAN_POINT('',(0.E0,-1.8415E0,0.E0));
#7873=DIRECTION('',(0.E0,-1.E0,0.E0));
#7874=DIRECTION('',(1.E0,0.E0,0.E0));
#7875=AXIS2_PLACEMENT_3D('',#7872,#7873,#7874);
#7876=PLANE('',#7875);
#7877=ORIENTED_EDGE('',*,*,#7836,.F.);
#7879=ORIENTED_EDGE('',*,*,#7878,.T.);
#7881=ORIENTED_EDGE('',*,*,#7880,.T.);
#7883=ORIENTED_EDGE('',*,*,#7882,.T.);
#7885=ORIENTED_EDGE('',*,*,#7884,.T.);
#7887=ORIENTED_EDGE('',*,*,#7886,.T.);
#7889=ORIENTED_EDGE('',*,*,#7888,.F.);
#7891=ORIENTED_EDGE('',*,*,#7890,.T.);
#7893=ORIENTED_EDGE('',*,*,#7892,.F.);
#7895=ORIENTED_EDGE('',*,*,#7894,.T.);
#7897=ORIENTED_EDGE('',*,*,#7896,.T.);
#7899=ORIENTED_EDGE('',*,*,#7898,.F.);
#7900=ORIENTED_EDGE('',*,*,#7840,.F.);
#7902=ORIENTED_EDGE('',*,*,#7901,.T.);
#7903=EDGE_LOOP('',(#7877,#7879,#7881,#7883,#7885,#7887,#7889,#7891,#7893,#7895,
#7897,#7899,#7900,#7902));
#7904=FACE_OUTER_BOUND('',#7903,.F.);
#7906=CARTESIAN_POINT('',(0.E0,-1.8415E0,0.E0));
#7907=DIRECTION('',(0.E0,-1.E0,0.E0));
#7908=DIRECTION('',(1.E0,0.E0,0.E0));
#7909=AXIS2_PLACEMENT_3D('',#7906,#7907,#7908);
#7910=PLANE('',#7909);
#7912=ORIENTED_EDGE('',*,*,#7911,.F.);
#7914=ORIENTED_EDGE('',*,*,#7913,.T.);
#7916=ORIENTED_EDGE('',*,*,#7915,.F.);
#7918=ORIENTED_EDGE('',*,*,#7917,.F.);
#7920=ORIENTED_EDGE('',*,*,#7919,.T.);
#7922=ORIENTED_EDGE('',*,*,#7921,.F.);
#7924=ORIENTED_EDGE('',*,*,#7923,.T.);
#7926=ORIENTED_EDGE('',*,*,#7925,.T.);
#7928=ORIENTED_EDGE('',*,*,#7927,.T.);
#7930=ORIENTED_EDGE('',*,*,#7929,.T.);
#7932=ORIENTED_EDGE('',*,*,#7931,.T.);
#7934=ORIENTED_EDGE('',*,*,#7933,.T.);
#7936=ORIENTED_EDGE('',*,*,#7935,.T.);
#7938=ORIENTED_EDGE('',*,*,#7937,.T.);
#7939=EDGE_LOOP('',(#7912,#7914,#7916,#7918,#7920,#7922,#7924,#7926,#7928,#7930,
#7932,#7934,#7936,#7938));
#7940=FACE_OUTER_BOUND('',#7939,.F.);
#7942=CARTESIAN_POINT('',(2.3495E1,4.0005E0,6.604E0));
#7943=DIRECTION('',(0.E0,0.E0,1.E0));
#7944=DIRECTION('',(-1.E0,0.E0,0.E0));
#7945=AXIS2_PLACEMENT_3D('',#7942,#7943,#7944);
#7946=PLANE('',#7945);
#7948=ORIENTED_EDGE('',*,*,#7947,.F.);
#7950=ORIENTED_EDGE('',*,*,#7949,.F.);
#7952=ORIENTED_EDGE('',*,*,#7951,.T.);
#7954=ORIENTED_EDGE('',*,*,#7953,.T.);
#7956=ORIENTED_EDGE('',*,*,#7955,.F.);
#7958=ORIENTED_EDGE('',*,*,#7957,.F.);
#7959=EDGE_LOOP('',(#7948,#7950,#7952,#7954,#7956,#7958));
#7960=FACE_OUTER_BOUND('',#7959,.F.);
#7962=CARTESIAN_POINT('',(2.3495E1,4.0005E0,6.604E0));
#7963=DIRECTION('',(0.E0,0.E0,1.E0));
#7964=DIRECTION('',(-1.E0,0.E0,0.E0));
#7965=AXIS2_PLACEMENT_3D('',#7962,#7963,#7964);
#7966=PLANE('',#7965);
#7968=ORIENTED_EDGE('',*,*,#7967,.T.);
#7970=ORIENTED_EDGE('',*,*,#7969,.F.);
#7972=ORIENTED_EDGE('',*,*,#7971,.T.);
#7974=ORIENTED_EDGE('',*,*,#7973,.F.);
#7976=ORIENTED_EDGE('',*,*,#7975,.F.);
#7978=ORIENTED_EDGE('',*,*,#7977,.F.);
#7980=ORIENTED_EDGE('',*,*,#7979,.F.);
#7981=ORIENTED_EDGE('',*,*,#7804,.T.);
#7983=ORIENTED_EDGE('',*,*,#7982,.F.);
#7985=ORIENTED_EDGE('',*,*,#7984,.T.);
#7987=ORIENTED_EDGE('',*,*,#7986,.F.);
#7988=ORIENTED_EDGE('',*,*,#7820,.T.);
#7989=EDGE_LOOP('',(#7968,#7970,#7972,#7974,#7976,#7978,#7980,#7981,#7983,#7985,
#7987,#7988));
#7990=FACE_OUTER_BOUND('',#7989,.F.);
#7992=CARTESIAN_POINT('',(2.3495E1,4.0005E0,6.604E0));
#7993=DIRECTION('',(0.E0,0.E0,1.E0));
#7994=DIRECTION('',(-1.E0,0.E0,0.E0));
#7995=AXIS2_PLACEMENT_3D('',#7992,#7993,#7994);
#7996=PLANE('',#7995);
#7998=ORIENTED_EDGE('',*,*,#7997,.F.);
#8000=ORIENTED_EDGE('',*,*,#7999,.T.);
#8002=ORIENTED_EDGE('',*,*,#8001,.T.);
#8004=ORIENTED_EDGE('',*,*,#8003,.F.);
#8006=ORIENTED_EDGE('',*,*,#8005,.T.);
#8008=ORIENTED_EDGE('',*,*,#8007,.F.);
#8010=ORIENTED_EDGE('',*,*,#8009,.F.);
#8012=ORIENTED_EDGE('',*,*,#8011,.T.);
#8014=ORIENTED_EDGE('',*,*,#8013,.T.);
#8015=ORIENTED_EDGE('',*,*,#7878,.F.);
#8016=ORIENTED_EDGE('',*,*,#7848,.F.);
#8018=ORIENTED_EDGE('',*,*,#8017,.T.);
#8020=ORIENTED_EDGE('',*,*,#8019,.F.);
#8021=ORIENTED_EDGE('',*,*,#7894,.F.);
#8022=EDGE_LOOP('',(#7998,#8000,#8002,#8004,#8006,#8008,#8010,#8012,#8014,#8015,
#8016,#8018,#8020,#8021));
#8023=FACE_OUTER_BOUND('',#8022,.F.);
#8025=CARTESIAN_POINT('',(2.3495E1,4.0005E0,6.604E0));
#8026=DIRECTION('',(0.E0,0.E0,1.E0));
#8027=DIRECTION('',(-1.E0,0.E0,0.E0));
#8028=AXIS2_PLACEMENT_3D('',#8025,#8026,#8027);
#8029=PLANE('',#8028);
#8031=ORIENTED_EDGE('',*,*,#8030,.F.);
#8033=ORIENTED_EDGE('',*,*,#8032,.F.);
#8035=ORIENTED_EDGE('',*,*,#8034,.F.);
#8036=ORIENTED_EDGE('',*,*,#7774,.T.);
#8038=ORIENTED_EDGE('',*,*,#8037,.F.);
#8040=ORIENTED_EDGE('',*,*,#8039,.F.);
#8041=ORIENTED_EDGE('',*,*,#7859,.F.);
#8042=ORIENTED_EDGE('',*,*,#7790,.T.);
#8044=ORIENTED_EDGE('',*,*,#8043,.T.);
#8046=ORIENTED_EDGE('',*,*,#8045,.F.);
#8048=ORIENTED_EDGE('',*,*,#8047,.F.);
#8050=ORIENTED_EDGE('',*,*,#8049,.F.);
#8051=EDGE_LOOP('',(#8031,#8033,#8035,#8036,#8038,#8040,#8041,#8042,#8044,#8046,
#8048,#8050));
#8052=FACE_OUTER_BOUND('',#8051,.F.);
#8054=CARTESIAN_POINT('',(2.3495E1,4.0005E0,6.604E0));
#8055=DIRECTION('',(0.E0,0.E0,1.E0));
#8056=DIRECTION('',(-1.E0,0.E0,0.E0));
#8057=AXIS2_PLACEMENT_3D('',#8054,#8055,#8056);
#8058=PLANE('',#8057);
#8060=ORIENTED_EDGE('',*,*,#8059,.F.);
#8062=ORIENTED_EDGE('',*,*,#8061,.F.);
#8064=ORIENTED_EDGE('',*,*,#8063,.F.);
#8066=ORIENTED_EDGE('',*,*,#8065,.T.);
#8067=EDGE_LOOP('',(#8060,#8062,#8064,#8066));
#8068=FACE_OUTER_BOUND('',#8067,.F.);
#8070=CARTESIAN_POINT('',(2.3495E1,4.0005E0,6.604E0));
#8071=DIRECTION('',(0.E0,0.E0,1.E0));
#8072=DIRECTION('',(-1.E0,0.E0,0.E0));
#8073=AXIS2_PLACEMENT_3D('',#8070,#8071,#8072);
#8074=PLANE('',#8073);
#8076=ORIENTED_EDGE('',*,*,#8075,.F.);
#8078=ORIENTED_EDGE('',*,*,#8077,.F.);
#8080=ORIENTED_EDGE('',*,*,#8079,.T.);
#8082=ORIENTED_EDGE('',*,*,#8081,.T.);
#8084=ORIENTED_EDGE('',*,*,#8083,.F.);
#8086=ORIENTED_EDGE('',*,*,#8085,.F.);
#8088=ORIENTED_EDGE('',*,*,#8087,.T.);
#8090=ORIENTED_EDGE('',*,*,#8089,.T.);
#8091=ORIENTED_EDGE('',*,*,#7919,.F.);
#8093=ORIENTED_EDGE('',*,*,#8092,.F.);
#8095=ORIENTED_EDGE('',*,*,#8094,.F.);
#8097=ORIENTED_EDGE('',*,*,#8096,.F.);
#8098=ORIENTED_EDGE('',*,*,#7935,.F.);
#8100=ORIENTED_EDGE('',*,*,#8099,.F.);
#8102=ORIENTED_EDGE('',*,*,#8101,.T.);
#8104=ORIENTED_EDGE('',*,*,#8103,.F.);
#8106=ORIENTED_EDGE('',*,*,#8105,.F.);
#8108=ORIENTED_EDGE('',*,*,#8107,.F.);
#8109=EDGE_LOOP('',(#8076,#8078,#8080,#8082,#8084,#8086,#8088,#8090,#8091,#8093,
#8095,#8097,#8098,#8100,#8102,#8104,#8106,#8108));
#8110=FACE_OUTER_BOUND('',#8109,.F.);
#8112=CARTESIAN_POINT('',(2.3495E1,4.0005E0,6.604E0));
#8113=DIRECTION('',(0.E0,0.E0,1.E0));
#8114=DIRECTION('',(-1.E0,0.E0,0.E0));
#8115=AXIS2_PLACEMENT_3D('',#8112,#8113,#8114);
#8116=PLANE('',#8115);
#8118=ORIENTED_EDGE('',*,*,#8117,.F.);
#8120=ORIENTED_EDGE('',*,*,#8119,.T.);
#8122=ORIENTED_EDGE('',*,*,#8121,.F.);
#8124=ORIENTED_EDGE('',*,*,#8123,.F.);
#8126=ORIENTED_EDGE('',*,*,#8125,.T.);
#8128=ORIENTED_EDGE('',*,*,#8127,.T.);
#8129=EDGE_LOOP('',(#8118,#8120,#8122,#8124,#8126,#8128));
#8130=FACE_OUTER_BOUND('',#8129,.F.);
#8132=CARTESIAN_POINT('',(0.E0,-3.8354E0,0.E0));
#8133=DIRECTION('',(0.E0,-1.E0,0.E0));
#8134=DIRECTION('',(1.E0,0.E0,0.E0));
#8135=AXIS2_PLACEMENT_3D('',#8132,#8133,#8134);
#8136=PLANE('',#8135);
#8137=ORIENTED_EDGE('',*,*,#7947,.T.);
#8139=ORIENTED_EDGE('',*,*,#8138,.T.);
#8141=ORIENTED_EDGE('',*,*,#8140,.T.);
#8143=ORIENTED_EDGE('',*,*,#8142,.T.);
#8144=ORIENTED_EDGE('',*,*,#8003,.T.);
#8146=ORIENTED_EDGE('',*,*,#8145,.F.);
#8148=ORIENTED_EDGE('',*,*,#8147,.F.);
#8150=ORIENTED_EDGE('',*,*,#8149,.T.);
#8152=ORIENTED_EDGE('',*,*,#8151,.T.);
#8154=ORIENTED_EDGE('',*,*,#8153,.T.);
#8156=ORIENTED_EDGE('',*,*,#8155,.T.);
#8158=ORIENTED_EDGE('',*,*,#8157,.F.);
#8159=EDGE_LOOP('',(#8137,#8139,#8141,#8143,#8144,#8146,#8148,#8150,#8152,#8154,
#8156,#8158));
#8160=FACE_OUTER_BOUND('',#8159,.F.);
#8162=CARTESIAN_POINT('',(1.28905E1,-4.0005E0,6.604E0));
#8163=DIRECTION('',(-1.E0,0.E0,0.E0));
#8164=DIRECTION('',(0.E0,0.E0,-1.E0));
#8165=AXIS2_PLACEMENT_3D('',#8162,#8163,#8164);
#8166=PLANE('',#8165);
#8167=ORIENTED_EDGE('',*,*,#8138,.F.);
#8168=ORIENTED_EDGE('',*,*,#7957,.T.);
#8170=ORIENTED_EDGE('',*,*,#8169,.F.);
#8172=ORIENTED_EDGE('',*,*,#8171,.T.);
#8174=ORIENTED_EDGE('',*,*,#8173,.F.);
#8175=EDGE_LOOP('',(#8167,#8168,#8170,#8172,#8174));
#8176=FACE_OUTER_BOUND('',#8175,.F.);
#8178=CARTESIAN_POINT('',(0.E0,-3.4036E0,6.4135E0));
#8179=DIRECTION('',(0.E0,7.071067811865E-1,7.071067811865E-1));
#8180=DIRECTION('',(-1.E0,0.E0,0.E0));
#8181=AXIS2_PLACEMENT_3D('',#8178,#8179,#8180);
#8182=PLANE('',#8181);
#8183=ORIENTED_EDGE('',*,*,#8169,.T.);
#8184=ORIENTED_EDGE('',*,*,#7955,.T.);
#8186=ORIENTED_EDGE('',*,*,#8185,.F.);
#8188=ORIENTED_EDGE('',*,*,#8187,.F.);
#8189=EDGE_LOOP('',(#8183,#8184,#8186,#8188));
#8190=FACE_OUTER_BOUND('',#8189,.F.);
#8192=CARTESIAN_POINT('',(0.E0,-3.4036E0,6.4135E0));
#8193=DIRECTION('',(0.E0,7.071067811865E-1,7.071067811865E-1));
#8194=DIRECTION('',(-1.E0,0.E0,0.E0));
#8195=AXIS2_PLACEMENT_3D('',#8192,#8193,#8194);
#8196=PLANE('',#8195);
#8198=ORIENTED_EDGE('',*,*,#8197,.F.);
#8200=ORIENTED_EDGE('',*,*,#8199,.F.);
#8202=ORIENTED_EDGE('',*,*,#8201,.T.);
#8203=ORIENTED_EDGE('',*,*,#8007,.T.);
#8204=EDGE_LOOP('',(#8198,#8200,#8202,#8203));
#8205=FACE_OUTER_BOUND('',#8204,.F.);
#8207=CARTESIAN_POINT('',(0.E0,-3.4036E0,6.4135E0));
#8208=DIRECTION('',(0.E0,7.071067811865E-1,7.071067811865E-1));
#8209=DIRECTION('',(-1.E0,0.E0,0.E0));
#8210=AXIS2_PLACEMENT_3D('',#8207,#8208,#8209);
#8211=PLANE('',#8210);
#8213=ORIENTED_EDGE('',*,*,#8212,.T.);
#8214=ORIENTED_EDGE('',*,*,#8105,.T.);
#8216=ORIENTED_EDGE('',*,*,#8215,.F.);
#8218=ORIENTED_EDGE('',*,*,#8217,.F.);
#8219=EDGE_LOOP('',(#8213,#8214,#8216,#8218));
#8220=FACE_OUTER_BOUND('',#8219,.F.);
#8222=CARTESIAN_POINT('',(0.E0,-3.4036E0,6.4135E0));
#8223=DIRECTION('',(0.E0,7.071067811865E-1,7.071067811865E-1));
#8224=DIRECTION('',(-1.E0,0.E0,0.E0));
#8225=AXIS2_PLACEMENT_3D('',#8222,#8223,#8224);
#8226=PLANE('',#8225);
#8227=ORIENTED_EDGE('',*,*,#8121,.T.);
#8229=ORIENTED_EDGE('',*,*,#8228,.F.);
#8231=ORIENTED_EDGE('',*,*,#8230,.F.);
#8233=ORIENTED_EDGE('',*,*,#8232,.T.);
#8234=EDGE_LOOP('',(#8227,#8229,#8231,#8233));
#8235=FACE_OUTER_BOUND('',#8234,.F.);
#8237=CARTESIAN_POINT('',(2.0955E0,-4.0005E0,-5.08E-1));
#8238=DIRECTION('',(1.E0,0.E0,0.E0));
#8239=DIRECTION('',(0.E0,0.E0,1.E0));
#8240=AXIS2_PLACEMENT_3D('',#8237,#8238,#8239);
#8241=PLANE('',#8240);
#8243=ORIENTED_EDGE('',*,*,#8242,.T.);
#8245=ORIENTED_EDGE('',*,*,#8244,.T.);
#8247=ORIENTED_EDGE('',*,*,#8246,.T.);
#8249=ORIENTED_EDGE('',*,*,#8248,.F.);
#8251=ORIENTED_EDGE('',*,*,#8250,.T.);
#8252=ORIENTED_EDGE('',*,*,#8185,.T.);
#8253=ORIENTED_EDGE('',*,*,#7953,.F.);
#8254=EDGE_LOOP('',(#8243,#8245,#8247,#8249,#8251,#8252,#8253));
#8255=FACE_OUTER_BOUND('',#8254,.F.);
#8257=CARTESIAN_POINT('',(0.E0,-4.0005E0,0.E0));
#8258=DIRECTION('',(0.E0,-1.E0,0.E0));
#8259=DIRECTION('',(1.E0,0.E0,0.E0));
#8260=AXIS2_PLACEMENT_3D('',#8257,#8258,#8259);
#8261=PLANE('',#8260);
#8263=ORIENTED_EDGE('',*,*,#8262,.F.);
#8265=ORIENTED_EDGE('',*,*,#8264,.F.);
#8267=ORIENTED_EDGE('',*,*,#8266,.F.);
#8269=ORIENTED_EDGE('',*,*,#8268,.F.);
#8271=ORIENTED_EDGE('',*,*,#8270,.T.);
#8273=ORIENTED_EDGE('',*,*,#8272,.T.);
#8275=ORIENTED_EDGE('',*,*,#8274,.T.);
#8277=ORIENTED_EDGE('',*,*,#8276,.F.);
#8279=ORIENTED_EDGE('',*,*,#8278,.F.);
#8281=ORIENTED_EDGE('',*,*,#8280,.T.);
#8283=ORIENTED_EDGE('',*,*,#8282,.F.);
#8285=ORIENTED_EDGE('',*,*,#8284,.T.);
#8287=ORIENTED_EDGE('',*,*,#8286,.T.);
#8289=ORIENTED_EDGE('',*,*,#8288,.F.);
#8290=ORIENTED_EDGE('',*,*,#7999,.F.);
#8291=EDGE_LOOP('',(#8263,#8265,#8267,#8269,#8271,#8273,#8275,#8277,#8279,#8281,
#8283,#8285,#8287,#8289,#8290));
#8292=FACE_OUTER_BOUND('',#8291,.F.);
#8294=CARTESIAN_POINT('',(0.E0,-4.0005E0,0.E0));
#8295=DIRECTION('',(0.E0,-1.E0,0.E0));
#8296=DIRECTION('',(1.E0,0.E0,0.E0));
#8297=AXIS2_PLACEMENT_3D('',#8294,#8295,#8296);
#8298=PLANE('',#8297);
#8300=ORIENTED_EDGE('',*,*,#8299,.T.);
#8302=ORIENTED_EDGE('',*,*,#8301,.T.);
#8304=ORIENTED_EDGE('',*,*,#8303,.T.);
#8306=ORIENTED_EDGE('',*,*,#8305,.F.);
#8308=ORIENTED_EDGE('',*,*,#8307,.F.);
#8310=ORIENTED_EDGE('',*,*,#8309,.F.);
#8312=ORIENTED_EDGE('',*,*,#8311,.T.);
#8314=ORIENTED_EDGE('',*,*,#8313,.T.);
#8316=ORIENTED_EDGE('',*,*,#8315,.T.);
#8318=ORIENTED_EDGE('',*,*,#8317,.F.);
#8320=ORIENTED_EDGE('',*,*,#8319,.F.);
#8322=ORIENTED_EDGE('',*,*,#8321,.F.);
#8324=ORIENTED_EDGE('',*,*,#8323,.F.);
#8326=ORIENTED_EDGE('',*,*,#8325,.F.);
#8327=ORIENTED_EDGE('',*,*,#8087,.F.);
#8329=ORIENTED_EDGE('',*,*,#8328,.T.);
#8331=ORIENTED_EDGE('',*,*,#8330,.T.);
#8332=ORIENTED_EDGE('',*,*,#8079,.F.);
#8333=EDGE_LOOP('',(#8300,#8302,#8304,#8306,#8308,#8310,#8312,#8314,#8316,#8318,
#8320,#8322,#8324,#8326,#8327,#8329,#8331,#8332));
#8334=FACE_OUTER_BOUND('',#8333,.F.);
#8336=CARTESIAN_POINT('',(0.E0,-4.0005E0,0.E0));
#8337=DIRECTION('',(0.E0,-1.E0,0.E0));
#8338=DIRECTION('',(1.E0,0.E0,0.E0));
#8339=AXIS2_PLACEMENT_3D('',#8336,#8337,#8338);
#8340=PLANE('',#8339);
#8342=ORIENTED_EDGE('',*,*,#8341,.F.);
#8343=ORIENTED_EDGE('',*,*,#8125,.F.);
#8345=ORIENTED_EDGE('',*,*,#8344,.T.);
#8347=ORIENTED_EDGE('',*,*,#8346,.T.);
#8349=ORIENTED_EDGE('',*,*,#8348,.T.);
#8351=ORIENTED_EDGE('',*,*,#8350,.T.);
#8352=ORIENTED_EDGE('',*,*,#8242,.F.);
#8353=ORIENTED_EDGE('',*,*,#7951,.F.);
#8355=ORIENTED_EDGE('',*,*,#8354,.T.);
#8357=ORIENTED_EDGE('',*,*,#8356,.T.);
#8359=ORIENTED_EDGE('',*,*,#8358,.T.);
#8361=ORIENTED_EDGE('',*,*,#8360,.F.);
#8363=ORIENTED_EDGE('',*,*,#8362,.T.);
#8365=ORIENTED_EDGE('',*,*,#8364,.T.);
#8366=EDGE_LOOP('',(#8342,#8343,#8345,#8347,#8349,#8351,#8352,#8353,#8355,#8357,
#8359,#8361,#8363,#8365));
#8367=FACE_OUTER_BOUND('',#8366,.F.);
#8369=CARTESIAN_POINT('',(2.315229245803E1,-1.512594384E1,6.096E0));
#8370=DIRECTION('',(0.E0,1.E0,0.E0));
#8371=DIRECTION('',(0.E0,0.E0,1.E0));
#8372=AXIS2_PLACEMENT_3D('',#8369,#8370,#8371);
#8373=CYLINDRICAL_SURFACE('',#8372,5.08E-1);
#8374=ORIENTED_EDGE('',*,*,#7892,.T.);
#8376=ORIENTED_EDGE('',*,*,#8375,.F.);
#8377=ORIENTED_EDGE('',*,*,#8262,.T.);
#8378=ORIENTED_EDGE('',*,*,#7997,.T.);
#8379=EDGE_LOOP('',(#8374,#8376,#8377,#8378));
#8380=FACE_OUTER_BOUND('',#8379,.F.);
#8382=CARTESIAN_POINT('',(2.6162E1,4.0005E0,1.544846697922E-14));
#8383=DIRECTION('',(9.272418371079E-1,0.E0,3.744630496013E-1));
#8384=DIRECTION('',(-3.744630496013E-1,0.E0,9.272418371079E-1));
#8385=AXIS2_PLACEMENT_3D('',#8382,#8383,#8384);
#8386=PLANE('',#8385);
#8387=ORIENTED_EDGE('',*,*,#8375,.T.);
#8388=ORIENTED_EDGE('',*,*,#7890,.F.);
#8390=ORIENTED_EDGE('',*,*,#8389,.T.);
#8391=ORIENTED_EDGE('',*,*,#8264,.T.);
#8392=EDGE_LOOP('',(#8387,#8388,#8390,#8391));
#8393=FACE_OUTER_BOUND('',#8392,.F.);
#8395=CARTESIAN_POINT('',(2.6162E1,4.0005E0,1.544846697922E-14));
#8396=DIRECTION('',(9.272418371079E-1,0.E0,3.744630496013E-1));
#8397=DIRECTION('',(-3.744630496013E-1,0.E0,9.272418371079E-1));
#8398=AXIS2_PLACEMENT_3D('',#8395,#8396,#8397);
#8399=PLANE('',#8398);
#8401=ORIENTED_EDGE('',*,*,#8400,.T.);
#8403=ORIENTED_EDGE('',*,*,#8402,.F.);
#8405=ORIENTED_EDGE('',*,*,#8404,.T.);
#8406=ORIENTED_EDGE('',*,*,#7778,.T.);
#8407=EDGE_LOOP('',(#8401,#8403,#8405,#8406));
#8408=FACE_OUTER_BOUND('',#8407,.F.);
#8410=CARTESIAN_POINT('',(2.6162E1,4.0005E0,-7.3406E0));
#8411=DIRECTION('',(1.E0,0.E0,0.E0));
#8412=DIRECTION('',(0.E0,0.E0,1.E0));
#8413=AXIS2_PLACEMENT_3D('',#8410,#8411,#8412);
#8414=PLANE('',#8413);
#8415=ORIENTED_EDGE('',*,*,#7888,.T.);
#8417=ORIENTED_EDGE('',*,*,#8416,.F.);
#8418=ORIENTED_EDGE('',*,*,#7780,.F.);
#8419=ORIENTED_EDGE('',*,*,#8404,.F.);
#8421=ORIENTED_EDGE('',*,*,#8420,.F.);
#8423=ORIENTED_EDGE('',*,*,#8422,.T.);
#8424=ORIENTED_EDGE('',*,*,#8266,.T.);
#8425=ORIENTED_EDGE('',*,*,#8389,.F.);
#8426=EDGE_LOOP('',(#8415,#8417,#8418,#8419,#8421,#8423,#8424,#8425));
#8427=FACE_OUTER_BOUND('',#8426,.F.);
#8429=CARTESIAN_POINT('',(1.9812E1,-1.8415E0,-3.683E0));
#8430=DIRECTION('',(0.E0,0.E0,-1.E0));
#8431=DIRECTION('',(1.E0,0.E0,0.E0));
#8432=AXIS2_PLACEMENT_3D('',#8429,#8430,#8431);
#8433=PLANE('',#8432);
#8434=ORIENTED_EDGE('',*,*,#7882,.F.);
#8436=ORIENTED_EDGE('',*,*,#8435,.T.);
#8438=ORIENTED_EDGE('',*,*,#8437,.F.);
#8440=ORIENTED_EDGE('',*,*,#8439,.T.);
#8442=ORIENTED_EDGE('',*,*,#8441,.T.);
#8444=ORIENTED_EDGE('',*,*,#8443,.T.);
#8445=ORIENTED_EDGE('',*,*,#7786,.T.);
#8447=ORIENTED_EDGE('',*,*,#8446,.F.);
#8448=EDGE_LOOP('',(#8434,#8436,#8438,#8440,#8442,#8444,#8445,#8447));
#8449=FACE_OUTER_BOUND('',#8448,.F.);
#8451=CARTESIAN_POINT('',(1.9812E1,-1.8415E0,-3.683E0));
#8452=DIRECTION('',(0.E0,0.E0,-1.E0));
#8453=DIRECTION('',(1.E0,0.E0,0.E0));
#8454=AXIS2_PLACEMENT_3D('',#8451,#8452,#8453);
#8455=PLANE('',#8454);
#8456=ORIENTED_EDGE('',*,*,#7782,.T.);
#8457=ORIENTED_EDGE('',*,*,#8416,.T.);
#8458=ORIENTED_EDGE('',*,*,#7886,.F.);
#8460=ORIENTED_EDGE('',*,*,#8459,.T.);
#8461=EDGE_LOOP('',(#8456,#8457,#8458,#8460));
#8462=FACE_OUTER_BOUND('',#8461,.F.);
#8464=ORIENTED_EDGE('',*,*,#8463,.T.);
#8466=ORIENTED_EDGE('',*,*,#8465,.T.);
#8467=EDGE_LOOP('',(#8464,#8466));
#8468=FACE_BOUND('',#8467,.F.);
#8470=CARTESIAN_POINT('',(2.413E1,-2.667E-1,-3.683E0));
#8471=DIRECTION('',(0.E0,0.E0,1.E0));
#8472=DIRECTION('',(0.E0,-1.E0,0.E0));
#8473=AXIS2_PLACEMENT_3D('',#8470,#8471,#8472);
#8474=CYLINDRICAL_SURFACE('',#8473,1.27E0);
#8475=ORIENTED_EDGE('',*,*,#8463,.F.);
#8477=ORIENTED_EDGE('',*,*,#8476,.T.);
#8479=ORIENTED_EDGE('',*,*,#8478,.T.);
#8481=ORIENTED_EDGE('',*,*,#8480,.F.);
#8482=EDGE_LOOP('',(#8475,#8477,#8479,#8481));
#8483=FACE_OUTER_BOUND('',#8482,.F.);
#8485=CARTESIAN_POINT('',(2.413E1,-2.667E-1,-3.683E0));
#8486=DIRECTION('',(0.E0,0.E0,1.E0));
#8487=DIRECTION('',(0.E0,-1.E0,0.E0));
#8488=AXIS2_PLACEMENT_3D('',#8485,#8486,#8487);
#8489=CYLINDRICAL_SURFACE('',#8488,1.27E0);
#8490=ORIENTED_EDGE('',*,*,#8465,.F.);
#8491=ORIENTED_EDGE('',*,*,#8480,.T.);
#8493=ORIENTED_EDGE('',*,*,#8492,.T.);
#8494=ORIENTED_EDGE('',*,*,#8476,.F.);
#8495=EDGE_LOOP('',(#8490,#8491,#8493,#8494));
#8496=FACE_OUTER_BOUND('',#8495,.F.);
#8498=CARTESIAN_POINT('',(0.E0,-1.8415E0,-4.682998E0));
#8499=DIRECTION('',(0.E0,0.E0,1.E0));
#8500=DIRECTION('',(0.E0,-1.E0,0.E0));
#8501=AXIS2_PLACEMENT_3D('',#8498,#8499,#8500);
#8502=PLANE('',#8501);
#8503=ORIENTED_EDGE('',*,*,#8478,.F.);
#8504=ORIENTED_EDGE('',*,*,#8492,.F.);
#8505=EDGE_LOOP('',(#8503,#8504));
#8506=FACE_OUTER_BOUND('',#8505,.F.);
#8508=CARTESIAN_POINT('',(0.E0,-1.8415E0,-4.682998E0));
#8509=DIRECTION('',(0.E0,0.E0,1.E0));
#8510=DIRECTION('',(0.E0,-1.E0,0.E0));
#8511=AXIS2_PLACEMENT_3D('',#8508,#8509,#8510);
#8512=PLANE('',#8511);
#8514=ORIENTED_EDGE('',*,*,#8513,.F.);
#8516=ORIENTED_EDGE('',*,*,#8515,.F.);
#8517=EDGE_LOOP('',(#8514,#8516));
#8518=FACE_OUTER_BOUND('',#8517,.F.);
#8520=CARTESIAN_POINT('',(-2.413E1,-2.667E-1,-3.683E0));
#8521=DIRECTION('',(0.E0,0.E0,1.E0));
#8522=DIRECTION('',(0.E0,-1.E0,0.E0));
#8523=AXIS2_PLACEMENT_3D('',#8520,#8521,#8522);
#8524=CYLINDRICAL_SURFACE('',#8523,1.27E0);
#8526=ORIENTED_EDGE('',*,*,#8525,.F.);
#8528=ORIENTED_EDGE('',*,*,#8527,.T.);
#8529=ORIENTED_EDGE('',*,*,#8513,.T.);
#8531=ORIENTED_EDGE('',*,*,#8530,.F.);
#8532=EDGE_LOOP('',(#8526,#8528,#8529,#8531));
#8533=FACE_OUTER_BOUND('',#8532,.F.);
#8535=CARTESIAN_POINT('',(-2.6162E1,-1.8415E0,-3.683E0));
#8536=DIRECTION('',(0.E0,0.E0,-1.E0));
#8537=DIRECTION('',(1.E0,0.E0,0.E0));
#8538=AXIS2_PLACEMENT_3D('',#8535,#8536,#8537);
#8539=PLANE('',#8538);
#8540=ORIENTED_EDGE('',*,*,#7927,.F.);
#8542=ORIENTED_EDGE('',*,*,#8541,.F.);
#8543=ORIENTED_EDGE('',*,*,#7812,.T.);
#8545=ORIENTED_EDGE('',*,*,#8544,.F.);
#8546=EDGE_LOOP('',(#8540,#8542,#8543,#8545));
#8547=FACE_OUTER_BOUND('',#8546,.F.);
#8548=ORIENTED_EDGE('',*,*,#8525,.T.);
#8550=ORIENTED_EDGE('',*,*,#8549,.T.);
#8551=EDGE_LOOP('',(#8548,#8550));
#8552=FACE_BOUND('',#8551,.F.);
#8554=CARTESIAN_POINT('',(-2.6162E1,-1.8415E0,-3.683E0));
#8555=DIRECTION('',(0.E0,0.E0,-1.E0));
#8556=DIRECTION('',(1.E0,0.E0,0.E0));
#8557=AXIS2_PLACEMENT_3D('',#8554,#8555,#8556);
#8558=PLANE('',#8557);
#8559=ORIENTED_EDGE('',*,*,#7808,.T.);
#8561=ORIENTED_EDGE('',*,*,#8560,.F.);
#8563=ORIENTED_EDGE('',*,*,#8562,.T.);
#8565=ORIENTED_EDGE('',*,*,#8564,.F.);
#8567=ORIENTED_EDGE('',*,*,#8566,.F.);
#8569=ORIENTED_EDGE('',*,*,#8568,.F.);
#8570=ORIENTED_EDGE('',*,*,#7931,.F.);
#8572=ORIENTED_EDGE('',*,*,#8571,.T.);
#8573=EDGE_LOOP('',(#8559,#8561,#8563,#8565,#8567,#8569,#8570,#8572));
#8574=FACE_OUTER_BOUND('',#8573,.F.);
#8576=CARTESIAN_POINT('',(-2.413E1,-2.667E-1,-3.683E0));
#8577=DIRECTION('',(0.E0,0.E0,1.E0));
#8578=DIRECTION('',(0.E0,-1.E0,0.E0));
#8579=AXIS2_PLACEMENT_3D('',#8576,#8577,#8578);
#8580=CYLINDRICAL_SURFACE('',#8579,1.27E0);
#8581=ORIENTED_EDGE('',*,*,#8549,.F.);
#8582=ORIENTED_EDGE('',*,*,#8530,.T.);
#8583=ORIENTED_EDGE('',*,*,#8515,.T.);
#8584=ORIENTED_EDGE('',*,*,#8527,.F.);
#8585=EDGE_LOOP('',(#8581,#8582,#8583,#8584));
#8586=FACE_OUTER_BOUND('',#8585,.F.);
#8588=CARTESIAN_POINT('',(-2.6162E1,4.0005E0,1.545038894740E-14));
#8589=DIRECTION('',(-1.E0,0.E0,0.E0));
#8590=DIRECTION('',(0.E0,0.E0,-1.E0));
#8591=AXIS2_PLACEMENT_3D('',#8588,#8589,#8590);
#8592=PLANE('',#8591);
#8593=ORIENTED_EDGE('',*,*,#7925,.F.);
#8595=ORIENTED_EDGE('',*,*,#8594,.T.);
#8596=ORIENTED_EDGE('',*,*,#8321,.T.);
#8598=ORIENTED_EDGE('',*,*,#8597,.F.);
#8600=ORIENTED_EDGE('',*,*,#8599,.F.);
#8602=ORIENTED_EDGE('',*,*,#8601,.T.);
#8603=ORIENTED_EDGE('',*,*,#7814,.T.);
#8604=ORIENTED_EDGE('',*,*,#8541,.T.);
#8605=EDGE_LOOP('',(#8593,#8595,#8596,#8598,#8600,#8602,#8603,#8604));
#8606=FACE_OUTER_BOUND('',#8605,.F.);
#8608=CARTESIAN_POINT('',(-2.3495E1,4.0005E0,6.604E0));
#8609=DIRECTION('',(-9.272418371079E-1,0.E0,3.744630496013E-1));
#8610=DIRECTION('',(-3.744630496013E-1,0.E0,-9.272418371079E-1));
#8611=AXIS2_PLACEMENT_3D('',#8608,#8609,#8610);
#8612=PLANE('',#8611);
#8614=ORIENTED_EDGE('',*,*,#8613,.F.);
#8615=ORIENTED_EDGE('',*,*,#8323,.T.);
#8616=ORIENTED_EDGE('',*,*,#8594,.F.);
#8617=ORIENTED_EDGE('',*,*,#7923,.F.);
#8618=EDGE_LOOP('',(#8614,#8615,#8616,#8617));
#8619=FACE_OUTER_BOUND('',#8618,.F.);
#8621=CARTESIAN_POINT('',(-2.3495E1,4.0005E0,6.604E0));
#8622=DIRECTION('',(-9.272418371079E-1,0.E0,3.744630496013E-1));
#8623=DIRECTION('',(-3.744630496013E-1,0.E0,-9.272418371079E-1));
#8624=AXIS2_PLACEMENT_3D('',#8621,#8622,#8623);
#8625=PLANE('',#8624);
#8627=ORIENTED_EDGE('',*,*,#8626,.F.);
#8628=ORIENTED_EDGE('',*,*,#7816,.T.);
#8629=ORIENTED_EDGE('',*,*,#8601,.F.);
#8631=ORIENTED_EDGE('',*,*,#8630,.F.);
#8632=EDGE_LOOP('',(#8627,#8628,#8629,#8631));
#8633=FACE_OUTER_BOUND('',#8632,.F.);
#8635=CARTESIAN_POINT('',(-2.315229245803E1,-1.512594384E1,6.096E0));
#8636=DIRECTION('',(0.E0,1.E0,0.E0));
#8637=DIRECTION('',(-9.272418371079E-1,0.E0,3.744630496013E-1));
#8638=AXIS2_PLACEMENT_3D('',#8635,#8636,#8637);
#8639=CYLINDRICAL_SURFACE('',#8638,5.08E-1);
#8640=ORIENTED_EDGE('',*,*,#7921,.T.);
#8641=ORIENTED_EDGE('',*,*,#8089,.F.);
#8642=ORIENTED_EDGE('',*,*,#8325,.T.);
#8643=ORIENTED_EDGE('',*,*,#8613,.T.);
#8644=EDGE_LOOP('',(#8640,#8641,#8642,#8643));
#8645=FACE_OUTER_BOUND('',#8644,.F.);
#8647=CARTESIAN_POINT('',(-2.315229245803E1,-1.512594384E1,6.096E0));
#8648=DIRECTION('',(0.E0,1.E0,0.E0));
#8649=DIRECTION('',(-9.272418371079E-1,0.E0,3.744630496013E-1));
#8650=AXIS2_PLACEMENT_3D('',#8647,#8648,#8649);
#8651=CYLINDRICAL_SURFACE('',#8650,5.08E-1);
#8653=ORIENTED_EDGE('',*,*,#8652,.T.);
#8654=ORIENTED_EDGE('',*,*,#7967,.F.);
#8655=ORIENTED_EDGE('',*,*,#7818,.T.);
#8656=ORIENTED_EDGE('',*,*,#8626,.T.);
#8657=EDGE_LOOP('',(#8653,#8654,#8655,#8656));
#8658=FACE_OUTER_BOUND('',#8657,.F.);
#8660=CARTESIAN_POINT('',(0.E0,4.0005E0,0.E0));
#8661=DIRECTION('',(0.E0,-1.E0,0.E0));
#8662=DIRECTION('',(1.E0,0.E0,0.E0));
#8663=AXIS2_PLACEMENT_3D('',#8660,#8661,#8662);
#8664=PLANE('',#8663);
#8666=ORIENTED_EDGE('',*,*,#8665,.T.);
#8668=ORIENTED_EDGE('',*,*,#8667,.T.);
#8670=ORIENTED_EDGE('',*,*,#8669,.T.);
#8672=ORIENTED_EDGE('',*,*,#8671,.T.);
#8674=ORIENTED_EDGE('',*,*,#8673,.F.);
#8675=ORIENTED_EDGE('',*,*,#8063,.T.);
#8677=ORIENTED_EDGE('',*,*,#8676,.T.);
#8679=ORIENTED_EDGE('',*,*,#8678,.T.);
#8681=ORIENTED_EDGE('',*,*,#8680,.T.);
#8683=ORIENTED_EDGE('',*,*,#8682,.T.);
#8685=ORIENTED_EDGE('',*,*,#8684,.F.);
#8686=ORIENTED_EDGE('',*,*,#7969,.T.);
#8687=ORIENTED_EDGE('',*,*,#8652,.F.);
#8688=ORIENTED_EDGE('',*,*,#8630,.T.);
#8689=ORIENTED_EDGE('',*,*,#8599,.T.);
#8691=ORIENTED_EDGE('',*,*,#8690,.T.);
#8693=ORIENTED_EDGE('',*,*,#8692,.T.);
#8695=ORIENTED_EDGE('',*,*,#8694,.T.);
#8697=ORIENTED_EDGE('',*,*,#8696,.F.);
#8699=ORIENTED_EDGE('',*,*,#8698,.T.);
#8700=ORIENTED_EDGE('',*,*,#8420,.T.);
#8701=ORIENTED_EDGE('',*,*,#8402,.T.);
#8703=ORIENTED_EDGE('',*,*,#8702,.F.);
#8704=ORIENTED_EDGE('',*,*,#8032,.T.);
#8705=EDGE_LOOP('',(#8666,#8668,#8670,#8672,#8674,#8675,#8677,#8679,#8681,#8683,
#8685,#8686,#8687,#8688,#8689,#8691,#8693,#8695,#8697,#8699,#8700,#8701,#8703,
#8704));
#8706=FACE_OUTER_BOUND('',#8705,.F.);
#8708=ORIENTED_EDGE('',*,*,#8707,.T.);
#8710=ORIENTED_EDGE('',*,*,#8709,.F.);
#8712=ORIENTED_EDGE('',*,*,#8711,.F.);
#8714=ORIENTED_EDGE('',*,*,#8713,.F.);
#8715=EDGE_LOOP('',(#8708,#8710,#8712,#8714));
#8716=FACE_BOUND('',#8715,.F.);
#8718=ORIENTED_EDGE('',*,*,#8717,.T.);
#8720=ORIENTED_EDGE('',*,*,#8719,.F.);
#8722=ORIENTED_EDGE('',*,*,#8721,.F.);
#8724=ORIENTED_EDGE('',*,*,#8723,.F.);
#8725=EDGE_LOOP('',(#8718,#8720,#8722,#8724));
#8726=FACE_BOUND('',#8725,.F.);
#8728=ORIENTED_EDGE('',*,*,#8727,.F.);
#8730=ORIENTED_EDGE('',*,*,#8729,.F.);
#8732=ORIENTED_EDGE('',*,*,#8731,.T.);
#8734=ORIENTED_EDGE('',*,*,#8733,.F.);
#8735=EDGE_LOOP('',(#8728,#8730,#8732,#8734));
#8736=FACE_BOUND('',#8735,.F.);
#8738=ORIENTED_EDGE('',*,*,#8737,.T.);
#8740=ORIENTED_EDGE('',*,*,#8739,.F.);
#8742=ORIENTED_EDGE('',*,*,#8741,.F.);
#8744=ORIENTED_EDGE('',*,*,#8743,.F.);
#8745=EDGE_LOOP('',(#8738,#8740,#8742,#8744));
#8746=FACE_BOUND('',#8745,.F.);
#8748=ORIENTED_EDGE('',*,*,#8747,.F.);
#8750=ORIENTED_EDGE('',*,*,#8749,.F.);
#8752=ORIENTED_EDGE('',*,*,#8751,.T.);
#8754=ORIENTED_EDGE('',*,*,#8753,.F.);
#8755=EDGE_LOOP('',(#8748,#8750,#8752,#8754));
#8756=FACE_BOUND('',#8755,.F.);
#8758=ORIENTED_EDGE('',*,*,#8757,.T.);
#8760=ORIENTED_EDGE('',*,*,#8759,.T.);
#8761=EDGE_LOOP('',(#8758,#8760));
#8762=FACE_BOUND('',#8761,.F.);
#8764=ORIENTED_EDGE('',*,*,#8763,.T.);
#8766=ORIENTED_EDGE('',*,*,#8765,.T.);
#8767=EDGE_LOOP('',(#8764,#8766));
#8768=FACE_BOUND('',#8767,.F.);
#8770=ORIENTED_EDGE('',*,*,#8769,.T.);
#8772=ORIENTED_EDGE('',*,*,#8771,.F.);
#8774=ORIENTED_EDGE('',*,*,#8773,.F.);
#8776=ORIENTED_EDGE('',*,*,#8775,.F.);
#8777=EDGE_LOOP('',(#8770,#8772,#8774,#8776));
#8778=FACE_BOUND('',#8777,.F.);
#8780=ORIENTED_EDGE('',*,*,#8779,.T.);
#8782=ORIENTED_EDGE('',*,*,#8781,.F.);
#8784=ORIENTED_EDGE('',*,*,#8783,.F.);
#8786=ORIENTED_EDGE('',*,*,#8785,.T.);
#8787=EDGE_LOOP('',(#8780,#8782,#8784,#8786));
#8788=FACE_BOUND('',#8787,.F.);
#8790=CARTESIAN_POINT('',(-1.5748E1,4.5339E0,6.604E0));
#8791=DIRECTION('',(-7.071067811865E-1,7.071067811866E-1,0.E0));
#8792=DIRECTION('',(-7.071067811866E-1,-7.071067811865E-1,0.E0));
#8793=AXIS2_PLACEMENT_3D('',#8790,#8791,#8792);
#8794=PLANE('',#8793);
#8796=ORIENTED_EDGE('',*,*,#8795,.F.);
#8798=ORIENTED_EDGE('',*,*,#8797,.F.);
#8800=ORIENTED_EDGE('',*,*,#8799,.T.);
#8801=ORIENTED_EDGE('',*,*,#8769,.F.);
#8802=EDGE_LOOP('',(#8796,#8798,#8800,#8801));
#8803=FACE_OUTER_BOUND('',#8802,.F.);
#8805=CARTESIAN_POINT('',(-1.62814E1,4.0005E0,-2.5146E0));
#8806=DIRECTION('',(0.E0,0.E0,1.E0));
#8807=DIRECTION('',(1.E0,0.E0,0.E0));
#8808=AXIS2_PLACEMENT_3D('',#8805,#8806,#8807);
#8809=PLANE('',#8808);
#8810=ORIENTED_EDGE('',*,*,#8795,.T.);
#8811=ORIENTED_EDGE('',*,*,#8775,.T.);
#8813=ORIENTED_EDGE('',*,*,#8812,.T.);
#8814=EDGE_LOOP('',(#8810,#8811,#8813));
#8815=FACE_OUTER_BOUND('',#8814,.F.);
#8817=CARTESIAN_POINT('',(-1.52146E1,4.0005E0,6.604E0));
#8818=DIRECTION('',(7.071067811865E-1,7.071067811866E-1,0.E0));
#8819=DIRECTION('',(-7.071067811866E-1,7.071067811865E-1,0.E0));
#8820=AXIS2_PLACEMENT_3D('',#8817,#8818,#8819);
#8821=PLANE('',#8820);
#8822=ORIENTED_EDGE('',*,*,#8812,.F.);
#8823=ORIENTED_EDGE('',*,*,#8773,.T.);
#8825=ORIENTED_EDGE('',*,*,#8824,.T.);
#8826=ORIENTED_EDGE('',*,*,#8797,.T.);
#8827=EDGE_LOOP('',(#8822,#8823,#8825,#8826));
#8828=FACE_OUTER_BOUND('',#8827,.F.);
#8830=CARTESIAN_POINT('',(-1.52146E1,4.0005E0,6.35E0));
#8831=DIRECTION('',(0.E0,0.E0,-1.E0));
#8832=DIRECTION('',(-1.E0,0.E0,0.E0));
#8833=AXIS2_PLACEMENT_3D('',#8830,#8831,#8832);
#8834=PLANE('',#8833);
#8835=ORIENTED_EDGE('',*,*,#8799,.F.);
#8836=ORIENTED_EDGE('',*,*,#8824,.F.);
#8837=ORIENTED_EDGE('',*,*,#8771,.T.);
#8838=EDGE_LOOP('',(#8835,#8836,#8837));
#8839=FACE_OUTER_BOUND('',#8838,.F.);
#8841=CARTESIAN_POINT('',(1.5748E1,4.5339E0,6.604E0));
#8842=DIRECTION('',(-7.071067811865E-1,7.071067811866E-1,0.E0));
#8843=DIRECTION('',(-7.071067811866E-1,-7.071067811865E-1,0.E0));
#8844=AXIS2_PLACEMENT_3D('',#8841,#8842,#8843);
#8845=PLANE('',#8844);
#8847=ORIENTED_EDGE('',*,*,#8846,.F.);
#8849=ORIENTED_EDGE('',*,*,#8848,.F.);
#8851=ORIENTED_EDGE('',*,*,#8850,.T.);
#8852=ORIENTED_EDGE('',*,*,#8707,.F.);
#8853=EDGE_LOOP('',(#8847,#8849,#8851,#8852));
#8854=FACE_OUTER_BOUND('',#8853,.F.);
#8856=CARTESIAN_POINT('',(1.52146E1,4.0005E0,-2.5146E0));
#8857=DIRECTION('',(0.E0,0.E0,1.E0));
#8858=DIRECTION('',(1.E0,0.E0,0.E0));
#8859=AXIS2_PLACEMENT_3D('',#8856,#8857,#8858);
#8860=PLANE('',#8859);
#8861=ORIENTED_EDGE('',*,*,#8846,.T.);
#8862=ORIENTED_EDGE('',*,*,#8713,.T.);
#8864=ORIENTED_EDGE('',*,*,#8863,.T.);
#8865=EDGE_LOOP('',(#8861,#8862,#8864));
#8866=FACE_OUTER_BOUND('',#8865,.F.);
#8868=CARTESIAN_POINT('',(1.62814E1,4.0005E0,6.604E0));
#8869=DIRECTION('',(7.071067811865E-1,7.071067811866E-1,0.E0));
#8870=DIRECTION('',(-7.071067811866E-1,7.071067811865E-1,0.E0));
#8871=AXIS2_PLACEMENT_3D('',#8868,#8869,#8870);
#8872=PLANE('',#8871);
#8873=ORIENTED_EDGE('',*,*,#8863,.F.);
#8874=ORIENTED_EDGE('',*,*,#8711,.T.);
#8876=ORIENTED_EDGE('',*,*,#8875,.T.);
#8877=ORIENTED_EDGE('',*,*,#8848,.T.);
#8878=EDGE_LOOP('',(#8873,#8874,#8876,#8877));
#8879=FACE_OUTER_BOUND('',#8878,.F.);
#8881=CARTESIAN_POINT('',(1.62814E1,4.0005E0,6.35E0));
#8882=DIRECTION('',(0.E0,0.E0,-1.E0));
#8883=DIRECTION('',(-1.E0,0.E0,0.E0));
#8884=AXIS2_PLACEMENT_3D('',#8881,#8882,#8883);
#8885=PLANE('',#8884);
#8886=ORIENTED_EDGE('',*,*,#8850,.F.);
#8887=ORIENTED_EDGE('',*,*,#8875,.F.);
#8888=ORIENTED_EDGE('',*,*,#8709,.T.);
#8889=EDGE_LOOP('',(#8886,#8887,#8888));
#8890=FACE_OUTER_BOUND('',#8889,.F.);
#8892=CARTESIAN_POINT('',(-2.30886E1,4.5339E0,6.604E0));
#8893=DIRECTION('',(-7.071067811865E-1,7.071067811866E-1,0.E0));
#8894=DIRECTION('',(-7.071067811866E-1,-7.071067811865E-1,0.E0));
#8895=AXIS2_PLACEMENT_3D('',#8892,#8893,#8894);
#8896=PLANE('',#8895);
#8898=ORIENTED_EDGE('',*,*,#8897,.F.);
#8900=ORIENTED_EDGE('',*,*,#8899,.F.);
#8902=ORIENTED_EDGE('',*,*,#8901,.T.);
#8903=ORIENTED_EDGE('',*,*,#8717,.F.);
#8904=EDGE_LOOP('',(#8898,#8900,#8902,#8903));
#8905=FACE_OUTER_BOUND('',#8904,.F.);
#8907=CARTESIAN_POINT('',(-2.3622E1,4.0005E0,-7.0866E0));
#8908=DIRECTION('',(0.E0,0.E0,1.E0));
#8909=DIRECTION('',(1.E0,0.E0,0.E0));
#8910=AXIS2_PLACEMENT_3D('',#8907,#8908,#8909);
#8911=PLANE('',#8910);
#8913=ORIENTED_EDGE('',*,*,#8912,.T.);
#8914=ORIENTED_EDGE('',*,*,#8897,.T.);
#8915=ORIENTED_EDGE('',*,*,#8723,.T.);
#8916=EDGE_LOOP('',(#8913,#8914,#8915));
#8917=FACE_OUTER_BOUND('',#8916,.F.);
#8919=CARTESIAN_POINT('',(-2.25552E1,4.0005E0,6.604E0));
#8920=DIRECTION('',(7.071067811865E-1,7.071067811866E-1,0.E0));
#8921=DIRECTION('',(-7.071067811866E-1,7.071067811865E-1,0.E0));
#8922=AXIS2_PLACEMENT_3D('',#8919,#8920,#8921);
#8923=PLANE('',#8922);
#8924=ORIENTED_EDGE('',*,*,#8912,.F.);
#8925=ORIENTED_EDGE('',*,*,#8721,.T.);
#8927=ORIENTED_EDGE('',*,*,#8926,.T.);
#8928=ORIENTED_EDGE('',*,*,#8899,.T.);
#8929=EDGE_LOOP('',(#8924,#8925,#8927,#8928));
#8930=FACE_OUTER_BOUND('',#8929,.F.);
#8932=CARTESIAN_POINT('',(-2.25552E1,4.0005E0,-2.2606E0));
#8933=DIRECTION('',(0.E0,0.E0,-1.E0));
#8934=DIRECTION('',(-1.E0,0.E0,0.E0));
#8935=AXIS2_PLACEMENT_3D('',#8932,#8933,#8934);
#8936=PLANE('',#8935);
#8937=ORIENTED_EDGE('',*,*,#8926,.F.);
#8938=ORIENTED_EDGE('',*,*,#8719,.T.);
#8939=ORIENTED_EDGE('',*,*,#8901,.F.);
#8940=EDGE_LOOP('',(#8937,#8938,#8939));
#8941=FACE_OUTER_BOUND('',#8940,.F.);
#8943=CARTESIAN_POINT('',(-1.85166E1,4.0005E0,6.604E0));
#8944=DIRECTION('',(7.071067811865E-1,7.071067811866E-1,0.E0));
#8945=DIRECTION('',(-7.071067811866E-1,7.071067811865E-1,0.E0));
#8946=AXIS2_PLACEMENT_3D('',#8943,#8944,#8945);
#8947=PLANE('',#8946);
#8949=ORIENTED_EDGE('',*,*,#8948,.T.);
#8951=ORIENTED_EDGE('',*,*,#8950,.T.);
#8953=ORIENTED_EDGE('',*,*,#8952,.F.);
#8954=ORIENTED_EDGE('',*,*,#8727,.T.);
#8955=EDGE_LOOP('',(#8949,#8951,#8953,#8954));
#8956=FACE_OUTER_BOUND('',#8955,.F.);
#8958=CARTESIAN_POINT('',(-1.85166E1,4.0005E0,6.35E0));
#8959=DIRECTION('',(0.E0,0.E0,-1.E0));
#8960=DIRECTION('',(-1.E0,0.E0,0.E0));
#8961=AXIS2_PLACEMENT_3D('',#8958,#8959,#8960);
#8962=PLANE('',#8961);
#8964=ORIENTED_EDGE('',*,*,#8963,.F.);
#8965=ORIENTED_EDGE('',*,*,#8948,.F.);
#8966=ORIENTED_EDGE('',*,*,#8733,.T.);
#8967=EDGE_LOOP('',(#8964,#8965,#8966));
#8968=FACE_OUTER_BOUND('',#8967,.F.);
#8970=CARTESIAN_POINT('',(-1.905E1,4.5339E0,6.604E0));
#8971=DIRECTION('',(-7.071067811865E-1,7.071067811866E-1,0.E0));
#8972=DIRECTION('',(-7.071067811866E-1,-7.071067811865E-1,0.E0));
#8973=AXIS2_PLACEMENT_3D('',#8970,#8971,#8972);
#8974=PLANE('',#8973);
#8975=ORIENTED_EDGE('',*,*,#8963,.T.);
#8976=ORIENTED_EDGE('',*,*,#8731,.F.);
#8978=ORIENTED_EDGE('',*,*,#8977,.F.);
#8979=ORIENTED_EDGE('',*,*,#8950,.F.);
#8980=EDGE_LOOP('',(#8975,#8976,#8978,#8979));
#8981=FACE_OUTER_BOUND('',#8980,.F.);
#8983=CARTESIAN_POINT('',(-1.95834E1,4.0005E0,-7.0866E0));
#8984=DIRECTION('',(0.E0,0.E0,1.E0));
#8985=DIRECTION('',(1.E0,0.E0,0.E0));
#8986=AXIS2_PLACEMENT_3D('',#8983,#8984,#8985);
#8987=PLANE('',#8986);
#8988=ORIENTED_EDGE('',*,*,#8977,.T.);
#8989=ORIENTED_EDGE('',*,*,#8729,.T.);
#8990=ORIENTED_EDGE('',*,*,#8952,.T.);
#8991=EDGE_LOOP('',(#8988,#8989,#8990));
#8992=FACE_OUTER_BOUND('',#8991,.F.);
#8994=CARTESIAN_POINT('',(2.30886E1,4.5339E0,6.604E0));
#8995=DIRECTION('',(-7.071067811865E-1,7.071067811866E-1,0.E0));
#8996=DIRECTION('',(-7.071067811866E-1,-7.071067811865E-1,0.E0));
#8997=AXIS2_PLACEMENT_3D('',#8994,#8995,#8996);
#8998=PLANE('',#8997);
#9000=ORIENTED_EDGE('',*,*,#8999,.F.);
#9002=ORIENTED_EDGE('',*,*,#9001,.T.);
#9003=ORIENTED_EDGE('',*,*,#8737,.F.);
#9005=ORIENTED_EDGE('',*,*,#9004,.F.);
#9006=EDGE_LOOP('',(#9000,#9002,#9003,#9005));
#9007=FACE_OUTER_BOUND('',#9006,.F.);
#9009=CARTESIAN_POINT('',(2.3622E1,4.0005E0,6.604E0));
#9010=DIRECTION('',(7.071067811865E-1,7.071067811866E-1,0.E0));
#9011=DIRECTION('',(-7.071067811866E-1,7.071067811865E-1,0.E0));
#9012=AXIS2_PLACEMENT_3D('',#9009,#9010,#9011);
#9013=PLANE('',#9012);
#9014=ORIENTED_EDGE('',*,*,#8999,.T.);
#9016=ORIENTED_EDGE('',*,*,#9015,.F.);
#9017=ORIENTED_EDGE('',*,*,#8741,.T.);
#9019=ORIENTED_EDGE('',*,*,#9018,.T.);
#9020=EDGE_LOOP('',(#9014,#9016,#9017,#9019));
#9021=FACE_OUTER_BOUND('',#9020,.F.);
#9023=CARTESIAN_POINT('',(2.25552E1,4.0005E0,-7.0866E0));
#9024=DIRECTION('',(0.E0,0.E0,1.E0));
#9025=DIRECTION('',(1.E0,0.E0,0.E0));
#9026=AXIS2_PLACEMENT_3D('',#9023,#9024,#9025);
#9027=PLANE('',#9026);
#9028=ORIENTED_EDGE('',*,*,#9015,.T.);
#9029=ORIENTED_EDGE('',*,*,#9004,.T.);
#9030=ORIENTED_EDGE('',*,*,#8743,.T.);
#9031=EDGE_LOOP('',(#9028,#9029,#9030));
#9032=FACE_OUTER_BOUND('',#9031,.F.);
#9034=CARTESIAN_POINT('',(2.3622E1,4.0005E0,-2.2606E0));
#9035=DIRECTION('',(0.E0,0.E0,-1.E0));
#9036=DIRECTION('',(-1.E0,0.E0,0.E0));
#9037=AXIS2_PLACEMENT_3D('',#9034,#9035,#9036);
#9038=PLANE('',#9037);
#9039=ORIENTED_EDGE('',*,*,#9018,.F.);
#9040=ORIENTED_EDGE('',*,*,#8739,.T.);
#9041=ORIENTED_EDGE('',*,*,#9001,.F.);
#9042=EDGE_LOOP('',(#9039,#9040,#9041));
#9043=FACE_OUTER_BOUND('',#9042,.F.);
#9045=CARTESIAN_POINT('',(1.95834E1,4.0005E0,6.604E0));
#9046=DIRECTION('',(7.071067811865E-1,7.071067811865E-1,0.E0));
#9047=DIRECTION('',(-7.071067811865E-1,7.071067811865E-1,0.E0));
#9048=AXIS2_PLACEMENT_3D('',#9045,#9046,#9047);
#9049=PLANE('',#9048);
#9051=ORIENTED_EDGE('',*,*,#9050,.T.);
#9053=ORIENTED_EDGE('',*,*,#9052,.F.);
#9054=ORIENTED_EDGE('',*,*,#8747,.T.);
#9056=ORIENTED_EDGE('',*,*,#9055,.T.);
#9057=EDGE_LOOP('',(#9051,#9053,#9054,#9056));
#9058=FACE_OUTER_BOUND('',#9057,.F.);
#9060=CARTESIAN_POINT('',(1.905E1,4.5339E0,6.604E0));
#9061=DIRECTION('',(-7.071067811865E-1,7.071067811866E-1,0.E0));
#9062=DIRECTION('',(-7.071067811866E-1,-7.071067811865E-1,0.E0));
#9063=AXIS2_PLACEMENT_3D('',#9060,#9061,#9062);
#9064=PLANE('',#9063);
#9065=ORIENTED_EDGE('',*,*,#9050,.F.);
#9067=ORIENTED_EDGE('',*,*,#9066,.T.);
#9068=ORIENTED_EDGE('',*,*,#8751,.F.);
#9070=ORIENTED_EDGE('',*,*,#9069,.F.);
#9071=EDGE_LOOP('',(#9065,#9067,#9068,#9070));
#9072=FACE_OUTER_BOUND('',#9071,.F.);
#9074=CARTESIAN_POINT('',(1.95834E1,4.0005E0,6.35E0));
#9075=DIRECTION('',(0.E0,0.E0,-1.E0));
#9076=DIRECTION('',(-1.E0,0.E0,0.E0));
#9077=AXIS2_PLACEMENT_3D('',#9074,#9075,#9076);
#9078=PLANE('',#9077);
#9079=ORIENTED_EDGE('',*,*,#9066,.F.);
#9080=ORIENTED_EDGE('',*,*,#9055,.F.);
#9081=ORIENTED_EDGE('',*,*,#8753,.T.);
#9082=EDGE_LOOP('',(#9079,#9080,#9081));
#9083=FACE_OUTER_BOUND('',#9082,.F.);
#9085=CARTESIAN_POINT('',(1.85166E1,4.0005E0,-7.0866E0));
#9086=DIRECTION('',(0.E0,0.E0,1.E0));
#9087=DIRECTION('',(1.E0,0.E0,0.E0));
#9088=AXIS2_PLACEMENT_3D('',#9085,#9086,#9087);
#9089=PLANE('',#9088);
#9090=ORIENTED_EDGE('',*,*,#9069,.T.);
#9091=ORIENTED_EDGE('',*,*,#8749,.T.);
#9092=ORIENTED_EDGE('',*,*,#9052,.T.);
#9093=EDGE_LOOP('',(#9090,#9091,#9092));
#9094=FACE_OUTER_BOUND('',#9093,.F.);
#9096=CARTESIAN_POINT('',(2.1082E1,4.0005E0,-4.5974E0));
#9097=DIRECTION('',(0.E0,-1.E0,0.E0));
#9098=DIRECTION('',(1.E0,0.E0,0.E0));
#9099=AXIS2_PLACEMENT_3D('',#9096,#9097,#9098);
#9100=CYLINDRICAL_SURFACE('',#9099,1.2192E0);
#9102=ORIENTED_EDGE('',*,*,#9101,.T.);
#9104=ORIENTED_EDGE('',*,*,#9103,.T.);
#9106=ORIENTED_EDGE('',*,*,#9105,.F.);
#9108=ORIENTED_EDGE('',*,*,#9107,.F.);
#9109=EDGE_LOOP('',(#9102,#9104,#9106,#9108));
#9110=FACE_OUTER_BOUND('',#9109,.F.);
#9112=CARTESIAN_POINT('',(2.1082E1,4.0005E0,-4.5974E0));
#9113=DIRECTION('',(0.E0,-1.E0,0.E0));
#9114=DIRECTION('',(1.E0,0.E0,0.E0));
#9115=AXIS2_PLACEMENT_3D('',#9112,#9113,#9114);
#9116=CYLINDRICAL_SURFACE('',#9115,1.2192E0);
#9118=ORIENTED_EDGE('',*,*,#9117,.F.);
#9120=ORIENTED_EDGE('',*,*,#9119,.F.);
#9121=ORIENTED_EDGE('',*,*,#8757,.F.);
#9123=ORIENTED_EDGE('',*,*,#9122,.T.);
#9124=EDGE_LOOP('',(#9118,#9120,#9121,#9123));
#9125=FACE_OUTER_BOUND('',#9124,.F.);
#9127=CARTESIAN_POINT('',(0.E0,-1.85E0,0.E0));
#9128=DIRECTION('',(0.E0,1.E0,0.E0));
#9129=DIRECTION('',(1.E0,0.E0,0.E0));
#9130=AXIS2_PLACEMENT_3D('',#9127,#9128,#9129);
#9131=PLANE('',#9130);
#9132=ORIENTED_EDGE('',*,*,#9101,.F.);
#9134=ORIENTED_EDGE('',*,*,#9133,.F.);
#9135=EDGE_LOOP('',(#9132,#9134));
#9136=FACE_OUTER_BOUND('',#9135,.F.);
#9138=CARTESIAN_POINT('',(0.E0,-1.85E0,0.E0));
#9139=DIRECTION('',(0.E0,1.E0,0.E0));
#9140=DIRECTION('',(1.E0,0.E0,0.E0));
#9141=AXIS2_PLACEMENT_3D('',#9138,#9139,#9140);
#9142=PLANE('',#9141);
#9144=ORIENTED_EDGE('',*,*,#9143,.F.);
#9146=ORIENTED_EDGE('',*,*,#9145,.F.);
#9147=EDGE_LOOP('',(#9144,#9146));
#9148=FACE_OUTER_BOUND('',#9147,.F.);
#9150=CARTESIAN_POINT('',(2.1082E1,4.0005E0,-4.5974E0));
#9151=DIRECTION('',(0.E0,-1.E0,0.E0));
#9152=DIRECTION('',(1.E0,0.E0,0.E0));
#9153=AXIS2_PLACEMENT_3D('',#9150,#9151,#9152);
#9154=CYLINDRICAL_SURFACE('',#9153,1.2192E0);
#9155=ORIENTED_EDGE('',*,*,#9133,.T.);
#9156=ORIENTED_EDGE('',*,*,#9107,.T.);
#9158=ORIENTED_EDGE('',*,*,#9157,.F.);
#9159=ORIENTED_EDGE('',*,*,#9103,.F.);
#9160=EDGE_LOOP('',(#9155,#9156,#9158,#9159));
#9161=FACE_OUTER_BOUND('',#9160,.F.);
#9163=CARTESIAN_POINT('',(2.1082E1,4.0005E0,-4.5974E0));
#9164=DIRECTION('',(0.E0,-1.E0,0.E0));
#9165=DIRECTION('',(1.E0,0.E0,0.E0));
#9166=AXIS2_PLACEMENT_3D('',#9163,#9164,#9165);
#9167=CYLINDRICAL_SURFACE('',#9166,1.2192E0);
#9169=ORIENTED_EDGE('',*,*,#9168,.F.);
#9170=ORIENTED_EDGE('',*,*,#9122,.F.);
#9171=ORIENTED_EDGE('',*,*,#8759,.F.);
#9172=ORIENTED_EDGE('',*,*,#9119,.T.);
#9173=EDGE_LOOP('',(#9169,#9170,#9171,#9172));
#9174=FACE_OUTER_BOUND('',#9173,.F.);
#9176=CARTESIAN_POINT('',(0.E0,-2.4257E0,0.E0));
#9177=DIRECTION('',(0.E0,-1.E0,0.E0));
#9178=DIRECTION('',(1.E0,0.E0,0.E0));
#9179=AXIS2_PLACEMENT_3D('',#9176,#9177,#9178);
#9180=PLANE('',#9179);
#9182=ORIENTED_EDGE('',*,*,#9181,.F.);
#9184=ORIENTED_EDGE('',*,*,#9183,.F.);
#9186=ORIENTED_EDGE('',*,*,#9185,.F.);
#9188=ORIENTED_EDGE('',*,*,#9187,.F.);
#9190=ORIENTED_EDGE('',*,*,#9189,.F.);
#9191=EDGE_LOOP('',(#9182,#9184,#9186,#9188,#9190));
#9192=FACE_OUTER_BOUND('',#9191,.F.);
#9194=ORIENTED_EDGE('',*,*,#9193,.T.);
#9196=ORIENTED_EDGE('',*,*,#9195,.T.);
#9197=EDGE_LOOP('',(#9194,#9196));
#9198=FACE_BOUND('',#9197,.F.);
#9200=CARTESIAN_POINT('',(0.E0,-2.4257E0,0.E0));
#9201=DIRECTION('',(0.E0,-1.E0,0.E0));
#9202=DIRECTION('',(1.E0,0.E0,0.E0));
#9203=AXIS2_PLACEMENT_3D('',#9200,#9201,#9202);
#9204=PLANE('',#9203);
#9206=ORIENTED_EDGE('',*,*,#9205,.F.);
#9208=ORIENTED_EDGE('',*,*,#9207,.F.);
#9210=ORIENTED_EDGE('',*,*,#9209,.F.);
#9212=ORIENTED_EDGE('',*,*,#9211,.F.);
#9214=ORIENTED_EDGE('',*,*,#9213,.F.);
#9215=EDGE_LOOP('',(#9206,#9208,#9210,#9212,#9214));
#9216=FACE_OUTER_BOUND('',#9215,.F.);
#9217=ORIENTED_EDGE('',*,*,#9105,.T.);
#9218=ORIENTED_EDGE('',*,*,#9157,.T.);
#9219=EDGE_LOOP('',(#9217,#9218));
#9220=FACE_BOUND('',#9219,.F.);
#9222=CARTESIAN_POINT('',(-2.6162E1,4.0005E0,-7.3406E0));
#9223=DIRECTION('',(0.E0,0.E0,-1.E0));
#9224=DIRECTION('',(1.E0,0.E0,0.E0));
#9225=AXIS2_PLACEMENT_3D('',#9222,#9223,#9224);
#9226=PLANE('',#9225);
#9227=ORIENTED_EDGE('',*,*,#9181,.T.);
#9229=ORIENTED_EDGE('',*,*,#9228,.F.);
#9230=ORIENTED_EDGE('',*,*,#8309,.T.);
#9232=ORIENTED_EDGE('',*,*,#9231,.T.);
#9234=ORIENTED_EDGE('',*,*,#9233,.T.);
#9236=ORIENTED_EDGE('',*,*,#9235,.F.);
#9237=ORIENTED_EDGE('',*,*,#8278,.T.);
#9239=ORIENTED_EDGE('',*,*,#9238,.T.);
#9240=ORIENTED_EDGE('',*,*,#9205,.T.);
#9242=ORIENTED_EDGE('',*,*,#9241,.F.);
#9243=ORIENTED_EDGE('',*,*,#8268,.T.);
#9244=ORIENTED_EDGE('',*,*,#8422,.F.);
#9245=ORIENTED_EDGE('',*,*,#8698,.F.);
#9247=ORIENTED_EDGE('',*,*,#9246,.T.);
#9249=ORIENTED_EDGE('',*,*,#9248,.T.);
#9251=ORIENTED_EDGE('',*,*,#9250,.F.);
#9252=ORIENTED_EDGE('',*,*,#8690,.F.);
#9253=ORIENTED_EDGE('',*,*,#8597,.T.);
#9254=ORIENTED_EDGE('',*,*,#8319,.T.);
#9256=ORIENTED_EDGE('',*,*,#9255,.T.);
#9257=EDGE_LOOP('',(#9227,#9229,#9230,#9232,#9234,#9236,#9237,#9239,#9240,#9242,
#9243,#9244,#9245,#9247,#9249,#9251,#9252,#9253,#9254,#9256));
#9258=FACE_OUTER_BOUND('',#9257,.F.);
#9260=ORIENTED_EDGE('',*,*,#9259,.T.);
#9262=ORIENTED_EDGE('',*,*,#9261,.T.);
#9263=EDGE_LOOP('',(#9260,#9262));
#9264=FACE_BOUND('',#9263,.F.);
#9266=ORIENTED_EDGE('',*,*,#9265,.T.);
#9268=ORIENTED_EDGE('',*,*,#9267,.T.);
#9269=EDGE_LOOP('',(#9266,#9268));
#9270=FACE_BOUND('',#9269,.F.);
#9272=ORIENTED_EDGE('',*,*,#9271,.T.);
#9274=ORIENTED_EDGE('',*,*,#9273,.T.);
#9275=EDGE_LOOP('',(#9272,#9274));
#9276=FACE_BOUND('',#9275,.F.);
#9278=ORIENTED_EDGE('',*,*,#9277,.T.);
#9280=ORIENTED_EDGE('',*,*,#9279,.T.);
#9281=EDGE_LOOP('',(#9278,#9280));
#9282=FACE_BOUND('',#9281,.F.);
#9284=ORIENTED_EDGE('',*,*,#9283,.T.);
#9286=ORIENTED_EDGE('',*,*,#9285,.T.);
#9287=EDGE_LOOP('',(#9284,#9286));
#9288=FACE_BOUND('',#9287,.F.);
#9290=ORIENTED_EDGE('',*,*,#9289,.T.);
#9292=ORIENTED_EDGE('',*,*,#9291,.T.);
#9293=EDGE_LOOP('',(#9290,#9292));
#9294=FACE_BOUND('',#9293,.F.);
#9296=ORIENTED_EDGE('',*,*,#9295,.T.);
#9298=ORIENTED_EDGE('',*,*,#9297,.T.);
#9299=EDGE_LOOP('',(#9296,#9298));
#9300=FACE_BOUND('',#9299,.F.);
#9302=ORIENTED_EDGE('',*,*,#9301,.T.);
#9304=ORIENTED_EDGE('',*,*,#9303,.T.);
#9305=EDGE_LOOP('',(#9302,#9304));
#9306=FACE_BOUND('',#9305,.F.);
#9308=ORIENTED_EDGE('',*,*,#9307,.T.);
#9310=ORIENTED_EDGE('',*,*,#9309,.T.);
#9311=EDGE_LOOP('',(#9308,#9310));
#9312=FACE_BOUND('',#9311,.F.);
#9314=ORIENTED_EDGE('',*,*,#9313,.T.);
#9316=ORIENTED_EDGE('',*,*,#9315,.T.);
#9317=EDGE_LOOP('',(#9314,#9316));
#9318=FACE_BOUND('',#9317,.F.);
#9320=ORIENTED_EDGE('',*,*,#9319,.T.);
#9322=ORIENTED_EDGE('',*,*,#9321,.T.);
#9323=EDGE_LOOP('',(#9320,#9322));
#9324=FACE_BOUND('',#9323,.F.);
#9326=ORIENTED_EDGE('',*,*,#9325,.T.);
#9328=ORIENTED_EDGE('',*,*,#9327,.T.);
#9329=EDGE_LOOP('',(#9326,#9328));
#9330=FACE_BOUND('',#9329,.F.);
#9332=ORIENTED_EDGE('',*,*,#9331,.T.);
#9334=ORIENTED_EDGE('',*,*,#9333,.T.);
#9335=EDGE_LOOP('',(#9332,#9334));
#9336=FACE_BOUND('',#9335,.F.);
#9338=ORIENTED_EDGE('',*,*,#9337,.T.);
#9340=ORIENTED_EDGE('',*,*,#9339,.T.);
#9341=EDGE_LOOP('',(#9338,#9340));
#9342=FACE_BOUND('',#9341,.F.);
#9344=ORIENTED_EDGE('',*,*,#9343,.T.);
#9346=ORIENTED_EDGE('',*,*,#9345,.T.);
#9347=EDGE_LOOP('',(#9344,#9346));
#9348=FACE_BOUND('',#9347,.F.);
#9350=ORIENTED_EDGE('',*,*,#9349,.T.);
#9352=ORIENTED_EDGE('',*,*,#9351,.T.);
#9353=EDGE_LOOP('',(#9350,#9352));
#9354=FACE_BOUND('',#9353,.F.);
#9356=ORIENTED_EDGE('',*,*,#9355,.T.);
#9358=ORIENTED_EDGE('',*,*,#9357,.T.);
#9359=EDGE_LOOP('',(#9356,#9358));
#9360=FACE_BOUND('',#9359,.F.);
#9362=ORIENTED_EDGE('',*,*,#9361,.T.);
#9364=ORIENTED_EDGE('',*,*,#9363,.T.);
#9365=EDGE_LOOP('',(#9362,#9364));
#9366=FACE_BOUND('',#9365,.F.);
#9368=ORIENTED_EDGE('',*,*,#9367,.T.);
#9370=ORIENTED_EDGE('',*,*,#9369,.T.);
#9371=EDGE_LOOP('',(#9368,#9370));
#9372=FACE_BOUND('',#9371,.F.);
#9374=ORIENTED_EDGE('',*,*,#9373,.T.);
#9376=ORIENTED_EDGE('',*,*,#9375,.T.);
#9377=EDGE_LOOP('',(#9374,#9376));
#9378=FACE_BOUND('',#9377,.F.);
#9380=ORIENTED_EDGE('',*,*,#9379,.T.);
#9382=ORIENTED_EDGE('',*,*,#9381,.T.);
#9383=EDGE_LOOP('',(#9380,#9382));
#9384=FACE_BOUND('',#9383,.F.);
#9386=ORIENTED_EDGE('',*,*,#9385,.T.);
#9388=ORIENTED_EDGE('',*,*,#9387,.T.);
#9389=EDGE_LOOP('',(#9386,#9388));
#9390=FACE_BOUND('',#9389,.F.);
#9392=ORIENTED_EDGE('',*,*,#9391,.T.);
#9394=ORIENTED_EDGE('',*,*,#9393,.T.);
#9395=EDGE_LOOP('',(#9392,#9394));
#9396=FACE_BOUND('',#9395,.F.);
#9398=ORIENTED_EDGE('',*,*,#9397,.T.);
#9400=ORIENTED_EDGE('',*,*,#9399,.T.);
#9401=EDGE_LOOP('',(#9398,#9400));
#9402=FACE_BOUND('',#9401,.F.);
#9404=ORIENTED_EDGE('',*,*,#9403,.T.);
#9406=ORIENTED_EDGE('',*,*,#9405,.T.);
#9407=EDGE_LOOP('',(#9404,#9406));
#9408=FACE_BOUND('',#9407,.F.);
#9410=ORIENTED_EDGE('',*,*,#9409,.T.);
#9412=ORIENTED_EDGE('',*,*,#9411,.T.);
#9413=EDGE_LOOP('',(#9410,#9412));
#9414=FACE_BOUND('',#9413,.F.);
#9416=ORIENTED_EDGE('',*,*,#9415,.T.);
#9418=ORIENTED_EDGE('',*,*,#9417,.T.);
#9419=EDGE_LOOP('',(#9416,#9418));
#9420=FACE_BOUND('',#9419,.F.);
#9422=ORIENTED_EDGE('',*,*,#9421,.T.);
#9424=ORIENTED_EDGE('',*,*,#9423,.T.);
#9425=EDGE_LOOP('',(#9422,#9424));
#9426=FACE_BOUND('',#9425,.F.);
#9428=CARTESIAN_POINT('',(-1.85928E1,-4.0005E0,-7.3406E0));
#9429=DIRECTION('',(1.E0,0.E0,0.E0));
#9430=DIRECTION('',(0.E0,0.E0,1.E0));
#9431=AXIS2_PLACEMENT_3D('',#9428,#9429,#9430);
#9432=PLANE('',#9431);
#9433=ORIENTED_EDGE('',*,*,#8311,.F.);
#9434=ORIENTED_EDGE('',*,*,#9228,.T.);
#9435=ORIENTED_EDGE('',*,*,#9189,.T.);
#9437=ORIENTED_EDGE('',*,*,#9436,.F.);
#9438=EDGE_LOOP('',(#9433,#9434,#9435,#9437));
#9439=FACE_OUTER_BOUND('',#9438,.F.);
#9441=CARTESIAN_POINT('',(-1.85928E1,-4.0005E0,-3.086936225746E0));
#9442=DIRECTION('',(5.E-1,0.E0,8.660254037844E-1));
#9443=DIRECTION('',(-8.660254037844E-1,0.E0,5.E-1));
#9444=AXIS2_PLACEMENT_3D('',#9441,#9442,#9443);
#9445=PLANE('',#9444);
#9446=ORIENTED_EDGE('',*,*,#8313,.F.);
#9447=ORIENTED_EDGE('',*,*,#9436,.T.);
#9448=ORIENTED_EDGE('',*,*,#9187,.T.);
#9450=ORIENTED_EDGE('',*,*,#9449,.F.);
#9451=EDGE_LOOP('',(#9446,#9447,#9448,#9450));
#9452=FACE_OUTER_BOUND('',#9451,.F.);
#9454=CARTESIAN_POINT('',(-2.10693E1,-4.0005E0,-1.657128284098E0));
#9455=DIRECTION('',(-5.E-1,0.E0,8.660254037844E-1));
#9456=DIRECTION('',(-8.660254037844E-1,0.E0,-5.E-1));
#9457=AXIS2_PLACEMENT_3D('',#9454,#9455,#9456);
#9458=PLANE('',#9457);
#9459=ORIENTED_EDGE('',*,*,#8315,.F.);
#9460=ORIENTED_EDGE('',*,*,#9449,.T.);
#9461=ORIENTED_EDGE('',*,*,#9185,.T.);
#9463=ORIENTED_EDGE('',*,*,#9462,.F.);
#9464=EDGE_LOOP('',(#9459,#9460,#9461,#9463));
#9465=FACE_OUTER_BOUND('',#9464,.F.);
#9467=CARTESIAN_POINT('',(-2.35458E1,-4.0005E0,-3.086936225746E0));
#9468=DIRECTION('',(-1.E0,0.E0,0.E0));
#9469=DIRECTION('',(0.E0,0.E0,-1.E0));
#9470=AXIS2_PLACEMENT_3D('',#9467,#9468,#9469);
#9471=PLANE('',#9470);
#9472=ORIENTED_EDGE('',*,*,#8317,.T.);
#9473=ORIENTED_EDGE('',*,*,#9462,.T.);
#9474=ORIENTED_EDGE('',*,*,#9183,.T.);
#9475=ORIENTED_EDGE('',*,*,#9255,.F.);
#9476=EDGE_LOOP('',(#9472,#9473,#9474,#9475));
#9477=FACE_OUTER_BOUND('',#9476,.F.);
#9479=CARTESIAN_POINT('',(-1.7272E1,-4.0005E0,-7.3406E0));
#9480=DIRECTION('',(-1.E0,0.E0,0.E0));
#9481=DIRECTION('',(0.E0,1.E0,0.E0));
#9482=AXIS2_PLACEMENT_3D('',#9479,#9480,#9481);
#9483=PLANE('',#9482);
#9484=ORIENTED_EDGE('',*,*,#8307,.T.);
#9486=ORIENTED_EDGE('',*,*,#9485,.T.);
#9488=ORIENTED_EDGE('',*,*,#9487,.F.);
#9489=ORIENTED_EDGE('',*,*,#9231,.F.);
#9490=EDGE_LOOP('',(#9484,#9486,#9488,#9489));
#9491=FACE_OUTER_BOUND('',#9490,.F.);
#9493=CARTESIAN_POINT('',(1.18999E1,-4.0005E0,-2.7686E0));
#9494=DIRECTION('',(0.E0,0.E0,-1.E0));
#9495=DIRECTION('',(1.E0,0.E0,0.E0));
#9496=AXIS2_PLACEMENT_3D('',#9493,#9494,#9495);
#9497=PLANE('',#9496);
#9498=ORIENTED_EDGE('',*,*,#8694,.F.);
#9500=ORIENTED_EDGE('',*,*,#9499,.F.);
#9502=ORIENTED_EDGE('',*,*,#9501,.F.);
#9504=ORIENTED_EDGE('',*,*,#9503,.F.);
#9505=EDGE_LOOP('',(#9498,#9500,#9502,#9504));
#9506=FACE_OUTER_BOUND('',#9505,.F.);
#9508=CARTESIAN_POINT('',(1.18999E1,-4.0005E0,-2.7686E0));
#9509=DIRECTION('',(0.E0,0.E0,-1.E0));
#9510=DIRECTION('',(1.E0,0.E0,0.E0));
#9511=AXIS2_PLACEMENT_3D('',#9508,#9509,#9510);
#9512=PLANE('',#9511);
#9513=ORIENTED_EDGE('',*,*,#8282,.T.);
#9515=ORIENTED_EDGE('',*,*,#9514,.F.);
#9517=ORIENTED_EDGE('',*,*,#9516,.F.);
#9519=ORIENTED_EDGE('',*,*,#9518,.T.);
#9520=EDGE_LOOP('',(#9513,#9515,#9517,#9519));
#9521=FACE_OUTER_BOUND('',#9520,.F.);
#9523=CARTESIAN_POINT('',(1.18999E1,-4.0005E0,-2.7686E0));
#9524=DIRECTION('',(0.E0,0.E0,-1.E0));
#9525=DIRECTION('',(1.E0,0.E0,0.E0));
#9526=AXIS2_PLACEMENT_3D('',#9523,#9524,#9525);
#9527=PLANE('',#9526);
#9529=ORIENTED_EDGE('',*,*,#9528,.F.);
#9530=ORIENTED_EDGE('',*,*,#8360,.T.);
#9532=ORIENTED_EDGE('',*,*,#9531,.F.);
#9534=ORIENTED_EDGE('',*,*,#9533,.F.);
#9535=EDGE_LOOP('',(#9529,#9530,#9532,#9534));
#9536=FACE_OUTER_BOUND('',#9535,.F.);
#9538=CARTESIAN_POINT('',(1.18999E1,-4.0005E0,-2.7686E0));
#9539=DIRECTION('',(0.E0,0.E0,-1.E0));
#9540=DIRECTION('',(1.E0,0.E0,0.E0));
#9541=AXIS2_PLACEMENT_3D('',#9538,#9539,#9540);
#9542=PLANE('',#9541);
#9544=ORIENTED_EDGE('',*,*,#9543,.T.);
#9546=ORIENTED_EDGE('',*,*,#9545,.F.);
#9547=ORIENTED_EDGE('',*,*,#9485,.F.);
#9548=ORIENTED_EDGE('',*,*,#8305,.T.);
#9549=EDGE_LOOP('',(#9544,#9546,#9547,#9548));
#9550=FACE_OUTER_BOUND('',#9549,.F.);
#9552=CARTESIAN_POINT('',(-1.7272E1,3.5687E0,-7.3406E0));
#9553=DIRECTION('',(-1.E0,0.E0,0.E0));
#9554=DIRECTION('',(0.E0,1.E0,0.E0));
#9555=AXIS2_PLACEMENT_3D('',#9552,#9553,#9554);
#9556=PLANE('',#9555);
#9557=ORIENTED_EDGE('',*,*,#8692,.F.);
#9558=ORIENTED_EDGE('',*,*,#9250,.T.);
#9560=ORIENTED_EDGE('',*,*,#9559,.T.);
#9561=ORIENTED_EDGE('',*,*,#9499,.T.);
#9562=EDGE_LOOP('',(#9557,#9558,#9560,#9561));
#9563=FACE_OUTER_BOUND('',#9562,.F.);
#9565=CARTESIAN_POINT('',(1.7272E1,3.5687E0,-7.3406E0));
#9566=DIRECTION('',(0.E0,-1.E0,0.E0));
#9567=DIRECTION('',(-1.E0,0.E0,0.E0));
#9568=AXIS2_PLACEMENT_3D('',#9565,#9566,#9567);
#9569=PLANE('',#9568);
#9570=ORIENTED_EDGE('',*,*,#9248,.F.);
#9572=ORIENTED_EDGE('',*,*,#9571,.T.);
#9573=ORIENTED_EDGE('',*,*,#9501,.T.);
#9574=ORIENTED_EDGE('',*,*,#9559,.F.);
#9575=EDGE_LOOP('',(#9570,#9572,#9573,#9574));
#9576=FACE_OUTER_BOUND('',#9575,.F.);
#9578=CARTESIAN_POINT('',(1.7272E1,4.0005E0,-7.3406E0));
#9579=DIRECTION('',(1.E0,0.E0,0.E0));
#9580=DIRECTION('',(0.E0,-1.E0,0.E0));
#9581=AXIS2_PLACEMENT_3D('',#9578,#9579,#9580);
#9582=PLANE('',#9581);
#9583=ORIENTED_EDGE('',*,*,#8696,.T.);
#9584=ORIENTED_EDGE('',*,*,#9503,.T.);
#9585=ORIENTED_EDGE('',*,*,#9571,.F.);
#9586=ORIENTED_EDGE('',*,*,#9246,.F.);
#9587=EDGE_LOOP('',(#9583,#9584,#9585,#9586));
#9588=FACE_OUTER_BOUND('',#9587,.F.);
#9590=CARTESIAN_POINT('',(1.7272E1,-3.5687E0,-7.3406E0));
#9591=DIRECTION('',(1.E0,0.E0,0.E0));
#9592=DIRECTION('',(0.E0,-1.E0,0.E0));
#9593=AXIS2_PLACEMENT_3D('',#9590,#9591,#9592);
#9594=PLANE('',#9593);
#9595=ORIENTED_EDGE('',*,*,#8280,.F.);
#9596=ORIENTED_EDGE('',*,*,#9235,.T.);
#9598=ORIENTED_EDGE('',*,*,#9597,.T.);
#9599=ORIENTED_EDGE('',*,*,#9514,.T.);
#9600=EDGE_LOOP('',(#9595,#9596,#9598,#9599));
#9601=FACE_OUTER_BOUND('',#9600,.F.);
#9603=CARTESIAN_POINT('',(-1.7272E1,-3.5687E0,-7.3406E0));
#9604=DIRECTION('',(0.E0,1.E0,0.E0));
#9605=DIRECTION('',(1.E0,0.E0,0.E0));
#9606=AXIS2_PLACEMENT_3D('',#9603,#9604,#9605);
#9607=PLANE('',#9606);
#9609=ORIENTED_EDGE('',*,*,#9608,.T.);
#9610=ORIENTED_EDGE('',*,*,#9533,.T.);
#9612=ORIENTED_EDGE('',*,*,#9611,.T.);
#9613=ORIENTED_EDGE('',*,*,#9516,.T.);
#9614=ORIENTED_EDGE('',*,*,#9597,.F.);
#9615=ORIENTED_EDGE('',*,*,#9233,.F.);
#9616=ORIENTED_EDGE('',*,*,#9487,.T.);
#9617=ORIENTED_EDGE('',*,*,#9545,.T.);
#9618=EDGE_LOOP('',(#9609,#9610,#9612,#9613,#9614,#9615,#9616,#9617));
#9619=FACE_OUTER_BOUND('',#9618,.F.);
#9621=CARTESIAN_POINT('',(-1.35001E1,-4.0005E0,-2.7686E0));
#9622=DIRECTION('',(0.E0,0.E0,-1.E0));
#9623=DIRECTION('',(1.E0,0.E0,0.E0));
#9624=AXIS2_PLACEMENT_3D('',#9621,#9622,#9623);
#9625=PLANE('',#9624);
#9627=ORIENTED_EDGE('',*,*,#9626,.T.);
#9629=ORIENTED_EDGE('',*,*,#9628,.T.);
#9631=ORIENTED_EDGE('',*,*,#9630,.F.);
#9632=ORIENTED_EDGE('',*,*,#9608,.F.);
#9633=EDGE_LOOP('',(#9627,#9629,#9631,#9632));
#9634=FACE_OUTER_BOUND('',#9633,.F.);
#9636=CARTESIAN_POINT('',(-1.35001E1,-4.0005E0,-5.842E-1));
#9637=DIRECTION('',(-1.E0,0.E0,0.E0));
#9638=DIRECTION('',(0.E0,0.E0,-1.E0));
#9639=AXIS2_PLACEMENT_3D('',#9636,#9637,#9638);
#9640=PLANE('',#9639);
#9641=ORIENTED_EDGE('',*,*,#8303,.F.);
#9643=ORIENTED_EDGE('',*,*,#9642,.T.);
#9645=ORIENTED_EDGE('',*,*,#9644,.T.);
#9646=ORIENTED_EDGE('',*,*,#9626,.F.);
#9647=ORIENTED_EDGE('',*,*,#9543,.F.);
#9648=EDGE_LOOP('',(#9641,#9643,#9645,#9646,#9647));
#9649=FACE_OUTER_BOUND('',#9648,.F.);
#9651=CARTESIAN_POINT('',(-1.2192E1,-4.0005E0,-5.842E-1));
#9652=DIRECTION('',(0.E0,0.E0,1.E0));
#9653=DIRECTION('',(-1.E0,0.E0,0.E0));
#9654=AXIS2_PLACEMENT_3D('',#9651,#9652,#9653);
#9655=PLANE('',#9654);
#9657=ORIENTED_EDGE('',*,*,#9656,.F.);
#9659=ORIENTED_EDGE('',*,*,#9658,.T.);
#9661=ORIENTED_EDGE('',*,*,#9660,.T.);
#9662=ORIENTED_EDGE('',*,*,#9642,.F.);
#9663=ORIENTED_EDGE('',*,*,#8301,.F.);
#9665=ORIENTED_EDGE('',*,*,#9664,.T.);
#9666=EDGE_LOOP('',(#9657,#9659,#9661,#9662,#9663,#9665));
#9667=FACE_OUTER_BOUND('',#9666,.F.);
#9669=CARTESIAN_POINT('',(0.E0,-3.8354E0,0.E0));
#9670=DIRECTION('',(0.E0,-1.E0,0.E0));
#9671=DIRECTION('',(1.E0,0.E0,0.E0));
#9672=AXIS2_PLACEMENT_3D('',#9669,#9670,#9671);
#9673=PLANE('',#9672);
#9674=ORIENTED_EDGE('',*,*,#8075,.T.);
#9676=ORIENTED_EDGE('',*,*,#9675,.T.);
#9678=ORIENTED_EDGE('',*,*,#9677,.T.);
#9680=ORIENTED_EDGE('',*,*,#9679,.T.);
#9681=ORIENTED_EDGE('',*,*,#8117,.T.);
#9683=ORIENTED_EDGE('',*,*,#9682,.F.);
#9685=ORIENTED_EDGE('',*,*,#9684,.F.);
#9687=ORIENTED_EDGE('',*,*,#9686,.T.);
#9689=ORIENTED_EDGE('',*,*,#9688,.T.);
#9691=ORIENTED_EDGE('',*,*,#9690,.T.);
#9692=ORIENTED_EDGE('',*,*,#9656,.T.);
#9694=ORIENTED_EDGE('',*,*,#9693,.F.);
#9695=EDGE_LOOP('',(#9674,#9676,#9678,#9680,#9681,#9683,#9685,#9687,#9689,#9691,
#9692,#9694));
#9696=FACE_OUTER_BOUND('',#9695,.F.);
#9698=CARTESIAN_POINT('',(-1.25095E1,-4.0005E0,6.604E0));
#9699=DIRECTION('',(-1.E0,0.E0,0.E0));
#9700=DIRECTION('',(0.E0,0.E0,-1.E0));
#9701=AXIS2_PLACEMENT_3D('',#9698,#9699,#9700);
#9702=PLANE('',#9701);
#9703=ORIENTED_EDGE('',*,*,#9675,.F.);
#9704=ORIENTED_EDGE('',*,*,#8107,.T.);
#9705=ORIENTED_EDGE('',*,*,#8212,.F.);
#9707=ORIENTED_EDGE('',*,*,#9706,.T.);
#9709=ORIENTED_EDGE('',*,*,#9708,.F.);
#9710=EDGE_LOOP('',(#9703,#9704,#9705,#9707,#9709));
#9711=FACE_OUTER_BOUND('',#9710,.F.);
#9713=CARTESIAN_POINT('',(-1.905E1,-3.2131E0,6.604E0));
#9714=DIRECTION('',(0.E0,-1.E0,0.E0));
#9715=DIRECTION('',(1.E0,0.E0,0.E0));
#9716=AXIS2_PLACEMENT_3D('',#9713,#9714,#9715);
#9717=PLANE('',#9716);
#9718=ORIENTED_EDGE('',*,*,#8171,.F.);
#9719=ORIENTED_EDGE('',*,*,#8187,.T.);
#9720=ORIENTED_EDGE('',*,*,#8250,.F.);
#9722=ORIENTED_EDGE('',*,*,#9721,.T.);
#9724=ORIENTED_EDGE('',*,*,#9723,.T.);
#9726=ORIENTED_EDGE('',*,*,#9725,.F.);
#9728=ORIENTED_EDGE('',*,*,#9727,.F.);
#9730=ORIENTED_EDGE('',*,*,#9729,.T.);
#9732=ORIENTED_EDGE('',*,*,#9731,.F.);
#9734=ORIENTED_EDGE('',*,*,#9733,.F.);
#9735=ORIENTED_EDGE('',*,*,#8199,.T.);
#9737=ORIENTED_EDGE('',*,*,#9736,.T.);
#9739=ORIENTED_EDGE('',*,*,#9738,.F.);
#9740=EDGE_LOOP('',(#9718,#9719,#9720,#9722,#9724,#9726,#9728,#9730,#9732,#9734,
#9735,#9737,#9739));
#9741=FACE_OUTER_BOUND('',#9740,.F.);
#9743=CARTESIAN_POINT('',(-1.905E1,-3.2131E0,6.604E0));
#9744=DIRECTION('',(0.E0,-1.E0,0.E0));
#9745=DIRECTION('',(1.E0,0.E0,0.E0));
#9746=AXIS2_PLACEMENT_3D('',#9743,#9744,#9745);
#9747=PLANE('',#9746);
#9748=ORIENTED_EDGE('',*,*,#9706,.F.);
#9749=ORIENTED_EDGE('',*,*,#8217,.T.);
#9751=ORIENTED_EDGE('',*,*,#9750,.F.);
#9753=ORIENTED_EDGE('',*,*,#9752,.T.);
#9755=ORIENTED_EDGE('',*,*,#9754,.T.);
#9757=ORIENTED_EDGE('',*,*,#9756,.T.);
#9759=ORIENTED_EDGE('',*,*,#9758,.F.);
#9761=ORIENTED_EDGE('',*,*,#9760,.F.);
#9763=ORIENTED_EDGE('',*,*,#9762,.T.);
#9765=ORIENTED_EDGE('',*,*,#9764,.T.);
#9766=ORIENTED_EDGE('',*,*,#8230,.T.);
#9768=ORIENTED_EDGE('',*,*,#9767,.T.);
#9770=ORIENTED_EDGE('',*,*,#9769,.F.);
#9771=EDGE_LOOP('',(#9748,#9749,#9751,#9753,#9755,#9757,#9759,#9761,#9763,#9765,
#9766,#9768,#9770));
#9772=FACE_OUTER_BOUND('',#9771,.F.);
#9774=CARTESIAN_POINT('',(0.E0,0.E0,0.E0));
#9775=DIRECTION('',(0.E0,0.E0,1.E0));
#9776=DIRECTION('',(1.E0,0.E0,0.E0));
#9777=AXIS2_PLACEMENT_3D('',#9774,#9775,#9776);
#9778=PLANE('',#9777);
#9779=ORIENTED_EDGE('',*,*,#9754,.F.);
#9781=ORIENTED_EDGE('',*,*,#9780,.F.);
#9783=ORIENTED_EDGE('',*,*,#9782,.T.);
#9785=ORIENTED_EDGE('',*,*,#9784,.F.);
#9787=ORIENTED_EDGE('',*,*,#9786,.F.);
#9789=ORIENTED_EDGE('',*,*,#9788,.F.);
#9791=ORIENTED_EDGE('',*,*,#9790,.F.);
#9793=ORIENTED_EDGE('',*,*,#9792,.T.);
#9795=ORIENTED_EDGE('',*,*,#9794,.F.);
#9797=ORIENTED_EDGE('',*,*,#9796,.F.);
#9799=ORIENTED_EDGE('',*,*,#9798,.F.);
#9801=ORIENTED_EDGE('',*,*,#9800,.T.);
#9803=ORIENTED_EDGE('',*,*,#9802,.F.);
#9805=ORIENTED_EDGE('',*,*,#9804,.F.);
#9807=ORIENTED_EDGE('',*,*,#9806,.F.);
#9809=ORIENTED_EDGE('',*,*,#9808,.F.);
#9811=ORIENTED_EDGE('',*,*,#9810,.F.);
#9813=ORIENTED_EDGE('',*,*,#9812,.T.);
#9815=ORIENTED_EDGE('',*,*,#9814,.T.);
#9817=ORIENTED_EDGE('',*,*,#9816,.F.);
#9818=ORIENTED_EDGE('',*,*,#9729,.F.);
#9820=ORIENTED_EDGE('',*,*,#9819,.F.);
#9821=ORIENTED_EDGE('',*,*,#9721,.F.);
#9822=ORIENTED_EDGE('',*,*,#8248,.T.);
#9824=ORIENTED_EDGE('',*,*,#9823,.F.);
#9826=ORIENTED_EDGE('',*,*,#9825,.F.);
#9827=ORIENTED_EDGE('',*,*,#9762,.F.);
#9829=ORIENTED_EDGE('',*,*,#9828,.F.);
#9830=EDGE_LOOP('',(#9779,#9781,#9783,#9785,#9787,#9789,#9791,#9793,#9795,#9797,
#9799,#9801,#9803,#9805,#9807,#9809,#9811,#9813,#9815,#9817,#9818,#9820,#9821,
#9822,#9824,#9826,#9827,#9829));
#9831=FACE_OUTER_BOUND('',#9830,.F.);
#9833=ORIENTED_EDGE('',*,*,#9832,.T.);
#9835=ORIENTED_EDGE('',*,*,#9834,.T.);
#9837=ORIENTED_EDGE('',*,*,#9836,.T.);
#9839=ORIENTED_EDGE('',*,*,#9838,.T.);
#9840=EDGE_LOOP('',(#9833,#9835,#9837,#9839));
#9841=FACE_BOUND('',#9840,.F.);
#9843=ORIENTED_EDGE('',*,*,#9842,.T.);
#9845=ORIENTED_EDGE('',*,*,#9844,.T.);
#9847=ORIENTED_EDGE('',*,*,#9846,.T.);
#9849=ORIENTED_EDGE('',*,*,#9848,.T.);
#9850=EDGE_LOOP('',(#9843,#9845,#9847,#9849));
#9851=FACE_BOUND('',#9850,.F.);
#9853=ORIENTED_EDGE('',*,*,#9852,.T.);
#9855=ORIENTED_EDGE('',*,*,#9854,.T.);
#9857=ORIENTED_EDGE('',*,*,#9856,.T.);
#9859=ORIENTED_EDGE('',*,*,#9858,.T.);
#9860=EDGE_LOOP('',(#9853,#9855,#9857,#9859));
#9861=FACE_BOUND('',#9860,.F.);
#9863=ORIENTED_EDGE('',*,*,#9862,.T.);
#9865=ORIENTED_EDGE('',*,*,#9864,.T.);
#9867=ORIENTED_EDGE('',*,*,#9866,.T.);
#9869=ORIENTED_EDGE('',*,*,#9868,.T.);
#9870=EDGE_LOOP('',(#9863,#9865,#9867,#9869));
#9871=FACE_BOUND('',#9870,.F.);
#9873=ORIENTED_EDGE('',*,*,#9872,.T.);
#9875=ORIENTED_EDGE('',*,*,#9874,.T.);
#9877=ORIENTED_EDGE('',*,*,#9876,.T.);
#9879=ORIENTED_EDGE('',*,*,#9878,.T.);
#9880=EDGE_LOOP('',(#9873,#9875,#9877,#9879));
#9881=FACE_BOUND('',#9880,.F.);
#9883=ORIENTED_EDGE('',*,*,#9882,.T.);
#9885=ORIENTED_EDGE('',*,*,#9884,.T.);
#9887=ORIENTED_EDGE('',*,*,#9886,.T.);
#9889=ORIENTED_EDGE('',*,*,#9888,.T.);
#9890=EDGE_LOOP('',(#9883,#9885,#9887,#9889));
#9891=FACE_BOUND('',#9890,.F.);
#9893=ORIENTED_EDGE('',*,*,#9892,.T.);
#9895=ORIENTED_EDGE('',*,*,#9894,.T.);
#9897=ORIENTED_EDGE('',*,*,#9896,.T.);
#9899=ORIENTED_EDGE('',*,*,#9898,.T.);
#9900=EDGE_LOOP('',(#9893,#9895,#9897,#9899));
#9901=FACE_BOUND('',#9900,.F.);
#9903=ORIENTED_EDGE('',*,*,#9902,.T.);
#9905=ORIENTED_EDGE('',*,*,#9904,.T.);
#9907=ORIENTED_EDGE('',*,*,#9906,.T.);
#9909=ORIENTED_EDGE('',*,*,#9908,.T.);
#9910=EDGE_LOOP('',(#9903,#9905,#9907,#9909));
#9911=FACE_BOUND('',#9910,.F.);
#9913=ORIENTED_EDGE('',*,*,#9912,.T.);
#9915=ORIENTED_EDGE('',*,*,#9914,.T.);
#9917=ORIENTED_EDGE('',*,*,#9916,.T.);
#9919=ORIENTED_EDGE('',*,*,#9918,.T.);
#9920=EDGE_LOOP('',(#9913,#9915,#9917,#9919));
#9921=FACE_BOUND('',#9920,.F.);
#9923=ORIENTED_EDGE('',*,*,#9922,.T.);
#9925=ORIENTED_EDGE('',*,*,#9924,.T.);
#9927=ORIENTED_EDGE('',*,*,#9926,.T.);
#9929=ORIENTED_EDGE('',*,*,#9928,.T.);
#9930=EDGE_LOOP('',(#9923,#9925,#9927,#9929));
#9931=FACE_BOUND('',#9930,.F.);
#9933=ORIENTED_EDGE('',*,*,#9932,.T.);
#9935=ORIENTED_EDGE('',*,*,#9934,.T.);
#9937=ORIENTED_EDGE('',*,*,#9936,.T.);
#9939=ORIENTED_EDGE('',*,*,#9938,.T.);
#9940=EDGE_LOOP('',(#9933,#9935,#9937,#9939));
#9941=FACE_BOUND('',#9940,.F.);
#9943=ORIENTED_EDGE('',*,*,#9942,.T.);
#9945=ORIENTED_EDGE('',*,*,#9944,.T.);
#9947=ORIENTED_EDGE('',*,*,#9946,.T.);
#9949=ORIENTED_EDGE('',*,*,#9948,.T.);
#9950=EDGE_LOOP('',(#9943,#9945,#9947,#9949));
#9951=FACE_BOUND('',#9950,.F.);
#9953=ORIENTED_EDGE('',*,*,#9952,.T.);
#9955=ORIENTED_EDGE('',*,*,#9954,.T.);
#9957=ORIENTED_EDGE('',*,*,#9956,.T.);
#9959=ORIENTED_EDGE('',*,*,#9958,.T.);
#9960=EDGE_LOOP('',(#9953,#9955,#9957,#9959));
#9961=FACE_BOUND('',#9960,.F.);
#9963=ORIENTED_EDGE('',*,*,#9962,.T.);
#9965=ORIENTED_EDGE('',*,*,#9964,.T.);
#9967=ORIENTED_EDGE('',*,*,#9966,.T.);
#9969=ORIENTED_EDGE('',*,*,#9968,.T.);
#9970=EDGE_LOOP('',(#9963,#9965,#9967,#9969));
#9971=FACE_BOUND('',#9970,.F.);
#9973=ORIENTED_EDGE('',*,*,#9972,.T.);
#9975=ORIENTED_EDGE('',*,*,#9974,.T.);
#9977=ORIENTED_EDGE('',*,*,#9976,.T.);
#9979=ORIENTED_EDGE('',*,*,#9978,.T.);
#9980=EDGE_LOOP('',(#9973,#9975,#9977,#9979));
#9981=FACE_BOUND('',#9980,.F.);
#9983=ORIENTED_EDGE('',*,*,#9982,.T.);
#9985=ORIENTED_EDGE('',*,*,#9984,.T.);
#9987=ORIENTED_EDGE('',*,*,#9986,.T.);
#9989=ORIENTED_EDGE('',*,*,#9988,.T.);
#9990=EDGE_LOOP('',(#9983,#9985,#9987,#9989));
#9991=FACE_BOUND('',#9990,.F.);
#9993=ORIENTED_EDGE('',*,*,#9992,.T.);
#9995=ORIENTED_EDGE('',*,*,#9994,.T.);
#9997=ORIENTED_EDGE('',*,*,#9996,.T.);
#9999=ORIENTED_EDGE('',*,*,#9998,.T.);
#10000=EDGE_LOOP('',(#9993,#9995,#9997,#9999));
#10001=FACE_BOUND('',#10000,.F.);
#10003=ORIENTED_EDGE('',*,*,#10002,.T.);
#10005=ORIENTED_EDGE('',*,*,#10004,.T.);
#10007=ORIENTED_EDGE('',*,*,#10006,.T.);
#10009=ORIENTED_EDGE('',*,*,#10008,.T.);
#10010=EDGE_LOOP('',(#10003,#10005,#10007,#10009));
#10011=FACE_BOUND('',#10010,.F.);
#10013=ORIENTED_EDGE('',*,*,#10012,.T.);
#10015=ORIENTED_EDGE('',*,*,#10014,.T.);
#10017=ORIENTED_EDGE('',*,*,#10016,.T.);
#10019=ORIENTED_EDGE('',*,*,#10018,.T.);
#10020=EDGE_LOOP('',(#10013,#10015,#10017,#10019));
#10021=FACE_BOUND('',#10020,.F.);
#10023=ORIENTED_EDGE('',*,*,#10022,.T.);
#10025=ORIENTED_EDGE('',*,*,#10024,.T.);
#10027=ORIENTED_EDGE('',*,*,#10026,.T.);
#10029=ORIENTED_EDGE('',*,*,#10028,.T.);
#10030=EDGE_LOOP('',(#10023,#10025,#10027,#10029));
#10031=FACE_BOUND('',#10030,.F.);
#10033=ORIENTED_EDGE('',*,*,#10032,.T.);
#10035=ORIENTED_EDGE('',*,*,#10034,.T.);
#10037=ORIENTED_EDGE('',*,*,#10036,.T.);
#10039=ORIENTED_EDGE('',*,*,#10038,.T.);
#10040=EDGE_LOOP('',(#10033,#10035,#10037,#10039));
#10041=FACE_BOUND('',#10040,.F.);
#10043=ORIENTED_EDGE('',*,*,#10042,.T.);
#10045=ORIENTED_EDGE('',*,*,#10044,.T.);
#10047=ORIENTED_EDGE('',*,*,#10046,.T.);
#10049=ORIENTED_EDGE('',*,*,#10048,.T.);
#10050=EDGE_LOOP('',(#10043,#10045,#10047,#10049));
#10051=FACE_BOUND('',#10050,.F.);
#10053=ORIENTED_EDGE('',*,*,#10052,.T.);
#10055=ORIENTED_EDGE('',*,*,#10054,.T.);
#10057=ORIENTED_EDGE('',*,*,#10056,.T.);
#10059=ORIENTED_EDGE('',*,*,#10058,.T.);
#10060=EDGE_LOOP('',(#10053,#10055,#10057,#10059));
#10061=FACE_BOUND('',#10060,.F.);
#10063=ORIENTED_EDGE('',*,*,#10062,.T.);
#10065=ORIENTED_EDGE('',*,*,#10064,.T.);
#10067=ORIENTED_EDGE('',*,*,#10066,.T.);
#10069=ORIENTED_EDGE('',*,*,#10068,.T.);
#10070=EDGE_LOOP('',(#10063,#10065,#10067,#10069));
#10071=FACE_BOUND('',#10070,.F.);
#10073=ORIENTED_EDGE('',*,*,#10072,.T.);
#10075=ORIENTED_EDGE('',*,*,#10074,.T.);
#10077=ORIENTED_EDGE('',*,*,#10076,.T.);
#10079=ORIENTED_EDGE('',*,*,#10078,.T.);
#10080=EDGE_LOOP('',(#10073,#10075,#10077,#10079));
#10081=FACE_BOUND('',#10080,.F.);
#10083=ORIENTED_EDGE('',*,*,#10082,.T.);
#10085=ORIENTED_EDGE('',*,*,#10084,.T.);
#10087=ORIENTED_EDGE('',*,*,#10086,.T.);
#10089=ORIENTED_EDGE('',*,*,#10088,.T.);
#10090=EDGE_LOOP('',(#10083,#10085,#10087,#10089));
#10091=FACE_BOUND('',#10090,.F.);
#10093=CARTESIAN_POINT('',(-1.55575E1,1.5748E0,0.E0));
#10094=DIRECTION('',(-1.E0,0.E0,0.E0));
#10095=DIRECTION('',(0.E0,-1.E0,0.E0));
#10096=AXIS2_PLACEMENT_3D('',#10093,#10094,#10095);
#10097=PLANE('',#10096);
#10098=ORIENTED_EDGE('',*,*,#10082,.F.);
#10100=ORIENTED_EDGE('',*,*,#10099,.T.);
#10102=ORIENTED_EDGE('',*,*,#10101,.T.);
#10104=ORIENTED_EDGE('',*,*,#10103,.F.);
#10105=EDGE_LOOP('',(#10098,#10100,#10102,#10104));
#10106=FACE_OUTER_BOUND('',#10105,.F.);
#10108=CARTESIAN_POINT('',(-1.49225E1,1.5748E0,0.E0));
#10109=DIRECTION('',(0.E0,1.E0,0.E0));
#10110=DIRECTION('',(-1.E0,0.E0,0.E0));
#10111=AXIS2_PLACEMENT_3D('',#10108,#10109,#10110);
#10112=PLANE('',#10111);
#10113=ORIENTED_EDGE('',*,*,#10088,.F.);
#10115=ORIENTED_EDGE('',*,*,#10114,.T.);
#10117=ORIENTED_EDGE('',*,*,#10116,.T.);
#10118=ORIENTED_EDGE('',*,*,#10099,.F.);
#10119=EDGE_LOOP('',(#10113,#10115,#10117,#10118));
#10120=FACE_OUTER_BOUND('',#10119,.F.);
#10122=CARTESIAN_POINT('',(-1.49225E1,9.398E-1,0.E0));
#10123=DIRECTION('',(1.E0,0.E0,0.E0));
#10124=DIRECTION('',(0.E0,1.E0,0.E0));
#10125=AXIS2_PLACEMENT_3D('',#10122,#10123,#10124);
#10126=PLANE('',#10125);
#10127=ORIENTED_EDGE('',*,*,#10086,.F.);
#10129=ORIENTED_EDGE('',*,*,#10128,.T.);
#10131=ORIENTED_EDGE('',*,*,#10130,.T.);
#10132=ORIENTED_EDGE('',*,*,#10114,.F.);
#10133=EDGE_LOOP('',(#10127,#10129,#10131,#10132));
#10134=FACE_OUTER_BOUND('',#10133,.F.);
#10136=CARTESIAN_POINT('',(-1.55575E1,9.398E-1,0.E0));
#10137=DIRECTION('',(0.E0,-1.E0,0.E0));
#10138=DIRECTION('',(1.E0,0.E0,0.E0));
#10139=AXIS2_PLACEMENT_3D('',#10136,#10137,#10138);
#10140=PLANE('',#10139);
#10141=ORIENTED_EDGE('',*,*,#10084,.F.);
#10142=ORIENTED_EDGE('',*,*,#10103,.T.);
#10144=ORIENTED_EDGE('',*,*,#10143,.T.);
#10145=ORIENTED_EDGE('',*,*,#10128,.F.);
#10146=EDGE_LOOP('',(#10141,#10142,#10144,#10145));
#10147=FACE_OUTER_BOUND('',#10146,.F.);
#10149=CARTESIAN_POINT('',(0.E0,0.E0,6.096E0));
#10150=DIRECTION('',(0.E0,0.E0,1.E0));
#10151=DIRECTION('',(1.E0,0.E0,0.E0));
#10152=AXIS2_PLACEMENT_3D('',#10149,#10150,#10151);
#10153=PLANE('',#10152);
#10154=ORIENTED_EDGE('',*,*,#10101,.F.);
#10155=ORIENTED_EDGE('',*,*,#10116,.F.);
#10156=ORIENTED_EDGE('',*,*,#10130,.F.);
#10157=ORIENTED_EDGE('',*,*,#10143,.F.);
#10158=EDGE_LOOP('',(#10154,#10155,#10156,#10157));
#10159=FACE_OUTER_BOUND('',#10158,.F.);
#10161=CARTESIAN_POINT('',(0.E0,0.E0,6.096E0));
#10162=DIRECTION('',(0.E0,0.E0,1.E0));
#10163=DIRECTION('',(1.E0,0.E0,0.E0));
#10164=AXIS2_PLACEMENT_3D('',#10161,#10162,#10163);
#10165=PLANE('',#10164);
#10167=ORIENTED_EDGE('',*,*,#10166,.F.);
#10169=ORIENTED_EDGE('',*,*,#10168,.F.);
#10171=ORIENTED_EDGE('',*,*,#10170,.F.);
#10173=ORIENTED_EDGE('',*,*,#10172,.F.);
#10174=EDGE_LOOP('',(#10167,#10169,#10171,#10173));
#10175=FACE_OUTER_BOUND('',#10174,.F.);
#10177=CARTESIAN_POINT('',(-1.55575E1,-9.652E-1,0.E0));
#10178=DIRECTION('',(-1.E0,0.E0,0.E0));
#10179=DIRECTION('',(0.E0,-1.E0,0.E0));
#10180=AXIS2_PLACEMENT_3D('',#10177,#10178,#10179);
#10181=PLANE('',#10180);
#10182=ORIENTED_EDGE('',*,*,#9832,.F.);
#10184=ORIENTED_EDGE('',*,*,#10183,.T.);
#10185=ORIENTED_EDGE('',*,*,#10166,.T.);
#10187=ORIENTED_EDGE('',*,*,#10186,.F.);
#10188=EDGE_LOOP('',(#10182,#10184,#10185,#10187));
#10189=FACE_OUTER_BOUND('',#10188,.F.);
#10191=CARTESIAN_POINT('',(-1.49225E1,-9.652E-1,0.E0));
#10192=DIRECTION('',(0.E0,1.E0,0.E0));
#10193=DIRECTION('',(-1.E0,0.E0,0.E0));
#10194=AXIS2_PLACEMENT_3D('',#10191,#10192,#10193);
#10195=PLANE('',#10194);
#10196=ORIENTED_EDGE('',*,*,#9838,.F.);
#10198=ORIENTED_EDGE('',*,*,#10197,.T.);
#10199=ORIENTED_EDGE('',*,*,#10168,.T.);
#10200=ORIENTED_EDGE('',*,*,#10183,.F.);
#10201=EDGE_LOOP('',(#10196,#10198,#10199,#10200));
#10202=FACE_OUTER_BOUND('',#10201,.F.);
#10204=CARTESIAN_POINT('',(-1.49225E1,-1.6002E0,0.E0));
#10205=DIRECTION('',(1.E0,0.E0,0.E0));
#10206=DIRECTION('',(0.E0,1.E0,0.E0));
#10207=AXIS2_PLACEMENT_3D('',#10204,#10205,#10206);
#10208=PLANE('',#10207);
#10209=ORIENTED_EDGE('',*,*,#9836,.F.);
#10211=ORIENTED_EDGE('',*,*,#10210,.T.);
#10212=ORIENTED_EDGE('',*,*,#10170,.T.);
#10213=ORIENTED_EDGE('',*,*,#10197,.F.);
#10214=EDGE_LOOP('',(#10209,#10211,#10212,#10213));
#10215=FACE_OUTER_BOUND('',#10214,.F.);
#10217=CARTESIAN_POINT('',(-1.55575E1,-1.6002E0,0.E0));
#10218=DIRECTION('',(0.E0,-1.E0,0.E0));
#10219=DIRECTION('',(1.E0,0.E0,0.E0));
#10220=AXIS2_PLACEMENT_3D('',#10217,#10218,#10219);
#10221=PLANE('',#10220);
#10222=ORIENTED_EDGE('',*,*,#9834,.F.);
#10223=ORIENTED_EDGE('',*,*,#10186,.T.);
#10224=ORIENTED_EDGE('',*,*,#10172,.T.);
#10225=ORIENTED_EDGE('',*,*,#10210,.F.);
#10226=EDGE_LOOP('',(#10222,#10223,#10224,#10225));
#10227=FACE_OUTER_BOUND('',#10226,.F.);
#10229=CARTESIAN_POINT('',(-1.30175E1,1.5748E0,0.E0));
#10230=DIRECTION('',(-1.E0,0.E0,0.E0));
#10231=DIRECTION('',(0.E0,-1.E0,0.E0));
#10232=AXIS2_PLACEMENT_3D('',#10229,#10230,#10231);
#10233=PLANE('',#10232);
#10234=ORIENTED_EDGE('',*,*,#9842,.F.);
#10236=ORIENTED_EDGE('',*,*,#10235,.T.);
#10238=ORIENTED_EDGE('',*,*,#10237,.T.);
#10240=ORIENTED_EDGE('',*,*,#10239,.F.);
#10241=EDGE_LOOP('',(#10234,#10236,#10238,#10240));
#10242=FACE_OUTER_BOUND('',#10241,.F.);
#10244=CARTESIAN_POINT('',(-1.23825E1,1.5748E0,0.E0));
#10245=DIRECTION('',(0.E0,1.E0,0.E0));
#10246=DIRECTION('',(-1.E0,0.E0,0.E0));
#10247=AXIS2_PLACEMENT_3D('',#10244,#10245,#10246);
#10248=PLANE('',#10247);
#10249=ORIENTED_EDGE('',*,*,#9848,.F.);
#10251=ORIENTED_EDGE('',*,*,#10250,.T.);
#10253=ORIENTED_EDGE('',*,*,#10252,.T.);
#10254=ORIENTED_EDGE('',*,*,#10235,.F.);
#10255=EDGE_LOOP('',(#10249,#10251,#10253,#10254));
#10256=FACE_OUTER_BOUND('',#10255,.F.);
#10258=CARTESIAN_POINT('',(-1.23825E1,9.398E-1,0.E0));
#10259=DIRECTION('',(1.E0,0.E0,0.E0));
#10260=DIRECTION('',(0.E0,1.E0,0.E0));
#10261=AXIS2_PLACEMENT_3D('',#10258,#10259,#10260);
#10262=PLANE('',#10261);
#10263=ORIENTED_EDGE('',*,*,#9846,.F.);
#10265=ORIENTED_EDGE('',*,*,#10264,.T.);
#10267=ORIENTED_EDGE('',*,*,#10266,.T.);
#10268=ORIENTED_EDGE('',*,*,#10250,.F.);
#10269=EDGE_LOOP('',(#10263,#10265,#10267,#10268));
#10270=FACE_OUTER_BOUND('',#10269,.F.);
#10272=CARTESIAN_POINT('',(-1.30175E1,9.398E-1,0.E0));
#10273=DIRECTION('',(0.E0,-1.E0,0.E0));
#10274=DIRECTION('',(1.E0,0.E0,0.E0));
#10275=AXIS2_PLACEMENT_3D('',#10272,#10273,#10274);
#10276=PLANE('',#10275);
#10277=ORIENTED_EDGE('',*,*,#9844,.F.);
#10278=ORIENTED_EDGE('',*,*,#10239,.T.);
#10280=ORIENTED_EDGE('',*,*,#10279,.T.);
#10281=ORIENTED_EDGE('',*,*,#10264,.F.);
#10282=EDGE_LOOP('',(#10277,#10278,#10280,#10281));
#10283=FACE_OUTER_BOUND('',#10282,.F.);
#10285=CARTESIAN_POINT('',(2.54E0,0.E0,6.096E0));
#10286=DIRECTION('',(0.E0,0.E0,1.E0));
#10287=DIRECTION('',(1.E0,0.E0,0.E0));
#10288=AXIS2_PLACEMENT_3D('',#10285,#10286,#10287);
#10289=PLANE('',#10288);
#10290=ORIENTED_EDGE('',*,*,#10237,.F.);
#10291=ORIENTED_EDGE('',*,*,#10252,.F.);
#10292=ORIENTED_EDGE('',*,*,#10266,.F.);
#10293=ORIENTED_EDGE('',*,*,#10279,.F.);
#10294=EDGE_LOOP('',(#10290,#10291,#10292,#10293));
#10295=FACE_OUTER_BOUND('',#10294,.F.);
#10297=CARTESIAN_POINT('',(2.54E0,0.E0,6.096E0));
#10298=DIRECTION('',(0.E0,0.E0,1.E0));
#10299=DIRECTION('',(1.E0,0.E0,0.E0));
#10300=AXIS2_PLACEMENT_3D('',#10297,#10298,#10299);
#10301=PLANE('',#10300);
#10303=ORIENTED_EDGE('',*,*,#10302,.F.);
#10305=ORIENTED_EDGE('',*,*,#10304,.F.);
#10307=ORIENTED_EDGE('',*,*,#10306,.F.);
#10309=ORIENTED_EDGE('',*,*,#10308,.F.);
#10310=EDGE_LOOP('',(#10303,#10305,#10307,#10309));
#10311=FACE_OUTER_BOUND('',#10310,.F.);
#10313=CARTESIAN_POINT('',(-1.30175E1,-9.652E-1,0.E0));
#10314=DIRECTION('',(-1.E0,0.E0,0.E0));
#10315=DIRECTION('',(0.E0,-1.E0,0.E0));
#10316=AXIS2_PLACEMENT_3D('',#10313,#10314,#10315);
#10317=PLANE('',#10316);
#10318=ORIENTED_EDGE('',*,*,#9852,.F.);
#10320=ORIENTED_EDGE('',*,*,#10319,.T.);
#10321=ORIENTED_EDGE('',*,*,#10302,.T.);
#10323=ORIENTED_EDGE('',*,*,#10322,.F.);
#10324=EDGE_LOOP('',(#10318,#10320,#10321,#10323));
#10325=FACE_OUTER_BOUND('',#10324,.F.);
#10327=CARTESIAN_POINT('',(-1.23825E1,-9.652E-1,0.E0));
#10328=DIRECTION('',(0.E0,1.E0,0.E0));
#10329=DIRECTION('',(-1.E0,0.E0,0.E0));
#10330=AXIS2_PLACEMENT_3D('',#10327,#10328,#10329);
#10331=PLANE('',#10330);
#10332=ORIENTED_EDGE('',*,*,#9858,.F.);
#10334=ORIENTED_EDGE('',*,*,#10333,.T.);
#10335=ORIENTED_EDGE('',*,*,#10304,.T.);
#10336=ORIENTED_EDGE('',*,*,#10319,.F.);
#10337=EDGE_LOOP('',(#10332,#10334,#10335,#10336));
#10338=FACE_OUTER_BOUND('',#10337,.F.);
#10340=CARTESIAN_POINT('',(-1.23825E1,-1.6002E0,0.E0));
#10341=DIRECTION('',(1.E0,0.E0,0.E0));
#10342=DIRECTION('',(0.E0,1.E0,0.E0));
#10343=AXIS2_PLACEMENT_3D('',#10340,#10341,#10342);
#10344=PLANE('',#10343);
#10345=ORIENTED_EDGE('',*,*,#9856,.F.);
#10347=ORIENTED_EDGE('',*,*,#10346,.T.);
#10348=ORIENTED_EDGE('',*,*,#10306,.T.);
#10349=ORIENTED_EDGE('',*,*,#10333,.F.);
#10350=EDGE_LOOP('',(#10345,#10347,#10348,#10349));
#10351=FACE_OUTER_BOUND('',#10350,.F.);
#10353=CARTESIAN_POINT('',(-1.30175E1,-1.6002E0,0.E0));
#10354=DIRECTION('',(0.E0,-1.E0,0.E0));
#10355=DIRECTION('',(1.E0,0.E0,0.E0));
#10356=AXIS2_PLACEMENT_3D('',#10353,#10354,#10355);
#10357=PLANE('',#10356);
#10358=ORIENTED_EDGE('',*,*,#9854,.F.);
#10359=ORIENTED_EDGE('',*,*,#10322,.T.);
#10360=ORIENTED_EDGE('',*,*,#10308,.T.);
#10361=ORIENTED_EDGE('',*,*,#10346,.F.);
#10362=EDGE_LOOP('',(#10358,#10359,#10360,#10361));
#10363=FACE_OUTER_BOUND('',#10362,.F.);
#10365=CARTESIAN_POINT('',(-1.04775E1,1.5748E0,0.E0));
#10366=DIRECTION('',(-1.E0,0.E0,0.E0));
#10367=DIRECTION('',(0.E0,-1.E0,0.E0));
#10368=AXIS2_PLACEMENT_3D('',#10365,#10366,#10367);
#10369=PLANE('',#10368);
#10370=ORIENTED_EDGE('',*,*,#9862,.F.);
#10372=ORIENTED_EDGE('',*,*,#10371,.T.);
#10374=ORIENTED_EDGE('',*,*,#10373,.T.);
#10376=ORIENTED_EDGE('',*,*,#10375,.F.);
#10377=EDGE_LOOP('',(#10370,#10372,#10374,#10376));
#10378=FACE_OUTER_BOUND('',#10377,.F.);
#10380=CARTESIAN_POINT('',(-9.8425E0,1.5748E0,0.E0));
#10381=DIRECTION('',(0.E0,1.E0,0.E0));
#10382=DIRECTION('',(-1.E0,0.E0,0.E0));
#10383=AXIS2_PLACEMENT_3D('',#10380,#10381,#10382);
#10384=PLANE('',#10383);
#10385=ORIENTED_EDGE('',*,*,#9868,.F.);
#10387=ORIENTED_EDGE('',*,*,#10386,.T.);
#10389=ORIENTED_EDGE('',*,*,#10388,.T.);
#10390=ORIENTED_EDGE('',*,*,#10371,.F.);
#10391=EDGE_LOOP('',(#10385,#10387,#10389,#10390));
#10392=FACE_OUTER_BOUND('',#10391,.F.);
#10394=CARTESIAN_POINT('',(-9.8425E0,9.398E-1,0.E0));
#10395=DIRECTION('',(1.E0,0.E0,0.E0));
#10396=DIRECTION('',(0.E0,1.E0,0.E0));
#10397=AXIS2_PLACEMENT_3D('',#10394,#10395,#10396);
#10398=PLANE('',#10397);
#10399=ORIENTED_EDGE('',*,*,#9866,.F.);
#10401=ORIENTED_EDGE('',*,*,#10400,.T.);
#10403=ORIENTED_EDGE('',*,*,#10402,.T.);
#10404=ORIENTED_EDGE('',*,*,#10386,.F.);
#10405=EDGE_LOOP('',(#10399,#10401,#10403,#10404));
#10406=FACE_OUTER_BOUND('',#10405,.F.);
#10408=CARTESIAN_POINT('',(-1.04775E1,9.398E-1,0.E0));
#10409=DIRECTION('',(0.E0,-1.E0,0.E0));
#10410=DIRECTION('',(1.E0,0.E0,0.E0));
#10411=AXIS2_PLACEMENT_3D('',#10408,#10409,#10410);
#10412=PLANE('',#10411);
#10413=ORIENTED_EDGE('',*,*,#9864,.F.);
#10414=ORIENTED_EDGE('',*,*,#10375,.T.);
#10416=ORIENTED_EDGE('',*,*,#10415,.T.);
#10417=ORIENTED_EDGE('',*,*,#10400,.F.);
#10418=EDGE_LOOP('',(#10413,#10414,#10416,#10417));
#10419=FACE_OUTER_BOUND('',#10418,.F.);
#10421=CARTESIAN_POINT('',(5.08E0,0.E0,6.096E0));
#10422=DIRECTION('',(0.E0,0.E0,1.E0));
#10423=DIRECTION('',(1.E0,0.E0,0.E0));
#10424=AXIS2_PLACEMENT_3D('',#10421,#10422,#10423);
#10425=PLANE('',#10424);
#10426=ORIENTED_EDGE('',*,*,#10373,.F.);
#10427=ORIENTED_EDGE('',*,*,#10388,.F.);
#10428=ORIENTED_EDGE('',*,*,#10402,.F.);
#10429=ORIENTED_EDGE('',*,*,#10415,.F.);
#10430=EDGE_LOOP('',(#10426,#10427,#10428,#10429));
#10431=FACE_OUTER_BOUND('',#10430,.F.);
#10433=CARTESIAN_POINT('',(5.08E0,0.E0,6.096E0));
#10434=DIRECTION('',(0.E0,0.E0,1.E0));
#10435=DIRECTION('',(1.E0,0.E0,0.E0));
#10436=AXIS2_PLACEMENT_3D('',#10433,#10434,#10435);
#10437=PLANE('',#10436);
#10439=ORIENTED_EDGE('',*,*,#10438,.F.);
#10441=ORIENTED_EDGE('',*,*,#10440,.F.);
#10443=ORIENTED_EDGE('',*,*,#10442,.F.);
#10445=ORIENTED_EDGE('',*,*,#10444,.F.);
#10446=EDGE_LOOP('',(#10439,#10441,#10443,#10445));
#10447=FACE_OUTER_BOUND('',#10446,.F.);
#10449=CARTESIAN_POINT('',(-1.04775E1,-9.652E-1,0.E0));
#10450=DIRECTION('',(-1.E0,0.E0,0.E0));
#10451=DIRECTION('',(0.E0,-1.E0,0.E0));
#10452=AXIS2_PLACEMENT_3D('',#10449,#10450,#10451);
#10453=PLANE('',#10452);
#10454=ORIENTED_EDGE('',*,*,#9872,.F.);
#10456=ORIENTED_EDGE('',*,*,#10455,.T.);
#10457=ORIENTED_EDGE('',*,*,#10438,.T.);
#10459=ORIENTED_EDGE('',*,*,#10458,.F.);
#10460=EDGE_LOOP('',(#10454,#10456,#10457,#10459));
#10461=FACE_OUTER_BOUND('',#10460,.F.);
#10463=CARTESIAN_POINT('',(-9.8425E0,-9.652E-1,0.E0));
#10464=DIRECTION('',(0.E0,1.E0,0.E0));
#10465=DIRECTION('',(-1.E0,0.E0,0.E0));
#10466=AXIS2_PLACEMENT_3D('',#10463,#10464,#10465);
#10467=PLANE('',#10466);
#10468=ORIENTED_EDGE('',*,*,#9878,.F.);
#10470=ORIENTED_EDGE('',*,*,#10469,.T.);
#10471=ORIENTED_EDGE('',*,*,#10440,.T.);
#10472=ORIENTED_EDGE('',*,*,#10455,.F.);
#10473=EDGE_LOOP('',(#10468,#10470,#10471,#10472));
#10474=FACE_OUTER_BOUND('',#10473,.F.);
#10476=CARTESIAN_POINT('',(-9.8425E0,-1.6002E0,0.E0));
#10477=DIRECTION('',(1.E0,0.E0,0.E0));
#10478=DIRECTION('',(0.E0,1.E0,0.E0));
#10479=AXIS2_PLACEMENT_3D('',#10476,#10477,#10478);
#10480=PLANE('',#10479);
#10481=ORIENTED_EDGE('',*,*,#9876,.F.);
#10483=ORIENTED_EDGE('',*,*,#10482,.T.);
#10484=ORIENTED_EDGE('',*,*,#10442,.T.);
#10485=ORIENTED_EDGE('',*,*,#10469,.F.);
#10486=EDGE_LOOP('',(#10481,#10483,#10484,#10485));
#10487=FACE_OUTER_BOUND('',#10486,.F.);
#10489=CARTESIAN_POINT('',(-1.04775E1,-1.6002E0,0.E0));
#10490=DIRECTION('',(0.E0,-1.E0,0.E0));
#10491=DIRECTION('',(1.E0,0.E0,0.E0));
#10492=AXIS2_PLACEMENT_3D('',#10489,#10490,#10491);
#10493=PLANE('',#10492);
#10494=ORIENTED_EDGE('',*,*,#9874,.F.);
#10495=ORIENTED_EDGE('',*,*,#10458,.T.);
#10496=ORIENTED_EDGE('',*,*,#10444,.T.);
#10497=ORIENTED_EDGE('',*,*,#10482,.F.);
#10498=EDGE_LOOP('',(#10494,#10495,#10496,#10497));
#10499=FACE_OUTER_BOUND('',#10498,.F.);
#10501=CARTESIAN_POINT('',(-7.9375E0,1.5748E0,0.E0));
#10502=DIRECTION('',(-1.E0,0.E0,0.E0));
#10503=DIRECTION('',(0.E0,-1.E0,0.E0));
#10504=AXIS2_PLACEMENT_3D('',#10501,#10502,#10503);
#10505=PLANE('',#10504);
#10506=ORIENTED_EDGE('',*,*,#9882,.F.);
#10508=ORIENTED_EDGE('',*,*,#10507,.T.);
#10510=ORIENTED_EDGE('',*,*,#10509,.T.);
#10512=ORIENTED_EDGE('',*,*,#10511,.F.);
#10513=EDGE_LOOP('',(#10506,#10508,#10510,#10512));
#10514=FACE_OUTER_BOUND('',#10513,.F.);
#10516=CARTESIAN_POINT('',(-7.3025E0,1.5748E0,0.E0));
#10517=DIRECTION('',(0.E0,1.E0,0.E0));
#10518=DIRECTION('',(-1.E0,0.E0,0.E0));
#10519=AXIS2_PLACEMENT_3D('',#10516,#10517,#10518);
#10520=PLANE('',#10519);
#10521=ORIENTED_EDGE('',*,*,#9888,.F.);
#10523=ORIENTED_EDGE('',*,*,#10522,.T.);
#10525=ORIENTED_EDGE('',*,*,#10524,.T.);
#10526=ORIENTED_EDGE('',*,*,#10507,.F.);
#10527=EDGE_LOOP('',(#10521,#10523,#10525,#10526));
#10528=FACE_OUTER_BOUND('',#10527,.F.);
#10530=CARTESIAN_POINT('',(-7.3025E0,9.398E-1,0.E0));
#10531=DIRECTION('',(1.E0,0.E0,0.E0));
#10532=DIRECTION('',(0.E0,1.E0,0.E0));
#10533=AXIS2_PLACEMENT_3D('',#10530,#10531,#10532);
#10534=PLANE('',#10533);
#10535=ORIENTED_EDGE('',*,*,#9886,.F.);
#10537=ORIENTED_EDGE('',*,*,#10536,.T.);
#10539=ORIENTED_EDGE('',*,*,#10538,.T.);
#10540=ORIENTED_EDGE('',*,*,#10522,.F.);
#10541=EDGE_LOOP('',(#10535,#10537,#10539,#10540));
#10542=FACE_OUTER_BOUND('',#10541,.F.);
#10544=CARTESIAN_POINT('',(-7.9375E0,9.398E-1,0.E0));
#10545=DIRECTION('',(0.E0,-1.E0,0.E0));
#10546=DIRECTION('',(1.E0,0.E0,0.E0));
#10547=AXIS2_PLACEMENT_3D('',#10544,#10545,#10546);
#10548=PLANE('',#10547);
#10549=ORIENTED_EDGE('',*,*,#9884,.F.);
#10550=ORIENTED_EDGE('',*,*,#10511,.T.);
#10552=ORIENTED_EDGE('',*,*,#10551,.T.);
#10553=ORIENTED_EDGE('',*,*,#10536,.F.);
#10554=EDGE_LOOP('',(#10549,#10550,#10552,#10553));
#10555=FACE_OUTER_BOUND('',#10554,.F.);
#10557=CARTESIAN_POINT('',(7.62E0,0.E0,6.096E0));
#10558=DIRECTION('',(0.E0,0.E0,1.E0));
#10559=DIRECTION('',(1.E0,0.E0,0.E0));
#10560=AXIS2_PLACEMENT_3D('',#10557,#10558,#10559);
#10561=PLANE('',#10560);
#10562=ORIENTED_EDGE('',*,*,#10509,.F.);
#10563=ORIENTED_EDGE('',*,*,#10524,.F.);
#10564=ORIENTED_EDGE('',*,*,#10538,.F.);
#10565=ORIENTED_EDGE('',*,*,#10551,.F.);
#10566=EDGE_LOOP('',(#10562,#10563,#10564,#10565));
#10567=FACE_OUTER_BOUND('',#10566,.F.);
#10569=CARTESIAN_POINT('',(7.62E0,0.E0,6.096E0));
#10570=DIRECTION('',(0.E0,0.E0,1.E0));
#10571=DIRECTION('',(1.E0,0.E0,0.E0));
#10572=AXIS2_PLACEMENT_3D('',#10569,#10570,#10571);
#10573=PLANE('',#10572);
#10575=ORIENTED_EDGE('',*,*,#10574,.F.);
#10577=ORIENTED_EDGE('',*,*,#10576,.F.);
#10579=ORIENTED_EDGE('',*,*,#10578,.F.);
#10581=ORIENTED_EDGE('',*,*,#10580,.F.);
#10582=EDGE_LOOP('',(#10575,#10577,#10579,#10581));
#10583=FACE_OUTER_BOUND('',#10582,.F.);
#10585=CARTESIAN_POINT('',(-7.9375E0,-9.652E-1,0.E0));
#10586=DIRECTION('',(-1.E0,0.E0,0.E0));
#10587=DIRECTION('',(0.E0,-1.E0,0.E0));
#10588=AXIS2_PLACEMENT_3D('',#10585,#10586,#10587);
#10589=PLANE('',#10588);
#10590=ORIENTED_EDGE('',*,*,#9892,.F.);
#10592=ORIENTED_EDGE('',*,*,#10591,.T.);
#10593=ORIENTED_EDGE('',*,*,#10574,.T.);
#10595=ORIENTED_EDGE('',*,*,#10594,.F.);
#10596=EDGE_LOOP('',(#10590,#10592,#10593,#10595));
#10597=FACE_OUTER_BOUND('',#10596,.F.);
#10599=CARTESIAN_POINT('',(-7.3025E0,-9.652E-1,0.E0));
#10600=DIRECTION('',(0.E0,1.E0,0.E0));
#10601=DIRECTION('',(-1.E0,0.E0,0.E0));
#10602=AXIS2_PLACEMENT_3D('',#10599,#10600,#10601);
#10603=PLANE('',#10602);
#10604=ORIENTED_EDGE('',*,*,#9898,.F.);
#10606=ORIENTED_EDGE('',*,*,#10605,.T.);
#10607=ORIENTED_EDGE('',*,*,#10576,.T.);
#10608=ORIENTED_EDGE('',*,*,#10591,.F.);
#10609=EDGE_LOOP('',(#10604,#10606,#10607,#10608));
#10610=FACE_OUTER_BOUND('',#10609,.F.);
#10612=CARTESIAN_POINT('',(-7.3025E0,-1.6002E0,0.E0));
#10613=DIRECTION('',(1.E0,0.E0,0.E0));
#10614=DIRECTION('',(0.E0,1.E0,0.E0));
#10615=AXIS2_PLACEMENT_3D('',#10612,#10613,#10614);
#10616=PLANE('',#10615);
#10617=ORIENTED_EDGE('',*,*,#9896,.F.);
#10619=ORIENTED_EDGE('',*,*,#10618,.T.);
#10620=ORIENTED_EDGE('',*,*,#10578,.T.);
#10621=ORIENTED_EDGE('',*,*,#10605,.F.);
#10622=EDGE_LOOP('',(#10617,#10619,#10620,#10621));
#10623=FACE_OUTER_BOUND('',#10622,.F.);
#10625=CARTESIAN_POINT('',(-7.9375E0,-1.6002E0,0.E0));
#10626=DIRECTION('',(0.E0,-1.E0,0.E0));
#10627=DIRECTION('',(1.E0,0.E0,0.E0));
#10628=AXIS2_PLACEMENT_3D('',#10625,#10626,#10627);
#10629=PLANE('',#10628);
#10630=ORIENTED_EDGE('',*,*,#9894,.F.);
#10631=ORIENTED_EDGE('',*,*,#10594,.T.);
#10632=ORIENTED_EDGE('',*,*,#10580,.T.);
#10633=ORIENTED_EDGE('',*,*,#10618,.F.);
#10634=EDGE_LOOP('',(#10630,#10631,#10632,#10633));
#10635=FACE_OUTER_BOUND('',#10634,.F.);
#10637=CARTESIAN_POINT('',(-5.3975E0,1.5748E0,0.E0));
#10638=DIRECTION('',(-1.E0,0.E0,0.E0));
#10639=DIRECTION('',(0.E0,-1.E0,0.E0));
#10640=AXIS2_PLACEMENT_3D('',#10637,#10638,#10639);
#10641=PLANE('',#10640);
#10642=ORIENTED_EDGE('',*,*,#9902,.F.);
#10644=ORIENTED_EDGE('',*,*,#10643,.T.);
#10646=ORIENTED_EDGE('',*,*,#10645,.T.);
#10648=ORIENTED_EDGE('',*,*,#10647,.F.);
#10649=EDGE_LOOP('',(#10642,#10644,#10646,#10648));
#10650=FACE_OUTER_BOUND('',#10649,.F.);
#10652=CARTESIAN_POINT('',(-4.7625E0,1.5748E0,0.E0));
#10653=DIRECTION('',(0.E0,1.E0,0.E0));
#10654=DIRECTION('',(-1.E0,0.E0,0.E0));
#10655=AXIS2_PLACEMENT_3D('',#10652,#10653,#10654);
#10656=PLANE('',#10655);
#10657=ORIENTED_EDGE('',*,*,#9908,.F.);
#10659=ORIENTED_EDGE('',*,*,#10658,.T.);
#10661=ORIENTED_EDGE('',*,*,#10660,.T.);
#10662=ORIENTED_EDGE('',*,*,#10643,.F.);
#10663=EDGE_LOOP('',(#10657,#10659,#10661,#10662));
#10664=FACE_OUTER_BOUND('',#10663,.F.);
#10666=CARTESIAN_POINT('',(-4.7625E0,9.398E-1,0.E0));
#10667=DIRECTION('',(1.E0,0.E0,0.E0));
#10668=DIRECTION('',(0.E0,1.E0,0.E0));
#10669=AXIS2_PLACEMENT_3D('',#10666,#10667,#10668);
#10670=PLANE('',#10669);
#10671=ORIENTED_EDGE('',*,*,#9906,.F.);
#10673=ORIENTED_EDGE('',*,*,#10672,.T.);
#10675=ORIENTED_EDGE('',*,*,#10674,.T.);
#10676=ORIENTED_EDGE('',*,*,#10658,.F.);
#10677=EDGE_LOOP('',(#10671,#10673,#10675,#10676));
#10678=FACE_OUTER_BOUND('',#10677,.F.);
#10680=CARTESIAN_POINT('',(-5.3975E0,9.398E-1,0.E0));
#10681=DIRECTION('',(0.E0,-1.E0,0.E0));
#10682=DIRECTION('',(1.E0,0.E0,0.E0));
#10683=AXIS2_PLACEMENT_3D('',#10680,#10681,#10682);
#10684=PLANE('',#10683);
#10685=ORIENTED_EDGE('',*,*,#9904,.F.);
#10686=ORIENTED_EDGE('',*,*,#10647,.T.);
#10688=ORIENTED_EDGE('',*,*,#10687,.T.);
#10689=ORIENTED_EDGE('',*,*,#10672,.F.);
#10690=EDGE_LOOP('',(#10685,#10686,#10688,#10689));
#10691=FACE_OUTER_BOUND('',#10690,.F.);
#10693=CARTESIAN_POINT('',(1.016E1,0.E0,6.096E0));
#10694=DIRECTION('',(0.E0,0.E0,1.E0));
#10695=DIRECTION('',(1.E0,0.E0,0.E0));
#10696=AXIS2_PLACEMENT_3D('',#10693,#10694,#10695);
#10697=PLANE('',#10696);
#10698=ORIENTED_EDGE('',*,*,#10645,.F.);
#10699=ORIENTED_EDGE('',*,*,#10660,.F.);
#10700=ORIENTED_EDGE('',*,*,#10674,.F.);
#10701=ORIENTED_EDGE('',*,*,#10687,.F.);
#10702=EDGE_LOOP('',(#10698,#10699,#10700,#10701));
#10703=FACE_OUTER_BOUND('',#10702,.F.);
#10705=CARTESIAN_POINT('',(1.016E1,0.E0,6.096E0));
#10706=DIRECTION('',(0.E0,0.E0,1.E0));
#10707=DIRECTION('',(1.E0,0.E0,0.E0));
#10708=AXIS2_PLACEMENT_3D('',#10705,#10706,#10707);
#10709=PLANE('',#10708);
#10711=ORIENTED_EDGE('',*,*,#10710,.F.);
#10713=ORIENTED_EDGE('',*,*,#10712,.F.);
#10715=ORIENTED_EDGE('',*,*,#10714,.F.);
#10717=ORIENTED_EDGE('',*,*,#10716,.F.);
#10718=EDGE_LOOP('',(#10711,#10713,#10715,#10717));
#10719=FACE_OUTER_BOUND('',#10718,.F.);
#10721=CARTESIAN_POINT('',(-5.3975E0,-9.652E-1,0.E0));
#10722=DIRECTION('',(-1.E0,0.E0,0.E0));
#10723=DIRECTION('',(0.E0,-1.E0,0.E0));
#10724=AXIS2_PLACEMENT_3D('',#10721,#10722,#10723);
#10725=PLANE('',#10724);
#10726=ORIENTED_EDGE('',*,*,#9912,.F.);
#10728=ORIENTED_EDGE('',*,*,#10727,.T.);
#10729=ORIENTED_EDGE('',*,*,#10710,.T.);
#10731=ORIENTED_EDGE('',*,*,#10730,.F.);
#10732=EDGE_LOOP('',(#10726,#10728,#10729,#10731));
#10733=FACE_OUTER_BOUND('',#10732,.F.);
#10735=CARTESIAN_POINT('',(-4.7625E0,-9.652E-1,0.E0));
#10736=DIRECTION('',(0.E0,1.E0,0.E0));
#10737=DIRECTION('',(-1.E0,0.E0,0.E0));
#10738=AXIS2_PLACEMENT_3D('',#10735,#10736,#10737);
#10739=PLANE('',#10738);
#10740=ORIENTED_EDGE('',*,*,#9918,.F.);
#10742=ORIENTED_EDGE('',*,*,#10741,.T.);
#10743=ORIENTED_EDGE('',*,*,#10712,.T.);
#10744=ORIENTED_EDGE('',*,*,#10727,.F.);
#10745=EDGE_LOOP('',(#10740,#10742,#10743,#10744));
#10746=FACE_OUTER_BOUND('',#10745,.F.);
#10748=CARTESIAN_POINT('',(-4.7625E0,-1.6002E0,0.E0));
#10749=DIRECTION('',(1.E0,0.E0,0.E0));
#10750=DIRECTION('',(0.E0,1.E0,0.E0));
#10751=AXIS2_PLACEMENT_3D('',#10748,#10749,#10750);
#10752=PLANE('',#10751);
#10753=ORIENTED_EDGE('',*,*,#9916,.F.);
#10755=ORIENTED_EDGE('',*,*,#10754,.T.);
#10756=ORIENTED_EDGE('',*,*,#10714,.T.);
#10757=ORIENTED_EDGE('',*,*,#10741,.F.);
#10758=EDGE_LOOP('',(#10753,#10755,#10756,#10757));
#10759=FACE_OUTER_BOUND('',#10758,.F.);
#10761=CARTESIAN_POINT('',(-5.3975E0,-1.6002E0,0.E0));
#10762=DIRECTION('',(0.E0,-1.E0,0.E0));
#10763=DIRECTION('',(1.E0,0.E0,0.E0));
#10764=AXIS2_PLACEMENT_3D('',#10761,#10762,#10763);
#10765=PLANE('',#10764);
#10766=ORIENTED_EDGE('',*,*,#9914,.F.);
#10767=ORIENTED_EDGE('',*,*,#10730,.T.);
#10768=ORIENTED_EDGE('',*,*,#10716,.T.);
#10769=ORIENTED_EDGE('',*,*,#10754,.F.);
#10770=EDGE_LOOP('',(#10766,#10767,#10768,#10769));
#10771=FACE_OUTER_BOUND('',#10770,.F.);
#10773=CARTESIAN_POINT('',(-2.8575E0,1.5748E0,0.E0));
#10774=DIRECTION('',(-1.E0,0.E0,0.E0));
#10775=DIRECTION('',(0.E0,-1.E0,0.E0));
#10776=AXIS2_PLACEMENT_3D('',#10773,#10774,#10775);
#10777=PLANE('',#10776);
#10778=ORIENTED_EDGE('',*,*,#9922,.F.);
#10780=ORIENTED_EDGE('',*,*,#10779,.T.);
#10782=ORIENTED_EDGE('',*,*,#10781,.T.);
#10784=ORIENTED_EDGE('',*,*,#10783,.F.);
#10785=EDGE_LOOP('',(#10778,#10780,#10782,#10784));
#10786=FACE_OUTER_BOUND('',#10785,.F.);
#10788=CARTESIAN_POINT('',(-2.2225E0,1.5748E0,0.E0));
#10789=DIRECTION('',(0.E0,1.E0,0.E0));
#10790=DIRECTION('',(-1.E0,0.E0,0.E0));
#10791=AXIS2_PLACEMENT_3D('',#10788,#10789,#10790);
#10792=PLANE('',#10791);
#10793=ORIENTED_EDGE('',*,*,#9928,.F.);
#10795=ORIENTED_EDGE('',*,*,#10794,.T.);
#10797=ORIENTED_EDGE('',*,*,#10796,.T.);
#10798=ORIENTED_EDGE('',*,*,#10779,.F.);
#10799=EDGE_LOOP('',(#10793,#10795,#10797,#10798));
#10800=FACE_OUTER_BOUND('',#10799,.F.);
#10802=CARTESIAN_POINT('',(-2.2225E0,9.398E-1,0.E0));
#10803=DIRECTION('',(1.E0,0.E0,0.E0));
#10804=DIRECTION('',(0.E0,1.E0,0.E0));
#10805=AXIS2_PLACEMENT_3D('',#10802,#10803,#10804);
#10806=PLANE('',#10805);
#10807=ORIENTED_EDGE('',*,*,#9926,.F.);
#10809=ORIENTED_EDGE('',*,*,#10808,.T.);
#10811=ORIENTED_EDGE('',*,*,#10810,.T.);
#10812=ORIENTED_EDGE('',*,*,#10794,.F.);
#10813=EDGE_LOOP('',(#10807,#10809,#10811,#10812));
#10814=FACE_OUTER_BOUND('',#10813,.F.);
#10816=CARTESIAN_POINT('',(-2.8575E0,9.398E-1,0.E0));
#10817=DIRECTION('',(0.E0,-1.E0,0.E0));
#10818=DIRECTION('',(1.E0,0.E0,0.E0));
#10819=AXIS2_PLACEMENT_3D('',#10816,#10817,#10818);
#10820=PLANE('',#10819);
#10821=ORIENTED_EDGE('',*,*,#9924,.F.);
#10822=ORIENTED_EDGE('',*,*,#10783,.T.);
#10824=ORIENTED_EDGE('',*,*,#10823,.T.);
#10825=ORIENTED_EDGE('',*,*,#10808,.F.);
#10826=EDGE_LOOP('',(#10821,#10822,#10824,#10825));
#10827=FACE_OUTER_BOUND('',#10826,.F.);
#10829=CARTESIAN_POINT('',(1.27E1,0.E0,6.096E0));
#10830=DIRECTION('',(0.E0,0.E0,1.E0));
#10831=DIRECTION('',(1.E0,0.E0,0.E0));
#10832=AXIS2_PLACEMENT_3D('',#10829,#10830,#10831);
#10833=PLANE('',#10832);
#10834=ORIENTED_EDGE('',*,*,#10781,.F.);
#10835=ORIENTED_EDGE('',*,*,#10796,.F.);
#10836=ORIENTED_EDGE('',*,*,#10810,.F.);
#10837=ORIENTED_EDGE('',*,*,#10823,.F.);
#10838=EDGE_LOOP('',(#10834,#10835,#10836,#10837));
#10839=FACE_OUTER_BOUND('',#10838,.F.);
#10841=CARTESIAN_POINT('',(1.27E1,0.E0,6.096E0));
#10842=DIRECTION('',(0.E0,0.E0,1.E0));
#10843=DIRECTION('',(1.E0,0.E0,0.E0));
#10844=AXIS2_PLACEMENT_3D('',#10841,#10842,#10843);
#10845=PLANE('',#10844);
#10847=ORIENTED_EDGE('',*,*,#10846,.F.);
#10849=ORIENTED_EDGE('',*,*,#10848,.F.);
#10851=ORIENTED_EDGE('',*,*,#10850,.F.);
#10853=ORIENTED_EDGE('',*,*,#10852,.F.);
#10854=EDGE_LOOP('',(#10847,#10849,#10851,#10853));
#10855=FACE_OUTER_BOUND('',#10854,.F.);
#10857=CARTESIAN_POINT('',(-2.8575E0,-9.652E-1,0.E0));
#10858=DIRECTION('',(-1.E0,0.E0,0.E0));
#10859=DIRECTION('',(0.E0,-1.E0,0.E0));
#10860=AXIS2_PLACEMENT_3D('',#10857,#10858,#10859);
#10861=PLANE('',#10860);
#10862=ORIENTED_EDGE('',*,*,#9932,.F.);
#10864=ORIENTED_EDGE('',*,*,#10863,.T.);
#10865=ORIENTED_EDGE('',*,*,#10846,.T.);
#10867=ORIENTED_EDGE('',*,*,#10866,.F.);
#10868=EDGE_LOOP('',(#10862,#10864,#10865,#10867));
#10869=FACE_OUTER_BOUND('',#10868,.F.);
#10871=CARTESIAN_POINT('',(-2.2225E0,-9.652E-1,0.E0));
#10872=DIRECTION('',(0.E0,1.E0,0.E0));
#10873=DIRECTION('',(-1.E0,0.E0,0.E0));
#10874=AXIS2_PLACEMENT_3D('',#10871,#10872,#10873);
#10875=PLANE('',#10874);
#10876=ORIENTED_EDGE('',*,*,#9938,.F.);
#10878=ORIENTED_EDGE('',*,*,#10877,.T.);
#10879=ORIENTED_EDGE('',*,*,#10848,.T.);
#10880=ORIENTED_EDGE('',*,*,#10863,.F.);
#10881=EDGE_LOOP('',(#10876,#10878,#10879,#10880));
#10882=FACE_OUTER_BOUND('',#10881,.F.);
#10884=CARTESIAN_POINT('',(-2.2225E0,-1.6002E0,0.E0));
#10885=DIRECTION('',(1.E0,0.E0,0.E0));
#10886=DIRECTION('',(0.E0,1.E0,0.E0));
#10887=AXIS2_PLACEMENT_3D('',#10884,#10885,#10886);
#10888=PLANE('',#10887);
#10889=ORIENTED_EDGE('',*,*,#9936,.F.);
#10891=ORIENTED_EDGE('',*,*,#10890,.T.);
#10892=ORIENTED_EDGE('',*,*,#10850,.T.);
#10893=ORIENTED_EDGE('',*,*,#10877,.F.);
#10894=EDGE_LOOP('',(#10889,#10891,#10892,#10893));
#10895=FACE_OUTER_BOUND('',#10894,.F.);
#10897=CARTESIAN_POINT('',(-2.8575E0,-1.6002E0,0.E0));
#10898=DIRECTION('',(0.E0,-1.E0,0.E0));
#10899=DIRECTION('',(1.E0,0.E0,0.E0));
#10900=AXIS2_PLACEMENT_3D('',#10897,#10898,#10899);
#10901=PLANE('',#10900);
#10902=ORIENTED_EDGE('',*,*,#9934,.F.);
#10903=ORIENTED_EDGE('',*,*,#10866,.T.);
#10904=ORIENTED_EDGE('',*,*,#10852,.T.);
#10905=ORIENTED_EDGE('',*,*,#10890,.F.);
#10906=EDGE_LOOP('',(#10902,#10903,#10904,#10905));
#10907=FACE_OUTER_BOUND('',#10906,.F.);
#10909=CARTESIAN_POINT('',(-3.175E-1,1.5748E0,0.E0));
#10910=DIRECTION('',(-1.E0,0.E0,0.E0));
#10911=DIRECTION('',(0.E0,-1.E0,0.E0));
#10912=AXIS2_PLACEMENT_3D('',#10909,#10910,#10911);
#10913=PLANE('',#10912);
#10914=ORIENTED_EDGE('',*,*,#9942,.F.);
#10916=ORIENTED_EDGE('',*,*,#10915,.T.);
#10918=ORIENTED_EDGE('',*,*,#10917,.T.);
#10920=ORIENTED_EDGE('',*,*,#10919,.F.);
#10921=EDGE_LOOP('',(#10914,#10916,#10918,#10920));
#10922=FACE_OUTER_BOUND('',#10921,.F.);
#10924=CARTESIAN_POINT('',(3.175E-1,1.5748E0,0.E0));
#10925=DIRECTION('',(0.E0,1.E0,0.E0));
#10926=DIRECTION('',(-1.E0,0.E0,0.E0));
#10927=AXIS2_PLACEMENT_3D('',#10924,#10925,#10926);
#10928=PLANE('',#10927);
#10929=ORIENTED_EDGE('',*,*,#9948,.F.);
#10931=ORIENTED_EDGE('',*,*,#10930,.T.);
#10933=ORIENTED_EDGE('',*,*,#10932,.T.);
#10934=ORIENTED_EDGE('',*,*,#10915,.F.);
#10935=EDGE_LOOP('',(#10929,#10931,#10933,#10934));
#10936=FACE_OUTER_BOUND('',#10935,.F.);
#10938=CARTESIAN_POINT('',(3.175E-1,9.398E-1,0.E0));
#10939=DIRECTION('',(1.E0,0.E0,0.E0));
#10940=DIRECTION('',(0.E0,1.E0,0.E0));
#10941=AXIS2_PLACEMENT_3D('',#10938,#10939,#10940);
#10942=PLANE('',#10941);
#10943=ORIENTED_EDGE('',*,*,#9946,.F.);
#10945=ORIENTED_EDGE('',*,*,#10944,.T.);
#10947=ORIENTED_EDGE('',*,*,#10946,.T.);
#10948=ORIENTED_EDGE('',*,*,#10930,.F.);
#10949=EDGE_LOOP('',(#10943,#10945,#10947,#10948));
#10950=FACE_OUTER_BOUND('',#10949,.F.);
#10952=CARTESIAN_POINT('',(-3.175E-1,9.398E-1,0.E0));
#10953=DIRECTION('',(0.E0,-1.E0,0.E0));
#10954=DIRECTION('',(1.E0,0.E0,0.E0));
#10955=AXIS2_PLACEMENT_3D('',#10952,#10953,#10954);
#10956=PLANE('',#10955);
#10957=ORIENTED_EDGE('',*,*,#9944,.F.);
#10958=ORIENTED_EDGE('',*,*,#10919,.T.);
#10960=ORIENTED_EDGE('',*,*,#10959,.T.);
#10961=ORIENTED_EDGE('',*,*,#10944,.F.);
#10962=EDGE_LOOP('',(#10957,#10958,#10960,#10961));
#10963=FACE_OUTER_BOUND('',#10962,.F.);
#10965=CARTESIAN_POINT('',(1.524E1,0.E0,6.096E0));
#10966=DIRECTION('',(0.E0,0.E0,1.E0));
#10967=DIRECTION('',(1.E0,0.E0,0.E0));
#10968=AXIS2_PLACEMENT_3D('',#10965,#10966,#10967);
#10969=PLANE('',#10968);
#10970=ORIENTED_EDGE('',*,*,#10917,.F.);
#10971=ORIENTED_EDGE('',*,*,#10932,.F.);
#10972=ORIENTED_EDGE('',*,*,#10946,.F.);
#10973=ORIENTED_EDGE('',*,*,#10959,.F.);
#10974=EDGE_LOOP('',(#10970,#10971,#10972,#10973));
#10975=FACE_OUTER_BOUND('',#10974,.F.);
#10977=CARTESIAN_POINT('',(1.524E1,0.E0,6.096E0));
#10978=DIRECTION('',(0.E0,0.E0,1.E0));
#10979=DIRECTION('',(1.E0,0.E0,0.E0));
#10980=AXIS2_PLACEMENT_3D('',#10977,#10978,#10979);
#10981=PLANE('',#10980);
#10983=ORIENTED_EDGE('',*,*,#10982,.F.);
#10985=ORIENTED_EDGE('',*,*,#10984,.F.);
#10987=ORIENTED_EDGE('',*,*,#10986,.F.);
#10989=ORIENTED_EDGE('',*,*,#10988,.F.);
#10990=EDGE_LOOP('',(#10983,#10985,#10987,#10989));
#10991=FACE_OUTER_BOUND('',#10990,.F.);
#10993=CARTESIAN_POINT('',(-3.175E-1,-9.652E-1,0.E0));
#10994=DIRECTION('',(-1.E0,0.E0,0.E0));
#10995=DIRECTION('',(0.E0,-1.E0,0.E0));
#10996=AXIS2_PLACEMENT_3D('',#10993,#10994,#10995);
#10997=PLANE('',#10996);
#10998=ORIENTED_EDGE('',*,*,#9952,.F.);
#11000=ORIENTED_EDGE('',*,*,#10999,.T.);
#11001=ORIENTED_EDGE('',*,*,#10982,.T.);
#11003=ORIENTED_EDGE('',*,*,#11002,.F.);
#11004=EDGE_LOOP('',(#10998,#11000,#11001,#11003));
#11005=FACE_OUTER_BOUND('',#11004,.F.);
#11007=CARTESIAN_POINT('',(3.175E-1,-9.652E-1,0.E0));
#11008=DIRECTION('',(0.E0,1.E0,0.E0));
#11009=DIRECTION('',(-1.E0,0.E0,0.E0));
#11010=AXIS2_PLACEMENT_3D('',#11007,#11008,#11009);
#11011=PLANE('',#11010);
#11012=ORIENTED_EDGE('',*,*,#9958,.F.);
#11014=ORIENTED_EDGE('',*,*,#11013,.T.);
#11015=ORIENTED_EDGE('',*,*,#10984,.T.);
#11016=ORIENTED_EDGE('',*,*,#10999,.F.);
#11017=EDGE_LOOP('',(#11012,#11014,#11015,#11016));
#11018=FACE_OUTER_BOUND('',#11017,.F.);
#11020=CARTESIAN_POINT('',(3.175E-1,-1.6002E0,0.E0));
#11021=DIRECTION('',(1.E0,0.E0,0.E0));
#11022=DIRECTION('',(0.E0,1.E0,0.E0));
#11023=AXIS2_PLACEMENT_3D('',#11020,#11021,#11022);
#11024=PLANE('',#11023);
#11025=ORIENTED_EDGE('',*,*,#9956,.F.);
#11027=ORIENTED_EDGE('',*,*,#11026,.T.);
#11028=ORIENTED_EDGE('',*,*,#10986,.T.);
#11029=ORIENTED_EDGE('',*,*,#11013,.F.);
#11030=EDGE_LOOP('',(#11025,#11027,#11028,#11029));
#11031=FACE_OUTER_BOUND('',#11030,.F.);
#11033=CARTESIAN_POINT('',(-3.175E-1,-1.6002E0,0.E0));
#11034=DIRECTION('',(0.E0,-1.E0,0.E0));
#11035=DIRECTION('',(1.E0,0.E0,0.E0));
#11036=AXIS2_PLACEMENT_3D('',#11033,#11034,#11035);
#11037=PLANE('',#11036);
#11038=ORIENTED_EDGE('',*,*,#9954,.F.);
#11039=ORIENTED_EDGE('',*,*,#11002,.T.);
#11040=ORIENTED_EDGE('',*,*,#10988,.T.);
#11041=ORIENTED_EDGE('',*,*,#11026,.F.);
#11042=EDGE_LOOP('',(#11038,#11039,#11040,#11041));
#11043=FACE_OUTER_BOUND('',#11042,.F.);
#11045=CARTESIAN_POINT('',(2.2225E0,1.5748E0,0.E0));
#11046=DIRECTION('',(-1.E0,0.E0,0.E0));
#11047=DIRECTION('',(0.E0,-1.E0,0.E0));
#11048=AXIS2_PLACEMENT_3D('',#11045,#11046,#11047);
#11049=PLANE('',#11048);
#11050=ORIENTED_EDGE('',*,*,#9962,.F.);
#11052=ORIENTED_EDGE('',*,*,#11051,.T.);
#11054=ORIENTED_EDGE('',*,*,#11053,.T.);
#11056=ORIENTED_EDGE('',*,*,#11055,.F.);
#11057=EDGE_LOOP('',(#11050,#11052,#11054,#11056));
#11058=FACE_OUTER_BOUND('',#11057,.F.);
#11060=CARTESIAN_POINT('',(2.8575E0,1.5748E0,0.E0));
#11061=DIRECTION('',(0.E0,1.E0,0.E0));
#11062=DIRECTION('',(-1.E0,0.E0,0.E0));
#11063=AXIS2_PLACEMENT_3D('',#11060,#11061,#11062);
#11064=PLANE('',#11063);
#11065=ORIENTED_EDGE('',*,*,#9968,.F.);
#11067=ORIENTED_EDGE('',*,*,#11066,.T.);
#11069=ORIENTED_EDGE('',*,*,#11068,.T.);
#11070=ORIENTED_EDGE('',*,*,#11051,.F.);
#11071=EDGE_LOOP('',(#11065,#11067,#11069,#11070));
#11072=FACE_OUTER_BOUND('',#11071,.F.);
#11074=CARTESIAN_POINT('',(2.8575E0,9.398E-1,0.E0));
#11075=DIRECTION('',(1.E0,0.E0,0.E0));
#11076=DIRECTION('',(0.E0,1.E0,0.E0));
#11077=AXIS2_PLACEMENT_3D('',#11074,#11075,#11076);
#11078=PLANE('',#11077);
#11079=ORIENTED_EDGE('',*,*,#9966,.F.);
#11081=ORIENTED_EDGE('',*,*,#11080,.T.);
#11083=ORIENTED_EDGE('',*,*,#11082,.T.);
#11084=ORIENTED_EDGE('',*,*,#11066,.F.);
#11085=EDGE_LOOP('',(#11079,#11081,#11083,#11084));
#11086=FACE_OUTER_BOUND('',#11085,.F.);
#11088=CARTESIAN_POINT('',(2.2225E0,9.398E-1,0.E0));
#11089=DIRECTION('',(0.E0,-1.E0,0.E0));
#11090=DIRECTION('',(1.E0,0.E0,0.E0));
#11091=AXIS2_PLACEMENT_3D('',#11088,#11089,#11090);
#11092=PLANE('',#11091);
#11093=ORIENTED_EDGE('',*,*,#9964,.F.);
#11094=ORIENTED_EDGE('',*,*,#11055,.T.);
#11096=ORIENTED_EDGE('',*,*,#11095,.T.);
#11097=ORIENTED_EDGE('',*,*,#11080,.F.);
#11098=EDGE_LOOP('',(#11093,#11094,#11096,#11097));
#11099=FACE_OUTER_BOUND('',#11098,.F.);
#11101=CARTESIAN_POINT('',(1.778E1,0.E0,6.096E0));
#11102=DIRECTION('',(0.E0,0.E0,1.E0));
#11103=DIRECTION('',(1.E0,0.E0,0.E0));
#11104=AXIS2_PLACEMENT_3D('',#11101,#11102,#11103);
#11105=PLANE('',#11104);
#11106=ORIENTED_EDGE('',*,*,#11053,.F.);
#11107=ORIENTED_EDGE('',*,*,#11068,.F.);
#11108=ORIENTED_EDGE('',*,*,#11082,.F.);
#11109=ORIENTED_EDGE('',*,*,#11095,.F.);
#11110=EDGE_LOOP('',(#11106,#11107,#11108,#11109));
#11111=FACE_OUTER_BOUND('',#11110,.F.);
#11113=CARTESIAN_POINT('',(1.778E1,0.E0,6.096E0));
#11114=DIRECTION('',(0.E0,0.E0,1.E0));
#11115=DIRECTION('',(1.E0,0.E0,0.E0));
#11116=AXIS2_PLACEMENT_3D('',#11113,#11114,#11115);
#11117=PLANE('',#11116);
#11119=ORIENTED_EDGE('',*,*,#11118,.F.);
#11121=ORIENTED_EDGE('',*,*,#11120,.F.);
#11123=ORIENTED_EDGE('',*,*,#11122,.F.);
#11125=ORIENTED_EDGE('',*,*,#11124,.F.);
#11126=EDGE_LOOP('',(#11119,#11121,#11123,#11125));
#11127=FACE_OUTER_BOUND('',#11126,.F.);
#11129=CARTESIAN_POINT('',(2.2225E0,-9.652E-1,0.E0));
#11130=DIRECTION('',(-1.E0,0.E0,0.E0));
#11131=DIRECTION('',(0.E0,-1.E0,0.E0));
#11132=AXIS2_PLACEMENT_3D('',#11129,#11130,#11131);
#11133=PLANE('',#11132);
#11134=ORIENTED_EDGE('',*,*,#9972,.F.);
#11136=ORIENTED_EDGE('',*,*,#11135,.T.);
#11137=ORIENTED_EDGE('',*,*,#11118,.T.);
#11139=ORIENTED_EDGE('',*,*,#11138,.F.);
#11140=EDGE_LOOP('',(#11134,#11136,#11137,#11139));
#11141=FACE_OUTER_BOUND('',#11140,.F.);
#11143=CARTESIAN_POINT('',(2.8575E0,-9.652E-1,0.E0));
#11144=DIRECTION('',(0.E0,1.E0,0.E0));
#11145=DIRECTION('',(-1.E0,0.E0,0.E0));
#11146=AXIS2_PLACEMENT_3D('',#11143,#11144,#11145);
#11147=PLANE('',#11146);
#11148=ORIENTED_EDGE('',*,*,#9978,.F.);
#11150=ORIENTED_EDGE('',*,*,#11149,.T.);
#11151=ORIENTED_EDGE('',*,*,#11120,.T.);
#11152=ORIENTED_EDGE('',*,*,#11135,.F.);
#11153=EDGE_LOOP('',(#11148,#11150,#11151,#11152));
#11154=FACE_OUTER_BOUND('',#11153,.F.);
#11156=CARTESIAN_POINT('',(2.8575E0,-1.6002E0,0.E0));
#11157=DIRECTION('',(1.E0,0.E0,0.E0));
#11158=DIRECTION('',(0.E0,1.E0,0.E0));
#11159=AXIS2_PLACEMENT_3D('',#11156,#11157,#11158);
#11160=PLANE('',#11159);
#11161=ORIENTED_EDGE('',*,*,#9976,.F.);
#11163=ORIENTED_EDGE('',*,*,#11162,.T.);
#11164=ORIENTED_EDGE('',*,*,#11122,.T.);
#11165=ORIENTED_EDGE('',*,*,#11149,.F.);
#11166=EDGE_LOOP('',(#11161,#11163,#11164,#11165));
#11167=FACE_OUTER_BOUND('',#11166,.F.);
#11169=CARTESIAN_POINT('',(2.2225E0,-1.6002E0,0.E0));
#11170=DIRECTION('',(0.E0,-1.E0,0.E0));
#11171=DIRECTION('',(1.E0,0.E0,0.E0));
#11172=AXIS2_PLACEMENT_3D('',#11169,#11170,#11171);
#11173=PLANE('',#11172);
#11174=ORIENTED_EDGE('',*,*,#9974,.F.);
#11175=ORIENTED_EDGE('',*,*,#11138,.T.);
#11176=ORIENTED_EDGE('',*,*,#11124,.T.);
#11177=ORIENTED_EDGE('',*,*,#11162,.F.);
#11178=EDGE_LOOP('',(#11174,#11175,#11176,#11177));
#11179=FACE_OUTER_BOUND('',#11178,.F.);
#11181=CARTESIAN_POINT('',(4.7625E0,1.5748E0,0.E0));
#11182=DIRECTION('',(-1.E0,0.E0,0.E0));
#11183=DIRECTION('',(0.E0,-1.E0,0.E0));
#11184=AXIS2_PLACEMENT_3D('',#11181,#11182,#11183);
#11185=PLANE('',#11184);
#11186=ORIENTED_EDGE('',*,*,#9982,.F.);
#11188=ORIENTED_EDGE('',*,*,#11187,.T.);
#11190=ORIENTED_EDGE('',*,*,#11189,.T.);
#11192=ORIENTED_EDGE('',*,*,#11191,.F.);
#11193=EDGE_LOOP('',(#11186,#11188,#11190,#11192));
#11194=FACE_OUTER_BOUND('',#11193,.F.);
#11196=CARTESIAN_POINT('',(5.3975E0,1.5748E0,0.E0));
#11197=DIRECTION('',(0.E0,1.E0,0.E0));
#11198=DIRECTION('',(-1.E0,0.E0,0.E0));
#11199=AXIS2_PLACEMENT_3D('',#11196,#11197,#11198);
#11200=PLANE('',#11199);
#11201=ORIENTED_EDGE('',*,*,#9988,.F.);
#11203=ORIENTED_EDGE('',*,*,#11202,.T.);
#11205=ORIENTED_EDGE('',*,*,#11204,.T.);
#11206=ORIENTED_EDGE('',*,*,#11187,.F.);
#11207=EDGE_LOOP('',(#11201,#11203,#11205,#11206));
#11208=FACE_OUTER_BOUND('',#11207,.F.);
#11210=CARTESIAN_POINT('',(5.3975E0,9.398E-1,0.E0));
#11211=DIRECTION('',(1.E0,0.E0,0.E0));
#11212=DIRECTION('',(0.E0,1.E0,0.E0));
#11213=AXIS2_PLACEMENT_3D('',#11210,#11211,#11212);
#11214=PLANE('',#11213);
#11215=ORIENTED_EDGE('',*,*,#9986,.F.);
#11217=ORIENTED_EDGE('',*,*,#11216,.T.);
#11219=ORIENTED_EDGE('',*,*,#11218,.T.);
#11220=ORIENTED_EDGE('',*,*,#11202,.F.);
#11221=EDGE_LOOP('',(#11215,#11217,#11219,#11220));
#11222=FACE_OUTER_BOUND('',#11221,.F.);
#11224=CARTESIAN_POINT('',(4.7625E0,9.398E-1,0.E0));
#11225=DIRECTION('',(0.E0,-1.E0,0.E0));
#11226=DIRECTION('',(1.E0,0.E0,0.E0));
#11227=AXIS2_PLACEMENT_3D('',#11224,#11225,#11226);
#11228=PLANE('',#11227);
#11229=ORIENTED_EDGE('',*,*,#9984,.F.);
#11230=ORIENTED_EDGE('',*,*,#11191,.T.);
#11232=ORIENTED_EDGE('',*,*,#11231,.T.);
#11233=ORIENTED_EDGE('',*,*,#11216,.F.);
#11234=EDGE_LOOP('',(#11229,#11230,#11232,#11233));
#11235=FACE_OUTER_BOUND('',#11234,.F.);
#11237=CARTESIAN_POINT('',(2.032E1,0.E0,6.096E0));
#11238=DIRECTION('',(0.E0,0.E0,1.E0));
#11239=DIRECTION('',(1.E0,0.E0,0.E0));
#11240=AXIS2_PLACEMENT_3D('',#11237,#11238,#11239);
#11241=PLANE('',#11240);
#11242=ORIENTED_EDGE('',*,*,#11189,.F.);
#11243=ORIENTED_EDGE('',*,*,#11204,.F.);
#11244=ORIENTED_EDGE('',*,*,#11218,.F.);
#11245=ORIENTED_EDGE('',*,*,#11231,.F.);
#11246=EDGE_LOOP('',(#11242,#11243,#11244,#11245));
#11247=FACE_OUTER_BOUND('',#11246,.F.);
#11249=CARTESIAN_POINT('',(2.032E1,0.E0,6.096E0));
#11250=DIRECTION('',(0.E0,0.E0,1.E0));
#11251=DIRECTION('',(1.E0,0.E0,0.E0));
#11252=AXIS2_PLACEMENT_3D('',#11249,#11250,#11251);
#11253=PLANE('',#11252);
#11255=ORIENTED_EDGE('',*,*,#11254,.F.);
#11257=ORIENTED_EDGE('',*,*,#11256,.F.);
#11259=ORIENTED_EDGE('',*,*,#11258,.F.);
#11261=ORIENTED_EDGE('',*,*,#11260,.F.);
#11262=EDGE_LOOP('',(#11255,#11257,#11259,#11261));
#11263=FACE_OUTER_BOUND('',#11262,.F.);
#11265=CARTESIAN_POINT('',(4.7625E0,-9.652E-1,0.E0));
#11266=DIRECTION('',(-1.E0,0.E0,0.E0));
#11267=DIRECTION('',(0.E0,-1.E0,0.E0));
#11268=AXIS2_PLACEMENT_3D('',#11265,#11266,#11267);
#11269=PLANE('',#11268);
#11270=ORIENTED_EDGE('',*,*,#9992,.F.);
#11272=ORIENTED_EDGE('',*,*,#11271,.T.);
#11273=ORIENTED_EDGE('',*,*,#11254,.T.);
#11275=ORIENTED_EDGE('',*,*,#11274,.F.);
#11276=EDGE_LOOP('',(#11270,#11272,#11273,#11275));
#11277=FACE_OUTER_BOUND('',#11276,.F.);
#11279=CARTESIAN_POINT('',(5.3975E0,-9.652E-1,0.E0));
#11280=DIRECTION('',(0.E0,1.E0,0.E0));
#11281=DIRECTION('',(-1.E0,0.E0,0.E0));
#11282=AXIS2_PLACEMENT_3D('',#11279,#11280,#11281);
#11283=PLANE('',#11282);
#11284=ORIENTED_EDGE('',*,*,#9998,.F.);
#11286=ORIENTED_EDGE('',*,*,#11285,.T.);
#11287=ORIENTED_EDGE('',*,*,#11256,.T.);
#11288=ORIENTED_EDGE('',*,*,#11271,.F.);
#11289=EDGE_LOOP('',(#11284,#11286,#11287,#11288));
#11290=FACE_OUTER_BOUND('',#11289,.F.);
#11292=CARTESIAN_POINT('',(5.3975E0,-1.6002E0,0.E0));
#11293=DIRECTION('',(1.E0,0.E0,0.E0));
#11294=DIRECTION('',(0.E0,1.E0,0.E0));
#11295=AXIS2_PLACEMENT_3D('',#11292,#11293,#11294);
#11296=PLANE('',#11295);
#11297=ORIENTED_EDGE('',*,*,#9996,.F.);
#11299=ORIENTED_EDGE('',*,*,#11298,.T.);
#11300=ORIENTED_EDGE('',*,*,#11258,.T.);
#11301=ORIENTED_EDGE('',*,*,#11285,.F.);
#11302=EDGE_LOOP('',(#11297,#11299,#11300,#11301));
#11303=FACE_OUTER_BOUND('',#11302,.F.);
#11305=CARTESIAN_POINT('',(4.7625E0,-1.6002E0,0.E0));
#11306=DIRECTION('',(0.E0,-1.E0,0.E0));
#11307=DIRECTION('',(1.E0,0.E0,0.E0));
#11308=AXIS2_PLACEMENT_3D('',#11305,#11306,#11307);
#11309=PLANE('',#11308);
#11310=ORIENTED_EDGE('',*,*,#9994,.F.);
#11311=ORIENTED_EDGE('',*,*,#11274,.T.);
#11312=ORIENTED_EDGE('',*,*,#11260,.T.);
#11313=ORIENTED_EDGE('',*,*,#11298,.F.);
#11314=EDGE_LOOP('',(#11310,#11311,#11312,#11313));
#11315=FACE_OUTER_BOUND('',#11314,.F.);
#11317=CARTESIAN_POINT('',(7.3025E0,1.5748E0,0.E0));
#11318=DIRECTION('',(-1.E0,0.E0,0.E0));
#11319=DIRECTION('',(0.E0,-1.E0,0.E0));
#11320=AXIS2_PLACEMENT_3D('',#11317,#11318,#11319);
#11321=PLANE('',#11320);
#11322=ORIENTED_EDGE('',*,*,#10002,.F.);
#11324=ORIENTED_EDGE('',*,*,#11323,.T.);
#11326=ORIENTED_EDGE('',*,*,#11325,.T.);
#11328=ORIENTED_EDGE('',*,*,#11327,.F.);
#11329=EDGE_LOOP('',(#11322,#11324,#11326,#11328));
#11330=FACE_OUTER_BOUND('',#11329,.F.);
#11332=CARTESIAN_POINT('',(7.9375E0,1.5748E0,0.E0));
#11333=DIRECTION('',(0.E0,1.E0,0.E0));
#11334=DIRECTION('',(-1.E0,0.E0,0.E0));
#11335=AXIS2_PLACEMENT_3D('',#11332,#11333,#11334);
#11336=PLANE('',#11335);
#11337=ORIENTED_EDGE('',*,*,#10008,.F.);
#11339=ORIENTED_EDGE('',*,*,#11338,.T.);
#11341=ORIENTED_EDGE('',*,*,#11340,.T.);
#11342=ORIENTED_EDGE('',*,*,#11323,.F.);
#11343=EDGE_LOOP('',(#11337,#11339,#11341,#11342));
#11344=FACE_OUTER_BOUND('',#11343,.F.);
#11346=CARTESIAN_POINT('',(7.9375E0,9.398E-1,0.E0));
#11347=DIRECTION('',(1.E0,0.E0,0.E0));
#11348=DIRECTION('',(0.E0,1.E0,0.E0));
#11349=AXIS2_PLACEMENT_3D('',#11346,#11347,#11348);
#11350=PLANE('',#11349);
#11351=ORIENTED_EDGE('',*,*,#10006,.F.);
#11353=ORIENTED_EDGE('',*,*,#11352,.T.);
#11355=ORIENTED_EDGE('',*,*,#11354,.T.);
#11356=ORIENTED_EDGE('',*,*,#11338,.F.);
#11357=EDGE_LOOP('',(#11351,#11353,#11355,#11356));
#11358=FACE_OUTER_BOUND('',#11357,.F.);
#11360=CARTESIAN_POINT('',(7.3025E0,9.398E-1,0.E0));
#11361=DIRECTION('',(0.E0,-1.E0,0.E0));
#11362=DIRECTION('',(1.E0,0.E0,0.E0));
#11363=AXIS2_PLACEMENT_3D('',#11360,#11361,#11362);
#11364=PLANE('',#11363);
#11365=ORIENTED_EDGE('',*,*,#10004,.F.);
#11366=ORIENTED_EDGE('',*,*,#11327,.T.);
#11368=ORIENTED_EDGE('',*,*,#11367,.T.);
#11369=ORIENTED_EDGE('',*,*,#11352,.F.);
#11370=EDGE_LOOP('',(#11365,#11366,#11368,#11369));
#11371=FACE_OUTER_BOUND('',#11370,.F.);
#11373=CARTESIAN_POINT('',(2.286E1,0.E0,6.096E0));
#11374=DIRECTION('',(0.E0,0.E0,1.E0));
#11375=DIRECTION('',(1.E0,0.E0,0.E0));
#11376=AXIS2_PLACEMENT_3D('',#11373,#11374,#11375);
#11377=PLANE('',#11376);
#11378=ORIENTED_EDGE('',*,*,#11325,.F.);
#11379=ORIENTED_EDGE('',*,*,#11340,.F.);
#11380=ORIENTED_EDGE('',*,*,#11354,.F.);
#11381=ORIENTED_EDGE('',*,*,#11367,.F.);
#11382=EDGE_LOOP('',(#11378,#11379,#11380,#11381));
#11383=FACE_OUTER_BOUND('',#11382,.F.);
#11385=CARTESIAN_POINT('',(2.286E1,0.E0,6.096E0));
#11386=DIRECTION('',(0.E0,0.E0,1.E0));
#11387=DIRECTION('',(1.E0,0.E0,0.E0));
#11388=AXIS2_PLACEMENT_3D('',#11385,#11386,#11387);
#11389=PLANE('',#11388);
#11391=ORIENTED_EDGE('',*,*,#11390,.F.);
#11393=ORIENTED_EDGE('',*,*,#11392,.F.);
#11395=ORIENTED_EDGE('',*,*,#11394,.F.);
#11397=ORIENTED_EDGE('',*,*,#11396,.F.);
#11398=EDGE_LOOP('',(#11391,#11393,#11395,#11397));
#11399=FACE_OUTER_BOUND('',#11398,.F.);
#11401=CARTESIAN_POINT('',(7.3025E0,-9.652E-1,0.E0));
#11402=DIRECTION('',(-1.E0,0.E0,0.E0));
#11403=DIRECTION('',(0.E0,-1.E0,0.E0));
#11404=AXIS2_PLACEMENT_3D('',#11401,#11402,#11403);
#11405=PLANE('',#11404);
#11406=ORIENTED_EDGE('',*,*,#10012,.F.);
#11408=ORIENTED_EDGE('',*,*,#11407,.T.);
#11409=ORIENTED_EDGE('',*,*,#11390,.T.);
#11411=ORIENTED_EDGE('',*,*,#11410,.F.);
#11412=EDGE_LOOP('',(#11406,#11408,#11409,#11411));
#11413=FACE_OUTER_BOUND('',#11412,.F.);
#11415=CARTESIAN_POINT('',(7.9375E0,-9.652E-1,0.E0));
#11416=DIRECTION('',(0.E0,1.E0,0.E0));
#11417=DIRECTION('',(-1.E0,0.E0,0.E0));
#11418=AXIS2_PLACEMENT_3D('',#11415,#11416,#11417);
#11419=PLANE('',#11418);
#11420=ORIENTED_EDGE('',*,*,#10018,.F.);
#11422=ORIENTED_EDGE('',*,*,#11421,.T.);
#11423=ORIENTED_EDGE('',*,*,#11392,.T.);
#11424=ORIENTED_EDGE('',*,*,#11407,.F.);
#11425=EDGE_LOOP('',(#11420,#11422,#11423,#11424));
#11426=FACE_OUTER_BOUND('',#11425,.F.);
#11428=CARTESIAN_POINT('',(7.9375E0,-1.6002E0,0.E0));
#11429=DIRECTION('',(1.E0,0.E0,0.E0));
#11430=DIRECTION('',(0.E0,1.E0,0.E0));
#11431=AXIS2_PLACEMENT_3D('',#11428,#11429,#11430);
#11432=PLANE('',#11431);
#11433=ORIENTED_EDGE('',*,*,#10016,.F.);
#11435=ORIENTED_EDGE('',*,*,#11434,.T.);
#11436=ORIENTED_EDGE('',*,*,#11394,.T.);
#11437=ORIENTED_EDGE('',*,*,#11421,.F.);
#11438=EDGE_LOOP('',(#11433,#11435,#11436,#11437));
#11439=FACE_OUTER_BOUND('',#11438,.F.);
#11441=CARTESIAN_POINT('',(7.3025E0,-1.6002E0,0.E0));
#11442=DIRECTION('',(0.E0,-1.E0,0.E0));
#11443=DIRECTION('',(1.E0,0.E0,0.E0));
#11444=AXIS2_PLACEMENT_3D('',#11441,#11442,#11443);
#11445=PLANE('',#11444);
#11446=ORIENTED_EDGE('',*,*,#10014,.F.);
#11447=ORIENTED_EDGE('',*,*,#11410,.T.);
#11448=ORIENTED_EDGE('',*,*,#11396,.T.);
#11449=ORIENTED_EDGE('',*,*,#11434,.F.);
#11450=EDGE_LOOP('',(#11446,#11447,#11448,#11449));
#11451=FACE_OUTER_BOUND('',#11450,.F.);
#11453=CARTESIAN_POINT('',(9.8425E0,1.5748E0,0.E0));
#11454=DIRECTION('',(-1.E0,0.E0,0.E0));
#11455=DIRECTION('',(0.E0,-1.E0,0.E0));
#11456=AXIS2_PLACEMENT_3D('',#11453,#11454,#11455);
#11457=PLANE('',#11456);
#11458=ORIENTED_EDGE('',*,*,#10022,.F.);
#11460=ORIENTED_EDGE('',*,*,#11459,.T.);
#11462=ORIENTED_EDGE('',*,*,#11461,.T.);
#11464=ORIENTED_EDGE('',*,*,#11463,.F.);
#11465=EDGE_LOOP('',(#11458,#11460,#11462,#11464));
#11466=FACE_OUTER_BOUND('',#11465,.F.);
#11468=CARTESIAN_POINT('',(1.04775E1,1.5748E0,0.E0));
#11469=DIRECTION('',(0.E0,1.E0,0.E0));
#11470=DIRECTION('',(-1.E0,0.E0,0.E0));
#11471=AXIS2_PLACEMENT_3D('',#11468,#11469,#11470);
#11472=PLANE('',#11471);
#11473=ORIENTED_EDGE('',*,*,#10028,.F.);
#11475=ORIENTED_EDGE('',*,*,#11474,.T.);
#11477=ORIENTED_EDGE('',*,*,#11476,.T.);
#11478=ORIENTED_EDGE('',*,*,#11459,.F.);
#11479=EDGE_LOOP('',(#11473,#11475,#11477,#11478));
#11480=FACE_OUTER_BOUND('',#11479,.F.);
#11482=CARTESIAN_POINT('',(1.04775E1,9.398E-1,0.E0));
#11483=DIRECTION('',(1.E0,0.E0,0.E0));
#11484=DIRECTION('',(0.E0,1.E0,0.E0));
#11485=AXIS2_PLACEMENT_3D('',#11482,#11483,#11484);
#11486=PLANE('',#11485);
#11487=ORIENTED_EDGE('',*,*,#10026,.F.);
#11489=ORIENTED_EDGE('',*,*,#11488,.T.);
#11491=ORIENTED_EDGE('',*,*,#11490,.T.);
#11492=ORIENTED_EDGE('',*,*,#11474,.F.);
#11493=EDGE_LOOP('',(#11487,#11489,#11491,#11492));
#11494=FACE_OUTER_BOUND('',#11493,.F.);
#11496=CARTESIAN_POINT('',(9.8425E0,9.398E-1,0.E0));
#11497=DIRECTION('',(0.E0,-1.E0,0.E0));
#11498=DIRECTION('',(1.E0,0.E0,0.E0));
#11499=AXIS2_PLACEMENT_3D('',#11496,#11497,#11498);
#11500=PLANE('',#11499);
#11501=ORIENTED_EDGE('',*,*,#10024,.F.);
#11502=ORIENTED_EDGE('',*,*,#11463,.T.);
#11504=ORIENTED_EDGE('',*,*,#11503,.T.);
#11505=ORIENTED_EDGE('',*,*,#11488,.F.);
#11506=EDGE_LOOP('',(#11501,#11502,#11504,#11505));
#11507=FACE_OUTER_BOUND('',#11506,.F.);
#11509=CARTESIAN_POINT('',(2.54E1,0.E0,6.096E0));
#11510=DIRECTION('',(0.E0,0.E0,1.E0));
#11511=DIRECTION('',(1.E0,0.E0,0.E0));
#11512=AXIS2_PLACEMENT_3D('',#11509,#11510,#11511);
#11513=PLANE('',#11512);
#11514=ORIENTED_EDGE('',*,*,#11461,.F.);
#11515=ORIENTED_EDGE('',*,*,#11476,.F.);
#11516=ORIENTED_EDGE('',*,*,#11490,.F.);
#11517=ORIENTED_EDGE('',*,*,#11503,.F.);
#11518=EDGE_LOOP('',(#11514,#11515,#11516,#11517));
#11519=FACE_OUTER_BOUND('',#11518,.F.);
#11521=CARTESIAN_POINT('',(2.54E1,0.E0,6.096E0));
#11522=DIRECTION('',(0.E0,0.E0,1.E0));
#11523=DIRECTION('',(1.E0,0.E0,0.E0));
#11524=AXIS2_PLACEMENT_3D('',#11521,#11522,#11523);
#11525=PLANE('',#11524);
#11527=ORIENTED_EDGE('',*,*,#11526,.F.);
#11529=ORIENTED_EDGE('',*,*,#11528,.F.);
#11531=ORIENTED_EDGE('',*,*,#11530,.F.);
#11533=ORIENTED_EDGE('',*,*,#11532,.F.);
#11534=EDGE_LOOP('',(#11527,#11529,#11531,#11533));
#11535=FACE_OUTER_BOUND('',#11534,.F.);
#11537=CARTESIAN_POINT('',(9.8425E0,-9.652E-1,0.E0));
#11538=DIRECTION('',(-1.E0,0.E0,0.E0));
#11539=DIRECTION('',(0.E0,-1.E0,0.E0));
#11540=AXIS2_PLACEMENT_3D('',#11537,#11538,#11539);
#11541=PLANE('',#11540);
#11542=ORIENTED_EDGE('',*,*,#10032,.F.);
#11544=ORIENTED_EDGE('',*,*,#11543,.T.);
#11545=ORIENTED_EDGE('',*,*,#11526,.T.);
#11547=ORIENTED_EDGE('',*,*,#11546,.F.);
#11548=EDGE_LOOP('',(#11542,#11544,#11545,#11547));
#11549=FACE_OUTER_BOUND('',#11548,.F.);
#11551=CARTESIAN_POINT('',(1.04775E1,-9.652E-1,0.E0));
#11552=DIRECTION('',(0.E0,1.E0,0.E0));
#11553=DIRECTION('',(-1.E0,0.E0,0.E0));
#11554=AXIS2_PLACEMENT_3D('',#11551,#11552,#11553);
#11555=PLANE('',#11554);
#11556=ORIENTED_EDGE('',*,*,#10038,.F.);
#11558=ORIENTED_EDGE('',*,*,#11557,.T.);
#11559=ORIENTED_EDGE('',*,*,#11528,.T.);
#11560=ORIENTED_EDGE('',*,*,#11543,.F.);
#11561=EDGE_LOOP('',(#11556,#11558,#11559,#11560));
#11562=FACE_OUTER_BOUND('',#11561,.F.);
#11564=CARTESIAN_POINT('',(1.04775E1,-1.6002E0,0.E0));
#11565=DIRECTION('',(1.E0,0.E0,0.E0));
#11566=DIRECTION('',(0.E0,1.E0,0.E0));
#11567=AXIS2_PLACEMENT_3D('',#11564,#11565,#11566);
#11568=PLANE('',#11567);
#11569=ORIENTED_EDGE('',*,*,#10036,.F.);
#11571=ORIENTED_EDGE('',*,*,#11570,.T.);
#11572=ORIENTED_EDGE('',*,*,#11530,.T.);
#11573=ORIENTED_EDGE('',*,*,#11557,.F.);
#11574=EDGE_LOOP('',(#11569,#11571,#11572,#11573));
#11575=FACE_OUTER_BOUND('',#11574,.F.);
#11577=CARTESIAN_POINT('',(9.8425E0,-1.6002E0,0.E0));
#11578=DIRECTION('',(0.E0,-1.E0,0.E0));
#11579=DIRECTION('',(1.E0,0.E0,0.E0));
#11580=AXIS2_PLACEMENT_3D('',#11577,#11578,#11579);
#11581=PLANE('',#11580);
#11582=ORIENTED_EDGE('',*,*,#10034,.F.);
#11583=ORIENTED_EDGE('',*,*,#11546,.T.);
#11584=ORIENTED_EDGE('',*,*,#11532,.T.);
#11585=ORIENTED_EDGE('',*,*,#11570,.F.);
#11586=EDGE_LOOP('',(#11582,#11583,#11584,#11585));
#11587=FACE_OUTER_BOUND('',#11586,.F.);
#11589=CARTESIAN_POINT('',(1.23825E1,1.5748E0,0.E0));
#11590=DIRECTION('',(-1.E0,0.E0,0.E0));
#11591=DIRECTION('',(0.E0,-1.E0,0.E0));
#11592=AXIS2_PLACEMENT_3D('',#11589,#11590,#11591);
#11593=PLANE('',#11592);
#11594=ORIENTED_EDGE('',*,*,#10042,.F.);
#11596=ORIENTED_EDGE('',*,*,#11595,.T.);
#11598=ORIENTED_EDGE('',*,*,#11597,.T.);
#11600=ORIENTED_EDGE('',*,*,#11599,.F.);
#11601=EDGE_LOOP('',(#11594,#11596,#11598,#11600));
#11602=FACE_OUTER_BOUND('',#11601,.F.);
#11604=CARTESIAN_POINT('',(1.30175E1,1.5748E0,0.E0));
#11605=DIRECTION('',(0.E0,1.E0,0.E0));
#11606=DIRECTION('',(-1.E0,0.E0,0.E0));
#11607=AXIS2_PLACEMENT_3D('',#11604,#11605,#11606);
#11608=PLANE('',#11607);
#11609=ORIENTED_EDGE('',*,*,#10048,.F.);
#11611=ORIENTED_EDGE('',*,*,#11610,.T.);
#11613=ORIENTED_EDGE('',*,*,#11612,.T.);
#11614=ORIENTED_EDGE('',*,*,#11595,.F.);
#11615=EDGE_LOOP('',(#11609,#11611,#11613,#11614));
#11616=FACE_OUTER_BOUND('',#11615,.F.);
#11618=CARTESIAN_POINT('',(1.30175E1,9.398E-1,0.E0));
#11619=DIRECTION('',(1.E0,0.E0,0.E0));
#11620=DIRECTION('',(0.E0,1.E0,0.E0));
#11621=AXIS2_PLACEMENT_3D('',#11618,#11619,#11620);
#11622=PLANE('',#11621);
#11623=ORIENTED_EDGE('',*,*,#10046,.F.);
#11625=ORIENTED_EDGE('',*,*,#11624,.T.);
#11627=ORIENTED_EDGE('',*,*,#11626,.T.);
#11628=ORIENTED_EDGE('',*,*,#11610,.F.);
#11629=EDGE_LOOP('',(#11623,#11625,#11627,#11628));
#11630=FACE_OUTER_BOUND('',#11629,.F.);
#11632=CARTESIAN_POINT('',(1.23825E1,9.398E-1,0.E0));
#11633=DIRECTION('',(0.E0,-1.E0,0.E0));
#11634=DIRECTION('',(1.E0,0.E0,0.E0));
#11635=AXIS2_PLACEMENT_3D('',#11632,#11633,#11634);
#11636=PLANE('',#11635);
#11637=ORIENTED_EDGE('',*,*,#10044,.F.);
#11638=ORIENTED_EDGE('',*,*,#11599,.T.);
#11640=ORIENTED_EDGE('',*,*,#11639,.T.);
#11641=ORIENTED_EDGE('',*,*,#11624,.F.);
#11642=EDGE_LOOP('',(#11637,#11638,#11640,#11641));
#11643=FACE_OUTER_BOUND('',#11642,.F.);
#11645=CARTESIAN_POINT('',(2.794E1,0.E0,6.096E0));
#11646=DIRECTION('',(0.E0,0.E0,1.E0));
#11647=DIRECTION('',(1.E0,0.E0,0.E0));
#11648=AXIS2_PLACEMENT_3D('',#11645,#11646,#11647);
#11649=PLANE('',#11648);
#11650=ORIENTED_EDGE('',*,*,#11597,.F.);
#11651=ORIENTED_EDGE('',*,*,#11612,.F.);
#11652=ORIENTED_EDGE('',*,*,#11626,.F.);
#11653=ORIENTED_EDGE('',*,*,#11639,.F.);
#11654=EDGE_LOOP('',(#11650,#11651,#11652,#11653));
#11655=FACE_OUTER_BOUND('',#11654,.F.);
#11657=CARTESIAN_POINT('',(2.794E1,0.E0,6.096E0));
#11658=DIRECTION('',(0.E0,0.E0,1.E0));
#11659=DIRECTION('',(1.E0,0.E0,0.E0));
#11660=AXIS2_PLACEMENT_3D('',#11657,#11658,#11659);
#11661=PLANE('',#11660);
#11663=ORIENTED_EDGE('',*,*,#11662,.F.);
#11665=ORIENTED_EDGE('',*,*,#11664,.F.);
#11667=ORIENTED_EDGE('',*,*,#11666,.F.);
#11669=ORIENTED_EDGE('',*,*,#11668,.F.);
#11670=EDGE_LOOP('',(#11663,#11665,#11667,#11669));
#11671=FACE_OUTER_BOUND('',#11670,.F.);
#11673=CARTESIAN_POINT('',(1.23825E1,-9.652E-1,0.E0));
#11674=DIRECTION('',(-1.E0,0.E0,0.E0));
#11675=DIRECTION('',(0.E0,-1.E0,0.E0));
#11676=AXIS2_PLACEMENT_3D('',#11673,#11674,#11675);
#11677=PLANE('',#11676);
#11678=ORIENTED_EDGE('',*,*,#10052,.F.);
#11680=ORIENTED_EDGE('',*,*,#11679,.T.);
#11681=ORIENTED_EDGE('',*,*,#11662,.T.);
#11683=ORIENTED_EDGE('',*,*,#11682,.F.);
#11684=EDGE_LOOP('',(#11678,#11680,#11681,#11683));
#11685=FACE_OUTER_BOUND('',#11684,.F.);
#11687=CARTESIAN_POINT('',(1.30175E1,-9.652E-1,0.E0));
#11688=DIRECTION('',(0.E0,1.E0,0.E0));
#11689=DIRECTION('',(-1.E0,0.E0,0.E0));
#11690=AXIS2_PLACEMENT_3D('',#11687,#11688,#11689);
#11691=PLANE('',#11690);
#11692=ORIENTED_EDGE('',*,*,#10058,.F.);
#11694=ORIENTED_EDGE('',*,*,#11693,.T.);
#11695=ORIENTED_EDGE('',*,*,#11664,.T.);
#11696=ORIENTED_EDGE('',*,*,#11679,.F.);
#11697=EDGE_LOOP('',(#11692,#11694,#11695,#11696));
#11698=FACE_OUTER_BOUND('',#11697,.F.);
#11700=CARTESIAN_POINT('',(1.30175E1,-1.6002E0,0.E0));
#11701=DIRECTION('',(1.E0,0.E0,0.E0));
#11702=DIRECTION('',(0.E0,1.E0,0.E0));
#11703=AXIS2_PLACEMENT_3D('',#11700,#11701,#11702);
#11704=PLANE('',#11703);
#11705=ORIENTED_EDGE('',*,*,#10056,.F.);
#11707=ORIENTED_EDGE('',*,*,#11706,.T.);
#11708=ORIENTED_EDGE('',*,*,#11666,.T.);
#11709=ORIENTED_EDGE('',*,*,#11693,.F.);
#11710=EDGE_LOOP('',(#11705,#11707,#11708,#11709));
#11711=FACE_OUTER_BOUND('',#11710,.F.);
#11713=CARTESIAN_POINT('',(1.23825E1,-1.6002E0,0.E0));
#11714=DIRECTION('',(0.E0,-1.E0,0.E0));
#11715=DIRECTION('',(1.E0,0.E0,0.E0));
#11716=AXIS2_PLACEMENT_3D('',#11713,#11714,#11715);
#11717=PLANE('',#11716);
#11718=ORIENTED_EDGE('',*,*,#10054,.F.);
#11719=ORIENTED_EDGE('',*,*,#11682,.T.);
#11720=ORIENTED_EDGE('',*,*,#11668,.T.);
#11721=ORIENTED_EDGE('',*,*,#11706,.F.);
#11722=EDGE_LOOP('',(#11718,#11719,#11720,#11721));
#11723=FACE_OUTER_BOUND('',#11722,.F.);
#11725=CARTESIAN_POINT('',(1.49225E1,1.5748E0,0.E0));
#11726=DIRECTION('',(-1.E0,0.E0,0.E0));
#11727=DIRECTION('',(0.E0,-1.E0,0.E0));
#11728=AXIS2_PLACEMENT_3D('',#11725,#11726,#11727);
#11729=PLANE('',#11728);
#11730=ORIENTED_EDGE('',*,*,#10062,.F.);
#11732=ORIENTED_EDGE('',*,*,#11731,.T.);
#11734=ORIENTED_EDGE('',*,*,#11733,.T.);
#11736=ORIENTED_EDGE('',*,*,#11735,.F.);
#11737=EDGE_LOOP('',(#11730,#11732,#11734,#11736));
#11738=FACE_OUTER_BOUND('',#11737,.F.);
#11740=CARTESIAN_POINT('',(1.55575E1,1.5748E0,0.E0));
#11741=DIRECTION('',(0.E0,1.E0,0.E0));
#11742=DIRECTION('',(-1.E0,0.E0,0.E0));
#11743=AXIS2_PLACEMENT_3D('',#11740,#11741,#11742);
#11744=PLANE('',#11743);
#11745=ORIENTED_EDGE('',*,*,#10068,.F.);
#11747=ORIENTED_EDGE('',*,*,#11746,.T.);
#11749=ORIENTED_EDGE('',*,*,#11748,.T.);
#11750=ORIENTED_EDGE('',*,*,#11731,.F.);
#11751=EDGE_LOOP('',(#11745,#11747,#11749,#11750));
#11752=FACE_OUTER_BOUND('',#11751,.F.);
#11754=CARTESIAN_POINT('',(1.55575E1,9.398E-1,0.E0));
#11755=DIRECTION('',(1.E0,0.E0,0.E0));
#11756=DIRECTION('',(0.E0,1.E0,0.E0));
#11757=AXIS2_PLACEMENT_3D('',#11754,#11755,#11756);
#11758=PLANE('',#11757);
#11759=ORIENTED_EDGE('',*,*,#10066,.F.);
#11761=ORIENTED_EDGE('',*,*,#11760,.T.);
#11763=ORIENTED_EDGE('',*,*,#11762,.T.);
#11764=ORIENTED_EDGE('',*,*,#11746,.F.);
#11765=EDGE_LOOP('',(#11759,#11761,#11763,#11764));
#11766=FACE_OUTER_BOUND('',#11765,.F.);
#11768=CARTESIAN_POINT('',(1.49225E1,9.398E-1,0.E0));
#11769=DIRECTION('',(0.E0,-1.E0,0.E0));
#11770=DIRECTION('',(1.E0,0.E0,0.E0));
#11771=AXIS2_PLACEMENT_3D('',#11768,#11769,#11770);
#11772=PLANE('',#11771);
#11773=ORIENTED_EDGE('',*,*,#10064,.F.);
#11774=ORIENTED_EDGE('',*,*,#11735,.T.);
#11776=ORIENTED_EDGE('',*,*,#11775,.T.);
#11777=ORIENTED_EDGE('',*,*,#11760,.F.);
#11778=EDGE_LOOP('',(#11773,#11774,#11776,#11777));
#11779=FACE_OUTER_BOUND('',#11778,.F.);
#11781=CARTESIAN_POINT('',(3.048E1,0.E0,6.096E0));
#11782=DIRECTION('',(0.E0,0.E0,1.E0));
#11783=DIRECTION('',(1.E0,0.E0,0.E0));
#11784=AXIS2_PLACEMENT_3D('',#11781,#11782,#11783);
#11785=PLANE('',#11784);
#11786=ORIENTED_EDGE('',*,*,#11733,.F.);
#11787=ORIENTED_EDGE('',*,*,#11748,.F.);
#11788=ORIENTED_EDGE('',*,*,#11762,.F.);
#11789=ORIENTED_EDGE('',*,*,#11775,.F.);
#11790=EDGE_LOOP('',(#11786,#11787,#11788,#11789));
#11791=FACE_OUTER_BOUND('',#11790,.F.);
#11793=CARTESIAN_POINT('',(3.048E1,0.E0,6.096E0));
#11794=DIRECTION('',(0.E0,0.E0,1.E0));
#11795=DIRECTION('',(1.E0,0.E0,0.E0));
#11796=AXIS2_PLACEMENT_3D('',#11793,#11794,#11795);
#11797=PLANE('',#11796);
#11799=ORIENTED_EDGE('',*,*,#11798,.F.);
#11801=ORIENTED_EDGE('',*,*,#11800,.F.);
#11803=ORIENTED_EDGE('',*,*,#11802,.F.);
#11805=ORIENTED_EDGE('',*,*,#11804,.F.);
#11806=EDGE_LOOP('',(#11799,#11801,#11803,#11805));
#11807=FACE_OUTER_BOUND('',#11806,.F.);
#11809=CARTESIAN_POINT('',(1.49225E1,-9.652E-1,0.E0));
#11810=DIRECTION('',(-1.E0,0.E0,0.E0));
#11811=DIRECTION('',(0.E0,-1.E0,0.E0));
#11812=AXIS2_PLACEMENT_3D('',#11809,#11810,#11811);
#11813=PLANE('',#11812);
#11814=ORIENTED_EDGE('',*,*,#10072,.F.);
#11816=ORIENTED_EDGE('',*,*,#11815,.T.);
#11817=ORIENTED_EDGE('',*,*,#11798,.T.);
#11819=ORIENTED_EDGE('',*,*,#11818,.F.);
#11820=EDGE_LOOP('',(#11814,#11816,#11817,#11819));
#11821=FACE_OUTER_BOUND('',#11820,.F.);
#11823=CARTESIAN_POINT('',(1.55575E1,-9.652E-1,0.E0));
#11824=DIRECTION('',(0.E0,1.E0,0.E0));
#11825=DIRECTION('',(-1.E0,0.E0,0.E0));
#11826=AXIS2_PLACEMENT_3D('',#11823,#11824,#11825);
#11827=PLANE('',#11826);
#11828=ORIENTED_EDGE('',*,*,#10078,.F.);
#11830=ORIENTED_EDGE('',*,*,#11829,.T.);
#11831=ORIENTED_EDGE('',*,*,#11800,.T.);
#11832=ORIENTED_EDGE('',*,*,#11815,.F.);
#11833=EDGE_LOOP('',(#11828,#11830,#11831,#11832));
#11834=FACE_OUTER_BOUND('',#11833,.F.);
#11836=CARTESIAN_POINT('',(1.55575E1,-1.6002E0,0.E0));
#11837=DIRECTION('',(1.E0,0.E0,0.E0));
#11838=DIRECTION('',(0.E0,1.E0,0.E0));
#11839=AXIS2_PLACEMENT_3D('',#11836,#11837,#11838);
#11840=PLANE('',#11839);
#11841=ORIENTED_EDGE('',*,*,#10076,.F.);
#11843=ORIENTED_EDGE('',*,*,#11842,.T.);
#11844=ORIENTED_EDGE('',*,*,#11802,.T.);
#11845=ORIENTED_EDGE('',*,*,#11829,.F.);
#11846=EDGE_LOOP('',(#11841,#11843,#11844,#11845));
#11847=FACE_OUTER_BOUND('',#11846,.F.);
#11849=CARTESIAN_POINT('',(1.49225E1,-1.6002E0,0.E0));
#11850=DIRECTION('',(0.E0,-1.E0,0.E0));
#11851=DIRECTION('',(1.E0,0.E0,0.E0));
#11852=AXIS2_PLACEMENT_3D('',#11849,#11850,#11851);
#11853=PLANE('',#11852);
#11854=ORIENTED_EDGE('',*,*,#10074,.F.);
#11855=ORIENTED_EDGE('',*,*,#11818,.T.);
#11856=ORIENTED_EDGE('',*,*,#11804,.T.);
#11857=ORIENTED_EDGE('',*,*,#11842,.F.);
#11858=EDGE_LOOP('',(#11854,#11855,#11856,#11857));
#11859=FACE_OUTER_BOUND('',#11858,.F.);
#11861=CARTESIAN_POINT('',(-1.905E1,3.2131E0,6.604E0));
#11862=DIRECTION('',(-1.E0,0.E0,0.E0));
#11863=DIRECTION('',(0.E0,-1.E0,0.E0));
#11864=AXIS2_PLACEMENT_3D('',#11861,#11862,#11863);
#11865=PLANE('',#11864);
#11867=ORIENTED_EDGE('',*,*,#11866,.F.);
#11868=ORIENTED_EDGE('',*,*,#9780,.T.);
#11869=ORIENTED_EDGE('',*,*,#9752,.F.);
#11871=ORIENTED_EDGE('',*,*,#11870,.T.);
#11872=EDGE_LOOP('',(#11867,#11868,#11869,#11871));
#11873=FACE_OUTER_BOUND('',#11872,.F.);
#11875=CARTESIAN_POINT('',(-1.905E1,3.2131E0,6.604E0));
#11876=DIRECTION('',(-1.E0,0.E0,0.E0));
#11877=DIRECTION('',(0.E0,-1.E0,0.E0));
#11878=AXIS2_PLACEMENT_3D('',#11875,#11876,#11877);
#11879=PLANE('',#11878);
#11881=ORIENTED_EDGE('',*,*,#11880,.T.);
#11883=ORIENTED_EDGE('',*,*,#11882,.T.);
#11885=ORIENTED_EDGE('',*,*,#11884,.T.);
#11886=ORIENTED_EDGE('',*,*,#9788,.T.);
#11887=EDGE_LOOP('',(#11881,#11883,#11885,#11886));
#11888=FACE_OUTER_BOUND('',#11887,.F.);
#11890=CARTESIAN_POINT('',(0.E0,-1.397E0,0.E0));
#11891=DIRECTION('',(0.E0,-1.E0,0.E0));
#11892=DIRECTION('',(1.E0,0.E0,0.E0));
#11893=AXIS2_PLACEMENT_3D('',#11890,#11891,#11892);
#11894=PLANE('',#11893);
#11895=ORIENTED_EDGE('',*,*,#8101,.F.);
#11897=ORIENTED_EDGE('',*,*,#11896,.F.);
#11898=ORIENTED_EDGE('',*,*,#8566,.T.);
#11900=ORIENTED_EDGE('',*,*,#11899,.T.);
#11901=ORIENTED_EDGE('',*,*,#9782,.F.);
#11902=ORIENTED_EDGE('',*,*,#11866,.T.);
#11904=ORIENTED_EDGE('',*,*,#11903,.T.);
#11905=EDGE_LOOP('',(#11895,#11897,#11898,#11900,#11901,#11902,#11904));
#11906=FACE_OUTER_BOUND('',#11905,.F.);
#11908=CARTESIAN_POINT('',(0.E0,-1.397E0,0.E0));
#11909=DIRECTION('',(0.E0,-1.E0,0.E0));
#11910=DIRECTION('',(1.E0,0.E0,0.E0));
#11911=AXIS2_PLACEMENT_3D('',#11908,#11909,#11910);
#11912=PLANE('',#11911);
#11913=ORIENTED_EDGE('',*,*,#8011,.F.);
#11915=ORIENTED_EDGE('',*,*,#11914,.T.);
#11917=ORIENTED_EDGE('',*,*,#11916,.F.);
#11918=ORIENTED_EDGE('',*,*,#9814,.F.);
#11920=ORIENTED_EDGE('',*,*,#11919,.T.);
#11921=ORIENTED_EDGE('',*,*,#8437,.T.);
#11923=ORIENTED_EDGE('',*,*,#11922,.F.);
#11924=EDGE_LOOP('',(#11913,#11915,#11917,#11918,#11920,#11921,#11923));
#11925=FACE_OUTER_BOUND('',#11924,.F.);
#11927=CARTESIAN_POINT('',(-1.9812E1,-1.8415E0,-3.683E0));
#11928=DIRECTION('',(1.E0,0.E0,0.E0));
#11929=DIRECTION('',(0.E0,0.E0,1.E0));
#11930=AXIS2_PLACEMENT_3D('',#11927,#11928,#11929);
#11931=PLANE('',#11930);
#11932=ORIENTED_EDGE('',*,*,#11896,.T.);
#11933=ORIENTED_EDGE('',*,*,#8099,.T.);
#11934=ORIENTED_EDGE('',*,*,#7933,.F.);
#11935=ORIENTED_EDGE('',*,*,#8568,.T.);
#11936=EDGE_LOOP('',(#11932,#11933,#11934,#11935));
#11937=FACE_OUTER_BOUND('',#11936,.F.);
#11939=CARTESIAN_POINT('',(-1.9812E1,-1.8415E0,-3.683E0));
#11940=DIRECTION('',(1.E0,0.E0,0.E0));
#11941=DIRECTION('',(0.E0,0.E0,1.E0));
#11942=AXIS2_PLACEMENT_3D('',#11939,#11940,#11941);
#11943=PLANE('',#11942);
#11945=ORIENTED_EDGE('',*,*,#11944,.F.);
#11946=ORIENTED_EDGE('',*,*,#8560,.T.);
#11947=ORIENTED_EDGE('',*,*,#7806,.T.);
#11948=ORIENTED_EDGE('',*,*,#7979,.T.);
#11949=EDGE_LOOP('',(#11945,#11946,#11947,#11948));
#11950=FACE_OUTER_BOUND('',#11949,.F.);
#11952=CARTESIAN_POINT('',(0.E0,1.397E0,0.E0));
#11953=DIRECTION('',(0.E0,-1.E0,0.E0));
#11954=DIRECTION('',(1.E0,0.E0,0.E0));
#11955=AXIS2_PLACEMENT_3D('',#11952,#11953,#11954);
#11956=PLANE('',#11955);
#11957=ORIENTED_EDGE('',*,*,#7977,.T.);
#11959=ORIENTED_EDGE('',*,*,#11958,.F.);
#11960=ORIENTED_EDGE('',*,*,#11880,.F.);
#11961=ORIENTED_EDGE('',*,*,#9786,.T.);
#11963=ORIENTED_EDGE('',*,*,#11962,.F.);
#11964=ORIENTED_EDGE('',*,*,#8562,.F.);
#11965=ORIENTED_EDGE('',*,*,#11944,.T.);
#11966=EDGE_LOOP('',(#11957,#11959,#11960,#11961,#11963,#11964,#11965));
#11967=FACE_OUTER_BOUND('',#11966,.F.);
#11969=CARTESIAN_POINT('',(0.E0,1.397E0,0.E0));
#11970=DIRECTION('',(0.E0,-1.E0,0.E0));
#11971=DIRECTION('',(1.E0,0.E0,0.E0));
#11972=AXIS2_PLACEMENT_3D('',#11969,#11970,#11971);
#11973=PLANE('',#11972);
#11974=ORIENTED_EDGE('',*,*,#8045,.T.);
#11976=ORIENTED_EDGE('',*,*,#11975,.T.);
#11977=ORIENTED_EDGE('',*,*,#8441,.F.);
#11979=ORIENTED_EDGE('',*,*,#11978,.F.);
#11980=ORIENTED_EDGE('',*,*,#9810,.T.);
#11982=ORIENTED_EDGE('',*,*,#11981,.T.);
#11984=ORIENTED_EDGE('',*,*,#11983,.F.);
#11985=EDGE_LOOP('',(#11974,#11976,#11977,#11979,#11980,#11982,#11984));
#11986=FACE_OUTER_BOUND('',#11985,.F.);
#11988=CARTESIAN_POINT('',(-1.9304E1,0.E0,6.35E0));
#11989=DIRECTION('',(7.071067811865E-1,0.E0,7.071067811865E-1));
#11990=DIRECTION('',(0.E0,-1.E0,0.E0));
#11991=AXIS2_PLACEMENT_3D('',#11988,#11989,#11990);
#11992=PLANE('',#11991);
#11993=ORIENTED_EDGE('',*,*,#11903,.F.);
#11994=ORIENTED_EDGE('',*,*,#11870,.F.);
#11995=ORIENTED_EDGE('',*,*,#9750,.T.);
#11996=ORIENTED_EDGE('',*,*,#8215,.T.);
#11997=ORIENTED_EDGE('',*,*,#8103,.T.);
#11998=EDGE_LOOP('',(#11993,#11994,#11995,#11996,#11997));
#11999=FACE_OUTER_BOUND('',#11998,.F.);
#12001=CARTESIAN_POINT('',(-1.9304E1,0.E0,6.35E0));
#12002=DIRECTION('',(7.071067811865E-1,0.E0,7.071067811865E-1));
#12003=DIRECTION('',(0.E0,-1.E0,0.E0));
#12004=AXIS2_PLACEMENT_3D('',#12001,#12002,#12003);
#12005=PLANE('',#12004);
#12006=ORIENTED_EDGE('',*,*,#11958,.T.);
#12007=ORIENTED_EDGE('',*,*,#7975,.T.);
#12009=ORIENTED_EDGE('',*,*,#12008,.F.);
#12011=ORIENTED_EDGE('',*,*,#12010,.T.);
#12012=ORIENTED_EDGE('',*,*,#11882,.F.);
#12013=EDGE_LOOP('',(#12006,#12007,#12009,#12011,#12012));
#12014=FACE_OUTER_BOUND('',#12013,.F.);
#12016=CARTESIAN_POINT('',(0.E0,3.4036E0,6.4135E0));
#12017=DIRECTION('',(0.E0,-7.071067811865E-1,7.071067811865E-1));
#12018=DIRECTION('',(-1.E0,0.E0,0.E0));
#12019=AXIS2_PLACEMENT_3D('',#12016,#12017,#12018);
#12020=PLANE('',#12019);
#12022=ORIENTED_EDGE('',*,*,#12021,.T.);
#12024=ORIENTED_EDGE('',*,*,#12023,.F.);
#12025=ORIENTED_EDGE('',*,*,#12008,.T.);
#12026=ORIENTED_EDGE('',*,*,#7973,.T.);
#12027=EDGE_LOOP('',(#12022,#12024,#12025,#12026));
#12028=FACE_OUTER_BOUND('',#12027,.F.);
#12030=CARTESIAN_POINT('',(0.E0,3.4036E0,6.4135E0));
#12031=DIRECTION('',(0.E0,-7.071067811865E-1,7.071067811865E-1));
#12032=DIRECTION('',(-1.E0,0.E0,0.E0));
#12033=AXIS2_PLACEMENT_3D('',#12030,#12031,#12032);
#12034=PLANE('',#12033);
#12036=ORIENTED_EDGE('',*,*,#12035,.F.);
#12037=ORIENTED_EDGE('',*,*,#8049,.T.);
#12039=ORIENTED_EDGE('',*,*,#12038,.F.);
#12041=ORIENTED_EDGE('',*,*,#12040,.F.);
#12042=EDGE_LOOP('',(#12036,#12037,#12039,#12041));
#12043=FACE_OUTER_BOUND('',#12042,.F.);
#12045=CARTESIAN_POINT('',(0.E0,3.4036E0,6.4135E0));
#12046=DIRECTION('',(0.E0,-7.071067811865E-1,7.071067811865E-1));
#12047=DIRECTION('',(-1.E0,0.E0,0.E0));
#12048=AXIS2_PLACEMENT_3D('',#12045,#12046,#12047);
#12049=PLANE('',#12048);
#12050=ORIENTED_EDGE('',*,*,#8059,.T.);
#12052=ORIENTED_EDGE('',*,*,#12051,.T.);
#12054=ORIENTED_EDGE('',*,*,#12053,.F.);
#12056=ORIENTED_EDGE('',*,*,#12055,.F.);
#12057=EDGE_LOOP('',(#12050,#12052,#12054,#12056));
#12058=FACE_OUTER_BOUND('',#12057,.F.);
#12060=CARTESIAN_POINT('',(-1.4224E1,4.0005E0,-5.08E-1));
#12061=DIRECTION('',(-1.E0,0.E0,0.E0));
#12062=DIRECTION('',(0.E0,0.E0,1.E0));
#12063=AXIS2_PLACEMENT_3D('',#12060,#12061,#12062);
#12064=PLANE('',#12063);
#12065=ORIENTED_EDGE('',*,*,#8684,.T.);
#12067=ORIENTED_EDGE('',*,*,#12066,.T.);
#12069=ORIENTED_EDGE('',*,*,#12068,.T.);
#12070=ORIENTED_EDGE('',*,*,#9792,.F.);
#12072=ORIENTED_EDGE('',*,*,#12071,.T.);
#12073=ORIENTED_EDGE('',*,*,#12021,.F.);
#12074=ORIENTED_EDGE('',*,*,#7971,.F.);
#12075=EDGE_LOOP('',(#12065,#12067,#12069,#12070,#12072,#12073,#12074));
#12076=FACE_OUTER_BOUND('',#12075,.F.);
#12078=CARTESIAN_POINT('',(-1.3716E1,4.0005E0,-5.08E-1));
#12079=DIRECTION('',(0.E0,1.E0,0.E0));
#12080=DIRECTION('',(-1.E0,0.E0,0.E0));
#12081=AXIS2_PLACEMENT_3D('',#12078,#12079,#12080);
#12082=CYLINDRICAL_SURFACE('',#12081,5.08E-1);
#12083=ORIENTED_EDGE('',*,*,#8682,.F.);
#12085=ORIENTED_EDGE('',*,*,#12084,.T.);
#12087=ORIENTED_EDGE('',*,*,#12086,.T.);
#12088=ORIENTED_EDGE('',*,*,#12066,.F.);
#12089=EDGE_LOOP('',(#12083,#12085,#12087,#12088));
#12090=FACE_OUTER_BOUND('',#12089,.F.);
#12092=CARTESIAN_POINT('',(-1.0541E1,4.0005E0,-1.016E0));
#12093=DIRECTION('',(0.E0,0.E0,-1.E0));
#12094=DIRECTION('',(-1.E0,0.E0,0.E0));
#12095=AXIS2_PLACEMENT_3D('',#12092,#12093,#12094);
#12096=PLANE('',#12095);
#12097=ORIENTED_EDGE('',*,*,#8680,.F.);
#12099=ORIENTED_EDGE('',*,*,#12098,.T.);
#12101=ORIENTED_EDGE('',*,*,#12100,.T.);
#12102=ORIENTED_EDGE('',*,*,#12084,.F.);
#12103=EDGE_LOOP('',(#12097,#12099,#12101,#12102));
#12104=FACE_OUTER_BOUND('',#12103,.F.);
#12106=CARTESIAN_POINT('',(-1.0541E1,4.0005E0,-5.08E-1));
#12107=DIRECTION('',(0.E0,1.E0,0.E0));
#12108=DIRECTION('',(-1.E0,0.E0,0.E0));
#12109=AXIS2_PLACEMENT_3D('',#12106,#12107,#12108);
#12110=CYLINDRICAL_SURFACE('',#12109,5.08E-1);
#12111=ORIENTED_EDGE('',*,*,#8678,.F.);
#12113=ORIENTED_EDGE('',*,*,#12112,.T.);
#12115=ORIENTED_EDGE('',*,*,#12114,.T.);
#12116=ORIENTED_EDGE('',*,*,#12098,.F.);
#12117=EDGE_LOOP('',(#12111,#12113,#12115,#12116));
#12118=FACE_OUTER_BOUND('',#12117,.F.);
#12120=CARTESIAN_POINT('',(-1.0033E1,4.0005E0,6.604E0));
#12121=DIRECTION('',(1.E0,0.E0,0.E0));
#12122=DIRECTION('',(0.E0,0.E0,-1.E0));
#12123=AXIS2_PLACEMENT_3D('',#12120,#12121,#12122);
#12124=PLANE('',#12123);
#12125=ORIENTED_EDGE('',*,*,#8676,.F.);
#12126=ORIENTED_EDGE('',*,*,#8061,.T.);
#12127=ORIENTED_EDGE('',*,*,#12055,.T.);
#12129=ORIENTED_EDGE('',*,*,#12128,.F.);
#12130=ORIENTED_EDGE('',*,*,#9796,.T.);
#12132=ORIENTED_EDGE('',*,*,#12131,.T.);
#12133=ORIENTED_EDGE('',*,*,#12112,.F.);
#12134=EDGE_LOOP('',(#12125,#12126,#12127,#12129,#12130,#12132,#12133));
#12135=FACE_OUTER_BOUND('',#12134,.F.);
#12137=CARTESIAN_POINT('',(1.905E1,3.2131E0,6.604E0));
#12138=DIRECTION('',(0.E0,1.E0,0.E0));
#12139=DIRECTION('',(-1.E0,0.E0,0.E0));
#12140=AXIS2_PLACEMENT_3D('',#12137,#12138,#12139);
#12141=PLANE('',#12140);
#12142=ORIENTED_EDGE('',*,*,#12071,.F.);
#12143=ORIENTED_EDGE('',*,*,#9790,.T.);
#12144=ORIENTED_EDGE('',*,*,#11884,.F.);
#12145=ORIENTED_EDGE('',*,*,#12010,.F.);
#12146=ORIENTED_EDGE('',*,*,#12023,.T.);
#12147=EDGE_LOOP('',(#12142,#12143,#12144,#12145,#12146));
#12148=FACE_OUTER_BOUND('',#12147,.F.);
#12150=CARTESIAN_POINT('',(1.905E1,3.2131E0,6.604E0));
#12151=DIRECTION('',(0.E0,1.E0,0.E0));
#12152=DIRECTION('',(-1.E0,0.E0,0.E0));
#12153=AXIS2_PLACEMENT_3D('',#12150,#12151,#12152);
#12154=PLANE('',#12153);
#12156=ORIENTED_EDGE('',*,*,#12155,.T.);
#12157=ORIENTED_EDGE('',*,*,#12040,.T.);
#12159=ORIENTED_EDGE('',*,*,#12158,.F.);
#12161=ORIENTED_EDGE('',*,*,#12160,.T.);
#12162=ORIENTED_EDGE('',*,*,#9806,.T.);
#12163=EDGE_LOOP('',(#12156,#12157,#12159,#12161,#12162));
#12164=FACE_OUTER_BOUND('',#12163,.F.);
#12166=CARTESIAN_POINT('',(1.905E1,3.2131E0,6.604E0));
#12167=DIRECTION('',(0.E0,1.E0,0.E0));
#12168=DIRECTION('',(-1.E0,0.E0,0.E0));
#12169=AXIS2_PLACEMENT_3D('',#12166,#12167,#12168);
#12170=PLANE('',#12169);
#12171=ORIENTED_EDGE('',*,*,#12053,.T.);
#12173=ORIENTED_EDGE('',*,*,#12172,.F.);
#12174=ORIENTED_EDGE('',*,*,#9798,.T.);
#12175=ORIENTED_EDGE('',*,*,#12128,.T.);
#12176=EDGE_LOOP('',(#12171,#12173,#12174,#12175));
#12177=FACE_OUTER_BOUND('',#12176,.F.);
#12179=CARTESIAN_POINT('',(1.4224E1,4.0005E0,6.604E0));
#12180=DIRECTION('',(1.E0,0.E0,0.E0));
#12181=DIRECTION('',(0.E0,0.E0,-1.E0));
#12182=AXIS2_PLACEMENT_3D('',#12179,#12180,#12181);
#12183=PLANE('',#12182);
#12184=ORIENTED_EDGE('',*,*,#8665,.F.);
#12185=ORIENTED_EDGE('',*,*,#8030,.T.);
#12186=ORIENTED_EDGE('',*,*,#12035,.T.);
#12187=ORIENTED_EDGE('',*,*,#12155,.F.);
#12188=ORIENTED_EDGE('',*,*,#9804,.T.);
#12190=ORIENTED_EDGE('',*,*,#12189,.T.);
#12192=ORIENTED_EDGE('',*,*,#12191,.F.);
#12193=EDGE_LOOP('',(#12184,#12185,#12186,#12187,#12188,#12190,#12192));
#12194=FACE_OUTER_BOUND('',#12193,.F.);
#12196=CARTESIAN_POINT('',(0.E0,2.8575E0,0.E0));
#12197=DIRECTION('',(0.E0,1.E0,0.E0));
#12198=DIRECTION('',(-1.E0,0.E0,0.E0));
#12199=AXIS2_PLACEMENT_3D('',#12196,#12197,#12198);
#12200=PLANE('',#12199);
#12201=ORIENTED_EDGE('',*,*,#12189,.F.);
#12202=ORIENTED_EDGE('',*,*,#9802,.T.);
#12204=ORIENTED_EDGE('',*,*,#12203,.F.);
#12206=ORIENTED_EDGE('',*,*,#12205,.F.);
#12208=ORIENTED_EDGE('',*,*,#12207,.F.);
#12210=ORIENTED_EDGE('',*,*,#12209,.F.);
#12211=EDGE_LOOP('',(#12201,#12202,#12204,#12206,#12208,#12210));
#12212=FACE_OUTER_BOUND('',#12211,.F.);
#12214=CARTESIAN_POINT('',(1.0033E1,4.0005E0,-5.08E-1));
#12215=DIRECTION('',(-1.E0,0.E0,0.E0));
#12216=DIRECTION('',(0.E0,0.E0,1.E0));
#12217=AXIS2_PLACEMENT_3D('',#12214,#12215,#12216);
#12218=PLANE('',#12217);
#12219=ORIENTED_EDGE('',*,*,#8673,.T.);
#12221=ORIENTED_EDGE('',*,*,#12220,.T.);
#12222=ORIENTED_EDGE('',*,*,#12203,.T.);
#12223=ORIENTED_EDGE('',*,*,#9800,.F.);
#12224=ORIENTED_EDGE('',*,*,#12172,.T.);
#12225=ORIENTED_EDGE('',*,*,#12051,.F.);
#12226=ORIENTED_EDGE('',*,*,#8065,.F.);
#12227=EDGE_LOOP('',(#12219,#12221,#12222,#12223,#12224,#12225,#12226));
#12228=FACE_OUTER_BOUND('',#12227,.F.);
#12230=CARTESIAN_POINT('',(1.0541E1,4.0005E0,-5.08E-1));
#12231=DIRECTION('',(0.E0,1.E0,0.E0));
#12232=DIRECTION('',(-1.E0,0.E0,0.E0));
#12233=AXIS2_PLACEMENT_3D('',#12230,#12231,#12232);
#12234=CYLINDRICAL_SURFACE('',#12233,5.08E-1);
#12235=ORIENTED_EDGE('',*,*,#8671,.F.);
#12237=ORIENTED_EDGE('',*,*,#12236,.T.);
#12238=ORIENTED_EDGE('',*,*,#12205,.T.);
#12239=ORIENTED_EDGE('',*,*,#12220,.F.);
#12240=EDGE_LOOP('',(#12235,#12237,#12238,#12239));
#12241=FACE_OUTER_BOUND('',#12240,.F.);
#12243=CARTESIAN_POINT('',(1.3716E1,4.0005E0,-1.016E0));
#12244=DIRECTION('',(0.E0,0.E0,-1.E0));
#12245=DIRECTION('',(-1.E0,0.E0,0.E0));
#12246=AXIS2_PLACEMENT_3D('',#12243,#12244,#12245);
#12247=PLANE('',#12246);
#12248=ORIENTED_EDGE('',*,*,#8669,.F.);
#12250=ORIENTED_EDGE('',*,*,#12249,.T.);
#12251=ORIENTED_EDGE('',*,*,#12207,.T.);
#12252=ORIENTED_EDGE('',*,*,#12236,.F.);
#12253=EDGE_LOOP('',(#12248,#12250,#12251,#12252));
#12254=FACE_OUTER_BOUND('',#12253,.F.);
#12256=CARTESIAN_POINT('',(1.3716E1,4.0005E0,-5.08E-1));
#12257=DIRECTION('',(0.E0,1.E0,0.E0));
#12258=DIRECTION('',(-1.E0,0.E0,0.E0));
#12259=AXIS2_PLACEMENT_3D('',#12256,#12257,#12258);
#12260=CYLINDRICAL_SURFACE('',#12259,5.08E-1);
#12261=ORIENTED_EDGE('',*,*,#8667,.F.);
#12262=ORIENTED_EDGE('',*,*,#12191,.T.);
#12263=ORIENTED_EDGE('',*,*,#12209,.T.);
#12264=ORIENTED_EDGE('',*,*,#12249,.F.);
#12265=EDGE_LOOP('',(#12261,#12262,#12263,#12264));
#12266=FACE_OUTER_BOUND('',#12265,.F.);
#12268=CARTESIAN_POINT('',(1.9304E1,0.E0,6.35E0));
#12269=DIRECTION('',(-7.071067811865E-1,0.E0,7.071067811865E-1));
#12270=DIRECTION('',(0.E0,-1.E0,0.E0));
#12271=AXIS2_PLACEMENT_3D('',#12268,#12269,#12270);
#12272=PLANE('',#12271);
#12273=ORIENTED_EDGE('',*,*,#11914,.F.);
#12274=ORIENTED_EDGE('',*,*,#8009,.T.);
#12275=ORIENTED_EDGE('',*,*,#8201,.F.);
#12276=ORIENTED_EDGE('',*,*,#9733,.T.);
#12278=ORIENTED_EDGE('',*,*,#12277,.F.);
#12279=EDGE_LOOP('',(#12273,#12274,#12275,#12276,#12278));
#12280=FACE_OUTER_BOUND('',#12279,.F.);
#12282=CARTESIAN_POINT('',(1.9304E1,0.E0,6.35E0));
#12283=DIRECTION('',(-7.071067811865E-1,0.E0,7.071067811865E-1));
#12284=DIRECTION('',(0.E0,-1.E0,0.E0));
#12285=AXIS2_PLACEMENT_3D('',#12282,#12283,#12284);
#12286=PLANE('',#12285);
#12287=ORIENTED_EDGE('',*,*,#11983,.T.);
#12289=ORIENTED_EDGE('',*,*,#12288,.F.);
#12290=ORIENTED_EDGE('',*,*,#12158,.T.);
#12291=ORIENTED_EDGE('',*,*,#12038,.T.);
#12292=ORIENTED_EDGE('',*,*,#8047,.T.);
#12293=EDGE_LOOP('',(#12287,#12289,#12290,#12291,#12292));
#12294=FACE_OUTER_BOUND('',#12293,.F.);
#12296=CARTESIAN_POINT('',(1.905E1,-3.2131E0,6.604E0));
#12297=DIRECTION('',(1.E0,0.E0,0.E0));
#12298=DIRECTION('',(0.E0,1.E0,0.E0));
#12299=AXIS2_PLACEMENT_3D('',#12296,#12297,#12298);
#12300=PLANE('',#12299);
#12301=ORIENTED_EDGE('',*,*,#11916,.T.);
#12302=ORIENTED_EDGE('',*,*,#12277,.T.);
#12303=ORIENTED_EDGE('',*,*,#9731,.T.);
#12304=ORIENTED_EDGE('',*,*,#9816,.T.);
#12305=EDGE_LOOP('',(#12301,#12302,#12303,#12304));
#12306=FACE_OUTER_BOUND('',#12305,.F.);
#12308=CARTESIAN_POINT('',(1.905E1,-3.2131E0,6.604E0));
#12309=DIRECTION('',(1.E0,0.E0,0.E0));
#12310=DIRECTION('',(0.E0,1.E0,0.E0));
#12311=AXIS2_PLACEMENT_3D('',#12308,#12309,#12310);
#12312=PLANE('',#12311);
#12313=ORIENTED_EDGE('',*,*,#11981,.F.);
#12314=ORIENTED_EDGE('',*,*,#9808,.T.);
#12315=ORIENTED_EDGE('',*,*,#12160,.F.);
#12316=ORIENTED_EDGE('',*,*,#12288,.T.);
#12317=EDGE_LOOP('',(#12313,#12314,#12315,#12316));
#12318=FACE_OUTER_BOUND('',#12317,.F.);
#12320=CARTESIAN_POINT('',(0.E0,2.8575E0,0.E0));
#12321=DIRECTION('',(0.E0,1.E0,0.E0));
#12322=DIRECTION('',(-1.E0,0.E0,0.E0));
#12323=AXIS2_PLACEMENT_3D('',#12320,#12321,#12322);
#12324=PLANE('',#12323);
#12325=ORIENTED_EDGE('',*,*,#12131,.F.);
#12326=ORIENTED_EDGE('',*,*,#9794,.T.);
#12327=ORIENTED_EDGE('',*,*,#12068,.F.);
#12328=ORIENTED_EDGE('',*,*,#12086,.F.);
#12329=ORIENTED_EDGE('',*,*,#12100,.F.);
#12330=ORIENTED_EDGE('',*,*,#12114,.F.);
#12331=EDGE_LOOP('',(#12325,#12326,#12327,#12328,#12329,#12330));
#12332=FACE_OUTER_BOUND('',#12331,.F.);
#12334=CARTESIAN_POINT('',(-1.8288E1,-1.397E0,-3.683E0));
#12335=DIRECTION('',(8.417438578620E-1,0.E0,-5.398770950425E-1));
#12336=DIRECTION('',(5.398770950425E-1,0.E0,8.417438578620E-1));
#12337=AXIS2_PLACEMENT_3D('',#12334,#12335,#12336);
#12338=PLANE('',#12337);
#12339=ORIENTED_EDGE('',*,*,#11899,.F.);
#12340=ORIENTED_EDGE('',*,*,#8564,.T.);
#12341=ORIENTED_EDGE('',*,*,#11962,.T.);
#12342=ORIENTED_EDGE('',*,*,#9784,.T.);
#12343=EDGE_LOOP('',(#12339,#12340,#12341,#12342));
#12344=FACE_OUTER_BOUND('',#12343,.F.);
#12346=CARTESIAN_POINT('',(1.9812E1,-1.8415E0,6.604E0));
#12347=DIRECTION('',(-1.E0,0.E0,0.E0));
#12348=DIRECTION('',(0.E0,0.E0,-1.E0));
#12349=AXIS2_PLACEMENT_3D('',#12346,#12347,#12348);
#12350=PLANE('',#12349);
#12351=ORIENTED_EDGE('',*,*,#11922,.T.);
#12352=ORIENTED_EDGE('',*,*,#8435,.F.);
#12353=ORIENTED_EDGE('',*,*,#7880,.F.);
#12354=ORIENTED_EDGE('',*,*,#8013,.F.);
#12355=EDGE_LOOP('',(#12351,#12352,#12353,#12354));
#12356=FACE_OUTER_BOUND('',#12355,.F.);
#12358=CARTESIAN_POINT('',(1.9812E1,-1.8415E0,6.604E0));
#12359=DIRECTION('',(-1.E0,0.E0,0.E0));
#12360=DIRECTION('',(0.E0,0.E0,-1.E0));
#12361=AXIS2_PLACEMENT_3D('',#12358,#12359,#12360);
#12362=PLANE('',#12361);
#12363=ORIENTED_EDGE('',*,*,#11975,.F.);
#12364=ORIENTED_EDGE('',*,*,#8043,.F.);
#12365=ORIENTED_EDGE('',*,*,#7788,.T.);
#12366=ORIENTED_EDGE('',*,*,#8443,.F.);
#12367=EDGE_LOOP('',(#12363,#12364,#12365,#12366));
#12368=FACE_OUTER_BOUND('',#12367,.F.);
#12370=CARTESIAN_POINT('',(1.59258E1,-1.397E0,0.E0));
#12371=DIRECTION('',(-8.417438578620E-1,0.E0,-5.398770950425E-1));
#12372=DIRECTION('',(5.398770950425E-1,0.E0,-8.417438578620E-1));
#12373=AXIS2_PLACEMENT_3D('',#12370,#12371,#12372);
#12374=PLANE('',#12373);
#12375=ORIENTED_EDGE('',*,*,#11919,.F.);
#12376=ORIENTED_EDGE('',*,*,#9812,.F.);
#12377=ORIENTED_EDGE('',*,*,#11978,.T.);
#12378=ORIENTED_EDGE('',*,*,#8439,.F.);
#12379=EDGE_LOOP('',(#12375,#12376,#12377,#12378));
#12380=FACE_OUTER_BOUND('',#12379,.F.);
#12382=CARTESIAN_POINT('',(-1.905E1,-3.2131E0,6.604E0));
#12383=DIRECTION('',(0.E0,-1.E0,0.E0));
#12384=DIRECTION('',(1.E0,0.E0,0.E0));
#12385=AXIS2_PLACEMENT_3D('',#12382,#12383,#12384);
#12386=PLANE('',#12385);
#12388=ORIENTED_EDGE('',*,*,#12387,.F.);
#12389=ORIENTED_EDGE('',*,*,#9819,.T.);
#12391=ORIENTED_EDGE('',*,*,#12390,.F.);
#12393=ORIENTED_EDGE('',*,*,#12392,.F.);
#12395=ORIENTED_EDGE('',*,*,#12394,.F.);
#12397=ORIENTED_EDGE('',*,*,#12396,.F.);
#12399=ORIENTED_EDGE('',*,*,#12398,.F.);
#12401=ORIENTED_EDGE('',*,*,#12400,.F.);
#12402=EDGE_LOOP('',(#12388,#12389,#12391,#12393,#12395,#12397,#12399,#12401));
#12403=FACE_OUTER_BOUND('',#12402,.F.);
#12405=CARTESIAN_POINT('',(1.3208E1,-4.0005E0,1.7018E0));
#12406=DIRECTION('',(-1.E0,0.E0,0.E0));
#12407=DIRECTION('',(0.E0,0.E0,-1.E0));
#12408=AXIS2_PLACEMENT_3D('',#12405,#12406,#12407);
#12409=PLANE('',#12408);
#12410=ORIENTED_EDGE('',*,*,#8153,.F.);
#12412=ORIENTED_EDGE('',*,*,#12411,.T.);
#12413=ORIENTED_EDGE('',*,*,#9723,.F.);
#12414=ORIENTED_EDGE('',*,*,#12387,.T.);
#12416=ORIENTED_EDGE('',*,*,#12415,.F.);
#12417=EDGE_LOOP('',(#12410,#12412,#12413,#12414,#12416));
#12418=FACE_OUTER_BOUND('',#12417,.F.);
#12420=CARTESIAN_POINT('',(1.397E1,-4.0005E0,1.7018E0));
#12421=DIRECTION('',(0.E0,-1.E0,0.E0));
#12422=DIRECTION('',(1.E0,0.E0,0.E0));
#12423=AXIS2_PLACEMENT_3D('',#12420,#12421,#12422);
#12424=CYLINDRICAL_SURFACE('',#12423,7.62E-1);
#12425=ORIENTED_EDGE('',*,*,#8151,.F.);
#12427=ORIENTED_EDGE('',*,*,#12426,.T.);
#12428=ORIENTED_EDGE('',*,*,#9725,.T.);
#12429=ORIENTED_EDGE('',*,*,#12411,.F.);
#12430=EDGE_LOOP('',(#12425,#12427,#12428,#12429));
#12431=FACE_OUTER_BOUND('',#12430,.F.);
#12433=CARTESIAN_POINT('',(1.4732E1,-4.0005E0,-5.842E-1));
#12434=DIRECTION('',(1.E0,0.E0,0.E0));
#12435=DIRECTION('',(0.E0,0.E0,1.E0));
#12436=AXIS2_PLACEMENT_3D('',#12433,#12434,#12435);
#12437=PLANE('',#12436);
#12438=ORIENTED_EDGE('',*,*,#8149,.F.);
#12440=ORIENTED_EDGE('',*,*,#12439,.T.);
#12441=ORIENTED_EDGE('',*,*,#12390,.T.);
#12442=ORIENTED_EDGE('',*,*,#9727,.T.);
#12443=ORIENTED_EDGE('',*,*,#12426,.F.);
#12444=EDGE_LOOP('',(#12438,#12440,#12441,#12442,#12443));
#12445=FACE_OUTER_BOUND('',#12444,.F.);
#12447=CARTESIAN_POINT('',(1.60401E1,-4.0005E0,-5.842E-1));
#12448=DIRECTION('',(0.E0,0.E0,1.E0));
#12449=DIRECTION('',(-1.E0,0.E0,0.E0));
#12450=AXIS2_PLACEMENT_3D('',#12447,#12448,#12449);
#12451=PLANE('',#12450);
#12452=ORIENTED_EDGE('',*,*,#8147,.T.);
#12454=ORIENTED_EDGE('',*,*,#12453,.F.);
#12455=ORIENTED_EDGE('',*,*,#8286,.F.);
#12457=ORIENTED_EDGE('',*,*,#12456,.T.);
#12458=ORIENTED_EDGE('',*,*,#12392,.T.);
#12459=ORIENTED_EDGE('',*,*,#12439,.F.);
#12460=EDGE_LOOP('',(#12452,#12454,#12455,#12457,#12458,#12459));
#12461=FACE_OUTER_BOUND('',#12460,.F.);
#12463=CARTESIAN_POINT('',(1.56718E1,-4.0005E0,-5.842E-1));
#12464=DIRECTION('',(1.E0,0.E0,0.E0));
#12465=DIRECTION('',(0.E0,0.E0,1.E0));
#12466=AXIS2_PLACEMENT_3D('',#12463,#12464,#12465);
#12467=PLANE('',#12466);
#12468=ORIENTED_EDGE('',*,*,#8288,.T.);
#12469=ORIENTED_EDGE('',*,*,#12453,.T.);
#12470=ORIENTED_EDGE('',*,*,#8145,.T.);
#12471=ORIENTED_EDGE('',*,*,#8001,.F.);
#12472=EDGE_LOOP('',(#12468,#12469,#12470,#12471));
#12473=FACE_OUTER_BOUND('',#12472,.F.);
#12475=CARTESIAN_POINT('',(1.60401E1,-4.0005E0,-2.7686E0));
#12476=DIRECTION('',(1.E0,0.E0,0.E0));
#12477=DIRECTION('',(0.E0,0.E0,1.E0));
#12478=AXIS2_PLACEMENT_3D('',#12475,#12476,#12477);
#12479=PLANE('',#12478);
#12480=ORIENTED_EDGE('',*,*,#9518,.F.);
#12482=ORIENTED_EDGE('',*,*,#12481,.T.);
#12483=ORIENTED_EDGE('',*,*,#12394,.T.);
#12484=ORIENTED_EDGE('',*,*,#12456,.F.);
#12485=ORIENTED_EDGE('',*,*,#8284,.F.);
#12486=EDGE_LOOP('',(#12480,#12482,#12483,#12484,#12485));
#12487=FACE_OUTER_BOUND('',#12486,.F.);
#12489=CARTESIAN_POINT('',(1.18999E1,-4.0005E0,-2.7686E0));
#12490=DIRECTION('',(0.E0,0.E0,-1.E0));
#12491=DIRECTION('',(1.E0,0.E0,0.E0));
#12492=AXIS2_PLACEMENT_3D('',#12489,#12490,#12491);
#12493=PLANE('',#12492);
#12494=ORIENTED_EDGE('',*,*,#9611,.F.);
#12496=ORIENTED_EDGE('',*,*,#12495,.T.);
#12497=ORIENTED_EDGE('',*,*,#12396,.T.);
#12498=ORIENTED_EDGE('',*,*,#12481,.F.);
#12499=EDGE_LOOP('',(#12494,#12496,#12497,#12498));
#12500=FACE_OUTER_BOUND('',#12499,.F.);
#12502=CARTESIAN_POINT('',(1.18999E1,-4.0005E0,-5.842E-1));
#12503=DIRECTION('',(-1.E0,0.E0,0.E0));
#12504=DIRECTION('',(0.E0,0.E0,-1.E0));
#12505=AXIS2_PLACEMENT_3D('',#12502,#12503,#12504);
#12506=PLANE('',#12505);
#12507=ORIENTED_EDGE('',*,*,#9531,.T.);
#12508=ORIENTED_EDGE('',*,*,#8358,.F.);
#12510=ORIENTED_EDGE('',*,*,#12509,.T.);
#12511=ORIENTED_EDGE('',*,*,#12398,.T.);
#12512=ORIENTED_EDGE('',*,*,#12495,.F.);
#12513=EDGE_LOOP('',(#12507,#12508,#12510,#12511,#12512));
#12514=FACE_OUTER_BOUND('',#12513,.F.);
#12516=CARTESIAN_POINT('',(1.3208E1,-4.0005E0,-5.842E-1));
#12517=DIRECTION('',(0.E0,0.E0,1.E0));
#12518=DIRECTION('',(-1.E0,0.E0,0.E0));
#12519=AXIS2_PLACEMENT_3D('',#12516,#12517,#12518);
#12520=PLANE('',#12519);
#12521=ORIENTED_EDGE('',*,*,#8155,.F.);
#12522=ORIENTED_EDGE('',*,*,#12415,.T.);
#12523=ORIENTED_EDGE('',*,*,#12400,.T.);
#12524=ORIENTED_EDGE('',*,*,#12509,.F.);
#12525=ORIENTED_EDGE('',*,*,#8356,.F.);
#12527=ORIENTED_EDGE('',*,*,#12526,.T.);
#12528=EDGE_LOOP('',(#12521,#12522,#12523,#12524,#12525,#12527));
#12529=FACE_OUTER_BOUND('',#12528,.F.);
#12531=CARTESIAN_POINT('',(1.22682E1,-4.0005E0,6.604E0));
#12532=DIRECTION('',(-1.E0,0.E0,0.E0));
#12533=DIRECTION('',(0.E0,0.E0,-1.E0));
#12534=AXIS2_PLACEMENT_3D('',#12531,#12532,#12533);
#12535=PLANE('',#12534);
#12536=ORIENTED_EDGE('',*,*,#8354,.F.);
#12537=ORIENTED_EDGE('',*,*,#7949,.T.);
#12538=ORIENTED_EDGE('',*,*,#8157,.T.);
#12539=ORIENTED_EDGE('',*,*,#12526,.F.);
#12540=EDGE_LOOP('',(#12536,#12537,#12538,#12539));
#12541=FACE_OUTER_BOUND('',#12540,.F.);
#12543=CARTESIAN_POINT('',(0.E0,-2.8575E0,0.E0));
#12544=DIRECTION('',(0.E0,-1.E0,0.E0));
#12545=DIRECTION('',(1.E0,0.E0,0.E0));
#12546=AXIS2_PLACEMENT_3D('',#12543,#12544,#12545);
#12547=PLANE('',#12546);
#12549=ORIENTED_EDGE('',*,*,#12548,.F.);
#12550=ORIENTED_EDGE('',*,*,#9823,.T.);
#12551=ORIENTED_EDGE('',*,*,#8246,.F.);
#12553=ORIENTED_EDGE('',*,*,#12552,.F.);
#12555=ORIENTED_EDGE('',*,*,#12554,.F.);
#12557=ORIENTED_EDGE('',*,*,#12556,.F.);
#12558=EDGE_LOOP('',(#12549,#12550,#12551,#12553,#12555,#12557));
#12559=FACE_OUTER_BOUND('',#12558,.F.);
#12561=CARTESIAN_POINT('',(-2.0955E0,-4.0005E0,6.604E0));
#12562=DIRECTION('',(-1.E0,0.E0,0.E0));
#12563=DIRECTION('',(0.E0,0.E0,-1.E0));
#12564=AXIS2_PLACEMENT_3D('',#12561,#12562,#12563);
#12565=PLANE('',#12564);
#12566=ORIENTED_EDGE('',*,*,#8344,.F.);
#12567=ORIENTED_EDGE('',*,*,#8123,.T.);
#12568=ORIENTED_EDGE('',*,*,#8232,.F.);
#12569=ORIENTED_EDGE('',*,*,#9764,.F.);
#12570=ORIENTED_EDGE('',*,*,#9825,.T.);
#12571=ORIENTED_EDGE('',*,*,#12548,.T.);
#12573=ORIENTED_EDGE('',*,*,#12572,.F.);
#12574=EDGE_LOOP('',(#12566,#12567,#12568,#12569,#12570,#12571,#12573));
#12575=FACE_OUTER_BOUND('',#12574,.F.);
#12577=CARTESIAN_POINT('',(-1.5875E0,-4.0005E0,-5.08E-1));
#12578=DIRECTION('',(0.E0,-1.E0,0.E0));
#12579=DIRECTION('',(1.E0,0.E0,0.E0));
#12580=AXIS2_PLACEMENT_3D('',#12577,#12578,#12579);
#12581=CYLINDRICAL_SURFACE('',#12580,5.08E-1);
#12582=ORIENTED_EDGE('',*,*,#8346,.F.);
#12583=ORIENTED_EDGE('',*,*,#12572,.T.);
#12584=ORIENTED_EDGE('',*,*,#12556,.T.);
#12586=ORIENTED_EDGE('',*,*,#12585,.F.);
#12587=EDGE_LOOP('',(#12582,#12583,#12584,#12586));
#12588=FACE_OUTER_BOUND('',#12587,.F.);
#12590=CARTESIAN_POINT('',(-1.5875E0,-4.0005E0,-1.016E0));
#12591=DIRECTION('',(0.E0,0.E0,-1.E0));
#12592=DIRECTION('',(1.E0,0.E0,0.E0));
#12593=AXIS2_PLACEMENT_3D('',#12590,#12591,#12592);
#12594=PLANE('',#12593);
#12595=ORIENTED_EDGE('',*,*,#8348,.F.);
#12596=ORIENTED_EDGE('',*,*,#12585,.T.);
#12597=ORIENTED_EDGE('',*,*,#12554,.T.);
#12599=ORIENTED_EDGE('',*,*,#12598,.F.);
#12600=EDGE_LOOP('',(#12595,#12596,#12597,#12599));
#12601=FACE_OUTER_BOUND('',#12600,.F.);
#12603=CARTESIAN_POINT('',(1.5875E0,-4.0005E0,-5.08E-1));
#12604=DIRECTION('',(0.E0,-1.E0,0.E0));
#12605=DIRECTION('',(1.E0,0.E0,0.E0));
#12606=AXIS2_PLACEMENT_3D('',#12603,#12604,#12605);
#12607=CYLINDRICAL_SURFACE('',#12606,5.08E-1);
#12608=ORIENTED_EDGE('',*,*,#8350,.F.);
#12609=ORIENTED_EDGE('',*,*,#12598,.T.);
#12610=ORIENTED_EDGE('',*,*,#12552,.T.);
#12611=ORIENTED_EDGE('',*,*,#8244,.F.);
#12612=EDGE_LOOP('',(#12608,#12609,#12610,#12611));
#12613=FACE_OUTER_BOUND('',#12612,.F.);
#12615=CARTESIAN_POINT('',(-1.905E1,-3.2131E0,6.604E0));
#12616=DIRECTION('',(0.E0,-1.E0,0.E0));
#12617=DIRECTION('',(1.E0,0.E0,0.E0));
#12618=AXIS2_PLACEMENT_3D('',#12615,#12616,#12617);
#12619=PLANE('',#12618);
#12620=ORIENTED_EDGE('',*,*,#9828,.T.);
#12622=ORIENTED_EDGE('',*,*,#12621,.F.);
#12624=ORIENTED_EDGE('',*,*,#12623,.F.);
#12626=ORIENTED_EDGE('',*,*,#12625,.F.);
#12627=ORIENTED_EDGE('',*,*,#9628,.F.);
#12628=ORIENTED_EDGE('',*,*,#9644,.F.);
#12629=ORIENTED_EDGE('',*,*,#9660,.F.);
#12631=ORIENTED_EDGE('',*,*,#12630,.F.);
#12632=EDGE_LOOP('',(#12620,#12622,#12624,#12626,#12627,#12628,#12629,#12631));
#12633=FACE_OUTER_BOUND('',#12632,.F.);
#12635=CARTESIAN_POINT('',(-1.0668E1,-4.0005E0,-5.842E-1));
#12636=DIRECTION('',(1.E0,0.E0,0.E0));
#12637=DIRECTION('',(0.E0,0.E0,1.E0));
#12638=AXIS2_PLACEMENT_3D('',#12635,#12636,#12637);
#12639=PLANE('',#12638);
#12640=ORIENTED_EDGE('',*,*,#9686,.F.);
#12642=ORIENTED_EDGE('',*,*,#12641,.T.);
#12643=ORIENTED_EDGE('',*,*,#12621,.T.);
#12644=ORIENTED_EDGE('',*,*,#9760,.T.);
#12646=ORIENTED_EDGE('',*,*,#12645,.F.);
#12647=EDGE_LOOP('',(#12640,#12642,#12643,#12644,#12646));
#12648=FACE_OUTER_BOUND('',#12647,.F.);
#12650=CARTESIAN_POINT('',(-9.3599E0,-4.0005E0,-5.842E-1));
#12651=DIRECTION('',(0.E0,0.E0,1.E0));
#12652=DIRECTION('',(-1.E0,0.E0,0.E0));
#12653=AXIS2_PLACEMENT_3D('',#12650,#12651,#12652);
#12654=PLANE('',#12653);
#12655=ORIENTED_EDGE('',*,*,#9684,.T.);
#12657=ORIENTED_EDGE('',*,*,#12656,.F.);
#12658=ORIENTED_EDGE('',*,*,#8364,.F.);
#12660=ORIENTED_EDGE('',*,*,#12659,.T.);
#12661=ORIENTED_EDGE('',*,*,#12623,.T.);
#12662=ORIENTED_EDGE('',*,*,#12641,.F.);
#12663=EDGE_LOOP('',(#12655,#12657,#12658,#12660,#12661,#12662));
#12664=FACE_OUTER_BOUND('',#12663,.F.);
#12666=CARTESIAN_POINT('',(-9.7282E0,-4.0005E0,-5.842E-1));
#12667=DIRECTION('',(1.E0,0.E0,0.E0));
#12668=DIRECTION('',(0.E0,0.E0,1.E0));
#12669=AXIS2_PLACEMENT_3D('',#12666,#12667,#12668);
#12670=PLANE('',#12669);
#12671=ORIENTED_EDGE('',*,*,#8341,.T.);
#12672=ORIENTED_EDGE('',*,*,#12656,.T.);
#12673=ORIENTED_EDGE('',*,*,#9682,.T.);
#12674=ORIENTED_EDGE('',*,*,#8127,.F.);
#12675=EDGE_LOOP('',(#12671,#12672,#12673,#12674));
#12676=FACE_OUTER_BOUND('',#12675,.F.);
#12678=CARTESIAN_POINT('',(-9.3599E0,-4.0005E0,-2.7686E0));
#12679=DIRECTION('',(1.E0,0.E0,0.E0));
#12680=DIRECTION('',(0.E0,0.E0,1.E0));
#12681=AXIS2_PLACEMENT_3D('',#12678,#12679,#12680);
#12682=PLANE('',#12681);
#12683=ORIENTED_EDGE('',*,*,#8362,.F.);
#12684=ORIENTED_EDGE('',*,*,#9528,.T.);
#12685=ORIENTED_EDGE('',*,*,#9630,.T.);
#12686=ORIENTED_EDGE('',*,*,#12625,.T.);
#12687=ORIENTED_EDGE('',*,*,#12659,.F.);
#12688=EDGE_LOOP('',(#12683,#12684,#12685,#12686,#12687));
#12689=FACE_OUTER_BOUND('',#12688,.F.);
#12691=CARTESIAN_POINT('',(-1.143E1,-4.0005E0,1.7018E0));
#12692=DIRECTION('',(0.E0,-1.E0,0.E0));
#12693=DIRECTION('',(1.E0,0.E0,0.E0));
#12694=AXIS2_PLACEMENT_3D('',#12691,#12692,#12693);
#12695=CYLINDRICAL_SURFACE('',#12694,7.62E-1);
#12696=ORIENTED_EDGE('',*,*,#9688,.F.);
#12697=ORIENTED_EDGE('',*,*,#12645,.T.);
#12698=ORIENTED_EDGE('',*,*,#9758,.T.);
#12700=ORIENTED_EDGE('',*,*,#12699,.F.);
#12701=EDGE_LOOP('',(#12696,#12697,#12698,#12700));
#12702=FACE_OUTER_BOUND('',#12701,.F.);
#12704=CARTESIAN_POINT('',(-1.2192E1,-4.0005E0,1.7018E0));
#12705=DIRECTION('',(-1.E0,0.E0,0.E0));
#12706=DIRECTION('',(0.E0,0.E0,-1.E0));
#12707=AXIS2_PLACEMENT_3D('',#12704,#12705,#12706);
#12708=PLANE('',#12707);
#12709=ORIENTED_EDGE('',*,*,#9690,.F.);
#12710=ORIENTED_EDGE('',*,*,#12699,.T.);
#12711=ORIENTED_EDGE('',*,*,#9756,.F.);
#12712=ORIENTED_EDGE('',*,*,#12630,.T.);
#12713=ORIENTED_EDGE('',*,*,#9658,.F.);
#12714=EDGE_LOOP('',(#12709,#12710,#12711,#12712,#12713));
#12715=FACE_OUTER_BOUND('',#12714,.F.);
#12717=CARTESIAN_POINT('',(1.50495E1,-4.0005E0,5.5118E0));
#12718=DIRECTION('',(1.E0,0.E0,0.E0));
#12719=DIRECTION('',(0.E0,0.E0,1.E0));
#12720=AXIS2_PLACEMENT_3D('',#12717,#12718,#12719);
#12721=PLANE('',#12720);
#12722=ORIENTED_EDGE('',*,*,#8142,.F.);
#12724=ORIENTED_EDGE('',*,*,#12723,.T.);
#12725=ORIENTED_EDGE('',*,*,#9736,.F.);
#12726=ORIENTED_EDGE('',*,*,#8197,.T.);
#12727=ORIENTED_EDGE('',*,*,#8005,.F.);
#12728=EDGE_LOOP('',(#12722,#12724,#12725,#12726,#12727));
#12729=FACE_OUTER_BOUND('',#12728,.F.);
#12731=CARTESIAN_POINT('',(1.28905E1,-4.0005E0,5.5118E0));
#12732=DIRECTION('',(0.E0,0.E0,-1.E0));
#12733=DIRECTION('',(1.E0,0.E0,0.E0));
#12734=AXIS2_PLACEMENT_3D('',#12731,#12732,#12733);
#12735=PLANE('',#12734);
#12736=ORIENTED_EDGE('',*,*,#8140,.F.);
#12737=ORIENTED_EDGE('',*,*,#8173,.T.);
#12738=ORIENTED_EDGE('',*,*,#9738,.T.);
#12739=ORIENTED_EDGE('',*,*,#12723,.F.);
#12740=EDGE_LOOP('',(#12736,#12737,#12738,#12739));
#12741=FACE_OUTER_BOUND('',#12740,.F.);
#12743=CARTESIAN_POINT('',(-1.03505E1,-4.0005E0,5.5118E0));
#12744=DIRECTION('',(1.E0,0.E0,0.E0));
#12745=DIRECTION('',(0.E0,0.E0,1.E0));
#12746=AXIS2_PLACEMENT_3D('',#12743,#12744,#12745);
#12747=PLANE('',#12746);
#12748=ORIENTED_EDGE('',*,*,#9679,.F.);
#12750=ORIENTED_EDGE('',*,*,#12749,.T.);
#12751=ORIENTED_EDGE('',*,*,#9767,.F.);
#12752=ORIENTED_EDGE('',*,*,#8228,.T.);
#12753=ORIENTED_EDGE('',*,*,#8119,.F.);
#12754=EDGE_LOOP('',(#12748,#12750,#12751,#12752,#12753));
#12755=FACE_OUTER_BOUND('',#12754,.F.);
#12757=CARTESIAN_POINT('',(-1.25095E1,-4.0005E0,5.5118E0));
#12758=DIRECTION('',(0.E0,0.E0,-1.E0));
#12759=DIRECTION('',(1.E0,0.E0,0.E0));
#12760=AXIS2_PLACEMENT_3D('',#12757,#12758,#12759);
#12761=PLANE('',#12760);
#12762=ORIENTED_EDGE('',*,*,#9677,.F.);
#12763=ORIENTED_EDGE('',*,*,#9708,.T.);
#12764=ORIENTED_EDGE('',*,*,#9769,.T.);
#12765=ORIENTED_EDGE('',*,*,#12749,.F.);
#12766=EDGE_LOOP('',(#12762,#12763,#12764,#12765));
#12767=FACE_OUTER_BOUND('',#12766,.F.);
#12769=CARTESIAN_POINT('',(-1.31318E1,-4.0005E0,6.604E0));
#12770=DIRECTION('',(-1.E0,0.E0,0.E0));
#12771=DIRECTION('',(0.E0,0.E0,-1.E0));
#12772=AXIS2_PLACEMENT_3D('',#12769,#12770,#12771);
#12773=PLANE('',#12772);
#12774=ORIENTED_EDGE('',*,*,#8299,.F.);
#12775=ORIENTED_EDGE('',*,*,#8077,.T.);
#12776=ORIENTED_EDGE('',*,*,#9693,.T.);
#12777=ORIENTED_EDGE('',*,*,#9664,.F.);
#12778=EDGE_LOOP('',(#12774,#12775,#12776,#12777));
#12779=FACE_OUTER_BOUND('',#12778,.F.);
#12781=CARTESIAN_POINT('',(1.85928E1,-4.0005E0,-3.086936225746E0));
#12782=DIRECTION('',(-1.E0,0.E0,0.E0));
#12783=DIRECTION('',(0.E0,0.E0,-1.E0));
#12784=AXIS2_PLACEMENT_3D('',#12781,#12782,#12783);
#12785=PLANE('',#12784);
#12786=ORIENTED_EDGE('',*,*,#8276,.T.);
#12788=ORIENTED_EDGE('',*,*,#12787,.T.);
#12789=ORIENTED_EDGE('',*,*,#9207,.T.);
#12790=ORIENTED_EDGE('',*,*,#9238,.F.);
#12791=EDGE_LOOP('',(#12786,#12788,#12789,#12790));
#12792=FACE_OUTER_BOUND('',#12791,.F.);
#12794=CARTESIAN_POINT('',(2.10693E1,-4.0005E0,-1.657128284098E0));
#12795=DIRECTION('',(-5.E-1,0.E0,8.660254037844E-1));
#12796=DIRECTION('',(-8.660254037844E-1,0.E0,-5.E-1));
#12797=AXIS2_PLACEMENT_3D('',#12794,#12795,#12796);
#12798=PLANE('',#12797);
#12799=ORIENTED_EDGE('',*,*,#8274,.F.);
#12801=ORIENTED_EDGE('',*,*,#12800,.T.);
#12802=ORIENTED_EDGE('',*,*,#9209,.T.);
#12803=ORIENTED_EDGE('',*,*,#12787,.F.);
#12804=EDGE_LOOP('',(#12799,#12801,#12802,#12803));
#12805=FACE_OUTER_BOUND('',#12804,.F.);
#12807=CARTESIAN_POINT('',(2.35458E1,-4.0005E0,-3.086936225746E0));
#12808=DIRECTION('',(5.E-1,0.E0,8.660254037844E-1));
#12809=DIRECTION('',(-8.660254037844E-1,0.E0,5.E-1));
#12810=AXIS2_PLACEMENT_3D('',#12807,#12808,#12809);
#12811=PLANE('',#12810);
#12812=ORIENTED_EDGE('',*,*,#8272,.F.);
#12814=ORIENTED_EDGE('',*,*,#12813,.T.);
#12815=ORIENTED_EDGE('',*,*,#9211,.T.);
#12816=ORIENTED_EDGE('',*,*,#12800,.F.);
#12817=EDGE_LOOP('',(#12812,#12814,#12815,#12816));
#12818=FACE_OUTER_BOUND('',#12817,.F.);
#12820=CARTESIAN_POINT('',(2.35458E1,-4.0005E0,-7.3406E0));
#12821=DIRECTION('',(1.E0,0.E0,0.E0));
#12822=DIRECTION('',(0.E0,0.E0,1.E0));
#12823=AXIS2_PLACEMENT_3D('',#12820,#12821,#12822);
#12824=PLANE('',#12823);
#12825=ORIENTED_EDGE('',*,*,#8270,.F.);
#12826=ORIENTED_EDGE('',*,*,#9241,.T.);
#12827=ORIENTED_EDGE('',*,*,#9213,.T.);
#12828=ORIENTED_EDGE('',*,*,#12813,.F.);
#12829=EDGE_LOOP('',(#12825,#12826,#12827,#12828));
#12830=FACE_OUTER_BOUND('',#12829,.F.);
#12832=CARTESIAN_POINT('',(-2.413E1,-2.667E-1,-7.3406E0));
#12833=DIRECTION('',(0.E0,0.E0,-1.E0));
#12834=DIRECTION('',(1.E0,0.E0,0.E0));
#12835=AXIS2_PLACEMENT_3D('',#12832,#12833,#12834);
#12836=CYLINDRICAL_SURFACE('',#12835,1.27E0);
#12837=ORIENTED_EDGE('',*,*,#9259,.F.);
#12839=ORIENTED_EDGE('',*,*,#12838,.T.);
#12841=ORIENTED_EDGE('',*,*,#12840,.T.);
#12843=ORIENTED_EDGE('',*,*,#12842,.F.);
#12844=EDGE_LOOP('',(#12837,#12839,#12841,#12843));
#12845=FACE_OUTER_BOUND('',#12844,.F.);
#12847=CARTESIAN_POINT('',(-2.413E1,-2.667E-1,-7.3406E0));
#12848=DIRECTION('',(0.E0,0.E0,-1.E0));
#12849=DIRECTION('',(1.E0,0.E0,0.E0));
#12850=AXIS2_PLACEMENT_3D('',#12847,#12848,#12849);
#12851=CYLINDRICAL_SURFACE('',#12850,1.27E0);
#12852=ORIENTED_EDGE('',*,*,#9261,.F.);
#12853=ORIENTED_EDGE('',*,*,#12842,.T.);
#12855=ORIENTED_EDGE('',*,*,#12854,.T.);
#12856=ORIENTED_EDGE('',*,*,#12838,.F.);
#12857=EDGE_LOOP('',(#12852,#12853,#12855,#12856));
#12858=FACE_OUTER_BOUND('',#12857,.F.);
#12860=CARTESIAN_POINT('',(0.E0,4.0005E0,-6.340602E0));
#12861=DIRECTION('',(0.E0,0.E0,-1.E0));
#12862=DIRECTION('',(1.E0,0.E0,0.E0));
#12863=AXIS2_PLACEMENT_3D('',#12860,#12861,#12862);
#12864=PLANE('',#12863);
#12865=ORIENTED_EDGE('',*,*,#12840,.F.);
#12866=ORIENTED_EDGE('',*,*,#12854,.F.);
#12867=EDGE_LOOP('',(#12865,#12866));
#12868=FACE_OUTER_BOUND('',#12867,.F.);
#12870=CARTESIAN_POINT('',(0.E0,4.0005E0,-6.340602E0));
#12871=DIRECTION('',(0.E0,0.E0,-1.E0));
#12872=DIRECTION('',(1.E0,0.E0,0.E0));
#12873=AXIS2_PLACEMENT_3D('',#12870,#12871,#12872);
#12874=PLANE('',#12873);
#12876=ORIENTED_EDGE('',*,*,#12875,.F.);
#12878=ORIENTED_EDGE('',*,*,#12877,.F.);
#12879=EDGE_LOOP('',(#12876,#12878));
#12880=FACE_OUTER_BOUND('',#12879,.F.);
#12882=CARTESIAN_POINT('',(2.413E1,-2.667E-1,-7.3406E0));
#12883=DIRECTION('',(0.E0,0.E0,-1.E0));
#12884=DIRECTION('',(1.E0,0.E0,0.E0));
#12885=AXIS2_PLACEMENT_3D('',#12882,#12883,#12884);
#12886=CYLINDRICAL_SURFACE('',#12885,1.27E0);
#12887=ORIENTED_EDGE('',*,*,#9265,.F.);
#12889=ORIENTED_EDGE('',*,*,#12888,.T.);
#12890=ORIENTED_EDGE('',*,*,#12875,.T.);
#12892=ORIENTED_EDGE('',*,*,#12891,.F.);
#12893=EDGE_LOOP('',(#12887,#12889,#12890,#12892));
#12894=FACE_OUTER_BOUND('',#12893,.F.);
#12896=CARTESIAN_POINT('',(2.413E1,-2.667E-1,-7.3406E0));
#12897=DIRECTION('',(0.E0,0.E0,-1.E0));
#12898=DIRECTION('',(1.E0,0.E0,0.E0));
#12899=AXIS2_PLACEMENT_3D('',#12896,#12897,#12898);
#12900=CYLINDRICAL_SURFACE('',#12899,1.27E0);
#12901=ORIENTED_EDGE('',*,*,#9267,.F.);
#12902=ORIENTED_EDGE('',*,*,#12891,.T.);
#12903=ORIENTED_EDGE('',*,*,#12877,.T.);
#12904=ORIENTED_EDGE('',*,*,#12888,.F.);
#12905=EDGE_LOOP('',(#12901,#12902,#12903,#12904));
#12906=FACE_OUTER_BOUND('',#12905,.F.);
#12908=CARTESIAN_POINT('',(-1.524E1,-1.2827E0,-7.3406E0));
#12909=DIRECTION('',(0.E0,0.E0,-1.E0));
#12910=DIRECTION('',(1.E0,0.E0,0.E0));
#12911=AXIS2_PLACEMENT_3D('',#12908,#12909,#12910);
#12912=CYLINDRICAL_SURFACE('',#12911,3.175E-1);
#12913=ORIENTED_EDGE('',*,*,#9271,.F.);
#12915=ORIENTED_EDGE('',*,*,#12914,.T.);
#12917=ORIENTED_EDGE('',*,*,#12916,.T.);
#12919=ORIENTED_EDGE('',*,*,#12918,.F.);
#12920=EDGE_LOOP('',(#12913,#12915,#12917,#12919));
#12921=FACE_OUTER_BOUND('',#12920,.F.);
#12923=CARTESIAN_POINT('',(-1.524E1,-1.2827E0,-7.3406E0));
#12924=DIRECTION('',(0.E0,0.E0,-1.E0));
#12925=DIRECTION('',(1.E0,0.E0,0.E0));
#12926=AXIS2_PLACEMENT_3D('',#12923,#12924,#12925);
#12927=CYLINDRICAL_SURFACE('',#12926,3.175E-1);
#12928=ORIENTED_EDGE('',*,*,#9273,.F.);
#12929=ORIENTED_EDGE('',*,*,#12918,.T.);
#12931=ORIENTED_EDGE('',*,*,#12930,.T.);
#12932=ORIENTED_EDGE('',*,*,#12914,.F.);
#12933=EDGE_LOOP('',(#12928,#12929,#12931,#12932));
#12934=FACE_OUTER_BOUND('',#12933,.F.);
#12936=CARTESIAN_POINT('',(0.E0,4.0005E0,-1.01346E1));
#12937=DIRECTION('',(0.E0,0.E0,-1.E0));
#12938=DIRECTION('',(1.E0,0.E0,0.E0));
#12939=AXIS2_PLACEMENT_3D('',#12936,#12937,#12938);
#12940=PLANE('',#12939);
#12941=ORIENTED_EDGE('',*,*,#12916,.F.);
#12942=ORIENTED_EDGE('',*,*,#12930,.F.);
#12943=EDGE_LOOP('',(#12941,#12942));
#12944=FACE_OUTER_BOUND('',#12943,.F.);
#12946=CARTESIAN_POINT('',(0.E0,4.0005E0,-1.01346E1));
#12947=DIRECTION('',(0.E0,0.E0,-1.E0));
#12948=DIRECTION('',(1.E0,0.E0,0.E0));
#12949=AXIS2_PLACEMENT_3D('',#12946,#12947,#12948);
#12950=PLANE('',#12949);
#12952=ORIENTED_EDGE('',*,*,#12951,.F.);
#12954=ORIENTED_EDGE('',*,*,#12953,.F.);
#12955=EDGE_LOOP('',(#12952,#12954));
#12956=FACE_OUTER_BOUND('',#12955,.F.);
#12958=CARTESIAN_POINT('',(-1.524E1,1.2573E0,-7.3406E0));
#12959=DIRECTION('',(0.E0,0.E0,-1.E0));
#12960=DIRECTION('',(1.E0,0.E0,0.E0));
#12961=AXIS2_PLACEMENT_3D('',#12958,#12959,#12960);
#12962=CYLINDRICAL_SURFACE('',#12961,3.175E-1);
#12963=ORIENTED_EDGE('',*,*,#9277,.F.);
#12965=ORIENTED_EDGE('',*,*,#12964,.T.);
#12966=ORIENTED_EDGE('',*,*,#12951,.T.);
#12968=ORIENTED_EDGE('',*,*,#12967,.F.);
#12969=EDGE_LOOP('',(#12963,#12965,#12966,#12968));
#12970=FACE_OUTER_BOUND('',#12969,.F.);
#12972=CARTESIAN_POINT('',(-1.524E1,1.2573E0,-7.3406E0));
#12973=DIRECTION('',(0.E0,0.E0,-1.E0));
#12974=DIRECTION('',(1.E0,0.E0,0.E0));
#12975=AXIS2_PLACEMENT_3D('',#12972,#12973,#12974);
#12976=CYLINDRICAL_SURFACE('',#12975,3.175E-1);
#12977=ORIENTED_EDGE('',*,*,#9279,.F.);
#12978=ORIENTED_EDGE('',*,*,#12967,.T.);
#12979=ORIENTED_EDGE('',*,*,#12953,.T.);
#12980=ORIENTED_EDGE('',*,*,#12964,.F.);
#12981=EDGE_LOOP('',(#12977,#12978,#12979,#12980));
#12982=FACE_OUTER_BOUND('',#12981,.F.);
#12984=CARTESIAN_POINT('',(-1.27E1,-1.2827E0,-7.3406E0));
#12985=DIRECTION('',(0.E0,0.E0,-1.E0));
#12986=DIRECTION('',(1.E0,0.E0,0.E0));
#12987=AXIS2_PLACEMENT_3D('',#12984,#12985,#12986);
#12988=CYLINDRICAL_SURFACE('',#12987,3.175E-1);
#12989=ORIENTED_EDGE('',*,*,#9283,.F.);
#12991=ORIENTED_EDGE('',*,*,#12990,.T.);
#12993=ORIENTED_EDGE('',*,*,#12992,.T.);
#12995=ORIENTED_EDGE('',*,*,#12994,.F.);
#12996=EDGE_LOOP('',(#12989,#12991,#12993,#12995));
#12997=FACE_OUTER_BOUND('',#12996,.F.);
#12999=CARTESIAN_POINT('',(-1.27E1,-1.2827E0,-7.3406E0));
#13000=DIRECTION('',(0.E0,0.E0,-1.E0));
#13001=DIRECTION('',(1.E0,0.E0,0.E0));
#13002=AXIS2_PLACEMENT_3D('',#12999,#13000,#13001);
#13003=CYLINDRICAL_SURFACE('',#13002,3.175E-1);
#13004=ORIENTED_EDGE('',*,*,#9285,.F.);
#13005=ORIENTED_EDGE('',*,*,#12994,.T.);
#13007=ORIENTED_EDGE('',*,*,#13006,.T.);
#13008=ORIENTED_EDGE('',*,*,#12990,.F.);
#13009=EDGE_LOOP('',(#13004,#13005,#13007,#13008));
#13010=FACE_OUTER_BOUND('',#13009,.F.);
#13012=CARTESIAN_POINT('',(0.E0,4.0005E0,-1.01346E1));
#13013=DIRECTION('',(0.E0,0.E0,-1.E0));
#13014=DIRECTION('',(1.E0,0.E0,0.E0));
#13015=AXIS2_PLACEMENT_3D('',#13012,#13013,#13014);
#13016=PLANE('',#13015);
#13017=ORIENTED_EDGE('',*,*,#12992,.F.);
#13018=ORIENTED_EDGE('',*,*,#13006,.F.);
#13019=EDGE_LOOP('',(#13017,#13018));
#13020=FACE_OUTER_BOUND('',#13019,.F.);
#13022=CARTESIAN_POINT('',(0.E0,4.0005E0,-1.01346E1));
#13023=DIRECTION('',(0.E0,0.E0,-1.E0));
#13024=DIRECTION('',(1.E0,0.E0,0.E0));
#13025=AXIS2_PLACEMENT_3D('',#13022,#13023,#13024);
#13026=PLANE('',#13025);
#13028=ORIENTED_EDGE('',*,*,#13027,.F.);
#13030=ORIENTED_EDGE('',*,*,#13029,.F.);
#13031=EDGE_LOOP('',(#13028,#13030));
#13032=FACE_OUTER_BOUND('',#13031,.F.);
#13034=CARTESIAN_POINT('',(-1.27E1,1.2573E0,-7.3406E0));
#13035=DIRECTION('',(0.E0,0.E0,-1.E0));
#13036=DIRECTION('',(1.E0,0.E0,0.E0));
#13037=AXIS2_PLACEMENT_3D('',#13034,#13035,#13036);
#13038=CYLINDRICAL_SURFACE('',#13037,3.175E-1);
#13039=ORIENTED_EDGE('',*,*,#9289,.F.);
#13041=ORIENTED_EDGE('',*,*,#13040,.T.);
#13042=ORIENTED_EDGE('',*,*,#13027,.T.);
#13044=ORIENTED_EDGE('',*,*,#13043,.F.);
#13045=EDGE_LOOP('',(#13039,#13041,#13042,#13044));
#13046=FACE_OUTER_BOUND('',#13045,.F.);
#13048=CARTESIAN_POINT('',(-1.27E1,1.2573E0,-7.3406E0));
#13049=DIRECTION('',(0.E0,0.E0,-1.E0));
#13050=DIRECTION('',(1.E0,0.E0,0.E0));
#13051=AXIS2_PLACEMENT_3D('',#13048,#13049,#13050);
#13052=CYLINDRICAL_SURFACE('',#13051,3.175E-1);
#13053=ORIENTED_EDGE('',*,*,#9291,.F.);
#13054=ORIENTED_EDGE('',*,*,#13043,.T.);
#13055=ORIENTED_EDGE('',*,*,#13029,.T.);
#13056=ORIENTED_EDGE('',*,*,#13040,.F.);
#13057=EDGE_LOOP('',(#13053,#13054,#13055,#13056));
#13058=FACE_OUTER_BOUND('',#13057,.F.);
#13060=CARTESIAN_POINT('',(-1.016E1,-1.2827E0,-7.3406E0));
#13061=DIRECTION('',(0.E0,0.E0,-1.E0));
#13062=DIRECTION('',(1.E0,0.E0,0.E0));
#13063=AXIS2_PLACEMENT_3D('',#13060,#13061,#13062);
#13064=CYLINDRICAL_SURFACE('',#13063,3.175E-1);
#13065=ORIENTED_EDGE('',*,*,#9295,.F.);
#13067=ORIENTED_EDGE('',*,*,#13066,.T.);
#13069=ORIENTED_EDGE('',*,*,#13068,.T.);
#13071=ORIENTED_EDGE('',*,*,#13070,.F.);
#13072=EDGE_LOOP('',(#13065,#13067,#13069,#13071));
#13073=FACE_OUTER_BOUND('',#13072,.F.);
#13075=CARTESIAN_POINT('',(-1.016E1,-1.2827E0,-7.3406E0));
#13076=DIRECTION('',(0.E0,0.E0,-1.E0));
#13077=DIRECTION('',(1.E0,0.E0,0.E0));
#13078=AXIS2_PLACEMENT_3D('',#13075,#13076,#13077);
#13079=CYLINDRICAL_SURFACE('',#13078,3.175E-1);
#13080=ORIENTED_EDGE('',*,*,#9297,.F.);
#13081=ORIENTED_EDGE('',*,*,#13070,.T.);
#13083=ORIENTED_EDGE('',*,*,#13082,.T.);
#13084=ORIENTED_EDGE('',*,*,#13066,.F.);
#13085=EDGE_LOOP('',(#13080,#13081,#13083,#13084));
#13086=FACE_OUTER_BOUND('',#13085,.F.);
#13088=CARTESIAN_POINT('',(0.E0,4.0005E0,-1.01346E1));
#13089=DIRECTION('',(0.E0,0.E0,-1.E0));
#13090=DIRECTION('',(1.E0,0.E0,0.E0));
#13091=AXIS2_PLACEMENT_3D('',#13088,#13089,#13090);
#13092=PLANE('',#13091);
#13093=ORIENTED_EDGE('',*,*,#13068,.F.);
#13094=ORIENTED_EDGE('',*,*,#13082,.F.);
#13095=EDGE_LOOP('',(#13093,#13094));
#13096=FACE_OUTER_BOUND('',#13095,.F.);
#13098=CARTESIAN_POINT('',(0.E0,4.0005E0,-1.01346E1));
#13099=DIRECTION('',(0.E0,0.E0,-1.E0));
#13100=DIRECTION('',(1.E0,0.E0,0.E0));
#13101=AXIS2_PLACEMENT_3D('',#13098,#13099,#13100);
#13102=PLANE('',#13101);
#13104=ORIENTED_EDGE('',*,*,#13103,.F.);
#13106=ORIENTED_EDGE('',*,*,#13105,.F.);
#13107=EDGE_LOOP('',(#13104,#13106));
#13108=FACE_OUTER_BOUND('',#13107,.F.);
#13110=CARTESIAN_POINT('',(-1.016E1,1.2573E0,-7.3406E0));
#13111=DIRECTION('',(0.E0,0.E0,-1.E0));
#13112=DIRECTION('',(1.E0,0.E0,0.E0));
#13113=AXIS2_PLACEMENT_3D('',#13110,#13111,#13112);
#13114=CYLINDRICAL_SURFACE('',#13113,3.175E-1);
#13115=ORIENTED_EDGE('',*,*,#9301,.F.);
#13117=ORIENTED_EDGE('',*,*,#13116,.T.);
#13118=ORIENTED_EDGE('',*,*,#13103,.T.);
#13120=ORIENTED_EDGE('',*,*,#13119,.F.);
#13121=EDGE_LOOP('',(#13115,#13117,#13118,#13120));
#13122=FACE_OUTER_BOUND('',#13121,.F.);
#13124=CARTESIAN_POINT('',(-1.016E1,1.2573E0,-7.3406E0));
#13125=DIRECTION('',(0.E0,0.E0,-1.E0));
#13126=DIRECTION('',(1.E0,0.E0,0.E0));
#13127=AXIS2_PLACEMENT_3D('',#13124,#13125,#13126);
#13128=CYLINDRICAL_SURFACE('',#13127,3.175E-1);
#13129=ORIENTED_EDGE('',*,*,#9303,.F.);
#13130=ORIENTED_EDGE('',*,*,#13119,.T.);
#13131=ORIENTED_EDGE('',*,*,#13105,.T.);
#13132=ORIENTED_EDGE('',*,*,#13116,.F.);
#13133=EDGE_LOOP('',(#13129,#13130,#13131,#13132));
#13134=FACE_OUTER_BOUND('',#13133,.F.);
#13136=CARTESIAN_POINT('',(-7.62E0,-1.2827E0,-7.3406E0));
#13137=DIRECTION('',(0.E0,0.E0,-1.E0));
#13138=DIRECTION('',(1.E0,0.E0,0.E0));
#13139=AXIS2_PLACEMENT_3D('',#13136,#13137,#13138);
#13140=CYLINDRICAL_SURFACE('',#13139,3.175E-1);
#13141=ORIENTED_EDGE('',*,*,#9307,.F.);
#13143=ORIENTED_EDGE('',*,*,#13142,.T.);
#13145=ORIENTED_EDGE('',*,*,#13144,.T.);
#13147=ORIENTED_EDGE('',*,*,#13146,.F.);
#13148=EDGE_LOOP('',(#13141,#13143,#13145,#13147));
#13149=FACE_OUTER_BOUND('',#13148,.F.);
#13151=CARTESIAN_POINT('',(-7.62E0,-1.2827E0,-7.3406E0));
#13152=DIRECTION('',(0.E0,0.E0,-1.E0));
#13153=DIRECTION('',(1.E0,0.E0,0.E0));
#13154=AXIS2_PLACEMENT_3D('',#13151,#13152,#13153);
#13155=CYLINDRICAL_SURFACE('',#13154,3.175E-1);
#13156=ORIENTED_EDGE('',*,*,#9309,.F.);
#13157=ORIENTED_EDGE('',*,*,#13146,.T.);
#13159=ORIENTED_EDGE('',*,*,#13158,.T.);
#13160=ORIENTED_EDGE('',*,*,#13142,.F.);
#13161=EDGE_LOOP('',(#13156,#13157,#13159,#13160));
#13162=FACE_OUTER_BOUND('',#13161,.F.);
#13164=CARTESIAN_POINT('',(0.E0,4.0005E0,-1.01346E1));
#13165=DIRECTION('',(0.E0,0.E0,-1.E0));
#13166=DIRECTION('',(1.E0,0.E0,0.E0));
#13167=AXIS2_PLACEMENT_3D('',#13164,#13165,#13166);
#13168=PLANE('',#13167);
#13169=ORIENTED_EDGE('',*,*,#13144,.F.);
#13170=ORIENTED_EDGE('',*,*,#13158,.F.);
#13171=EDGE_LOOP('',(#13169,#13170));
#13172=FACE_OUTER_BOUND('',#13171,.F.);
#13174=CARTESIAN_POINT('',(0.E0,4.0005E0,-1.01346E1));
#13175=DIRECTION('',(0.E0,0.E0,-1.E0));
#13176=DIRECTION('',(1.E0,0.E0,0.E0));
#13177=AXIS2_PLACEMENT_3D('',#13174,#13175,#13176);
#13178=PLANE('',#13177);
#13180=ORIENTED_EDGE('',*,*,#13179,.F.);
#13182=ORIENTED_EDGE('',*,*,#13181,.F.);
#13183=EDGE_LOOP('',(#13180,#13182));
#13184=FACE_OUTER_BOUND('',#13183,.F.);
#13186=CARTESIAN_POINT('',(-7.62E0,1.2573E0,-7.3406E0));
#13187=DIRECTION('',(0.E0,0.E0,-1.E0));
#13188=DIRECTION('',(1.E0,0.E0,0.E0));
#13189=AXIS2_PLACEMENT_3D('',#13186,#13187,#13188);
#13190=CYLINDRICAL_SURFACE('',#13189,3.175E-1);
#13191=ORIENTED_EDGE('',*,*,#9313,.F.);
#13193=ORIENTED_EDGE('',*,*,#13192,.T.);
#13194=ORIENTED_EDGE('',*,*,#13179,.T.);
#13196=ORIENTED_EDGE('',*,*,#13195,.F.);
#13197=EDGE_LOOP('',(#13191,#13193,#13194,#13196));
#13198=FACE_OUTER_BOUND('',#13197,.F.);
#13200=CARTESIAN_POINT('',(-7.62E0,1.2573E0,-7.3406E0));
#13201=DIRECTION('',(0.E0,0.E0,-1.E0));
#13202=DIRECTION('',(1.E0,0.E0,0.E0));
#13203=AXIS2_PLACEMENT_3D('',#13200,#13201,#13202);
#13204=CYLINDRICAL_SURFACE('',#13203,3.175E-1);
#13205=ORIENTED_EDGE('',*,*,#9315,.F.);
#13206=ORIENTED_EDGE('',*,*,#13195,.T.);
#13207=ORIENTED_EDGE('',*,*,#13181,.T.);
#13208=ORIENTED_EDGE('',*,*,#13192,.F.);
#13209=EDGE_LOOP('',(#13205,#13206,#13207,#13208));
#13210=FACE_OUTER_BOUND('',#13209,.F.);
#13212=CARTESIAN_POINT('',(-5.08E0,-1.2827E0,-7.3406E0));
#13213=DIRECTION('',(0.E0,0.E0,-1.E0));
#13214=DIRECTION('',(1.E0,0.E0,0.E0));
#13215=AXIS2_PLACEMENT_3D('',#13212,#13213,#13214);
#13216=CYLINDRICAL_SURFACE('',#13215,3.175E-1);
#13217=ORIENTED_EDGE('',*,*,#9319,.F.);
#13219=ORIENTED_EDGE('',*,*,#13218,.T.);
#13221=ORIENTED_EDGE('',*,*,#13220,.T.);
#13223=ORIENTED_EDGE('',*,*,#13222,.F.);
#13224=EDGE_LOOP('',(#13217,#13219,#13221,#13223));
#13225=FACE_OUTER_BOUND('',#13224,.F.);
#13227=CARTESIAN_POINT('',(-5.08E0,-1.2827E0,-7.3406E0));
#13228=DIRECTION('',(0.E0,0.E0,-1.E0));
#13229=DIRECTION('',(1.E0,0.E0,0.E0));
#13230=AXIS2_PLACEMENT_3D('',#13227,#13228,#13229);
#13231=CYLINDRICAL_SURFACE('',#13230,3.175E-1);
#13232=ORIENTED_EDGE('',*,*,#9321,.F.);
#13233=ORIENTED_EDGE('',*,*,#13222,.T.);
#13235=ORIENTED_EDGE('',*,*,#13234,.T.);
#13236=ORIENTED_EDGE('',*,*,#13218,.F.);
#13237=EDGE_LOOP('',(#13232,#13233,#13235,#13236));
#13238=FACE_OUTER_BOUND('',#13237,.F.);
#13240=CARTESIAN_POINT('',(0.E0,4.0005E0,-1.01346E1));
#13241=DIRECTION('',(0.E0,0.E0,-1.E0));
#13242=DIRECTION('',(1.E0,0.E0,0.E0));
#13243=AXIS2_PLACEMENT_3D('',#13240,#13241,#13242);
#13244=PLANE('',#13243);
#13245=ORIENTED_EDGE('',*,*,#13220,.F.);
#13246=ORIENTED_EDGE('',*,*,#13234,.F.);
#13247=EDGE_LOOP('',(#13245,#13246));
#13248=FACE_OUTER_BOUND('',#13247,.F.);
#13250=CARTESIAN_POINT('',(0.E0,4.0005E0,-1.01346E1));
#13251=DIRECTION('',(0.E0,0.E0,-1.E0));
#13252=DIRECTION('',(1.E0,0.E0,0.E0));
#13253=AXIS2_PLACEMENT_3D('',#13250,#13251,#13252);
#13254=PLANE('',#13253);
#13256=ORIENTED_EDGE('',*,*,#13255,.F.);
#13258=ORIENTED_EDGE('',*,*,#13257,.F.);
#13259=EDGE_LOOP('',(#13256,#13258));
#13260=FACE_OUTER_BOUND('',#13259,.F.);
#13262=CARTESIAN_POINT('',(-5.08E0,1.2573E0,-7.3406E0));
#13263=DIRECTION('',(0.E0,0.E0,-1.E0));
#13264=DIRECTION('',(1.E0,0.E0,0.E0));
#13265=AXIS2_PLACEMENT_3D('',#13262,#13263,#13264);
#13266=CYLINDRICAL_SURFACE('',#13265,3.175E-1);
#13267=ORIENTED_EDGE('',*,*,#9325,.F.);
#13269=ORIENTED_EDGE('',*,*,#13268,.T.);
#13270=ORIENTED_EDGE('',*,*,#13255,.T.);
#13272=ORIENTED_EDGE('',*,*,#13271,.F.);
#13273=EDGE_LOOP('',(#13267,#13269,#13270,#13272));
#13274=FACE_OUTER_BOUND('',#13273,.F.);
#13276=CARTESIAN_POINT('',(-5.08E0,1.2573E0,-7.3406E0));
#13277=DIRECTION('',(0.E0,0.E0,-1.E0));
#13278=DIRECTION('',(1.E0,0.E0,0.E0));
#13279=AXIS2_PLACEMENT_3D('',#13276,#13277,#13278);
#13280=CYLINDRICAL_SURFACE('',#13279,3.175E-1);
#13281=ORIENTED_EDGE('',*,*,#9327,.F.);
#13282=ORIENTED_EDGE('',*,*,#13271,.T.);
#13283=ORIENTED_EDGE('',*,*,#13257,.T.);
#13284=ORIENTED_EDGE('',*,*,#13268,.F.);
#13285=EDGE_LOOP('',(#13281,#13282,#13283,#13284));
#13286=FACE_OUTER_BOUND('',#13285,.F.);
#13288=CARTESIAN_POINT('',(-2.54E0,-1.2827E0,-7.3406E0));
#13289=DIRECTION('',(0.E0,0.E0,-1.E0));
#13290=DIRECTION('',(1.E0,0.E0,0.E0));
#13291=AXIS2_PLACEMENT_3D('',#13288,#13289,#13290);
#13292=CYLINDRICAL_SURFACE('',#13291,3.175E-1);
#13293=ORIENTED_EDGE('',*,*,#9331,.F.);
#13295=ORIENTED_EDGE('',*,*,#13294,.T.);
#13297=ORIENTED_EDGE('',*,*,#13296,.T.);
#13299=ORIENTED_EDGE('',*,*,#13298,.F.);
#13300=EDGE_LOOP('',(#13293,#13295,#13297,#13299));
#13301=FACE_OUTER_BOUND('',#13300,.F.);
#13303=CARTESIAN_POINT('',(-2.54E0,-1.2827E0,-7.3406E0));
#13304=DIRECTION('',(0.E0,0.E0,-1.E0));
#13305=DIRECTION('',(1.E0,0.E0,0.E0));
#13306=AXIS2_PLACEMENT_3D('',#13303,#13304,#13305);
#13307=CYLINDRICAL_SURFACE('',#13306,3.175E-1);
#13308=ORIENTED_EDGE('',*,*,#9333,.F.);
#13309=ORIENTED_EDGE('',*,*,#13298,.T.);
#13311=ORIENTED_EDGE('',*,*,#13310,.T.);
#13312=ORIENTED_EDGE('',*,*,#13294,.F.);
#13313=EDGE_LOOP('',(#13308,#13309,#13311,#13312));
#13314=FACE_OUTER_BOUND('',#13313,.F.);
#13316=CARTESIAN_POINT('',(0.E0,4.0005E0,-1.01346E1));
#13317=DIRECTION('',(0.E0,0.E0,-1.E0));
#13318=DIRECTION('',(1.E0,0.E0,0.E0));
#13319=AXIS2_PLACEMENT_3D('',#13316,#13317,#13318);
#13320=PLANE('',#13319);
#13321=ORIENTED_EDGE('',*,*,#13296,.F.);
#13322=ORIENTED_EDGE('',*,*,#13310,.F.);
#13323=EDGE_LOOP('',(#13321,#13322));
#13324=FACE_OUTER_BOUND('',#13323,.F.);
#13326=CARTESIAN_POINT('',(0.E0,4.0005E0,-1.01346E1));
#13327=DIRECTION('',(0.E0,0.E0,-1.E0));
#13328=DIRECTION('',(1.E0,0.E0,0.E0));
#13329=AXIS2_PLACEMENT_3D('',#13326,#13327,#13328);
#13330=PLANE('',#13329);
#13332=ORIENTED_EDGE('',*,*,#13331,.F.);
#13334=ORIENTED_EDGE('',*,*,#13333,.F.);
#13335=EDGE_LOOP('',(#13332,#13334));
#13336=FACE_OUTER_BOUND('',#13335,.F.);
#13338=CARTESIAN_POINT('',(-2.54E0,1.2573E0,-7.3406E0));
#13339=DIRECTION('',(0.E0,0.E0,-1.E0));
#13340=DIRECTION('',(1.E0,0.E0,0.E0));
#13341=AXIS2_PLACEMENT_3D('',#13338,#13339,#13340);
#13342=CYLINDRICAL_SURFACE('',#13341,3.175E-1);
#13343=ORIENTED_EDGE('',*,*,#9337,.F.);
#13345=ORIENTED_EDGE('',*,*,#13344,.T.);
#13346=ORIENTED_EDGE('',*,*,#13331,.T.);
#13348=ORIENTED_EDGE('',*,*,#13347,.F.);
#13349=EDGE_LOOP('',(#13343,#13345,#13346,#13348));
#13350=FACE_OUTER_BOUND('',#13349,.F.);
#13352=CARTESIAN_POINT('',(-2.54E0,1.2573E0,-7.3406E0));
#13353=DIRECTION('',(0.E0,0.E0,-1.E0));
#13354=DIRECTION('',(1.E0,0.E0,0.E0));
#13355=AXIS2_PLACEMENT_3D('',#13352,#13353,#13354);
#13356=CYLINDRICAL_SURFACE('',#13355,3.175E-1);
#13357=ORIENTED_EDGE('',*,*,#9339,.F.);
#13358=ORIENTED_EDGE('',*,*,#13347,.T.);
#13359=ORIENTED_EDGE('',*,*,#13333,.T.);
#13360=ORIENTED_EDGE('',*,*,#13344,.F.);
#13361=EDGE_LOOP('',(#13357,#13358,#13359,#13360));
#13362=FACE_OUTER_BOUND('',#13361,.F.);
#13364=CARTESIAN_POINT('',(0.E0,-1.2827E0,-7.3406E0));
#13365=DIRECTION('',(0.E0,0.E0,-1.E0));
#13366=DIRECTION('',(1.E0,0.E0,0.E0));
#13367=AXIS2_PLACEMENT_3D('',#13364,#13365,#13366);
#13368=CYLINDRICAL_SURFACE('',#13367,3.175E-1);
#13369=ORIENTED_EDGE('',*,*,#9343,.F.);
#13371=ORIENTED_EDGE('',*,*,#13370,.T.);
#13373=ORIENTED_EDGE('',*,*,#13372,.T.);
#13375=ORIENTED_EDGE('',*,*,#13374,.F.);
#13376=EDGE_LOOP('',(#13369,#13371,#13373,#13375));
#13377=FACE_OUTER_BOUND('',#13376,.F.);
#13379=CARTESIAN_POINT('',(0.E0,-1.2827E0,-7.3406E0));
#13380=DIRECTION('',(0.E0,0.E0,-1.E0));
#13381=DIRECTION('',(1.E0,0.E0,0.E0));
#13382=AXIS2_PLACEMENT_3D('',#13379,#13380,#13381);
#13383=CYLINDRICAL_SURFACE('',#13382,3.175E-1);
#13384=ORIENTED_EDGE('',*,*,#9345,.F.);
#13385=ORIENTED_EDGE('',*,*,#13374,.T.);
#13387=ORIENTED_EDGE('',*,*,#13386,.T.);
#13388=ORIENTED_EDGE('',*,*,#13370,.F.);
#13389=EDGE_LOOP('',(#13384,#13385,#13387,#13388));
#13390=FACE_OUTER_BOUND('',#13389,.F.);
#13392=CARTESIAN_POINT('',(0.E0,4.0005E0,-1.01346E1));
#13393=DIRECTION('',(0.E0,0.E0,-1.E0));
#13394=DIRECTION('',(1.E0,0.E0,0.E0));
#13395=AXIS2_PLACEMENT_3D('',#13392,#13393,#13394);
#13396=PLANE('',#13395);
#13397=ORIENTED_EDGE('',*,*,#13372,.F.);
#13398=ORIENTED_EDGE('',*,*,#13386,.F.);
#13399=EDGE_LOOP('',(#13397,#13398));
#13400=FACE_OUTER_BOUND('',#13399,.F.);
#13402=CARTESIAN_POINT('',(0.E0,4.0005E0,-1.01346E1));
#13403=DIRECTION('',(0.E0,0.E0,-1.E0));
#13404=DIRECTION('',(1.E0,0.E0,0.E0));
#13405=AXIS2_PLACEMENT_3D('',#13402,#13403,#13404);
#13406=PLANE('',#13405);
#13408=ORIENTED_EDGE('',*,*,#13407,.F.);
#13410=ORIENTED_EDGE('',*,*,#13409,.F.);
#13411=EDGE_LOOP('',(#13408,#13410));
#13412=FACE_OUTER_BOUND('',#13411,.F.);
#13414=CARTESIAN_POINT('',(0.E0,1.2573E0,-7.3406E0));
#13415=DIRECTION('',(0.E0,0.E0,-1.E0));
#13416=DIRECTION('',(1.E0,0.E0,0.E0));
#13417=AXIS2_PLACEMENT_3D('',#13414,#13415,#13416);
#13418=CYLINDRICAL_SURFACE('',#13417,3.175E-1);
#13419=ORIENTED_EDGE('',*,*,#9349,.F.);
#13421=ORIENTED_EDGE('',*,*,#13420,.T.);
#13422=ORIENTED_EDGE('',*,*,#13407,.T.);
#13424=ORIENTED_EDGE('',*,*,#13423,.F.);
#13425=EDGE_LOOP('',(#13419,#13421,#13422,#13424));
#13426=FACE_OUTER_BOUND('',#13425,.F.);
#13428=CARTESIAN_POINT('',(0.E0,1.2573E0,-7.3406E0));
#13429=DIRECTION('',(0.E0,0.E0,-1.E0));
#13430=DIRECTION('',(1.E0,0.E0,0.E0));
#13431=AXIS2_PLACEMENT_3D('',#13428,#13429,#13430);
#13432=CYLINDRICAL_SURFACE('',#13431,3.175E-1);
#13433=ORIENTED_EDGE('',*,*,#9351,.F.);
#13434=ORIENTED_EDGE('',*,*,#13423,.T.);
#13435=ORIENTED_EDGE('',*,*,#13409,.T.);
#13436=ORIENTED_EDGE('',*,*,#13420,.F.);
#13437=EDGE_LOOP('',(#13433,#13434,#13435,#13436));
#13438=FACE_OUTER_BOUND('',#13437,.F.);
#13440=CARTESIAN_POINT('',(2.54E0,-1.2827E0,-7.3406E0));
#13441=DIRECTION('',(0.E0,0.E0,-1.E0));
#13442=DIRECTION('',(1.E0,0.E0,0.E0));
#13443=AXIS2_PLACEMENT_3D('',#13440,#13441,#13442);
#13444=CYLINDRICAL_SURFACE('',#13443,3.175E-1);
#13445=ORIENTED_EDGE('',*,*,#9355,.F.);
#13447=ORIENTED_EDGE('',*,*,#13446,.T.);
#13449=ORIENTED_EDGE('',*,*,#13448,.T.);
#13451=ORIENTED_EDGE('',*,*,#13450,.F.);
#13452=EDGE_LOOP('',(#13445,#13447,#13449,#13451));
#13453=FACE_OUTER_BOUND('',#13452,.F.);
#13455=CARTESIAN_POINT('',(2.54E0,-1.2827E0,-7.3406E0));
#13456=DIRECTION('',(0.E0,0.E0,-1.E0));
#13457=DIRECTION('',(1.E0,0.E0,0.E0));
#13458=AXIS2_PLACEMENT_3D('',#13455,#13456,#13457);
#13459=CYLINDRICAL_SURFACE('',#13458,3.175E-1);
#13460=ORIENTED_EDGE('',*,*,#9357,.F.);
#13461=ORIENTED_EDGE('',*,*,#13450,.T.);
#13463=ORIENTED_EDGE('',*,*,#13462,.T.);
#13464=ORIENTED_EDGE('',*,*,#13446,.F.);
#13465=EDGE_LOOP('',(#13460,#13461,#13463,#13464));
#13466=FACE_OUTER_BOUND('',#13465,.F.);
#13468=CARTESIAN_POINT('',(0.E0,4.0005E0,-1.01346E1));
#13469=DIRECTION('',(0.E0,0.E0,-1.E0));
#13470=DIRECTION('',(1.E0,0.E0,0.E0));
#13471=AXIS2_PLACEMENT_3D('',#13468,#13469,#13470);
#13472=PLANE('',#13471);
#13473=ORIENTED_EDGE('',*,*,#13448,.F.);
#13474=ORIENTED_EDGE('',*,*,#13462,.F.);
#13475=EDGE_LOOP('',(#13473,#13474));
#13476=FACE_OUTER_BOUND('',#13475,.F.);
#13478=CARTESIAN_POINT('',(0.E0,4.0005E0,-1.01346E1));
#13479=DIRECTION('',(0.E0,0.E0,-1.E0));
#13480=DIRECTION('',(1.E0,0.E0,0.E0));
#13481=AXIS2_PLACEMENT_3D('',#13478,#13479,#13480);
#13482=PLANE('',#13481);
#13484=ORIENTED_EDGE('',*,*,#13483,.F.);
#13486=ORIENTED_EDGE('',*,*,#13485,.F.);
#13487=EDGE_LOOP('',(#13484,#13486));
#13488=FACE_OUTER_BOUND('',#13487,.F.);
#13490=CARTESIAN_POINT('',(2.54E0,1.2573E0,-7.3406E0));
#13491=DIRECTION('',(0.E0,0.E0,-1.E0));
#13492=DIRECTION('',(1.E0,0.E0,0.E0));
#13493=AXIS2_PLACEMENT_3D('',#13490,#13491,#13492);
#13494=CYLINDRICAL_SURFACE('',#13493,3.175E-1);
#13495=ORIENTED_EDGE('',*,*,#9361,.F.);
#13497=ORIENTED_EDGE('',*,*,#13496,.T.);
#13498=ORIENTED_EDGE('',*,*,#13483,.T.);
#13500=ORIENTED_EDGE('',*,*,#13499,.F.);
#13501=EDGE_LOOP('',(#13495,#13497,#13498,#13500));
#13502=FACE_OUTER_BOUND('',#13501,.F.);
#13504=CARTESIAN_POINT('',(2.54E0,1.2573E0,-7.3406E0));
#13505=DIRECTION('',(0.E0,0.E0,-1.E0));
#13506=DIRECTION('',(1.E0,0.E0,0.E0));
#13507=AXIS2_PLACEMENT_3D('',#13504,#13505,#13506);
#13508=CYLINDRICAL_SURFACE('',#13507,3.175E-1);
#13509=ORIENTED_EDGE('',*,*,#9363,.F.);
#13510=ORIENTED_EDGE('',*,*,#13499,.T.);
#13511=ORIENTED_EDGE('',*,*,#13485,.T.);
#13512=ORIENTED_EDGE('',*,*,#13496,.F.);
#13513=EDGE_LOOP('',(#13509,#13510,#13511,#13512));
#13514=FACE_OUTER_BOUND('',#13513,.F.);
#13516=CARTESIAN_POINT('',(5.08E0,-1.2827E0,-7.3406E0));
#13517=DIRECTION('',(0.E0,0.E0,-1.E0));
#13518=DIRECTION('',(1.E0,0.E0,0.E0));
#13519=AXIS2_PLACEMENT_3D('',#13516,#13517,#13518);
#13520=CYLINDRICAL_SURFACE('',#13519,3.175E-1);
#13521=ORIENTED_EDGE('',*,*,#9367,.F.);
#13523=ORIENTED_EDGE('',*,*,#13522,.T.);
#13525=ORIENTED_EDGE('',*,*,#13524,.T.);
#13527=ORIENTED_EDGE('',*,*,#13526,.F.);
#13528=EDGE_LOOP('',(#13521,#13523,#13525,#13527));
#13529=FACE_OUTER_BOUND('',#13528,.F.);
#13531=CARTESIAN_POINT('',(5.08E0,-1.2827E0,-7.3406E0));
#13532=DIRECTION('',(0.E0,0.E0,-1.E0));
#13533=DIRECTION('',(1.E0,0.E0,0.E0));
#13534=AXIS2_PLACEMENT_3D('',#13531,#13532,#13533);
#13535=CYLINDRICAL_SURFACE('',#13534,3.175E-1);
#13536=ORIENTED_EDGE('',*,*,#9369,.F.);
#13537=ORIENTED_EDGE('',*,*,#13526,.T.);
#13539=ORIENTED_EDGE('',*,*,#13538,.T.);
#13540=ORIENTED_EDGE('',*,*,#13522,.F.);
#13541=EDGE_LOOP('',(#13536,#13537,#13539,#13540));
#13542=FACE_OUTER_BOUND('',#13541,.F.);
#13544=CARTESIAN_POINT('',(0.E0,4.0005E0,-1.01346E1));
#13545=DIRECTION('',(0.E0,0.E0,-1.E0));
#13546=DIRECTION('',(1.E0,0.E0,0.E0));
#13547=AXIS2_PLACEMENT_3D('',#13544,#13545,#13546);
#13548=PLANE('',#13547);
#13549=ORIENTED_EDGE('',*,*,#13524,.F.);
#13550=ORIENTED_EDGE('',*,*,#13538,.F.);
#13551=EDGE_LOOP('',(#13549,#13550));
#13552=FACE_OUTER_BOUND('',#13551,.F.);
#13554=CARTESIAN_POINT('',(0.E0,4.0005E0,-1.01346E1));
#13555=DIRECTION('',(0.E0,0.E0,-1.E0));
#13556=DIRECTION('',(1.E0,0.E0,0.E0));
#13557=AXIS2_PLACEMENT_3D('',#13554,#13555,#13556);
#13558=PLANE('',#13557);
#13560=ORIENTED_EDGE('',*,*,#13559,.F.);
#13562=ORIENTED_EDGE('',*,*,#13561,.F.);
#13563=EDGE_LOOP('',(#13560,#13562));
#13564=FACE_OUTER_BOUND('',#13563,.F.);
#13566=CARTESIAN_POINT('',(5.08E0,1.2573E0,-7.3406E0));
#13567=DIRECTION('',(0.E0,0.E0,-1.E0));
#13568=DIRECTION('',(1.E0,0.E0,0.E0));
#13569=AXIS2_PLACEMENT_3D('',#13566,#13567,#13568);
#13570=CYLINDRICAL_SURFACE('',#13569,3.175E-1);
#13571=ORIENTED_EDGE('',*,*,#9373,.F.);
#13573=ORIENTED_EDGE('',*,*,#13572,.T.);
#13574=ORIENTED_EDGE('',*,*,#13559,.T.);
#13576=ORIENTED_EDGE('',*,*,#13575,.F.);
#13577=EDGE_LOOP('',(#13571,#13573,#13574,#13576));
#13578=FACE_OUTER_BOUND('',#13577,.F.);
#13580=CARTESIAN_POINT('',(5.08E0,1.2573E0,-7.3406E0));
#13581=DIRECTION('',(0.E0,0.E0,-1.E0));
#13582=DIRECTION('',(1.E0,0.E0,0.E0));
#13583=AXIS2_PLACEMENT_3D('',#13580,#13581,#13582);
#13584=CYLINDRICAL_SURFACE('',#13583,3.175E-1);
#13585=ORIENTED_EDGE('',*,*,#9375,.F.);
#13586=ORIENTED_EDGE('',*,*,#13575,.T.);
#13587=ORIENTED_EDGE('',*,*,#13561,.T.);
#13588=ORIENTED_EDGE('',*,*,#13572,.F.);
#13589=EDGE_LOOP('',(#13585,#13586,#13587,#13588));
#13590=FACE_OUTER_BOUND('',#13589,.F.);
#13592=CARTESIAN_POINT('',(7.62E0,-1.2827E0,-7.3406E0));
#13593=DIRECTION('',(0.E0,0.E0,-1.E0));
#13594=DIRECTION('',(1.E0,0.E0,0.E0));
#13595=AXIS2_PLACEMENT_3D('',#13592,#13593,#13594);
#13596=CYLINDRICAL_SURFACE('',#13595,3.175E-1);
#13597=ORIENTED_EDGE('',*,*,#9379,.F.);
#13599=ORIENTED_EDGE('',*,*,#13598,.T.);
#13601=ORIENTED_EDGE('',*,*,#13600,.T.);
#13603=ORIENTED_EDGE('',*,*,#13602,.F.);
#13604=EDGE_LOOP('',(#13597,#13599,#13601,#13603));
#13605=FACE_OUTER_BOUND('',#13604,.F.);
#13607=CARTESIAN_POINT('',(7.62E0,-1.2827E0,-7.3406E0));
#13608=DIRECTION('',(0.E0,0.E0,-1.E0));
#13609=DIRECTION('',(1.E0,0.E0,0.E0));
#13610=AXIS2_PLACEMENT_3D('',#13607,#13608,#13609);
#13611=CYLINDRICAL_SURFACE('',#13610,3.175E-1);
#13612=ORIENTED_EDGE('',*,*,#9381,.F.);
#13613=ORIENTED_EDGE('',*,*,#13602,.T.);
#13615=ORIENTED_EDGE('',*,*,#13614,.T.);
#13616=ORIENTED_EDGE('',*,*,#13598,.F.);
#13617=EDGE_LOOP('',(#13612,#13613,#13615,#13616));
#13618=FACE_OUTER_BOUND('',#13617,.F.);
#13620=CARTESIAN_POINT('',(0.E0,4.0005E0,-1.01346E1));
#13621=DIRECTION('',(0.E0,0.E0,-1.E0));
#13622=DIRECTION('',(1.E0,0.E0,0.E0));
#13623=AXIS2_PLACEMENT_3D('',#13620,#13621,#13622);
#13624=PLANE('',#13623);
#13625=ORIENTED_EDGE('',*,*,#13600,.F.);
#13626=ORIENTED_EDGE('',*,*,#13614,.F.);
#13627=EDGE_LOOP('',(#13625,#13626));
#13628=FACE_OUTER_BOUND('',#13627,.F.);
#13630=CARTESIAN_POINT('',(0.E0,4.0005E0,-1.01346E1));
#13631=DIRECTION('',(0.E0,0.E0,-1.E0));
#13632=DIRECTION('',(1.E0,0.E0,0.E0));
#13633=AXIS2_PLACEMENT_3D('',#13630,#13631,#13632);
#13634=PLANE('',#13633);
#13636=ORIENTED_EDGE('',*,*,#13635,.F.);
#13638=ORIENTED_EDGE('',*,*,#13637,.F.);
#13639=EDGE_LOOP('',(#13636,#13638));
#13640=FACE_OUTER_BOUND('',#13639,.F.);
#13642=CARTESIAN_POINT('',(7.62E0,1.2573E0,-7.3406E0));
#13643=DIRECTION('',(0.E0,0.E0,-1.E0));
#13644=DIRECTION('',(1.E0,0.E0,0.E0));
#13645=AXIS2_PLACEMENT_3D('',#13642,#13643,#13644);
#13646=CYLINDRICAL_SURFACE('',#13645,3.175E-1);
#13647=ORIENTED_EDGE('',*,*,#9385,.F.);
#13649=ORIENTED_EDGE('',*,*,#13648,.T.);
#13650=ORIENTED_EDGE('',*,*,#13635,.T.);
#13652=ORIENTED_EDGE('',*,*,#13651,.F.);
#13653=EDGE_LOOP('',(#13647,#13649,#13650,#13652));
#13654=FACE_OUTER_BOUND('',#13653,.F.);
#13656=CARTESIAN_POINT('',(7.62E0,1.2573E0,-7.3406E0));
#13657=DIRECTION('',(0.E0,0.E0,-1.E0));
#13658=DIRECTION('',(1.E0,0.E0,0.E0));
#13659=AXIS2_PLACEMENT_3D('',#13656,#13657,#13658);
#13660=CYLINDRICAL_SURFACE('',#13659,3.175E-1);
#13661=ORIENTED_EDGE('',*,*,#9387,.F.);
#13662=ORIENTED_EDGE('',*,*,#13651,.T.);
#13663=ORIENTED_EDGE('',*,*,#13637,.T.);
#13664=ORIENTED_EDGE('',*,*,#13648,.F.);
#13665=EDGE_LOOP('',(#13661,#13662,#13663,#13664));
#13666=FACE_OUTER_BOUND('',#13665,.F.);
#13668=CARTESIAN_POINT('',(1.016E1,-1.2827E0,-7.3406E0));
#13669=DIRECTION('',(0.E0,0.E0,-1.E0));
#13670=DIRECTION('',(1.E0,0.E0,0.E0));
#13671=AXIS2_PLACEMENT_3D('',#13668,#13669,#13670);
#13672=CYLINDRICAL_SURFACE('',#13671,3.175E-1);
#13673=ORIENTED_EDGE('',*,*,#9391,.F.);
#13675=ORIENTED_EDGE('',*,*,#13674,.T.);
#13677=ORIENTED_EDGE('',*,*,#13676,.T.);
#13679=ORIENTED_EDGE('',*,*,#13678,.F.);
#13680=EDGE_LOOP('',(#13673,#13675,#13677,#13679));
#13681=FACE_OUTER_BOUND('',#13680,.F.);
#13683=CARTESIAN_POINT('',(1.016E1,-1.2827E0,-7.3406E0));
#13684=DIRECTION('',(0.E0,0.E0,-1.E0));
#13685=DIRECTION('',(1.E0,0.E0,0.E0));
#13686=AXIS2_PLACEMENT_3D('',#13683,#13684,#13685);
#13687=CYLINDRICAL_SURFACE('',#13686,3.175E-1);
#13688=ORIENTED_EDGE('',*,*,#9393,.F.);
#13689=ORIENTED_EDGE('',*,*,#13678,.T.);
#13691=ORIENTED_EDGE('',*,*,#13690,.T.);
#13692=ORIENTED_EDGE('',*,*,#13674,.F.);
#13693=EDGE_LOOP('',(#13688,#13689,#13691,#13692));
#13694=FACE_OUTER_BOUND('',#13693,.F.);
#13696=CARTESIAN_POINT('',(0.E0,4.0005E0,-1.01346E1));
#13697=DIRECTION('',(0.E0,0.E0,-1.E0));
#13698=DIRECTION('',(1.E0,0.E0,0.E0));
#13699=AXIS2_PLACEMENT_3D('',#13696,#13697,#13698);
#13700=PLANE('',#13699);
#13701=ORIENTED_EDGE('',*,*,#13676,.F.);
#13702=ORIENTED_EDGE('',*,*,#13690,.F.);
#13703=EDGE_LOOP('',(#13701,#13702));
#13704=FACE_OUTER_BOUND('',#13703,.F.);
#13706=CARTESIAN_POINT('',(0.E0,4.0005E0,-1.01346E1));
#13707=DIRECTION('',(0.E0,0.E0,-1.E0));
#13708=DIRECTION('',(1.E0,0.E0,0.E0));
#13709=AXIS2_PLACEMENT_3D('',#13706,#13707,#13708);
#13710=PLANE('',#13709);
#13712=ORIENTED_EDGE('',*,*,#13711,.F.);
#13714=ORIENTED_EDGE('',*,*,#13713,.F.);
#13715=EDGE_LOOP('',(#13712,#13714));
#13716=FACE_OUTER_BOUND('',#13715,.F.);
#13718=CARTESIAN_POINT('',(1.016E1,1.2573E0,-7.3406E0));
#13719=DIRECTION('',(0.E0,0.E0,-1.E0));
#13720=DIRECTION('',(1.E0,0.E0,0.E0));
#13721=AXIS2_PLACEMENT_3D('',#13718,#13719,#13720);
#13722=CYLINDRICAL_SURFACE('',#13721,3.175E-1);
#13723=ORIENTED_EDGE('',*,*,#9397,.F.);
#13725=ORIENTED_EDGE('',*,*,#13724,.T.);
#13726=ORIENTED_EDGE('',*,*,#13711,.T.);
#13728=ORIENTED_EDGE('',*,*,#13727,.F.);
#13729=EDGE_LOOP('',(#13723,#13725,#13726,#13728));
#13730=FACE_OUTER_BOUND('',#13729,.F.);
#13732=CARTESIAN_POINT('',(1.016E1,1.2573E0,-7.3406E0));
#13733=DIRECTION('',(0.E0,0.E0,-1.E0));
#13734=DIRECTION('',(1.E0,0.E0,0.E0));
#13735=AXIS2_PLACEMENT_3D('',#13732,#13733,#13734);
#13736=CYLINDRICAL_SURFACE('',#13735,3.175E-1);
#13737=ORIENTED_EDGE('',*,*,#9399,.F.);
#13738=ORIENTED_EDGE('',*,*,#13727,.T.);
#13739=ORIENTED_EDGE('',*,*,#13713,.T.);
#13740=ORIENTED_EDGE('',*,*,#13724,.F.);
#13741=EDGE_LOOP('',(#13737,#13738,#13739,#13740));
#13742=FACE_OUTER_BOUND('',#13741,.F.);
#13744=CARTESIAN_POINT('',(1.27E1,-1.2827E0,-7.3406E0));
#13745=DIRECTION('',(0.E0,0.E0,-1.E0));
#13746=DIRECTION('',(1.E0,0.E0,0.E0));
#13747=AXIS2_PLACEMENT_3D('',#13744,#13745,#13746);
#13748=CYLINDRICAL_SURFACE('',#13747,3.175E-1);
#13749=ORIENTED_EDGE('',*,*,#9403,.F.);
#13751=ORIENTED_EDGE('',*,*,#13750,.T.);
#13753=ORIENTED_EDGE('',*,*,#13752,.T.);
#13755=ORIENTED_EDGE('',*,*,#13754,.F.);
#13756=EDGE_LOOP('',(#13749,#13751,#13753,#13755));
#13757=FACE_OUTER_BOUND('',#13756,.F.);
#13759=CARTESIAN_POINT('',(1.27E1,-1.2827E0,-7.3406E0));
#13760=DIRECTION('',(0.E0,0.E0,-1.E0));
#13761=DIRECTION('',(1.E0,0.E0,0.E0));
#13762=AXIS2_PLACEMENT_3D('',#13759,#13760,#13761);
#13763=CYLINDRICAL_SURFACE('',#13762,3.175E-1);
#13764=ORIENTED_EDGE('',*,*,#9405,.F.);
#13765=ORIENTED_EDGE('',*,*,#13754,.T.);
#13767=ORIENTED_EDGE('',*,*,#13766,.T.);
#13768=ORIENTED_EDGE('',*,*,#13750,.F.);
#13769=EDGE_LOOP('',(#13764,#13765,#13767,#13768));
#13770=FACE_OUTER_BOUND('',#13769,.F.);
#13772=CARTESIAN_POINT('',(0.E0,4.0005E0,-1.01346E1));
#13773=DIRECTION('',(0.E0,0.E0,-1.E0));
#13774=DIRECTION('',(1.E0,0.E0,0.E0));
#13775=AXIS2_PLACEMENT_3D('',#13772,#13773,#13774);
#13776=PLANE('',#13775);
#13777=ORIENTED_EDGE('',*,*,#13752,.F.);
#13778=ORIENTED_EDGE('',*,*,#13766,.F.);
#13779=EDGE_LOOP('',(#13777,#13778));
#13780=FACE_OUTER_BOUND('',#13779,.F.);
#13782=CARTESIAN_POINT('',(0.E0,4.0005E0,-1.01346E1));
#13783=DIRECTION('',(0.E0,0.E0,-1.E0));
#13784=DIRECTION('',(1.E0,0.E0,0.E0));
#13785=AXIS2_PLACEMENT_3D('',#13782,#13783,#13784);
#13786=PLANE('',#13785);
#13788=ORIENTED_EDGE('',*,*,#13787,.F.);
#13790=ORIENTED_EDGE('',*,*,#13789,.F.);
#13791=EDGE_LOOP('',(#13788,#13790));
#13792=FACE_OUTER_BOUND('',#13791,.F.);
#13794=CARTESIAN_POINT('',(1.27E1,1.2573E0,-7.3406E0));
#13795=DIRECTION('',(0.E0,0.E0,-1.E0));
#13796=DIRECTION('',(1.E0,0.E0,0.E0));
#13797=AXIS2_PLACEMENT_3D('',#13794,#13795,#13796);
#13798=CYLINDRICAL_SURFACE('',#13797,3.175E-1);
#13799=ORIENTED_EDGE('',*,*,#9409,.F.);
#13801=ORIENTED_EDGE('',*,*,#13800,.T.);
#13802=ORIENTED_EDGE('',*,*,#13787,.T.);
#13804=ORIENTED_EDGE('',*,*,#13803,.F.);
#13805=EDGE_LOOP('',(#13799,#13801,#13802,#13804));
#13806=FACE_OUTER_BOUND('',#13805,.F.);
#13808=CARTESIAN_POINT('',(1.27E1,1.2573E0,-7.3406E0));
#13809=DIRECTION('',(0.E0,0.E0,-1.E0));
#13810=DIRECTION('',(1.E0,0.E0,0.E0));
#13811=AXIS2_PLACEMENT_3D('',#13808,#13809,#13810);
#13812=CYLINDRICAL_SURFACE('',#13811,3.175E-1);
#13813=ORIENTED_EDGE('',*,*,#9411,.F.);
#13814=ORIENTED_EDGE('',*,*,#13803,.T.);
#13815=ORIENTED_EDGE('',*,*,#13789,.T.);
#13816=ORIENTED_EDGE('',*,*,#13800,.F.);
#13817=EDGE_LOOP('',(#13813,#13814,#13815,#13816));
#13818=FACE_OUTER_BOUND('',#13817,.F.);
#13820=CARTESIAN_POINT('',(1.524E1,-1.2827E0,-7.3406E0));
#13821=DIRECTION('',(0.E0,0.E0,-1.E0));
#13822=DIRECTION('',(1.E0,0.E0,0.E0));
#13823=AXIS2_PLACEMENT_3D('',#13820,#13821,#13822);
#13824=CYLINDRICAL_SURFACE('',#13823,3.175E-1);
#13825=ORIENTED_EDGE('',*,*,#9415,.F.);
#13827=ORIENTED_EDGE('',*,*,#13826,.T.);
#13829=ORIENTED_EDGE('',*,*,#13828,.T.);
#13831=ORIENTED_EDGE('',*,*,#13830,.F.);
#13832=EDGE_LOOP('',(#13825,#13827,#13829,#13831));
#13833=FACE_OUTER_BOUND('',#13832,.F.);
#13835=CARTESIAN_POINT('',(1.524E1,-1.2827E0,-7.3406E0));
#13836=DIRECTION('',(0.E0,0.E0,-1.E0));
#13837=DIRECTION('',(1.E0,0.E0,0.E0));
#13838=AXIS2_PLACEMENT_3D('',#13835,#13836,#13837);
#13839=CYLINDRICAL_SURFACE('',#13838,3.175E-1);
#13840=ORIENTED_EDGE('',*,*,#9417,.F.);
#13841=ORIENTED_EDGE('',*,*,#13830,.T.);
#13843=ORIENTED_EDGE('',*,*,#13842,.T.);
#13844=ORIENTED_EDGE('',*,*,#13826,.F.);
#13845=EDGE_LOOP('',(#13840,#13841,#13843,#13844));
#13846=FACE_OUTER_BOUND('',#13845,.F.);
#13848=CARTESIAN_POINT('',(0.E0,4.0005E0,-1.01346E1));
#13849=DIRECTION('',(0.E0,0.E0,-1.E0));
#13850=DIRECTION('',(1.E0,0.E0,0.E0));
#13851=AXIS2_PLACEMENT_3D('',#13848,#13849,#13850);
#13852=PLANE('',#13851);
#13853=ORIENTED_EDGE('',*,*,#13828,.F.);
#13854=ORIENTED_EDGE('',*,*,#13842,.F.);
#13855=EDGE_LOOP('',(#13853,#13854));
#13856=FACE_OUTER_BOUND('',#13855,.F.);
#13858=CARTESIAN_POINT('',(0.E0,4.0005E0,-1.01346E1));
#13859=DIRECTION('',(0.E0,0.E0,-1.E0));
#13860=DIRECTION('',(1.E0,0.E0,0.E0));
#13861=AXIS2_PLACEMENT_3D('',#13858,#13859,#13860);
#13862=PLANE('',#13861);
#13864=ORIENTED_EDGE('',*,*,#13863,.F.);
#13866=ORIENTED_EDGE('',*,*,#13865,.F.);
#13867=EDGE_LOOP('',(#13864,#13866));
#13868=FACE_OUTER_BOUND('',#13867,.F.);
#13870=CARTESIAN_POINT('',(1.524E1,1.2573E0,-7.3406E0));
#13871=DIRECTION('',(0.E0,0.E0,-1.E0));
#13872=DIRECTION('',(1.E0,0.E0,0.E0));
#13873=AXIS2_PLACEMENT_3D('',#13870,#13871,#13872);
#13874=CYLINDRICAL_SURFACE('',#13873,3.175E-1);
#13875=ORIENTED_EDGE('',*,*,#9421,.F.);
#13877=ORIENTED_EDGE('',*,*,#13876,.T.);
#13878=ORIENTED_EDGE('',*,*,#13863,.T.);
#13880=ORIENTED_EDGE('',*,*,#13879,.F.);
#13881=EDGE_LOOP('',(#13875,#13877,#13878,#13880));
#13882=FACE_OUTER_BOUND('',#13881,.F.);
#13884=CARTESIAN_POINT('',(1.524E1,1.2573E0,-7.3406E0));
#13885=DIRECTION('',(0.E0,0.E0,-1.E0));
#13886=DIRECTION('',(1.E0,0.E0,0.E0));
#13887=AXIS2_PLACEMENT_3D('',#13884,#13885,#13886);
#13888=CYLINDRICAL_SURFACE('',#13887,3.175E-1);
#13889=ORIENTED_EDGE('',*,*,#9423,.F.);
#13890=ORIENTED_EDGE('',*,*,#13879,.T.);
#13891=ORIENTED_EDGE('',*,*,#13865,.T.);
#13892=ORIENTED_EDGE('',*,*,#13876,.F.);
#13893=EDGE_LOOP('',(#13889,#13890,#13891,#13892));
#13894=FACE_OUTER_BOUND('',#13893,.F.);
#13896=CARTESIAN_POINT('',(-2.1082E1,4.0005E0,-4.5974E0));
#13897=DIRECTION('',(0.E0,-1.E0,0.E0));
#13898=DIRECTION('',(1.E0,0.E0,0.E0));
#13899=AXIS2_PLACEMENT_3D('',#13896,#13897,#13898);
#13900=CYLINDRICAL_SURFACE('',#13899,1.2192E0);
#13901=ORIENTED_EDGE('',*,*,#9143,.T.);
#13903=ORIENTED_EDGE('',*,*,#13902,.T.);
#13904=ORIENTED_EDGE('',*,*,#9193,.F.);
#13906=ORIENTED_EDGE('',*,*,#13905,.F.);
#13907=EDGE_LOOP('',(#13901,#13903,#13904,#13906));
#13908=FACE_OUTER_BOUND('',#13907,.F.);
#13910=CARTESIAN_POINT('',(-2.1082E1,4.0005E0,-4.5974E0));
#13911=DIRECTION('',(0.E0,-1.E0,0.E0));
#13912=DIRECTION('',(1.E0,0.E0,0.E0));
#13913=AXIS2_PLACEMENT_3D('',#13910,#13911,#13912);
#13914=CYLINDRICAL_SURFACE('',#13913,1.2192E0);
#13916=ORIENTED_EDGE('',*,*,#13915,.F.);
#13918=ORIENTED_EDGE('',*,*,#13917,.F.);
#13919=ORIENTED_EDGE('',*,*,#8763,.F.);
#13921=ORIENTED_EDGE('',*,*,#13920,.T.);
#13922=EDGE_LOOP('',(#13916,#13918,#13919,#13921));
#13923=FACE_OUTER_BOUND('',#13922,.F.);
#13925=CARTESIAN_POINT('',(-2.1082E1,4.0005E0,-4.5974E0));
#13926=DIRECTION('',(0.E0,-1.E0,0.E0));
#13927=DIRECTION('',(1.E0,0.E0,0.E0));
#13928=AXIS2_PLACEMENT_3D('',#13925,#13926,#13927);
#13929=CYLINDRICAL_SURFACE('',#13928,1.2192E0);
#13930=ORIENTED_EDGE('',*,*,#9145,.T.);
#13931=ORIENTED_EDGE('',*,*,#13905,.T.);
#13932=ORIENTED_EDGE('',*,*,#9195,.F.);
#13933=ORIENTED_EDGE('',*,*,#13902,.F.);
#13934=EDGE_LOOP('',(#13930,#13931,#13932,#13933));
#13935=FACE_OUTER_BOUND('',#13934,.F.);
#13937=CARTESIAN_POINT('',(-2.1082E1,4.0005E0,-4.5974E0));
#13938=DIRECTION('',(0.E0,-1.E0,0.E0));
#13939=DIRECTION('',(1.E0,0.E0,0.E0));
#13940=AXIS2_PLACEMENT_3D('',#13937,#13938,#13939);
#13941=CYLINDRICAL_SURFACE('',#13940,1.2192E0);
#13943=ORIENTED_EDGE('',*,*,#13942,.F.);
#13944=ORIENTED_EDGE('',*,*,#13920,.F.);
#13945=ORIENTED_EDGE('',*,*,#8765,.F.);
#13946=ORIENTED_EDGE('',*,*,#13917,.T.);
#13947=EDGE_LOOP('',(#13943,#13944,#13945,#13946));
#13948=FACE_OUTER_BOUND('',#13947,.F.);
#13950=CARTESIAN_POINT('',(0.E0,3.E0,0.E0));
#13951=DIRECTION('',(0.E0,1.E0,0.E0));
#13952=DIRECTION('',(1.E0,0.E0,0.E0));
#13953=AXIS2_PLACEMENT_3D('',#13950,#13951,#13952);
#13954=PLANE('',#13953);
#13955=ORIENTED_EDGE('',*,*,#9117,.T.);
#13956=ORIENTED_EDGE('',*,*,#9168,.T.);
#13957=EDGE_LOOP('',(#13955,#13956));
#13958=FACE_OUTER_BOUND('',#13957,.F.);
#13960=CARTESIAN_POINT('',(0.E0,3.E0,0.E0));
#13961=DIRECTION('',(0.E0,1.E0,0.E0));
#13962=DIRECTION('',(1.E0,0.E0,0.E0));
#13963=AXIS2_PLACEMENT_3D('',#13960,#13961,#13962);
#13964=PLANE('',#13963);
#13965=ORIENTED_EDGE('',*,*,#13915,.T.);
#13966=ORIENTED_EDGE('',*,*,#13942,.T.);
#13967=EDGE_LOOP('',(#13965,#13966));
#13968=FACE_OUTER_BOUND('',#13967,.F.);
#13970=CARTESIAN_POINT('',(2.315229245803E1,-1.512594384E1,6.096E0));
#13971=DIRECTION('',(0.E0,1.E0,0.E0));
#13972=DIRECTION('',(0.E0,0.E0,1.E0));
#13973=AXIS2_PLACEMENT_3D('',#13970,#13971,#13972);
#13974=CYLINDRICAL_SURFACE('',#13973,5.08E-1);
#13975=ORIENTED_EDGE('',*,*,#8702,.T.);
#13976=ORIENTED_EDGE('',*,*,#8400,.F.);
#13977=ORIENTED_EDGE('',*,*,#7776,.T.);
#13978=ORIENTED_EDGE('',*,*,#8034,.T.);
#13979=EDGE_LOOP('',(#13975,#13976,#13977,#13978));
#13980=FACE_OUTER_BOUND('',#13979,.F.);
#13982=CARTESIAN_POINT('',(0.E0,4.0005E0,6.35E0));
#13983=DIRECTION('',(0.E0,0.E0,1.E0));
#13984=DIRECTION('',(1.E0,0.E0,0.E0));
#13985=AXIS2_PLACEMENT_3D('',#13982,#13983,#13984);
#13986=PLANE('',#13985);
#13987=ORIENTED_EDGE('',*,*,#8779,.F.);
#13989=ORIENTED_EDGE('',*,*,#13988,.F.);
#13991=ORIENTED_EDGE('',*,*,#13990,.F.);
#13992=EDGE_LOOP('',(#13987,#13989,#13991));
#13993=FACE_OUTER_BOUND('',#13992,.F.);
#13995=CARTESIAN_POINT('',(0.E0,4.5339E0,6.35E0));
#13996=DIRECTION('',(-7.071067811865E-1,7.071067811865E-1,0.E0));
#13997=DIRECTION('',(-7.071067811865E-1,-7.071067811865E-1,0.E0));
#13998=AXIS2_PLACEMENT_3D('',#13995,#13996,#13997);
#13999=PLANE('',#13998);
#14000=ORIENTED_EDGE('',*,*,#8785,.F.);
#14002=ORIENTED_EDGE('',*,*,#14001,.F.);
#14004=ORIENTED_EDGE('',*,*,#14003,.F.);
#14005=ORIENTED_EDGE('',*,*,#13988,.T.);
#14006=EDGE_LOOP('',(#14000,#14002,#14004,#14005));
#14007=FACE_OUTER_BOUND('',#14006,.F.);
#14009=CARTESIAN_POINT('',(-1.62814E1,4.0005E0,-2.5146E0));
#14010=DIRECTION('',(0.E0,0.E0,1.E0));
#14011=DIRECTION('',(1.E0,0.E0,0.E0));
#14012=AXIS2_PLACEMENT_3D('',#14009,#14010,#14011);
#14013=PLANE('',#14012);
#14014=ORIENTED_EDGE('',*,*,#8783,.T.);
#14016=ORIENTED_EDGE('',*,*,#14015,.T.);
#14017=ORIENTED_EDGE('',*,*,#14001,.T.);
#14018=EDGE_LOOP('',(#14014,#14016,#14017));
#14019=FACE_OUTER_BOUND('',#14018,.F.);
#14021=CARTESIAN_POINT('',(5.334E-1,4.0005E0,6.35E0));
#14022=DIRECTION('',(7.071067811865E-1,7.071067811865E-1,0.E0));
#14023=DIRECTION('',(-7.071067811865E-1,7.071067811865E-1,0.E0));
#14024=AXIS2_PLACEMENT_3D('',#14021,#14022,#14023);
#14025=PLANE('',#14024);
#14026=ORIENTED_EDGE('',*,*,#8781,.T.);
#14027=ORIENTED_EDGE('',*,*,#13990,.T.);
#14028=ORIENTED_EDGE('',*,*,#14003,.T.);
#14029=ORIENTED_EDGE('',*,*,#14015,.F.);
#14030=EDGE_LOOP('',(#14026,#14027,#14028,#14029));
#14031=FACE_OUTER_BOUND('',#14030,.F.);
#14033=CARTESIAN_POINT('',(-2.1082E1,-1.85E0,-4.5974E0));
#14034=DIRECTION('',(0.E0,1.E0,0.E0));
#14035=DIRECTION('',(1.E0,0.E0,0.E0));
#14036=AXIS2_PLACEMENT_3D('',#14033,#14034,#14035);
#14037=CYLINDRICAL_SURFACE('',#14036,1.2192E0);
#14038=ORIENTED_EDGE('',*,*,#7810,.T.);
#14039=ORIENTED_EDGE('',*,*,#8571,.F.);
#14040=ORIENTED_EDGE('',*,*,#7929,.F.);
#14041=ORIENTED_EDGE('',*,*,#8544,.T.);
#14042=EDGE_LOOP('',(#14038,#14039,#14040,#14041));
#14043=FACE_OUTER_BOUND('',#14042,.F.);
#14045=CARTESIAN_POINT('',(2.1082E1,-1.85E0,-4.5974E0));
#14046=DIRECTION('',(0.E0,1.E0,0.E0));
#14047=DIRECTION('',(1.E0,0.E0,0.E0));
#14048=AXIS2_PLACEMENT_3D('',#14045,#14046,#14047);
#14049=CYLINDRICAL_SURFACE('',#14048,1.2192E0);
#14050=ORIENTED_EDGE('',*,*,#7784,.T.);
#14051=ORIENTED_EDGE('',*,*,#8459,.F.);
#14052=ORIENTED_EDGE('',*,*,#7884,.F.);
#14053=ORIENTED_EDGE('',*,*,#8446,.T.);
#14054=EDGE_LOOP('',(#14050,#14051,#14052,#14053));
#14055=FACE_OUTER_BOUND('',#14054,.F.);
#14057=CARTESIAN_POINT('',(-2.1209E1,-4.0005E0,6.604E0));
#14058=DIRECTION('',(-9.672309653794E-1,0.E0,-2.538981284121E-1));
#14059=DIRECTION('',(2.538981284121E-1,0.E0,-9.672309653794E-1));
#14060=AXIS2_PLACEMENT_3D('',#14057,#14058,#14059);
#14061=PLANE('',#14060);
#14062=ORIENTED_EDGE('',*,*,#8328,.F.);
#14063=ORIENTED_EDGE('',*,*,#8085,.T.);
#14065=ORIENTED_EDGE('',*,*,#14064,.T.);
#14067=ORIENTED_EDGE('',*,*,#14066,.F.);
#14068=EDGE_LOOP('',(#14062,#14063,#14065,#14067));
#14069=FACE_OUTER_BOUND('',#14068,.F.);
#14071=CARTESIAN_POINT('',(0.E0,-3.6957E0,0.E0));
#14072=DIRECTION('',(0.E0,-1.E0,0.E0));
#14073=DIRECTION('',(1.E0,0.E0,0.E0));
#14074=AXIS2_PLACEMENT_3D('',#14071,#14072,#14073);
#14075=PLANE('',#14074);
#14076=ORIENTED_EDGE('',*,*,#8083,.T.);
#14078=ORIENTED_EDGE('',*,*,#14077,.F.);
#14079=ORIENTED_EDGE('',*,*,#14064,.F.);
#14080=EDGE_LOOP('',(#14076,#14078,#14079));
#14081=FACE_OUTER_BOUND('',#14080,.F.);
#14083=CARTESIAN_POINT('',(-1.98755E1,-4.0005E0,1.524E0));
#14084=DIRECTION('',(9.672309653794E-1,0.E0,-2.538981284121E-1));
#14085=DIRECTION('',(2.538981284121E-1,0.E0,9.672309653794E-1));
#14086=AXIS2_PLACEMENT_3D('',#14083,#14084,#14085);
#14087=PLANE('',#14086);
#14088=ORIENTED_EDGE('',*,*,#8330,.F.);
#14089=ORIENTED_EDGE('',*,*,#14066,.T.);
#14090=ORIENTED_EDGE('',*,*,#14077,.T.);
#14091=ORIENTED_EDGE('',*,*,#8081,.F.);
#14092=EDGE_LOOP('',(#14088,#14089,#14090,#14091));
#14093=FACE_OUTER_BOUND('',#14092,.F.);
#14095=CARTESIAN_POINT('',(-2.1336E1,-2.3495E0,2.1844E0));
#14096=DIRECTION('',(1.E0,0.E0,0.E0));
#14097=DIRECTION('',(0.E0,0.E0,1.E0));
#14098=AXIS2_PLACEMENT_3D('',#14095,#14096,#14097);
#14099=PLANE('',#14098);
#14101=ORIENTED_EDGE('',*,*,#14100,.F.);
#14102=ORIENTED_EDGE('',*,*,#7826,.T.);
#14104=ORIENTED_EDGE('',*,*,#14103,.T.);
#14106=ORIENTED_EDGE('',*,*,#14105,.T.);
#14108=ORIENTED_EDGE('',*,*,#14107,.F.);
#14109=ORIENTED_EDGE('',*,*,#7982,.T.);
#14110=ORIENTED_EDGE('',*,*,#7802,.T.);
#14111=EDGE_LOOP('',(#14101,#14102,#14104,#14106,#14108,#14109,#14110));
#14112=FACE_OUTER_BOUND('',#14111,.F.);
#14114=CARTESIAN_POINT('',(-2.1336E1,-2.3495E0,2.1844E0));
#14115=DIRECTION('',(1.E0,0.E0,0.E0));
#14116=DIRECTION('',(0.E0,0.E0,1.E0));
#14117=AXIS2_PLACEMENT_3D('',#14114,#14115,#14116);
#14118=PLANE('',#14117);
#14120=ORIENTED_EDGE('',*,*,#14119,.F.);
#14121=ORIENTED_EDGE('',*,*,#7937,.F.);
#14122=ORIENTED_EDGE('',*,*,#8096,.T.);
#14124=ORIENTED_EDGE('',*,*,#14123,.F.);
#14126=ORIENTED_EDGE('',*,*,#14125,.F.);
#14128=ORIENTED_EDGE('',*,*,#14127,.T.);
#14129=ORIENTED_EDGE('',*,*,#7913,.F.);
#14130=EDGE_LOOP('',(#14120,#14121,#14122,#14124,#14126,#14128,#14129));
#14131=FACE_OUTER_BOUND('',#14130,.F.);
#14133=CARTESIAN_POINT('',(-2.205369612267E1,1.076854166667E-1,5.6134E0));
#14134=DIRECTION('',(0.E0,-1.E0,0.E0));
#14135=DIRECTION('',(1.957168021335E-14,0.E0,-1.E0));
#14136=AXIS2_PLACEMENT_3D('',#14133,#14134,#14135);
#14137=SPHERICAL_SURFACE('',#14136,1.975114583333E0);
#14138=ORIENTED_EDGE('',*,*,#6936,.T.);
#14140=ORIENTED_EDGE('',*,*,#14139,.T.);
#14142=ORIENTED_EDGE('',*,*,#14141,.F.);
#14143=EDGE_LOOP('',(#14138,#14140,#14142));
#14144=FACE_OUTER_BOUND('',#14143,.F.);
#14145=ORIENTED_EDGE('',*,*,#7800,.F.);
#14146=ORIENTED_EDGE('',*,*,#14100,.T.);
#14147=EDGE_LOOP('',(#14145,#14146));
#14148=FACE_BOUND('',#14147,.F.);
#14150=CARTESIAN_POINT('',(-2.205369612267E1,1.076854166667E-1,5.6134E0));
#14151=DIRECTION('',(0.E0,-1.E0,0.E0));
#14152=DIRECTION('',(1.957168021335E-14,0.E0,-1.E0));
#14153=AXIS2_PLACEMENT_3D('',#14150,#14151,#14152);
#14154=SPHERICAL_SURFACE('',#14153,1.975114583333E0);
#14155=ORIENTED_EDGE('',*,*,#6934,.T.);
#14156=ORIENTED_EDGE('',*,*,#6938,.T.);
#14157=ORIENTED_EDGE('',*,*,#14141,.T.);
#14158=ORIENTED_EDGE('',*,*,#14139,.F.);
#14159=EDGE_LOOP('',(#14155,#14156,#14157,#14158));
#14160=FACE_OUTER_BOUND('',#14159,.F.);
#14162=CARTESIAN_POINT('',(-2.2225E1,-2.3495E0,2.1844E0));
#14163=DIRECTION('',(0.E0,-1.E0,0.E0));
#14164=DIRECTION('',(1.E0,0.E0,0.E0));
#14165=AXIS2_PLACEMENT_3D('',#14162,#14163,#14164);
#14166=CYLINDRICAL_SURFACE('',#14165,8.89E-1);
#14167=ORIENTED_EDGE('',*,*,#7915,.T.);
#14168=ORIENTED_EDGE('',*,*,#14127,.F.);
#14170=ORIENTED_EDGE('',*,*,#14169,.F.);
#14172=ORIENTED_EDGE('',*,*,#14171,.T.);
#14173=EDGE_LOOP('',(#14167,#14168,#14170,#14172));
#14174=FACE_OUTER_BOUND('',#14173,.F.);
#14176=CARTESIAN_POINT('',(-2.2225E1,-2.3495E0,2.1844E0));
#14177=DIRECTION('',(0.E0,-1.E0,0.E0));
#14178=DIRECTION('',(1.E0,0.E0,0.E0));
#14179=AXIS2_PLACEMENT_3D('',#14176,#14177,#14178);
#14180=CYLINDRICAL_SURFACE('',#14179,8.89E-1);
#14181=ORIENTED_EDGE('',*,*,#7824,.F.);
#14183=ORIENTED_EDGE('',*,*,#14182,.T.);
#14185=ORIENTED_EDGE('',*,*,#14184,.T.);
#14186=ORIENTED_EDGE('',*,*,#14103,.F.);
#14187=EDGE_LOOP('',(#14181,#14183,#14185,#14186));
#14188=FACE_OUTER_BOUND('',#14187,.F.);
#14190=CARTESIAN_POINT('',(0.E0,-2.3495E0,0.E0));
#14191=DIRECTION('',(0.E0,-1.E0,0.E0));
#14192=DIRECTION('',(1.E0,0.E0,0.E0));
#14193=AXIS2_PLACEMENT_3D('',#14190,#14191,#14192);
#14194=PLANE('',#14193);
#14195=ORIENTED_EDGE('',*,*,#7844,.T.);
#14197=ORIENTED_EDGE('',*,*,#14196,.T.);
#14199=ORIENTED_EDGE('',*,*,#14198,.T.);
#14201=ORIENTED_EDGE('',*,*,#14200,.T.);
#14202=EDGE_LOOP('',(#14195,#14197,#14199,#14201));
#14203=FACE_OUTER_BOUND('',#14202,.F.);
#14205=CARTESIAN_POINT('',(0.E0,-2.3495E0,0.E0));
#14206=DIRECTION('',(0.E0,-1.E0,0.E0));
#14207=DIRECTION('',(1.E0,0.E0,0.E0));
#14208=AXIS2_PLACEMENT_3D('',#14205,#14206,#14207);
#14209=PLANE('',#14208);
#14211=ORIENTED_EDGE('',*,*,#14210,.T.);
#14212=ORIENTED_EDGE('',*,*,#14169,.T.);
#14213=ORIENTED_EDGE('',*,*,#14125,.T.);
#14215=ORIENTED_EDGE('',*,*,#14214,.F.);
#14216=EDGE_LOOP('',(#14211,#14212,#14213,#14215));
#14217=FACE_OUTER_BOUND('',#14216,.F.);
#14219=CARTESIAN_POINT('',(2.2225E1,-2.3495E0,2.1844E0));
#14220=DIRECTION('',(0.E0,-1.E0,0.E0));
#14221=DIRECTION('',(1.E0,0.E0,0.E0));
#14222=AXIS2_PLACEMENT_3D('',#14219,#14220,#14221);
#14223=CYLINDRICAL_SURFACE('',#14222,8.89E-1);
#14224=ORIENTED_EDGE('',*,*,#7898,.T.);
#14226=ORIENTED_EDGE('',*,*,#14225,.F.);
#14227=ORIENTED_EDGE('',*,*,#14196,.F.);
#14228=ORIENTED_EDGE('',*,*,#7842,.T.);
#14229=EDGE_LOOP('',(#14224,#14226,#14227,#14228));
#14230=FACE_OUTER_BOUND('',#14229,.F.);
#14232=CARTESIAN_POINT('',(2.2225E1,-2.3495E0,2.1844E0));
#14233=DIRECTION('',(0.E0,-1.E0,0.E0));
#14234=DIRECTION('',(1.E0,0.E0,0.E0));
#14235=AXIS2_PLACEMENT_3D('',#14232,#14233,#14234);
#14236=CYLINDRICAL_SURFACE('',#14235,8.89E-1);
#14237=ORIENTED_EDGE('',*,*,#7770,.F.);
#14238=ORIENTED_EDGE('',*,*,#7865,.T.);
#14240=ORIENTED_EDGE('',*,*,#14239,.T.);
#14242=ORIENTED_EDGE('',*,*,#14241,.F.);
#14243=EDGE_LOOP('',(#14237,#14238,#14240,#14242));
#14244=FACE_OUTER_BOUND('',#14243,.F.);
#14246=CARTESIAN_POINT('',(2.3114E1,-2.3495E0,2.1844E0));
#14247=DIRECTION('',(1.E0,0.E0,0.E0));
#14248=DIRECTION('',(0.E0,0.E0,1.E0));
#14249=AXIS2_PLACEMENT_3D('',#14246,#14247,#14248);
#14250=PLANE('',#14249);
#14251=ORIENTED_EDGE('',*,*,#8019,.T.);
#14253=ORIENTED_EDGE('',*,*,#14252,.T.);
#14254=ORIENTED_EDGE('',*,*,#14198,.F.);
#14255=ORIENTED_EDGE('',*,*,#14225,.T.);
#14256=ORIENTED_EDGE('',*,*,#7896,.F.);
#14257=EDGE_LOOP('',(#14251,#14253,#14254,#14255,#14256));
#14258=FACE_OUTER_BOUND('',#14257,.F.);
#14260=CARTESIAN_POINT('',(2.3114E1,-2.3495E0,2.1844E0));
#14261=DIRECTION('',(1.E0,0.E0,0.E0));
#14262=DIRECTION('',(0.E0,0.E0,1.E0));
#14263=AXIS2_PLACEMENT_3D('',#14260,#14261,#14262);
#14264=PLANE('',#14263);
#14266=ORIENTED_EDGE('',*,*,#14265,.T.);
#14268=ORIENTED_EDGE('',*,*,#14267,.T.);
#14269=ORIENTED_EDGE('',*,*,#8037,.T.);
#14270=ORIENTED_EDGE('',*,*,#7772,.T.);
#14271=ORIENTED_EDGE('',*,*,#14241,.T.);
#14272=EDGE_LOOP('',(#14266,#14268,#14269,#14270,#14271));
#14273=FACE_OUTER_BOUND('',#14272,.F.);
#14275=CARTESIAN_POINT('',(2.3114E1,-3.091344134165E0,6.604E0));
#14276=DIRECTION('',(0.E0,-9.659258262891E-1,-2.588190451025E-1));
#14277=DIRECTION('',(0.E0,2.588190451025E-1,-9.659258262891E-1));
#14278=AXIS2_PLACEMENT_3D('',#14275,#14276,#14277);
#14279=PLANE('',#14278);
#14280=ORIENTED_EDGE('',*,*,#8017,.F.);
#14281=ORIENTED_EDGE('',*,*,#7846,.T.);
#14282=ORIENTED_EDGE('',*,*,#14200,.F.);
#14283=ORIENTED_EDGE('',*,*,#14252,.F.);
#14284=EDGE_LOOP('',(#14280,#14281,#14282,#14283));
#14285=FACE_OUTER_BOUND('',#14284,.F.);
#14287=CARTESIAN_POINT('',(0.E0,2.3495E0,0.E0));
#14288=DIRECTION('',(0.E0,-1.E0,0.E0));
#14289=DIRECTION('',(1.E0,0.E0,0.E0));
#14290=AXIS2_PLACEMENT_3D('',#14287,#14288,#14289);
#14291=PLANE('',#14290);
#14292=ORIENTED_EDGE('',*,*,#7863,.F.);
#14294=ORIENTED_EDGE('',*,*,#14293,.F.);
#14295=ORIENTED_EDGE('',*,*,#14265,.F.);
#14296=ORIENTED_EDGE('',*,*,#14239,.F.);
#14297=EDGE_LOOP('',(#14292,#14294,#14295,#14296));
#14298=FACE_OUTER_BOUND('',#14297,.F.);
#14300=CARTESIAN_POINT('',(0.E0,2.3495E0,0.E0));
#14301=DIRECTION('',(0.E0,-1.E0,0.E0));
#14302=DIRECTION('',(1.E0,0.E0,0.E0));
#14303=AXIS2_PLACEMENT_3D('',#14300,#14301,#14302);
#14304=PLANE('',#14303);
#14306=ORIENTED_EDGE('',*,*,#14305,.F.);
#14308=ORIENTED_EDGE('',*,*,#14307,.T.);
#14309=ORIENTED_EDGE('',*,*,#14105,.F.);
#14310=ORIENTED_EDGE('',*,*,#14184,.F.);
#14311=EDGE_LOOP('',(#14306,#14308,#14309,#14310));
#14312=FACE_OUTER_BOUND('',#14311,.F.);
#14314=CARTESIAN_POINT('',(2.3114E1,2.3495E0,3.8354E0));
#14315=DIRECTION('',(0.E0,9.659258262891E-1,-2.588190451025E-1));
#14316=DIRECTION('',(0.E0,2.588190451025E-1,9.659258262891E-1));
#14317=AXIS2_PLACEMENT_3D('',#14314,#14315,#14316);
#14318=PLANE('',#14317);
#14319=ORIENTED_EDGE('',*,*,#8039,.T.);
#14320=ORIENTED_EDGE('',*,*,#14267,.F.);
#14321=ORIENTED_EDGE('',*,*,#14293,.T.);
#14322=ORIENTED_EDGE('',*,*,#7861,.T.);
#14323=EDGE_LOOP('',(#14319,#14320,#14321,#14322));
#14324=FACE_OUTER_BOUND('',#14323,.F.);
#14326=CARTESIAN_POINT('',(-2.3114E1,-2.3495E0,6.604E0));
#14327=DIRECTION('',(-1.E0,0.E0,0.E0));
#14328=DIRECTION('',(0.E0,0.E0,-1.E0));
#14329=AXIS2_PLACEMENT_3D('',#14326,#14327,#14328);
#14330=PLANE('',#14329);
#14331=ORIENTED_EDGE('',*,*,#14210,.F.);
#14333=ORIENTED_EDGE('',*,*,#14332,.T.);
#14334=ORIENTED_EDGE('',*,*,#8092,.T.);
#14335=ORIENTED_EDGE('',*,*,#7917,.T.);
#14336=ORIENTED_EDGE('',*,*,#14171,.F.);
#14337=EDGE_LOOP('',(#14331,#14333,#14334,#14335,#14336));
#14338=FACE_OUTER_BOUND('',#14337,.F.);
#14340=CARTESIAN_POINT('',(-2.3114E1,-2.3495E0,6.604E0));
#14341=DIRECTION('',(-1.E0,0.E0,0.E0));
#14342=DIRECTION('',(0.E0,0.E0,-1.E0));
#14343=AXIS2_PLACEMENT_3D('',#14340,#14341,#14342);
#14344=PLANE('',#14343);
#14345=ORIENTED_EDGE('',*,*,#7986,.T.);
#14347=ORIENTED_EDGE('',*,*,#14346,.T.);
#14348=ORIENTED_EDGE('',*,*,#14305,.T.);
#14349=ORIENTED_EDGE('',*,*,#14182,.F.);
#14350=ORIENTED_EDGE('',*,*,#7822,.F.);
#14351=EDGE_LOOP('',(#14345,#14347,#14348,#14349,#14350));
#14352=FACE_OUTER_BOUND('',#14351,.F.);
#14354=CARTESIAN_POINT('',(-2.3114E1,-2.3495E0,3.8354E0));
#14355=DIRECTION('',(0.E0,-9.659258262891E-1,-2.588190451025E-1));
#14356=DIRECTION('',(0.E0,-2.588190451025E-1,9.659258262891E-1));
#14357=AXIS2_PLACEMENT_3D('',#14354,#14355,#14356);
#14358=PLANE('',#14357);
#14359=ORIENTED_EDGE('',*,*,#8094,.T.);
#14360=ORIENTED_EDGE('',*,*,#14332,.F.);
#14361=ORIENTED_EDGE('',*,*,#14214,.T.);
#14362=ORIENTED_EDGE('',*,*,#14123,.T.);
#14363=EDGE_LOOP('',(#14359,#14360,#14361,#14362));
#14364=FACE_OUTER_BOUND('',#14363,.F.);
#14366=CARTESIAN_POINT('',(-2.3114E1,3.091344134165E0,6.604E0));
#14367=DIRECTION('',(0.E0,9.659258262891E-1,-2.588190451025E-1));
#14368=DIRECTION('',(0.E0,-2.588190451025E-1,-9.659258262891E-1));
#14369=AXIS2_PLACEMENT_3D('',#14366,#14367,#14368);
#14370=PLANE('',#14369);
#14371=ORIENTED_EDGE('',*,*,#7984,.F.);
#14372=ORIENTED_EDGE('',*,*,#14107,.T.);
#14373=ORIENTED_EDGE('',*,*,#14307,.F.);
#14374=ORIENTED_EDGE('',*,*,#14346,.F.);
#14375=EDGE_LOOP('',(#14371,#14372,#14373,#14374));
#14376=FACE_OUTER_BOUND('',#14375,.F.);
#14378=CARTESIAN_POINT('',(-2.205369612267E1,-1.076854166667E-1,5.6134E0));
#14379=DIRECTION('',(0.E0,-1.E0,0.E0));
#14380=DIRECTION('',(1.957168021335E-14,0.E0,-1.E0));
#14381=AXIS2_PLACEMENT_3D('',#14378,#14379,#14380);
#14382=SPHERICAL_SURFACE('',#14381,1.975114583333E0);
#14383=ORIENTED_EDGE('',*,*,#6874,.F.);
#14385=ORIENTED_EDGE('',*,*,#14384,.F.);
#14387=ORIENTED_EDGE('',*,*,#14386,.T.);
#14388=EDGE_LOOP('',(#14383,#14385,#14387));
#14389=FACE_OUTER_BOUND('',#14388,.F.);
#14390=ORIENTED_EDGE('',*,*,#7911,.T.);
#14391=ORIENTED_EDGE('',*,*,#14119,.T.);
#14392=EDGE_LOOP('',(#14390,#14391));
#14393=FACE_BOUND('',#14392,.F.);
#14395=CARTESIAN_POINT('',(-2.205369612267E1,-1.076854166667E-1,5.6134E0));
#14396=DIRECTION('',(0.E0,-1.E0,0.E0));
#14397=DIRECTION('',(1.957168021335E-14,0.E0,-1.E0));
#14398=AXIS2_PLACEMENT_3D('',#14395,#14396,#14397);
#14399=SPHERICAL_SURFACE('',#14398,1.975114583333E0);
#14400=ORIENTED_EDGE('',*,*,#6844,.F.);
#14401=ORIENTED_EDGE('',*,*,#14386,.F.);
#14402=ORIENTED_EDGE('',*,*,#14384,.T.);
#14403=ORIENTED_EDGE('',*,*,#6872,.F.);
#14404=EDGE_LOOP('',(#14400,#14401,#14402,#14403));
#14405=FACE_OUTER_BOUND('',#14404,.F.);
#14407=CARTESIAN_POINT('',(2.205369612267E1,-1.076854166667E-1,5.6134E0));
#14408=DIRECTION('',(0.E0,1.E0,0.E0));
#14409=DIRECTION('',(-1.957168021335E-14,0.E0,-1.E0));
#14410=AXIS2_PLACEMENT_3D('',#14407,#14408,#14409);
#14411=SPHERICAL_SURFACE('',#14410,1.975114583333E0);
#14412=ORIENTED_EDGE('',*,*,#6832,.T.);
#14414=ORIENTED_EDGE('',*,*,#14413,.T.);
#14416=ORIENTED_EDGE('',*,*,#14415,.F.);
#14417=EDGE_LOOP('',(#14412,#14414,#14416));
#14418=FACE_OUTER_BOUND('',#14417,.F.);
#14419=ORIENTED_EDGE('',*,*,#7901,.F.);
#14420=ORIENTED_EDGE('',*,*,#7838,.T.);
#14421=EDGE_LOOP('',(#14419,#14420));
#14422=FACE_BOUND('',#14421,.F.);
#14424=CARTESIAN_POINT('',(2.205369612267E1,-1.076854166667E-1,5.6134E0));
#14425=DIRECTION('',(0.E0,1.E0,0.E0));
#14426=DIRECTION('',(-1.957168021335E-14,0.E0,-1.E0));
#14427=AXIS2_PLACEMENT_3D('',#14424,#14425,#14426);
#14428=SPHERICAL_SURFACE('',#14427,1.975114583333E0);
#14429=ORIENTED_EDGE('',*,*,#6830,.T.);
#14430=ORIENTED_EDGE('',*,*,#6834,.T.);
#14431=ORIENTED_EDGE('',*,*,#14415,.T.);
#14432=ORIENTED_EDGE('',*,*,#14413,.F.);
#14433=EDGE_LOOP('',(#14429,#14430,#14431,#14432));
#14434=FACE_OUTER_BOUND('',#14433,.F.);
#14436=CLOSED_SHELL('',(#6782,#6801,#6838,#6878,#6892,#6928,#6968,#6981,#6994,
#7015,#7030,#7045,#7060,#7075,#7094,#7107,#7120,#7137,#7152,#7171,#7191,#7204,
#7223,#7237,#7251,#7264,#7279,#7299,#7311,#7331,#7344,#7361,#7374,#7387,#7406,
#7421,#7436,#7451,#7466,#7487,#7500,#7513,#7529,#7544,#7556,#7569,#7584,#7599,
#7612,#7625,#7640,#7653,#7665,#7678,#7691,#7704,#7716,#7728,#7742,#7759,#7794,
#7830,#7852,#7871,#7905,#7941,#7961,#7991,#8024,#8053,#8069,#8111,#8131,#8161,
#8177,#8191,#8206,#8221,#8236,#8256,#8293,#8335,#8368,#8381,#8394,#8409,#8428,
#8450,#8469,#8484,#8497,#8507,#8519,#8534,#8553,#8575,#8587,#8607,#8620,#8634,
#8646,#8659,#8789,#8804,#8816,#8829,#8840,#8855,#8867,#8880,#8891,#8906,#8918,
#8931,#8942,#8957,#8969,#8982,#8993,#9008,#9022,#9033,#9044,#9059,#9073,#9084,
#9095,#9111,#9126,#9137,#9149,#9162,#9175,#9199,#9221,#9427,#9440,#9453,#9466,
#9478,#9492,#9507,#9522,#9537,#9551,#9564,#9577,#9589,#9602,#9620,#9635,#9650,
#9668,#9697,#9712,#9742,#9773,#10092,#10107,#10121,#10135,#10148,#10160,#10176,
#10190,#10203,#10216,#10228,#10243,#10257,#10271,#10284,#10296,#10312,#10326,
#10339,#10352,#10364,#10379,#10393,#10407,#10420,#10432,#10448,#10462,#10475,
#10488,#10500,#10515,#10529,#10543,#10556,#10568,#10584,#10598,#10611,#10624,
#10636,#10651,#10665,#10679,#10692,#10704,#10720,#10734,#10747,#10760,#10772,
#10787,#10801,#10815,#10828,#10840,#10856,#10870,#10883,#10896,#10908,#10923,
#10937,#10951,#10964,#10976,#10992,#11006,#11019,#11032,#11044,#11059,#11073,
#11087,#11100,#11112,#11128,#11142,#11155,#11168,#11180,#11195,#11209,#11223,
#11236,#11248,#11264,#11278,#11291,#11304,#11316,#11331,#11345,#11359,#11372,
#11384,#11400,#11414,#11427,#11440,#11452,#11467,#11481,#11495,#11508,#11520,
#11536,#11550,#11563,#11576,#11588,#11603,#11617,#11631,#11644,#11656,#11672,
#11686,#11699,#11712,#11724,#11739,#11753,#11767,#11780,#11792,#11808,#11822,
#11835,#11848,#11860,#11874,#11889,#11907,#11926,#11938,#11951,#11968,#11987,
#12000,#12015,#12029,#12044,#12059,#12077,#12091,#12105,#12119,#12136,#12149,
#12165,#12178,#12195,#12213,#12229,#12242,#12255,#12267,#12281,#12295,#12307,
#12319,#12333,#12345,#12357,#12369,#12381,#12404,#12419,#12432,#12446,#12462,
#12474,#12488,#12501,#12515,#12530,#12542,#12560,#12576,#12589,#12602,#12614,
#12634,#12649,#12665,#12677,#12690,#12703,#12716,#12730,#12742,#12756,#12768,
#12780,#12793,#12806,#12819,#12831,#12846,#12859,#12869,#12881,#12895,#12907,
#12922,#12935,#12945,#12957,#12971,#12983,#12998,#13011,#13021,#13033,#13047,
#13059,#13074,#13087,#13097,#13109,#13123,#13135,#13150,#13163,#13173,#13185,
#13199,#13211,#13226,#13239,#13249,#13261,#13275,#13287,#13302,#13315,#13325,
#13337,#13351,#13363,#13378,#13391,#13401,#13413,#13427,#13439,#13454,#13467,
#13477,#13489,#13503,#13515,#13530,#13543,#13553,#13565,#13579,#13591,#13606,
#13619,#13629,#13641,#13655,#13667,#13682,#13695,#13705,#13717,#13731,#13743,
#13758,#13771,#13781,#13793,#13807,#13819,#13834,#13847,#13857,#13869,#13883,
#13895,#13909,#13924,#13936,#13949,#13959,#13969,#13981,#13994,#14008,#14020,
#14032,#14044,#14056,#14070,#14082,#14094,#14113,#14132,#14149,#14161,#14175,
#14189,#14204,#14218,#14231,#14245,#14259,#14274,#14286,#14299,#14313,#14325,
#14339,#14353,#14365,#14377,#14394,#14406,#14423,#14435));
#14437=MANIFOLD_SOLID_BREP('',#14436);
#14438=DIRECTION('',(0.E0,-1.E0,0.E0));
#14439=VECTOR('',#14438,8.001E0);
#14440=CARTESIAN_POINT('',(0.E0,4.0005E0,1.224647411471E-14));
#14441=LINE('',#14440,#14439);
#14443=DRAUGHTING_PRE_DEFINED_CURVE_FONT('continuous');
#14444=CURVE_STYLE('',#14443,POSITIVE_LENGTH_MEASURE(2.E-2),#1);
#14445=PRESENTATION_STYLE_ASSIGNMENT((#14444));
#14446=STYLED_ITEM('',(#14445),#14442);
#14448=DIRECTION('',(0.E0,-1.E0,0.E0));
#14449=VECTOR('',#14448,6.4262E0);
#14450=CARTESIAN_POINT('',(2.1082E1,4.0005E0,-4.5974E0));
#14451=LINE('',#14450,#14449);
#14453=CURVE_STYLE('',#14443,POSITIVE_LENGTH_MEASURE(2.E-2),#1);
#14454=PRESENTATION_STYLE_ASSIGNMENT((#14453));
#14455=STYLED_ITEM('',(#14454),#14452);
#14456=DIRECTION('',(0.E0,-1.E0,0.E0));
#14457=VECTOR('',#14456,6.4262E0);
#14458=CARTESIAN_POINT('',(-2.1082E1,4.0005E0,-4.5974E0));
#14459=LINE('',#14458,#14457);
#14461=CURVE_STYLE('',#14443,POSITIVE_LENGTH_MEASURE(2.E-2),#1);
#14462=PRESENTATION_STYLE_ASSIGNMENT((#14461));
#14463=STYLED_ITEM('',(#14462),#14460);
#14464=DIRECTION('',(0.E0,-1.E0,0.E0));
#14465=VECTOR('',#14464,2.794E0);
#14466=CARTESIAN_POINT('',(2.2225E1,1.397E0,2.1844E0));
#14467=LINE('',#14466,#14465);
#14469=CURVE_STYLE('',#14443,POSITIVE_LENGTH_MEASURE(2.E-2),#1);
#14470=PRESENTATION_STYLE_ASSIGNMENT((#14469));
#14471=STYLED_ITEM('',(#14470),#14468);
#14472=DIRECTION('',(0.E0,-1.E0,0.E0));
#14473=VECTOR('',#14472,2.794E0);
#14474=CARTESIAN_POINT('',(-2.2225E1,1.397E0,2.1844E0));
#14475=LINE('',#14474,#14473);
#14477=CURVE_STYLE('',#14443,POSITIVE_LENGTH_MEASURE(2.E-2),#1);
#14478=PRESENTATION_STYLE_ASSIGNMENT((#14477));
#14479=STYLED_ITEM('',(#14478),#14476);
#14480=DIRECTION('',(0.E0,-1.E0,0.E0));
#14481=VECTOR('',#14480,2.794E0);
#14482=CARTESIAN_POINT('',(1.524E1,1.397E0,0.E0));
#14483=LINE('',#14482,#14481);
#14485=CURVE_STYLE('',#14443,POSITIVE_LENGTH_MEASURE(2.E-2),#1);
#14486=PRESENTATION_STYLE_ASSIGNMENT((#14485));
#14487=STYLED_ITEM('',(#14486),#14484);
#14488=DIRECTION('',(0.E0,-1.E0,0.E0));
#14489=VECTOR('',#14488,1.5748E0);
#14490=CARTESIAN_POINT('',(2.1082E1,-2.4257E0,-4.5974E0));
#14491=LINE('',#14490,#14489);
#14493=CURVE_STYLE('',#14443,POSITIVE_LENGTH_MEASURE(2.E-2),#1);
#14494=PRESENTATION_STYLE_ASSIGNMENT((#14493));
#14495=STYLED_ITEM('',(#14494),#14492);
#14496=DIRECTION('',(0.E0,-1.E0,0.E0));
#14497=VECTOR('',#14496,1.5748E0);
#14498=CARTESIAN_POINT('',(-2.1082E1,-2.4257E0,-4.5974E0));
#14499=LINE('',#14498,#14497);
#14501=CURVE_STYLE('',#14443,POSITIVE_LENGTH_MEASURE(2.E-2),#1);
#14502=PRESENTATION_STYLE_ASSIGNMENT((#14501));
#14503=STYLED_ITEM('',(#14502),#14500);
#14504=DIRECTION('',(0.E0,0.E0,-1.E0));
#14505=VECTOR('',#14504,9.99998E-1);
#14506=CARTESIAN_POINT('',(-2.413E1,-2.667E-1,-6.340602E0));
#14507=LINE('',#14506,#14505);
#14509=CURVE_STYLE('',#14443,POSITIVE_LENGTH_MEASURE(2.E-2),#1);
#14510=PRESENTATION_STYLE_ASSIGNMENT((#14509));
#14511=STYLED_ITEM('',(#14510),#14508);
#14512=DIRECTION('',(0.E0,0.E0,-1.E0));
#14513=VECTOR('',#14512,9.99998E-1);
#14514=CARTESIAN_POINT('',(2.413E1,-2.667E-1,-6.340602E0));
#14515=LINE('',#14514,#14513);
#14517=CURVE_STYLE('',#14443,POSITIVE_LENGTH_MEASURE(2.E-2),#1);
#14518=PRESENTATION_STYLE_ASSIGNMENT((#14517));
#14519=STYLED_ITEM('',(#14518),#14516);
#14520=DIRECTION('',(0.E0,0.E0,1.E0));
#14521=VECTOR('',#14520,9.99998E-1);
#14522=CARTESIAN_POINT('',(2.413E1,-2.667E-1,-4.682998E0));
#14523=LINE('',#14522,#14521);
#14525=CURVE_STYLE('',#14443,POSITIVE_LENGTH_MEASURE(2.E-2),#1);
#14526=PRESENTATION_STYLE_ASSIGNMENT((#14525));
#14527=STYLED_ITEM('',(#14526),#14524);
#14528=DIRECTION('',(0.E0,0.E0,1.E0));
#14529=VECTOR('',#14528,9.99998E-1);
#14530=CARTESIAN_POINT('',(-2.413E1,-2.667E-1,-4.682998E0));
#14531=LINE('',#14530,#14529);
#14533=CURVE_STYLE('',#14443,POSITIVE_LENGTH_MEASURE(2.E-2),#1);
#14534=PRESENTATION_STYLE_ASSIGNMENT((#14533));
#14535=STYLED_ITEM('',(#14534),#14532);
#14536=DIRECTION('',(0.E0,-1.E0,0.E0));
#14537=VECTOR('',#14536,2.413E0);
#14538=CARTESIAN_POINT('',(2.205369612267E1,1.2065E0,5.6134E0));
#14539=LINE('',#14538,#14537);
#14541=CURVE_STYLE('',#14443,POSITIVE_LENGTH_MEASURE(2.E-2),#1);
#14542=PRESENTATION_STYLE_ASSIGNMENT((#14541));
#14543=STYLED_ITEM('',(#14542),#14540);
#14544=DIRECTION('',(0.E0,-1.E0,0.E0));
#14545=VECTOR('',#14544,2.413E0);
#14546=CARTESIAN_POINT('',(-2.205369612267E1,1.2065E0,5.6134E0));
#14547=LINE('',#14546,#14545);
#14549=CURVE_STYLE('',#14443,POSITIVE_LENGTH_MEASURE(2.E-2),#1);
#14550=PRESENTATION_STYLE_ASSIGNMENT((#14549));
#14551=STYLED_ITEM('',(#14550),#14548);
#14552=DIRECTION('',(0.E0,1.E0,0.E0));
#14553=VECTOR('',#14552,4.1656E0);
#14554=CARTESIAN_POINT('',(2.205369612267E1,-2.0828E0,5.6134E0));
#14555=LINE('',#14554,#14553);
#14557=CURVE_STYLE('',#14443,POSITIVE_LENGTH_MEASURE(2.E-2),#1);
#14558=PRESENTATION_STYLE_ASSIGNMENT((#14557));
#14559=STYLED_ITEM('',(#14558),#14556);
#14560=DIRECTION('',(0.E0,-1.E0,0.E0));
#14561=VECTOR('',#14560,4.1656E0);
#14562=CARTESIAN_POINT('',(-2.205369612267E1,2.0828E0,5.6134E0));
#14563=LINE('',#14562,#14561);
#14565=CURVE_STYLE('',#14443,POSITIVE_LENGTH_MEASURE(2.E-2),#1);
#14566=PRESENTATION_STYLE_ASSIGNMENT((#14565));
#14567=STYLED_ITEM('',(#14566),#14564);
#14568=CARTESIAN_POINT('',(-2.E-1,-5.E-4,1.2E-1));
#14569=DIRECTION('',(0.E0,0.E0,1.E0));
#14570=DIRECTION('',(1.E0,0.E0,0.E0));
#14571=AXIS2_PLACEMENT_3D('',#14568,#14569,#14570);
#14572=CARTESIAN_POINT('',(2.34E0,-5.E-4,1.2E-1));
#14573=DIRECTION('',(0.E0,0.E0,1.E0));
#14574=DIRECTION('',(1.E0,0.E0,0.E0));
#14575=AXIS2_PLACEMENT_3D('',#14572,#14573,#14574);
#14576=CARTESIAN_POINT('',(4.88E0,-5.E-4,1.2E-1));
#14577=DIRECTION('',(0.E0,0.E0,1.E0));
#14578=DIRECTION('',(1.E0,0.E0,0.E0));
#14579=AXIS2_PLACEMENT_3D('',#14576,#14577,#14578);
#14580=CARTESIAN_POINT('',(7.42E0,-5.E-4,1.2E-1));
#14581=DIRECTION('',(0.E0,0.E0,1.E0));
#14582=DIRECTION('',(1.E0,0.E0,0.E0));
#14583=AXIS2_PLACEMENT_3D('',#14580,#14581,#14582);
#14584=CARTESIAN_POINT('',(9.96E0,-5.E-4,1.2E-1));
#14585=DIRECTION('',(0.E0,0.E0,1.E0));
#14586=DIRECTION('',(1.E0,0.E0,0.E0));
#14587=AXIS2_PLACEMENT_3D('',#14584,#14585,#14586);
#14588=CARTESIAN_POINT('',(1.25E1,-5.E-4,1.2E-1));
#14589=DIRECTION('',(0.E0,0.E0,1.E0));
#14590=DIRECTION('',(1.E0,0.E0,0.E0));
#14591=AXIS2_PLACEMENT_3D('',#14588,#14589,#14590);
#14592=CARTESIAN_POINT('',(1.504E1,-5.E-4,1.2E-1));
#14593=DIRECTION('',(0.E0,0.E0,1.E0));
#14594=DIRECTION('',(1.E0,0.E0,0.E0));
#14595=AXIS2_PLACEMENT_3D('',#14592,#14593,#14594);
#14596=CARTESIAN_POINT('',(1.758E1,-5.E-4,1.2E-1));
#14597=DIRECTION('',(0.E0,0.E0,1.E0));
#14598=DIRECTION('',(1.E0,0.E0,0.E0));
#14599=AXIS2_PLACEMENT_3D('',#14596,#14597,#14598);
#14600=CARTESIAN_POINT('',(2.012E1,-5.E-4,1.2E-1));
#14601=DIRECTION('',(0.E0,0.E0,1.E0));
#14602=DIRECTION('',(1.E0,0.E0,0.E0));
#14603=AXIS2_PLACEMENT_3D('',#14600,#14601,#14602);
#14604=CARTESIAN_POINT('',(2.266E1,-5.E-4,1.2E-1));
#14605=DIRECTION('',(0.E0,0.E0,1.E0));
#14606=DIRECTION('',(1.E0,0.E0,0.E0));
#14607=AXIS2_PLACEMENT_3D('',#14604,#14605,#14606);
#14608=CARTESIAN_POINT('',(2.52E1,-5.E-4,1.2E-1));
#14609=DIRECTION('',(0.E0,0.E0,1.E0));
#14610=DIRECTION('',(1.E0,0.E0,0.E0));
#14611=AXIS2_PLACEMENT_3D('',#14608,#14609,#14610);
#14612=CARTESIAN_POINT('',(2.774E1,-5.E-4,1.2E-1));
#14613=DIRECTION('',(0.E0,0.E0,1.E0));
#14614=DIRECTION('',(1.E0,0.E0,0.E0));
#14615=AXIS2_PLACEMENT_3D('',#14612,#14613,#14614);
#14616=CARTESIAN_POINT('',(3.028E1,-5.E-4,1.2E-1));
#14617=DIRECTION('',(0.E0,0.E0,1.E0));
#14618=DIRECTION('',(1.E0,0.E0,0.E0));
#14619=AXIS2_PLACEMENT_3D('',#14616,#14617,#14618);
#14620=DIRECTION('',(0.E0,0.E0,1.E0));
#14621=VECTOR('',#14620,6.096E0);
#14622=CARTESIAN_POINT('',(-1.524E1,-1.2827E0,0.E0));
#14623=LINE('',#14622,#14621);
#14625=CURVE_STYLE('',#14443,POSITIVE_LENGTH_MEASURE(2.E-2),#1);
#14626=PRESENTATION_STYLE_ASSIGNMENT((#14625));
#14627=STYLED_ITEM('',(#14626),#14624);
#14628=DIRECTION('',(0.E0,0.E0,1.E0));
#14629=VECTOR('',#14628,6.096E0);
#14630=CARTESIAN_POINT('',(-1.524E1,1.2573E0,0.E0));
#14631=LINE('',#14630,#14629);
#14633=CURVE_STYLE('',#14443,POSITIVE_LENGTH_MEASURE(2.E-2),#1);
#14634=PRESENTATION_STYLE_ASSIGNMENT((#14633));
#14635=STYLED_ITEM('',(#14634),#14632);
#14636=DIRECTION('',(0.E0,0.E0,1.E0));
#14637=VECTOR('',#14636,6.096E0);
#14638=CARTESIAN_POINT('',(-1.27E1,-1.2827E0,0.E0));
#14639=LINE('',#14638,#14637);
#14641=CURVE_STYLE('',#14443,POSITIVE_LENGTH_MEASURE(2.E-2),#1);
#14642=PRESENTATION_STYLE_ASSIGNMENT((#14641));
#14643=STYLED_ITEM('',(#14642),#14640);
#14644=DIRECTION('',(0.E0,0.E0,1.E0));
#14645=VECTOR('',#14644,6.096E0);
#14646=CARTESIAN_POINT('',(-1.27E1,1.2573E0,0.E0));
#14647=LINE('',#14646,#14645);
#14649=CURVE_STYLE('',#14443,POSITIVE_LENGTH_MEASURE(2.E-2),#1);
#14650=PRESENTATION_STYLE_ASSIGNMENT((#14649));
#14651=STYLED_ITEM('',(#14650),#14648);
#14652=DIRECTION('',(0.E0,0.E0,1.E0));
#14653=VECTOR('',#14652,6.096E0);
#14654=CARTESIAN_POINT('',(-1.016E1,-1.2827E0,0.E0));
#14655=LINE('',#14654,#14653);
#14657=CURVE_STYLE('',#14443,POSITIVE_LENGTH_MEASURE(2.E-2),#1);
#14658=PRESENTATION_STYLE_ASSIGNMENT((#14657));
#14659=STYLED_ITEM('',(#14658),#14656);
#14660=DIRECTION('',(0.E0,0.E0,1.E0));
#14661=VECTOR('',#14660,6.096E0);
#14662=CARTESIAN_POINT('',(-1.016E1,1.2573E0,0.E0));
#14663=LINE('',#14662,#14661);
#14665=CURVE_STYLE('',#14443,POSITIVE_LENGTH_MEASURE(2.E-2),#1);
#14666=PRESENTATION_STYLE_ASSIGNMENT((#14665));
#14667=STYLED_ITEM('',(#14666),#14664);
#14668=DIRECTION('',(0.E0,0.E0,1.E0));
#14669=VECTOR('',#14668,6.096E0);
#14670=CARTESIAN_POINT('',(-7.62E0,-1.2827E0,0.E0));
#14671=LINE('',#14670,#14669);
#14673=CURVE_STYLE('',#14443,POSITIVE_LENGTH_MEASURE(2.E-2),#1);
#14674=PRESENTATION_STYLE_ASSIGNMENT((#14673));
#14675=STYLED_ITEM('',(#14674),#14672);
#14676=DIRECTION('',(0.E0,0.E0,1.E0));
#14677=VECTOR('',#14676,6.096E0);
#14678=CARTESIAN_POINT('',(-7.62E0,1.2573E0,0.E0));
#14679=LINE('',#14678,#14677);
#14681=CURVE_STYLE('',#14443,POSITIVE_LENGTH_MEASURE(2.E-2),#1);
#14682=PRESENTATION_STYLE_ASSIGNMENT((#14681));
#14683=STYLED_ITEM('',(#14682),#14680);
#14684=DIRECTION('',(0.E0,0.E0,1.E0));
#14685=VECTOR('',#14684,6.096E0);
#14686=CARTESIAN_POINT('',(-5.08E0,-1.2827E0,0.E0));
#14687=LINE('',#14686,#14685);
#14689=CURVE_STYLE('',#14443,POSITIVE_LENGTH_MEASURE(2.E-2),#1);
#14690=PRESENTATION_STYLE_ASSIGNMENT((#14689));
#14691=STYLED_ITEM('',(#14690),#14688);
#14692=DIRECTION('',(0.E0,0.E0,1.E0));
#14693=VECTOR('',#14692,6.096E0);
#14694=CARTESIAN_POINT('',(-5.08E0,1.2573E0,0.E0));
#14695=LINE('',#14694,#14693);
#14697=CURVE_STYLE('',#14443,POSITIVE_LENGTH_MEASURE(2.E-2),#1);
#14698=PRESENTATION_STYLE_ASSIGNMENT((#14697));
#14699=STYLED_ITEM('',(#14698),#14696);
#14700=DIRECTION('',(0.E0,0.E0,1.E0));
#14701=VECTOR('',#14700,6.096E0);
#14702=CARTESIAN_POINT('',(-2.54E0,-1.2827E0,0.E0));
#14703=LINE('',#14702,#14701);
#14705=DIRECTION('',(0.E0,0.E0,1.E0));
#14706=VECTOR('',#14705,6.096E0);
#14707=CARTESIAN_POINT('',(-2.54E0,1.2573E0,0.E0));
#14708=LINE('',#14707,#14706);
#14710=DIRECTION('',(0.E0,0.E0,1.E0));
#14711=VECTOR('',#14710,6.096E0);
#14712=CARTESIAN_POINT('',(0.E0,-1.2827E0,0.E0));
#14713=LINE('',#14712,#14711);
#14715=DIRECTION('',(0.E0,0.E0,1.E0));
#14716=VECTOR('',#14715,6.096E0);
#14717=CARTESIAN_POINT('',(0.E0,1.2573E0,0.E0));
#14718=LINE('',#14717,#14716);
#14720=DIRECTION('',(0.E0,0.E0,1.E0));
#14721=VECTOR('',#14720,6.096E0);
#14722=CARTESIAN_POINT('',(2.54E0,-1.2827E0,0.E0));
#14723=LINE('',#14722,#14721);
#14725=DIRECTION('',(0.E0,0.E0,1.E0));
#14726=VECTOR('',#14725,6.096E0);
#14727=CARTESIAN_POINT('',(2.54E0,1.2573E0,0.E0));
#14728=LINE('',#14727,#14726);
#14730=DIRECTION('',(0.E0,0.E0,1.E0));
#14731=VECTOR('',#14730,6.096E0);
#14732=CARTESIAN_POINT('',(5.08E0,-1.2827E0,0.E0));
#14733=LINE('',#14732,#14731);
#14735=DIRECTION('',(0.E0,0.E0,1.E0));
#14736=VECTOR('',#14735,6.096E0);
#14737=CARTESIAN_POINT('',(5.08E0,1.2573E0,0.E0));
#14738=LINE('',#14737,#14736);
#14740=DIRECTION('',(0.E0,0.E0,1.E0));
#14741=VECTOR('',#14740,6.096E0);
#14742=CARTESIAN_POINT('',(7.62E0,-1.2827E0,0.E0));
#14743=LINE('',#14742,#14741);
#14745=DIRECTION('',(0.E0,0.E0,1.E0));
#14746=VECTOR('',#14745,6.096E0);
#14747=CARTESIAN_POINT('',(7.62E0,1.2573E0,0.E0));
#14748=LINE('',#14747,#14746);
#14750=DIRECTION('',(0.E0,0.E0,1.E0));
#14751=VECTOR('',#14750,6.096E0);
#14752=CARTESIAN_POINT('',(1.016E1,-1.2827E0,0.E0));
#14753=LINE('',#14752,#14751);
#14755=DIRECTION('',(0.E0,0.E0,1.E0));
#14756=VECTOR('',#14755,6.096E0);
#14757=CARTESIAN_POINT('',(1.016E1,1.2573E0,0.E0));
#14758=LINE('',#14757,#14756);
#14760=DIRECTION('',(0.E0,0.E0,1.E0));
#14761=VECTOR('',#14760,6.096E0);
#14762=CARTESIAN_POINT('',(1.27E1,-1.2827E0,0.E0));
#14763=LINE('',#14762,#14761);
#14765=DIRECTION('',(0.E0,0.E0,1.E0));
#14766=VECTOR('',#14765,6.096E0);
#14767=CARTESIAN_POINT('',(1.27E1,1.2573E0,0.E0));
#14768=LINE('',#14767,#14766);
#14770=DIRECTION('',(0.E0,0.E0,1.E0));
#14771=VECTOR('',#14770,6.096E0);
#14772=CARTESIAN_POINT('',(1.524E1,-1.2827E0,0.E0));
#14773=LINE('',#14772,#14771);
#14775=DIRECTION('',(0.E0,0.E0,1.E0));
#14776=VECTOR('',#14775,6.096E0);
#14777=CARTESIAN_POINT('',(1.524E1,1.2573E0,0.E0));
#14778=LINE('',#14777,#14776);
#14780=DIRECTION('',(0.E0,0.E0,-1.E0));
#14781=VECTOR('',#14780,2.794E0);
#14782=CARTESIAN_POINT('',(-1.524E1,-1.2827E0,-7.3406E0));
#14783=LINE('',#14782,#14781);
#14785=CURVE_STYLE('',#14443,POSITIVE_LENGTH_MEASURE(2.E-2),#1);
#14786=PRESENTATION_STYLE_ASSIGNMENT((#14785));
#14787=STYLED_ITEM('',(#14786),#14784);
#14788=DIRECTION('',(0.E0,0.E0,-1.E0));
#14789=VECTOR('',#14788,2.794E0);
#14790=CARTESIAN_POINT('',(-1.524E1,1.2573E0,-7.3406E0));
#14791=LINE('',#14790,#14789);
#14793=CURVE_STYLE('',#14443,POSITIVE_LENGTH_MEASURE(2.E-2),#1);
#14794=PRESENTATION_STYLE_ASSIGNMENT((#14793));
#14795=STYLED_ITEM('',(#14794),#14792);
#14796=DIRECTION('',(0.E0,0.E0,-1.E0));
#14797=VECTOR('',#14796,2.794E0);
#14798=CARTESIAN_POINT('',(-1.27E1,-1.2827E0,-7.3406E0));
#14799=LINE('',#14798,#14797);
#14801=CURVE_STYLE('',#14443,POSITIVE_LENGTH_MEASURE(2.E-2),#1);
#14802=PRESENTATION_STYLE_ASSIGNMENT((#14801));
#14803=STYLED_ITEM('',(#14802),#14800);
#14804=DIRECTION('',(0.E0,0.E0,-1.E0));
#14805=VECTOR('',#14804,2.794E0);
#14806=CARTESIAN_POINT('',(-1.27E1,1.2573E0,-7.3406E0));
#14807=LINE('',#14806,#14805);
#14809=CURVE_STYLE('',#14443,POSITIVE_LENGTH_MEASURE(2.E-2),#1);
#14810=PRESENTATION_STYLE_ASSIGNMENT((#14809));
#14811=STYLED_ITEM('',(#14810),#14808);
#14812=DIRECTION('',(0.E0,0.E0,-1.E0));
#14813=VECTOR('',#14812,2.794E0);
#14814=CARTESIAN_POINT('',(-1.016E1,-1.2827E0,-7.3406E0));
#14815=LINE('',#14814,#14813);
#14817=CURVE_STYLE('',#14443,POSITIVE_LENGTH_MEASURE(2.E-2),#1);
#14818=PRESENTATION_STYLE_ASSIGNMENT((#14817));
#14819=STYLED_ITEM('',(#14818),#14816);
#14820=DIRECTION('',(0.E0,0.E0,-1.E0));
#14821=VECTOR('',#14820,2.794E0);
#14822=CARTESIAN_POINT('',(-1.016E1,1.2573E0,-7.3406E0));
#14823=LINE('',#14822,#14821);
#14825=CURVE_STYLE('',#14443,POSITIVE_LENGTH_MEASURE(2.E-2),#1);
#14826=PRESENTATION_STYLE_ASSIGNMENT((#14825));
#14827=STYLED_ITEM('',(#14826),#14824);
#14828=DIRECTION('',(0.E0,0.E0,-1.E0));
#14829=VECTOR('',#14828,2.794E0);
#14830=CARTESIAN_POINT('',(-7.62E0,-1.2827E0,-7.3406E0));
#14831=LINE('',#14830,#14829);
#14833=CURVE_STYLE('',#14443,POSITIVE_LENGTH_MEASURE(2.E-2),#1);
#14834=PRESENTATION_STYLE_ASSIGNMENT((#14833));
#14835=STYLED_ITEM('',(#14834),#14832);
#14836=DIRECTION('',(0.E0,0.E0,-1.E0));
#14837=VECTOR('',#14836,2.794E0);
#14838=CARTESIAN_POINT('',(-7.62E0,1.2573E0,-7.3406E0));
#14839=LINE('',#14838,#14837);
#14841=CURVE_STYLE('',#14443,POSITIVE_LENGTH_MEASURE(2.E-2),#1);
#14842=PRESENTATION_STYLE_ASSIGNMENT((#14841));
#14843=STYLED_ITEM('',(#14842),#14840);
#14844=DIRECTION('',(0.E0,0.E0,-1.E0));
#14845=VECTOR('',#14844,2.794E0);
#14846=CARTESIAN_POINT('',(-5.08E0,-1.2827E0,-7.3406E0));
#14847=LINE('',#14846,#14845);
#14849=CURVE_STYLE('',#14443,POSITIVE_LENGTH_MEASURE(2.E-2),#1);
#14850=PRESENTATION_STYLE_ASSIGNMENT((#14849));
#14851=STYLED_ITEM('',(#14850),#14848);
#14852=DIRECTION('',(0.E0,0.E0,-1.E0));
#14853=VECTOR('',#14852,2.794E0);
#14854=CARTESIAN_POINT('',(-5.08E0,1.2573E0,-7.3406E0));
#14855=LINE('',#14854,#14853);
#14857=CURVE_STYLE('',#14443,POSITIVE_LENGTH_MEASURE(2.E-2),#1);
#14858=PRESENTATION_STYLE_ASSIGNMENT((#14857));
#14859=STYLED_ITEM('',(#14858),#14856);
#14860=DIRECTION('',(0.E0,0.E0,-1.E0));
#14861=VECTOR('',#14860,2.794E0);
#14862=CARTESIAN_POINT('',(-2.54E0,-1.2827E0,-7.3406E0));
#14863=LINE('',#14862,#14861);
#14865=DIRECTION('',(0.E0,0.E0,-1.E0));
#14866=VECTOR('',#14865,2.794E0);
#14867=CARTESIAN_POINT('',(-2.54E0,1.2573E0,-7.3406E0));
#14868=LINE('',#14867,#14866);
#14870=DIRECTION('',(0.E0,0.E0,-1.E0));
#14871=VECTOR('',#14870,2.794E0);
#14872=CARTESIAN_POINT('',(0.E0,-1.2827E0,-7.3406E0));
#14873=LINE('',#14872,#14871);
#14875=DIRECTION('',(0.E0,0.E0,-1.E0));
#14876=VECTOR('',#14875,2.794E0);
#14877=CARTESIAN_POINT('',(0.E0,1.2573E0,-7.3406E0));
#14878=LINE('',#14877,#14876);
#14880=DIRECTION('',(0.E0,0.E0,-1.E0));
#14881=VECTOR('',#14880,2.794E0);
#14882=CARTESIAN_POINT('',(2.54E0,-1.2827E0,-7.3406E0));
#14883=LINE('',#14882,#14881);
#14885=DIRECTION('',(0.E0,0.E0,-1.E0));
#14886=VECTOR('',#14885,2.794E0);
#14887=CARTESIAN_POINT('',(2.54E0,1.2573E0,-7.3406E0));
#14888=LINE('',#14887,#14886);
#14890=DIRECTION('',(0.E0,0.E0,-1.E0));
#14891=VECTOR('',#14890,2.794E0);
#14892=CARTESIAN_POINT('',(5.08E0,-1.2827E0,-7.3406E0));
#14893=LINE('',#14892,#14891);
#14895=DIRECTION('',(0.E0,0.E0,-1.E0));
#14896=VECTOR('',#14895,2.794E0);
#14897=CARTESIAN_POINT('',(5.08E0,1.2573E0,-7.3406E0));
#14898=LINE('',#14897,#14896);
#14900=DIRECTION('',(0.E0,0.E0,-1.E0));
#14901=VECTOR('',#14900,2.794E0);
#14902=CARTESIAN_POINT('',(7.62E0,-1.2827E0,-7.3406E0));
#14903=LINE('',#14902,#14901);
#14905=DIRECTION('',(0.E0,0.E0,-1.E0));
#14906=VECTOR('',#14905,2.794E0);
#14907=CARTESIAN_POINT('',(7.62E0,1.2573E0,-7.3406E0));
#14908=LINE('',#14907,#14906);
#14910=DIRECTION('',(0.E0,0.E0,-1.E0));
#14911=VECTOR('',#14910,2.794E0);
#14912=CARTESIAN_POINT('',(1.016E1,-1.2827E0,-7.3406E0));
#14913=LINE('',#14912,#14911);
#14915=DIRECTION('',(0.E0,0.E0,-1.E0));
#14916=VECTOR('',#14915,2.794E0);
#14917=CARTESIAN_POINT('',(1.016E1,1.2573E0,-7.3406E0));
#14918=LINE('',#14917,#14916);
#14920=DIRECTION('',(0.E0,0.E0,-1.E0));
#14921=VECTOR('',#14920,2.794E0);
#14922=CARTESIAN_POINT('',(1.27E1,-1.2827E0,-7.3406E0));
#14923=LINE('',#14922,#14921);
#14925=DIRECTION('',(0.E0,0.E0,-1.E0));
#14926=VECTOR('',#14925,2.794E0);
#14927=CARTESIAN_POINT('',(1.27E1,1.2573E0,-7.3406E0));
#14928=LINE('',#14927,#14926);
#14930=DIRECTION('',(0.E0,0.E0,-1.E0));
#14931=VECTOR('',#14930,2.794E0);
#14932=CARTESIAN_POINT('',(1.524E1,-1.2827E0,-7.3406E0));
#14933=LINE('',#14932,#14931);
#14935=DIRECTION('',(0.E0,0.E0,-1.E0));
#14936=VECTOR('',#14935,2.794E0);
#14937=CARTESIAN_POINT('',(1.524E1,1.2573E0,-7.3406E0));
#14938=LINE('',#14937,#14936);
#14940=PRESENTATION_LAYER_ASSIGNMENT('DTM_AXIS','',(#14442,#14452,#14460,#14468,
#14476,#14484,#14492,#14500,#14508,#14516,#14524,#14532,#14540,#14548,#14556,
#14564,#14624,#14632,#14640,#14648,#14656,#14664,#14672,#14680,#14688,#14696,
#14704,#14709,#14714,#14719,#14724,#14729,#14734,#14739,#14744,#14749,#14754,
#14759,#14764,#14769,#14774,#14779,#14784,#14792,#14800,#14808,#14816,#14824,
#14832,#14840,#14848,#14856,#14864,#14869,#14874,#14879,#14884,#14889,#14894,
#14899,#14904,#14909,#14914,#14919,#14924,#14929,#14934,#14939));
#14941=INVISIBILITY((#14940));
#14944=PLANE_ANGLE_MEASURE_WITH_UNIT(PLANE_ANGLE_MEASURE(1.745329251994E-2),
#14943);
#14945=(CONVERSION_BASED_UNIT('DEGREE',#14944)NAMED_UNIT(*)PLANE_ANGLE_UNIT());
#14947=UNCERTAINTY_MEASURE_WITH_UNIT(LENGTH_MEASURE(5.956292560180E-3),#14942,
'distance_accuracy_value',
'Maximum model space distance between geometric entities at asserted connectivities');
#14447=GEOMETRIC_SET('',(#14442,#14452,#14460,#14468,#14476,#14484,#14492,
#14500,#14508,#14516,#14524,#14532,#14540,#14548,#14556,#14564,#14624,#14632,
#14640,#14648,#14656,#14664,#14672,#14680,#14688,#14696,#14704,#14709,#14714,
#14719,#14724,#14729,#14734,#14739,#14744,#14749,#14754,#14759,#14764,#14769,
#14774,#14779,#14784,#14792,#14800,#14808,#14816,#14824,#14832,#14840,#14848,
#14856,#14864,#14869,#14874,#14879,#14884,#14889,#14894,#14899,#14904,#14909,
#14914,#14919,#14924,#14929,#14934,#14939));
#14952=SHAPE_REPRESENTATION_RELATIONSHIP('','',#14951,#14949);
#14953=SHAPE_REPRESENTATION_RELATIONSHIP('','',#14951,#14950);
#14954=MECHANICAL_DESIGN_GEOMETRIC_PRESENTATION_REPRESENTATION('',(#14446,
#14455,#14463,#14471,#14479,#14487,#14495,#14503,#14511,#14519,#14527,#14535,
#14543,#14551,#14559,#14567,#14627,#14635,#14643,#14651,#14659,#14667,#14675,
#14683,#14691,#14699,#14787,#14795,#14803,#14811,#14819,#14827,#14835,#14843,
#14851,#14859),#14948);
#14955=APPLICATION_CONTEXT('automotive_design');
#14956=APPLICATION_PROTOCOL_DEFINITION('international standard',
'automotive_design',2001,#14955);
#14957=PRODUCT_DEFINITION_CONTEXT('part definition',#14955,'design');
#14958=PRODUCT_CONTEXT('',#14955,'mechanical');
#14959=PRODUCT('C-5499910-6','C-5499910-6','NOT SPECIFIED',(#14958));
#14960=PRODUCT_DEFINITION_FORMATION('3','LAST_VERSION',#14959);
#14968=DERIVED_UNIT_ELEMENT(#14967,2.E0);
#14969=DERIVED_UNIT((#14968));
#14970=MEASURE_REPRESENTATION_ITEM('surface area measure',AREA_MEASURE(
4.496670359769E3),#14969);
#14975=DERIVED_UNIT_ELEMENT(#14974,3.E0);
#14976=DERIVED_UNIT((#14975));
#14977=MEASURE_REPRESENTATION_ITEM('volume measure',VOLUME_MEASURE(
3.826817062178E3),#14976);
#14981=CARTESIAN_POINT('centre point',(6.303497803149E-4,8.698397572439E-2,
-1.207436653031E0));
#14986=DERIVED_UNIT_ELEMENT(#14985,2.E0);
#14987=DERIVED_UNIT((#14986));
#14988=MEASURE_REPRESENTATION_ITEM('surface area measure',AREA_MEASURE(
4.496670359769E3),#14987);
#14993=DERIVED_UNIT_ELEMENT(#14992,3.E0);
#14994=DERIVED_UNIT((#14993));
#14995=MEASURE_REPRESENTATION_ITEM('volume measure',VOLUME_MEASURE(
3.826817062178E3),#14994);
#14999=CARTESIAN_POINT('centre point',(6.303497803149E-4,8.698397572439E-2,
-1.207436653031E0));
#15004=PRODUCT_RELATED_PRODUCT_CATEGORY('part','',(#14959));
#1=COLOUR_RGB('',0.E0,0.E0,9.411764705882E-1);
#2=COLOUR_RGB('',8.784E-1,9.49E-1,1.E0);
#27=CIRCLE('',#26,6.223E0);
#68=CIRCLE('',#67,1.0541E0);
#73=CIRCLE('',#72,1.0541E0);
#78=CIRCLE('',#77,1.0541E0);
#83=CIRCLE('',#82,1.0541E0);
#124=CIRCLE('',#123,6.223E0);
#141=CIRCLE('',#140,1.0541E0);
#146=CIRCLE('',#145,1.0541E0);
#191=CIRCLE('',#190,6.223E0);
#208=CIRCLE('',#207,1.0541E0);
#213=CIRCLE('',#212,1.0541E0);
#218=CIRCLE('',#217,1.0541E0);
#223=CIRCLE('',#222,1.0541E0);
#228=CIRCLE('',#227,1.0541E0);
#233=CIRCLE('',#232,1.0541E0);
#250=CIRCLE('',#249,6.223E0);
#351=CIRCLE('',#350,1.905E0);
#364=CIRCLE('',#363,1.27E-1);
#369=CIRCLE('',#368,6.223E0);
#374=CIRCLE('',#373,6.223E0);
#379=CIRCLE('',#378,1.27E-1);
#392=CIRCLE('',#391,1.905E0);
#433=CIRCLE('',#432,6.223E0);
#438=CIRCLE('',#437,1.27E-1);
#451=CIRCLE('',#450,1.905E0);
#456=CIRCLE('',#455,6.223E0);
#465=CIRCLE('',#464,1.905E0);
#478=CIRCLE('',#477,1.27E-1);
#551=CIRCLE('',#550,3.302E-1);
#580=CIRCLE('',#579,3.302E-1);
#617=CIRCLE('',#616,3.302E-1);
#646=CIRCLE('',#645,3.302E-1);
#719=CIRCLE('',#718,1.975114583333E0);
#724=CIRCLE('',#723,1.975114583333E0);
#733=CIRCLE('',#732,9.460256909390E-1);
#742=CIRCLE('',#741,8.89E-1);
#751=CIRCLE('',#750,5.08E-1);
#760=CIRCLE('',#759,1.2192E0);
#773=CIRCLE('',#772,9.460256909390E-1);
#790=CIRCLE('',#789,1.2192E0);
#799=CIRCLE('',#798,5.08E-1);
#808=CIRCLE('',#807,8.89E-1);
#817=CIRCLE('',#816,1.840105946079E0);
#838=CIRCLE('',#837,1.840105946079E0);
#855=CIRCLE('',#854,1.2192E0);
#864=CIRCLE('',#863,5.08E-1);
#873=CIRCLE('',#872,8.89E-1);
#882=CIRCLE('',#881,9.460256909390E-1);
#887=CIRCLE('',#886,9.460256909390E-1);
#896=CIRCLE('',#895,8.89E-1);
#905=CIRCLE('',#904,5.08E-1);
#914=CIRCLE('',#913,1.2192E0);
#1199=CIRCLE('',#1198,5.08E-1);
#1312=CIRCLE('',#1311,5.08E-1);
#1345=CIRCLE('',#1344,5.08E-1);
#1354=CIRCLE('',#1353,5.08E-1);
#1431=CIRCLE('',#1430,1.27E0);
#1436=CIRCLE('',#1435,1.27E0);
#1469=CIRCLE('',#1468,1.27E0);
#1474=CIRCLE('',#1473,1.27E0);
#1479=CIRCLE('',#1478,1.27E0);
#1484=CIRCLE('',#1483,1.27E0);
#1493=CIRCLE('',#1492,1.27E0);
#1498=CIRCLE('',#1497,1.27E0);
#1647=CIRCLE('',#1646,1.2192E0);
#1652=CIRCLE('',#1651,1.2192E0);
#1657=CIRCLE('',#1656,1.2192E0);
#1662=CIRCLE('',#1661,1.2192E0);
#1671=CIRCLE('',#1670,5.08E-1);
#1680=CIRCLE('',#1679,5.08E-1);
#1697=CIRCLE('',#1696,5.08E-1);
#1706=CIRCLE('',#1705,5.08E-1);
#1719=CIRCLE('',#1718,5.08E-1);
#1760=CIRCLE('',#1759,5.08E-1);
#1905=CIRCLE('',#1904,1.2192E0);
#1914=CIRCLE('',#1913,1.2192E0);
#1919=CIRCLE('',#1918,1.2192E0);
#1928=CIRCLE('',#1927,1.2192E0);
#1937=CIRCLE('',#1936,1.2192E0);
#1942=CIRCLE('',#1941,1.2192E0);
#2035=CIRCLE('',#2034,1.27E0);
#2040=CIRCLE('',#2039,1.27E0);
#2045=CIRCLE('',#2044,1.27E0);
#2050=CIRCLE('',#2049,1.27E0);
#2055=CIRCLE('',#2054,3.175E-1);
#2060=CIRCLE('',#2059,3.175E-1);
#2065=CIRCLE('',#2064,3.175E-1);
#2070=CIRCLE('',#2069,3.175E-1);
#2075=CIRCLE('',#2074,3.175E-1);
#2080=CIRCLE('',#2079,3.175E-1);
#2085=CIRCLE('',#2084,3.175E-1);
#2090=CIRCLE('',#2089,3.175E-1);
#2095=CIRCLE('',#2094,3.175E-1);
#2100=CIRCLE('',#2099,3.175E-1);
#2105=CIRCLE('',#2104,3.175E-1);
#2110=CIRCLE('',#2109,3.175E-1);
#2115=CIRCLE('',#2114,3.175E-1);
#2120=CIRCLE('',#2119,3.175E-1);
#2125=CIRCLE('',#2124,3.175E-1);
#2130=CIRCLE('',#2129,3.175E-1);
#2135=CIRCLE('',#2134,3.175E-1);
#2140=CIRCLE('',#2139,3.175E-1);
#2145=CIRCLE('',#2144,3.175E-1);
#2150=CIRCLE('',#2149,3.175E-1);
#2155=CIRCLE('',#2154,3.175E-1);
#2160=CIRCLE('',#2159,3.175E-1);
#2165=CIRCLE('',#2164,3.175E-1);
#2170=CIRCLE('',#2169,3.175E-1);
#2175=CIRCLE('',#2174,3.175E-1);
#2180=CIRCLE('',#2179,3.175E-1);
#2185=CIRCLE('',#2184,3.175E-1);
#2190=CIRCLE('',#2189,3.175E-1);
#2195=CIRCLE('',#2194,3.175E-1);
#2200=CIRCLE('',#2199,3.175E-1);
#2205=CIRCLE('',#2204,3.175E-1);
#2210=CIRCLE('',#2209,3.175E-1);
#2215=CIRCLE('',#2214,3.175E-1);
#2220=CIRCLE('',#2219,3.175E-1);
#2225=CIRCLE('',#2224,3.175E-1);
#2230=CIRCLE('',#2229,3.175E-1);
#2235=CIRCLE('',#2234,3.175E-1);
#2240=CIRCLE('',#2239,3.175E-1);
#2245=CIRCLE('',#2244,3.175E-1);
#2250=CIRCLE('',#2249,3.175E-1);
#2255=CIRCLE('',#2254,3.175E-1);
#2260=CIRCLE('',#2259,3.175E-1);
#2265=CIRCLE('',#2264,3.175E-1);
#2270=CIRCLE('',#2269,3.175E-1);
#2275=CIRCLE('',#2274,3.175E-1);
#2280=CIRCLE('',#2279,3.175E-1);
#2285=CIRCLE('',#2284,3.175E-1);
#2290=CIRCLE('',#2289,3.175E-1);
#2295=CIRCLE('',#2294,3.175E-1);
#2300=CIRCLE('',#2299,3.175E-1);
#2305=CIRCLE('',#2304,3.175E-1);
#2310=CIRCLE('',#2309,3.175E-1);
#2435=CIRCLE('',#2434,7.62E-1);
#2476=CIRCLE('',#2475,7.62E-1);
#4025=CIRCLE('',#4024,5.08E-1);
#4034=CIRCLE('',#4033,5.08E-1);
#4099=CIRCLE('',#4098,5.08E-1);
#4108=CIRCLE('',#4107,5.08E-1);
#4161=CIRCLE('',#4160,7.62E-1);
#4234=CIRCLE('',#4233,5.08E-1);
#4243=CIRCLE('',#4242,5.08E-1);
#4312=CIRCLE('',#4311,7.62E-1);
#4381=CIRCLE('',#4380,1.27E0);
#4386=CIRCLE('',#4385,1.27E0);
#4391=CIRCLE('',#4390,1.27E0);
#4396=CIRCLE('',#4395,1.27E0);
#4417=CIRCLE('',#4416,3.175E-1);
#4422=CIRCLE('',#4421,3.175E-1);
#4427=CIRCLE('',#4426,3.175E-1);
#4432=CIRCLE('',#4431,3.175E-1);
#4453=CIRCLE('',#4452,3.175E-1);
#4458=CIRCLE('',#4457,3.175E-1);
#4463=CIRCLE('',#4462,3.175E-1);
#4468=CIRCLE('',#4467,3.175E-1);
#4489=CIRCLE('',#4488,3.175E-1);
#4494=CIRCLE('',#4493,3.175E-1);
#4499=CIRCLE('',#4498,3.175E-1);
#4504=CIRCLE('',#4503,3.175E-1);
#4525=CIRCLE('',#4524,3.175E-1);
#4530=CIRCLE('',#4529,3.175E-1);
#4535=CIRCLE('',#4534,3.175E-1);
#4540=CIRCLE('',#4539,3.175E-1);
#4561=CIRCLE('',#4560,3.175E-1);
#4566=CIRCLE('',#4565,3.175E-1);
#4571=CIRCLE('',#4570,3.175E-1);
#4576=CIRCLE('',#4575,3.175E-1);
#4597=CIRCLE('',#4596,3.175E-1);
#4602=CIRCLE('',#4601,3.175E-1);
#4607=CIRCLE('',#4606,3.175E-1);
#4612=CIRCLE('',#4611,3.175E-1);
#4633=CIRCLE('',#4632,3.175E-1);
#4638=CIRCLE('',#4637,3.175E-1);
#4643=CIRCLE('',#4642,3.175E-1);
#4648=CIRCLE('',#4647,3.175E-1);
#4669=CIRCLE('',#4668,3.175E-1);
#4674=CIRCLE('',#4673,3.175E-1);
#4679=CIRCLE('',#4678,3.175E-1);
#4684=CIRCLE('',#4683,3.175E-1);
#4705=CIRCLE('',#4704,3.175E-1);
#4710=CIRCLE('',#4709,3.175E-1);
#4715=CIRCLE('',#4714,3.175E-1);
#4720=CIRCLE('',#4719,3.175E-1);
#4741=CIRCLE('',#4740,3.175E-1);
#4746=CIRCLE('',#4745,3.175E-1);
#4751=CIRCLE('',#4750,3.175E-1);
#4756=CIRCLE('',#4755,3.175E-1);
#4777=CIRCLE('',#4776,3.175E-1);
#4782=CIRCLE('',#4781,3.175E-1);
#4787=CIRCLE('',#4786,3.175E-1);
#4792=CIRCLE('',#4791,3.175E-1);
#4813=CIRCLE('',#4812,3.175E-1);
#4818=CIRCLE('',#4817,3.175E-1);
#4823=CIRCLE('',#4822,3.175E-1);
#4828=CIRCLE('',#4827,3.175E-1);
#4849=CIRCLE('',#4848,3.175E-1);
#4854=CIRCLE('',#4853,3.175E-1);
#4859=CIRCLE('',#4858,3.175E-1);
#4864=CIRCLE('',#4863,3.175E-1);
#4877=CIRCLE('',#4876,1.2192E0);
#4886=CIRCLE('',#4885,1.2192E0);
#4891=CIRCLE('',#4890,1.2192E0);
#4900=CIRCLE('',#4899,1.2192E0);
#4909=CIRCLE('',#4908,1.2192E0);
#4914=CIRCLE('',#4913,1.2192E0);
#4955=CIRCLE('',#4954,1.840105946079E0);
#4972=CIRCLE('',#4971,1.840105946079E0);
#4989=CIRCLE('',#4988,1.975114583333E0);
#4994=CIRCLE('',#4993,1.975114583333E0);
#5011=CIRCLE('',#5010,8.89E-1);
#5028=CIRCLE('',#5027,8.89E-1);
#5085=CIRCLE('',#5084,8.89E-1);
#5102=CIRCLE('',#5101,8.89E-1);
#5123=CIRCLE('',#5122,1.975114583333E0);
#5128=CIRCLE('',#5127,1.975114583333E0);
#5133=CIRCLE('',#5132,1.975114583333E0);
#5138=CIRCLE('',#5137,1.975114583333E0);
#6772=EDGE_CURVE('',#5924,#5947,#6,.T.);
#6774=EDGE_CURVE('',#5947,#5948,#199,.T.);
#6776=EDGE_CURVE('',#5922,#5948,#150,.T.);
#6778=EDGE_CURVE('',#5922,#5924,#18,.T.);
#6782=ADVANCED_FACE('',(#6781),#6771,.T.);
#6788=EDGE_CURVE('',#5924,#6520,#14,.T.);
#6790=EDGE_CURVE('',#6520,#5927,#63,.T.);
#6792=EDGE_CURVE('',#5927,#5944,#10,.T.);
#6794=EDGE_CURVE('',#5944,#6522,#154,.T.);
#6796=EDGE_CURVE('',#6522,#5947,#203,.T.);
#6801=ADVANCED_FACE('',(#6800),#6787,.T.);
#6809=EDGE_CURVE('',#5920,#5922,#22,.T.);
#6811=EDGE_CURVE('',#5918,#5920,#27,.T.);
#6813=EDGE_CURVE('',#5916,#5918,#31,.T.);
#6815=EDGE_CURVE('',#5914,#5916,#35,.T.);
#6817=EDGE_CURVE('',#5913,#5914,#39,.T.);
#6819=EDGE_CURVE('',#6657,#5913,#43,.T.);
#6821=EDGE_CURVE('',#6657,#6658,#47,.T.);
#6823=EDGE_CURVE('',#5930,#6658,#51,.T.);
#6825=EDGE_CURVE('',#5928,#5930,#55,.T.);
#6827=EDGE_CURVE('',#5927,#5928,#59,.T.);
#6830=EDGE_CURVE('',#6524,#6520,#68,.T.);
#6832=EDGE_CURVE('',#6526,#6524,#73,.T.);
#6834=EDGE_CURVE('',#6520,#6526,#78,.T.);
#6838=ADVANCED_FACE('',(#6837),#6806,.T.);
#6844=EDGE_CURVE('',#6545,#6546,#83,.T.);
#6846=EDGE_CURVE('',#6564,#6546,#87,.T.);
#6848=EDGE_CURVE('',#6562,#6564,#91,.T.);
#6850=EDGE_CURVE('',#6561,#6562,#95,.T.);
#6852=EDGE_CURVE('',#6661,#6561,#99,.T.);
#6854=EDGE_CURVE('',#6661,#6662,#103,.T.);
#6856=EDGE_CURVE('',#6578,#6662,#107,.T.);
#6858=EDGE_CURVE('',#6576,#6578,#111,.T.);
#6860=EDGE_CURVE('',#6574,#6576,#115,.T.);
#6862=EDGE_CURVE('',#6572,#6574,#119,.T.);
#6864=EDGE_CURVE('',#6570,#6572,#124,.T.);
#6866=EDGE_CURVE('',#6568,#6570,#128,.T.);
#6868=EDGE_CURVE('',#6567,#6568,#132,.T.);
#6870=EDGE_CURVE('',#6546,#6567,#136,.T.);
#6872=EDGE_CURVE('',#6546,#6548,#141,.T.);
#6874=EDGE_CURVE('',#6548,#6545,#146,.T.);
#6878=ADVANCED_FACE('',(#6877),#6843,.T.);
#6885=EDGE_CURVE('',#5948,#5950,#195,.T.);
#6887=EDGE_CURVE('',#5920,#5950,#404,.T.);
#6892=ADVANCED_FACE('',(#6891),#6883,.T.);
#6899=EDGE_CURVE('',#5942,#5944,#158,.T.);
#6901=EDGE_CURVE('',#5941,#5942,#162,.T.);
#6903=EDGE_CURVE('',#6666,#5941,#166,.T.);
#6905=EDGE_CURVE('',#6665,#6666,#170,.T.);
#6907=EDGE_CURVE('',#5958,#6665,#174,.T.);
#6909=EDGE_CURVE('',#5956,#5958,#178,.T.);
#6911=EDGE_CURVE('',#5954,#5956,#182,.T.);
#6913=EDGE_CURVE('',#5952,#5954,#186,.T.);
#6915=EDGE_CURVE('',#5950,#5952,#191,.T.);
#6920=EDGE_CURVE('',#6522,#6530,#208,.T.);
#6922=EDGE_CURVE('',#6530,#6528,#213,.T.);
#6924=EDGE_CURVE('',#6528,#6522,#218,.T.);
#6928=ADVANCED_FACE('',(#6927),#6897,.T.);
#6934=EDGE_CURVE('',#6551,#6552,#223,.T.);
#6936=EDGE_CURVE('',#6554,#6551,#228,.T.);
#6938=EDGE_CURVE('',#6552,#6554,#233,.T.);
#6940=EDGE_CURVE('',#6592,#6552,#237,.T.);
#6942=EDGE_CURVE('',#6590,#6592,#241,.T.);
#6944=EDGE_CURVE('',#6588,#6590,#245,.T.);
#6946=EDGE_CURVE('',#6586,#6588,#250,.T.);
#6948=EDGE_CURVE('',#6584,#6586,#254,.T.);
#6950=EDGE_CURVE('',#6582,#6584,#258,.T.);
#6952=EDGE_CURVE('',#6581,#6582,#262,.T.);
#6954=EDGE_CURVE('',#6670,#6581,#266,.T.);
#6956=EDGE_CURVE('',#6669,#6670,#270,.T.);
#6958=EDGE_CURVE('',#6598,#6669,#274,.T.);
#6960=EDGE_CURVE('',#6596,#6598,#278,.T.);
#6962=EDGE_CURVE('',#6595,#6596,#282,.T.);
#6964=EDGE_CURVE('',#6552,#6595,#286,.T.);
#6968=ADVANCED_FACE('',(#6967),#6933,.T.);
#6974=EDGE_CURVE('',#5928,#5942,#290,.T.);
#6981=ADVANCED_FACE('',(#6980),#6973,.T.);
#6987=EDGE_CURVE('',#5941,#5930,#298,.T.);
#6994=ADVANCED_FACE('',(#6993),#6986,.T.);
#7000=EDGE_CURVE('',#6608,#6636,#306,.T.);
#7002=EDGE_CURVE('',#6606,#6608,#629,.T.);
#7004=EDGE_CURVE('',#6606,#6666,#294,.T.);
#7009=EDGE_CURVE('',#6658,#6634,#302,.T.);
#7011=EDGE_CURVE('',#6634,#6636,#567,.T.);
#7015=ADVANCED_FACE('',(#7014),#6999,.T.);
#7021=EDGE_CURVE('',#6610,#6638,#310,.T.);
#7023=EDGE_CURVE('',#6608,#6610,#633,.T.);
#7026=EDGE_CURVE('',#6636,#6638,#563,.T.);
#7030=ADVANCED_FACE('',(#7029),#7020,.T.);
#7036=EDGE_CURVE('',#6612,#6640,#318,.T.);
#7038=EDGE_CURVE('',#6610,#6612,#637,.T.);
#7041=EDGE_CURVE('',#6638,#6640,#559,.T.);
#7045=ADVANCED_FACE('',(#7044),#7035,.T.);
#7051=EDGE_CURVE('',#6629,#6601,#314,.T.);
#7053=EDGE_CURVE('',#6612,#6601,#641,.T.);
#7056=EDGE_CURVE('',#6640,#6629,#555,.T.);
#7060=ADVANCED_FACE('',(#7059),#7050,.T.);
#7066=EDGE_CURVE('',#6602,#6630,#326,.T.);
#7068=EDGE_CURVE('',#6601,#6602,#617,.T.);
#7071=EDGE_CURVE('',#6629,#6630,#551,.T.);
#7075=ADVANCED_FACE('',(#7074),#7065,.T.);
#7081=EDGE_CURVE('',#6657,#6665,#322,.T.);
#7083=EDGE_CURVE('',#6604,#6665,#612,.T.);
#7085=EDGE_CURVE('',#6602,#6604,#621,.T.);
#7088=EDGE_CURVE('',#6630,#6632,#575,.T.);
#7090=EDGE_CURVE('',#6657,#6632,#608,.T.);
#7094=ADVANCED_FACE('',(#7093),#7080,.T.);
#7101=EDGE_CURVE('',#5913,#5958,#330,.T.);
#7107=ADVANCED_FACE('',(#7106),#7099,.T.);
#7113=EDGE_CURVE('',#5914,#5956,#334,.T.);
#7120=ADVANCED_FACE('',(#7119),#7112,.T.);
#7126=EDGE_CURVE('',#5962,#5933,#342,.T.);
#7128=EDGE_CURVE('',#5962,#5954,#338,.T.);
#7133=EDGE_CURVE('',#5933,#5916,#482,.T.);
#7137=ADVANCED_FACE('',(#7136),#7125,.T.);
#7143=EDGE_CURVE('',#5962,#5440,#351,.T.);
#7146=EDGE_CURVE('',#5933,#5444,#451,.T.);
#7148=EDGE_CURVE('',#5440,#5444,#424,.T.);
#7152=ADVANCED_FACE('',(#7151),#7142,.F.);
#7158=EDGE_CURVE('',#5961,#5962,#346,.T.);
#7161=EDGE_CURVE('',#5440,#5433,#355,.T.);
#7163=EDGE_CURVE('',#5433,#5434,#359,.T.);
#7165=EDGE_CURVE('',#5434,#5442,#364,.T.);
#7167=EDGE_CURVE('',#5442,#5961,#369,.T.);
#7171=ADVANCED_FACE('',(#7170),#7157,.F.);
#7177=EDGE_CURVE('',#5964,#5529,#374,.T.);
#7179=EDGE_CURVE('',#5529,#5530,#379,.T.);
#7181=EDGE_CURVE('',#5530,#5532,#383,.T.);
#7183=EDGE_CURVE('',#5532,#5534,#387,.T.);
#7185=EDGE_CURVE('',#5534,#5966,#392,.T.);
#7187=EDGE_CURVE('',#5966,#5964,#396,.T.);
#7191=ADVANCED_FACE('',(#7190),#7176,.F.);
#7198=EDGE_CURVE('',#5961,#5952,#400,.T.);
#7204=ADVANCED_FACE('',(#7203),#7196,.T.);
#7214=EDGE_CURVE('',#5442,#5446,#408,.T.);
#7216=EDGE_CURVE('',#5446,#5934,#433,.T.);
#7218=EDGE_CURVE('',#5934,#5918,#412,.T.);
#7223=ADVANCED_FACE('',(#7222),#7209,.T.);
#7230=EDGE_CURVE('',#5434,#5438,#416,.T.);
#7232=EDGE_CURVE('',#5438,#5446,#438,.T.);
#7237=ADVANCED_FACE('',(#7236),#7228,.T.);
#7244=EDGE_CURVE('',#5433,#5437,#420,.T.);
#7246=EDGE_CURVE('',#5437,#5438,#442,.T.);
#7251=ADVANCED_FACE('',(#7250),#7242,.T.);
#7259=EDGE_CURVE('',#5444,#5437,#446,.T.);
#7264=ADVANCED_FACE('',(#7263),#7256,.T.);
#7270=EDGE_CURVE('',#5933,#5934,#428,.T.);
#7279=ADVANCED_FACE('',(#7278),#7269,.T.);
#7285=EDGE_CURVE('',#5936,#5537,#456,.T.);
#7287=EDGE_CURVE('',#5936,#5938,#460,.T.);
#7289=EDGE_CURVE('',#5542,#5938,#465,.T.);
#7291=EDGE_CURVE('',#5540,#5542,#469,.T.);
#7293=EDGE_CURVE('',#5538,#5540,#473,.T.);
#7295=EDGE_CURVE('',#5537,#5538,#478,.T.);
#7299=ADVANCED_FACE('',(#7298),#7284,.T.);
#7311=ADVANCED_FACE('',(#7310),#7304,.T.);
#7318=EDGE_CURVE('',#5964,#6586,#486,.T.);
#7321=EDGE_CURVE('',#6570,#6588,#694,.T.);
#7324=EDGE_CURVE('',#5936,#6572,#714,.T.);
#7327=EDGE_CURVE('',#5529,#5537,#710,.T.);
#7331=ADVANCED_FACE('',(#7330),#7316,.T.);
#7338=EDGE_CURVE('',#5966,#6584,#490,.T.);
#7344=ADVANCED_FACE('',(#7343),#7336,.T.);
#7350=EDGE_CURVE('',#6576,#6582,#494,.T.);
#7354=EDGE_CURVE('',#5966,#5938,#498,.T.);
#7356=EDGE_CURVE('',#5938,#6574,#502,.T.);
#7361=ADVANCED_FACE('',(#7360),#7349,.T.);
#7367=EDGE_CURVE('',#6578,#6581,#506,.T.);
#7374=ADVANCED_FACE('',(#7373),#7366,.T.);
#7381=EDGE_CURVE('',#6662,#6670,#510,.T.);
#7387=ADVANCED_FACE('',(#7386),#7379,.T.);
#7393=EDGE_CURVE('',#6643,#6615,#514,.T.);
#7395=EDGE_CURVE('',#6626,#6615,#670,.T.);
#7397=EDGE_CURVE('',#6626,#6670,#518,.T.);
#7400=EDGE_CURVE('',#6662,#6654,#522,.T.);
#7402=EDGE_CURVE('',#6654,#6643,#584,.T.);
#7406=ADVANCED_FACE('',(#7405),#7392,.T.);
#7412=EDGE_CURVE('',#6616,#6644,#526,.T.);
#7414=EDGE_CURVE('',#6615,#6616,#646,.T.);
#7417=EDGE_CURVE('',#6643,#6644,#580,.T.);
#7421=ADVANCED_FACE('',(#7420),#7411,.T.);
#7427=EDGE_CURVE('',#6618,#6646,#530,.T.);
#7429=EDGE_CURVE('',#6616,#6618,#650,.T.);
#7432=EDGE_CURVE('',#6644,#6646,#604,.T.);
#7436=ADVANCED_FACE('',(#7435),#7426,.T.);
#7442=EDGE_CURVE('',#6620,#6648,#534,.T.);
#7444=EDGE_CURVE('',#6618,#6620,#654,.T.);
#7447=EDGE_CURVE('',#6646,#6648,#600,.T.);
#7451=ADVANCED_FACE('',(#7450),#7441,.T.);
#7457=EDGE_CURVE('',#6622,#6650,#538,.T.);
#7459=EDGE_CURVE('',#6620,#6622,#658,.T.);
#7462=EDGE_CURVE('',#6648,#6650,#596,.T.);
#7466=ADVANCED_FACE('',(#7465),#7456,.T.);
#7473=EDGE_CURVE('',#6624,#6669,#546,.T.);
#7475=EDGE_CURVE('',#6622,#6624,#662,.T.);
#7478=EDGE_CURVE('',#6650,#6652,#592,.T.);
#7480=EDGE_CURVE('',#6661,#6652,#542,.T.);
#7483=EDGE_CURVE('',#6598,#6561,#678,.T.);
#7487=ADVANCED_FACE('',(#7486),#7471,.T.);
#7495=EDGE_CURVE('',#6652,#6654,#588,.T.);
#7500=ADVANCED_FACE('',(#7499),#7492,.T.);
#7508=EDGE_CURVE('',#6624,#6626,#666,.T.);
#7513=ADVANCED_FACE('',(#7512),#7505,.T.);
#7524=EDGE_CURVE('',#6632,#6634,#571,.T.);
#7529=ADVANCED_FACE('',(#7528),#7518,.T.);
#7544=ADVANCED_FACE('',(#7543),#7534,.T.);
#7556=ADVANCED_FACE('',(#7555),#7549,.T.);
#7564=EDGE_CURVE('',#6604,#6606,#625,.T.);
#7569=ADVANCED_FACE('',(#7568),#7561,.T.);
#7584=ADVANCED_FACE('',(#7583),#7574,.F.);
#7599=ADVANCED_FACE('',(#7598),#7589,.F.);
#7605=EDGE_CURVE('',#6562,#6596,#674,.T.);
#7612=ADVANCED_FACE('',(#7611),#7604,.T.);
#7618=EDGE_CURVE('',#6564,#6595,#682,.T.);
#7625=ADVANCED_FACE('',(#7624),#7617,.T.);
#7633=EDGE_CURVE('',#6567,#6592,#686,.T.);
#7640=ADVANCED_FACE('',(#7639),#7630,.T.);
#7646=EDGE_CURVE('',#6568,#6590,#690,.T.);
#7653=ADVANCED_FACE('',(#7652),#7645,.T.);
#7665=ADVANCED_FACE('',(#7664),#7658,.T.);
#7672=EDGE_CURVE('',#5534,#5542,#698,.T.);
#7678=ADVANCED_FACE('',(#7677),#7670,.F.);
#7685=EDGE_CURVE('',#5532,#5540,#702,.T.);
#7691=ADVANCED_FACE('',(#7690),#7683,.T.);
#7698=EDGE_CURVE('',#5530,#5538,#706,.T.);
#7704=ADVANCED_FACE('',(#7703),#7696,.T.);
#7716=ADVANCED_FACE('',(#7715),#7709,.T.);
#7728=ADVANCED_FACE('',(#7727),#7721,.T.);
#7735=EDGE_CURVE('',#6534,#6528,#724,.T.);
#7737=EDGE_CURVE('',#6534,#6530,#719,.T.);
#7742=ADVANCED_FACE('',(#7741),#7733,.T.);
#7753=EDGE_CURVE('',#6518,#6516,#733,.T.);
#7755=EDGE_CURVE('',#6516,#6518,#838,.T.);
#7759=ADVANCED_FACE('',(#7752,#7758),#7747,.T.);
#7765=EDGE_CURVE('',#5588,#6516,#728,.T.);
#7768=EDGE_CURVE('',#6518,#5573,#737,.T.);
#7770=EDGE_CURVE('',#5573,#5574,#742,.T.);
#7772=EDGE_CURVE('',#5576,#5574,#746,.T.);
#7774=EDGE_CURVE('',#6734,#5576,#1038,.T.);
#7776=EDGE_CURVE('',#6732,#6734,#751,.T.);
#7778=EDGE_CURVE('',#5357,#6732,#1410,.T.);
#7780=EDGE_CURVE('',#5357,#5358,#1422,.T.);
#7782=EDGE_CURVE('',#6742,#5358,#755,.T.);
#7784=EDGE_CURVE('',#6741,#6742,#760,.T.);
#7786=EDGE_CURVE('',#5370,#6741,#764,.T.);
#7788=EDGE_CURVE('',#5369,#5370,#768,.T.);
#7790=EDGE_CURVE('',#5588,#5369,#1046,.T.);
#7794=ADVANCED_FACE('',(#7793),#7764,.T.);
#7800=EDGE_CURVE('',#6541,#6542,#773,.T.);
#7802=EDGE_CURVE('',#5590,#6542,#777,.T.);
#7804=EDGE_CURVE('',#5374,#5590,#974,.T.);
#7806=EDGE_CURVE('',#5373,#5374,#781,.T.);
#7808=EDGE_CURVE('',#6738,#5373,#785,.T.);
#7810=EDGE_CURVE('',#6737,#6738,#790,.T.);
#7812=EDGE_CURVE('',#5350,#6737,#794,.T.);
#7814=EDGE_CURVE('',#5349,#5350,#1526,.T.);
#7816=EDGE_CURVE('',#6718,#5349,#1546,.T.);
#7818=EDGE_CURVE('',#6716,#6718,#799,.T.);
#7820=EDGE_CURVE('',#5579,#6716,#982,.T.);
#7822=EDGE_CURVE('',#5579,#5580,#803,.T.);
#7824=EDGE_CURVE('',#5580,#5582,#808,.T.);
#7826=EDGE_CURVE('',#6541,#5582,#812,.T.);
#7830=ADVANCED_FACE('',(#7829),#7799,.T.);
#7836=EDGE_CURVE('',#5584,#6512,#842,.T.);
#7838=EDGE_CURVE('',#6514,#6512,#817,.T.);
#7840=EDGE_CURVE('',#6514,#5561,#877,.T.);
#7842=EDGE_CURVE('',#5545,#5561,#5040,.T.);
#7844=EDGE_CURVE('',#5592,#5545,#5006,.T.);
#7846=EDGE_CURVE('',#5604,#5592,#821,.T.);
#7848=EDGE_CURVE('',#5604,#5584,#825,.T.);
#7852=ADVANCED_FACE('',(#7851),#7835,.F.);
#7859=EDGE_CURVE('',#5588,#5606,#829,.T.);
#7861=EDGE_CURVE('',#5596,#5606,#833,.T.);
#7863=EDGE_CURVE('',#5596,#5553,#5072,.T.);
#7865=EDGE_CURVE('',#5573,#5553,#5044,.T.);
#7871=ADVANCED_FACE('',(#7870),#7857,.F.);
#7878=EDGE_CURVE('',#5584,#5361,#1018,.T.);
#7880=EDGE_CURVE('',#5361,#5362,#846,.T.);
#7882=EDGE_CURVE('',#5362,#6744,#850,.T.);
#7884=EDGE_CURVE('',#6744,#6746,#855,.T.);
#7886=EDGE_CURVE('',#6746,#5354,#859,.T.);
#7888=EDGE_CURVE('',#5353,#5354,#1414,.T.);
#7890=EDGE_CURVE('',#5353,#6722,#1394,.T.);
#7892=EDGE_CURVE('',#6721,#6722,#864,.T.);
#7894=EDGE_CURVE('',#6721,#5564,#1026,.T.);
#7896=EDGE_CURVE('',#5564,#5562,#868,.T.);
#7898=EDGE_CURVE('',#5561,#5562,#873,.T.);
#7901=EDGE_CURVE('',#6514,#6512,#882,.T.);
#7905=ADVANCED_FACE('',(#7904),#7876,.F.);
#7911=EDGE_CURVE('',#6537,#6538,#887,.T.);
#7913=EDGE_CURVE('',#6537,#5570,#891,.T.);
#7915=EDGE_CURVE('',#5568,#5570,#896,.T.);
#7917=EDGE_CURVE('',#5567,#5568,#900,.T.);
#7919=EDGE_CURVE('',#5567,#6706,#1102,.T.);
#7921=EDGE_CURVE('',#6705,#6706,#905,.T.);
#7923=EDGE_CURVE('',#6705,#5345,#1538,.T.);
#7925=EDGE_CURVE('',#5345,#5346,#1514,.T.);
#7927=EDGE_CURVE('',#5346,#6748,#909,.T.);
#7929=EDGE_CURVE('',#6748,#6750,#914,.T.);
#7931=EDGE_CURVE('',#6750,#5365,#918,.T.);
#7933=EDGE_CURVE('',#5365,#5366,#922,.T.);
#7935=EDGE_CURVE('',#5366,#5586,#1110,.T.);
#7937=EDGE_CURVE('',#5586,#6538,#926,.T.);
#7941=ADVANCED_FACE('',(#7940),#7910,.F.);
#7947=EDGE_CURVE('',#5977,#5978,#930,.T.);
#7949=EDGE_CURVE('',#5969,#5977,#934,.T.);
#7951=EDGE_CURVE('',#5969,#5174,#1362,.T.);
#7953=EDGE_CURVE('',#5174,#5178,#938,.T.);
#7955=EDGE_CURVE('',#5314,#5178,#942,.T.);
#7957=EDGE_CURVE('',#5978,#5314,#946,.T.);
#7961=ADVANCED_FACE('',(#7960),#7946,.T.);
#7967=EDGE_CURVE('',#6716,#6714,#950,.T.);
#7969=EDGE_CURVE('',#5210,#6714,#1714,.T.);
#7971=EDGE_CURVE('',#5210,#5214,#954,.T.);
#7973=EDGE_CURVE('',#5282,#5214,#958,.T.);
#7975=EDGE_CURVE('',#5394,#5282,#962,.T.);
#7977=EDGE_CURVE('',#5393,#5394,#966,.T.);
#7979=EDGE_CURVE('',#5374,#5393,#970,.T.);
#7982=EDGE_CURVE('',#5622,#5590,#4967,.T.);
#7984=EDGE_CURVE('',#5622,#5618,#978,.T.);
#7986=EDGE_CURVE('',#5579,#5618,#5114,.T.);
#7991=ADVANCED_FACE('',(#7990),#7966,.T.);
#7997=EDGE_CURVE('',#6726,#6721,#986,.T.);
#7999=EDGE_CURVE('',#6726,#5973,#1255,.T.);
#8001=EDGE_CURVE('',#5973,#5982,#990,.T.);
#8003=EDGE_CURVE('',#5981,#5982,#994,.T.);
#8005=EDGE_CURVE('',#5981,#5316,#998,.T.);
#8007=EDGE_CURVE('',#5274,#5316,#1002,.T.);
#8009=EDGE_CURVE('',#5389,#5274,#1006,.T.);
#8011=EDGE_CURVE('',#5389,#5390,#1010,.T.);
#8013=EDGE_CURVE('',#5390,#5361,#1014,.T.);
#8017=EDGE_CURVE('',#5604,#5600,#1022,.T.);
#8019=EDGE_CURVE('',#5564,#5600,#5048,.T.);
#8024=ADVANCED_FACE('',(#8023),#7996,.T.);
#8030=EDGE_CURVE('',#5239,#5248,#1030,.T.);
#8032=EDGE_CURVE('',#6729,#5239,#1764,.T.);
#8034=EDGE_CURVE('',#6734,#6729,#1034,.T.);
#8037=EDGE_CURVE('',#5602,#5576,#5064,.T.);
#8039=EDGE_CURVE('',#5606,#5602,#1042,.T.);
#8043=EDGE_CURVE('',#5369,#5398,#1050,.T.);
#8045=EDGE_CURVE('',#5397,#5398,#1054,.T.);
#8047=EDGE_CURVE('',#5284,#5397,#1058,.T.);
#8049=EDGE_CURVE('',#5248,#5284,#1062,.T.);
#8053=ADVANCED_FACE('',(#8052),#8029,.T.);
#8059=EDGE_CURVE('',#5212,#5516,#1066,.T.);
#8061=EDGE_CURVE('',#5201,#5212,#1070,.T.);
#8063=EDGE_CURVE('',#5522,#5201,#1688,.T.);
#8065=EDGE_CURVE('',#5522,#5516,#1074,.T.);
#8069=ADVANCED_FACE('',(#8068),#8058,.T.);
#8075=EDGE_CURVE('',#6041,#6042,#1078,.T.);
#8077=EDGE_CURVE('',#6037,#6041,#1082,.T.);
#8079=EDGE_CURVE('',#6037,#5508,#1328,.T.);
#8081=EDGE_CURVE('',#5508,#5512,#1086,.T.);
#8083=EDGE_CURVE('',#5511,#5512,#1090,.T.);
#8085=EDGE_CURVE('',#5505,#5511,#1094,.T.);
#8087=EDGE_CURVE('',#5505,#6708,#1316,.T.);
#8089=EDGE_CURVE('',#6708,#6706,#1098,.T.);
#8092=EDGE_CURVE('',#5616,#5567,#5110,.T.);
#8094=EDGE_CURVE('',#5620,#5616,#1106,.T.);
#8096=EDGE_CURVE('',#5586,#5620,#4976,.T.);
#8099=EDGE_CURVE('',#5385,#5366,#1114,.T.);
#8101=EDGE_CURVE('',#5385,#5386,#1118,.T.);
#8103=EDGE_CURVE('',#5278,#5386,#1122,.T.);
#8105=EDGE_CURVE('',#6026,#5278,#1126,.T.);
#8107=EDGE_CURVE('',#6042,#6026,#1130,.T.);
#8111=ADVANCED_FACE('',(#8110),#8074,.T.);
#8117=EDGE_CURVE('',#6261,#6262,#1134,.T.);
#8119=EDGE_CURVE('',#6261,#6028,#1138,.T.);
#8121=EDGE_CURVE('',#5176,#6028,#1142,.T.);
#8123=EDGE_CURVE('',#5165,#5176,#1146,.T.);
#8125=EDGE_CURVE('',#5165,#6257,#1336,.T.);
#8127=EDGE_CURVE('',#6257,#6262,#1150,.T.);
#8131=ADVANCED_FACE('',(#8130),#8116,.T.);
#8138=EDGE_CURVE('',#5978,#5984,#1162,.T.);
#8140=EDGE_CURVE('',#5984,#5986,#4336,.T.);
#8142=EDGE_CURVE('',#5986,#5981,#4328,.T.);
#8145=EDGE_CURVE('',#5998,#5982,#1154,.T.);
#8147=EDGE_CURVE('',#5997,#5998,#4177,.T.);
#8149=EDGE_CURVE('',#5997,#5989,#4169,.T.);
#8151=EDGE_CURVE('',#5989,#5990,#4161,.T.);
#8153=EDGE_CURVE('',#5990,#5992,#4152,.T.);
#8155=EDGE_CURVE('',#5992,#5994,#4213,.T.);
#8157=EDGE_CURVE('',#5977,#5994,#1158,.T.);
#8161=ADVANCED_FACE('',(#8160),#8136,.T.);
#8169=EDGE_CURVE('',#5299,#5314,#1166,.T.);
#8171=EDGE_CURVE('',#5299,#5300,#2418,.T.);
#8173=EDGE_CURVE('',#5984,#5300,#4340,.T.);
#8177=ADVANCED_FACE('',(#8176),#8166,.F.);
#8185=EDGE_CURVE('',#5186,#5178,#1170,.T.);
#8187=EDGE_CURVE('',#5299,#5186,#2422,.T.);
#8191=ADVANCED_FACE('',(#8190),#8182,.T.);
#8197=EDGE_CURVE('',#5304,#5316,#1174,.T.);
#8199=EDGE_CURVE('',#5270,#5304,#2443,.T.);
#8201=EDGE_CURVE('',#5270,#5274,#1178,.T.);
#8206=ADVANCED_FACE('',(#8205),#8196,.T.);
#8212=EDGE_CURVE('',#6021,#6026,#1182,.T.);
#8215=EDGE_CURVE('',#5276,#5278,#3932,.T.);
#8217=EDGE_CURVE('',#6021,#5276,#2459,.T.);
#8221=ADVANCED_FACE('',(#8220),#8211,.T.);
#8228=EDGE_CURVE('',#6030,#6028,#1186,.T.);
#8230=EDGE_CURVE('',#5182,#6030,#2488,.T.);
#8232=EDGE_CURVE('',#5182,#5176,#1190,.T.);
#8236=ADVANCED_FACE('',(#8235),#8226,.T.);
#8242=EDGE_CURVE('',#5174,#5172,#1358,.T.);
#8244=EDGE_CURVE('',#5172,#5162,#1194,.T.);
#8246=EDGE_CURVE('',#5162,#5190,#4229,.T.);
#8248=EDGE_CURVE('',#5185,#5190,#3008,.T.);
#8250=EDGE_CURVE('',#5185,#5186,#2426,.T.);
#8256=ADVANCED_FACE('',(#8255),#8241,.F.);
#8262=EDGE_CURVE('',#6724,#6726,#1199,.T.);
#8264=EDGE_CURVE('',#5154,#6724,#1203,.T.);
#8266=EDGE_CURVE('',#5153,#5154,#1207,.T.);
#8268=EDGE_CURVE('',#5461,#5153,#1211,.T.);
#8270=EDGE_CURVE('',#5461,#5462,#1215,.T.);
#8272=EDGE_CURVE('',#5462,#5464,#1219,.T.);
#8274=EDGE_CURVE('',#5464,#5466,#1223,.T.);
#8276=EDGE_CURVE('',#5468,#5466,#1227,.T.);
#8278=EDGE_CURVE('',#6068,#5468,#1231,.T.);
#8280=EDGE_CURVE('',#6068,#6066,#1235,.T.);
#8282=EDGE_CURVE('',#6065,#6066,#1239,.T.);
#8284=EDGE_CURVE('',#6065,#5318,#1243,.T.);
#8286=EDGE_CURVE('',#5318,#5974,#1247,.T.);
#8288=EDGE_CURVE('',#5973,#5974,#1251,.T.);
#8293=ADVANCED_FACE('',(#8292),#8261,.T.);
#8299=EDGE_CURVE('',#6037,#6038,#1259,.T.);
#8301=EDGE_CURVE('',#6038,#6017,#1263,.T.);
#8303=EDGE_CURVE('',#6017,#6018,#1267,.T.);
#8305=EDGE_CURVE('',#6072,#6018,#1271,.T.);
#8307=EDGE_CURVE('',#6071,#6072,#1275,.T.);
#8309=EDGE_CURVE('',#5471,#6071,#1279,.T.);
#8311=EDGE_CURVE('',#5471,#5472,#1283,.T.);
#8313=EDGE_CURVE('',#5472,#5474,#1287,.T.);
#8315=EDGE_CURVE('',#5474,#5476,#1291,.T.);
#8317=EDGE_CURVE('',#5478,#5476,#1295,.T.);
#8319=EDGE_CURVE('',#5150,#5478,#1299,.T.);
#8321=EDGE_CURVE('',#5149,#5150,#1303,.T.);
#8323=EDGE_CURVE('',#6710,#5149,#1307,.T.);
#8325=EDGE_CURVE('',#6708,#6710,#1312,.T.);
#8328=EDGE_CURVE('',#5505,#5506,#1320,.T.);
#8330=EDGE_CURVE('',#5506,#5508,#1324,.T.);
#8335=ADVANCED_FACE('',(#8334),#8298,.T.);
#8341=EDGE_CURVE('',#6257,#6258,#1332,.T.);
#8344=EDGE_CURVE('',#5165,#5166,#1340,.T.);
#8346=EDGE_CURVE('',#5166,#5168,#1345,.T.);
#8348=EDGE_CURVE('',#5168,#5170,#1349,.T.);
#8350=EDGE_CURVE('',#5170,#5172,#1354,.T.);
#8354=EDGE_CURVE('',#5969,#5970,#1366,.T.);
#8356=EDGE_CURVE('',#5970,#5520,#1370,.T.);
#8358=EDGE_CURVE('',#5520,#6084,#1374,.T.);
#8360=EDGE_CURVE('',#6013,#6084,#1378,.T.);
#8362=EDGE_CURVE('',#6013,#6014,#1382,.T.);
#8364=EDGE_CURVE('',#6014,#6258,#1386,.T.);
#8368=ADVANCED_FACE('',(#8367),#8340,.T.);
#8375=EDGE_CURVE('',#6724,#6722,#1390,.T.);
#8381=ADVANCED_FACE('',(#8380),#8373,.T.);
#8389=EDGE_CURVE('',#5353,#5154,#1398,.T.);
#8394=ADVANCED_FACE('',(#8393),#8386,.T.);
#8400=EDGE_CURVE('',#6732,#6730,#1402,.T.);
#8402=EDGE_CURVE('',#5146,#6730,#1755,.T.);
#8404=EDGE_CURVE('',#5146,#5357,#1406,.T.);
#8409=ADVANCED_FACE('',(#8408),#8399,.T.);
#8416=EDGE_CURVE('',#5358,#5354,#1418,.T.);
#8420=EDGE_CURVE('',#5145,#5146,#1751,.T.);
#8422=EDGE_CURVE('',#5145,#5153,#1426,.T.);
#8428=ADVANCED_FACE('',(#8427),#8414,.T.);
#8435=EDGE_CURVE('',#5362,#5416,#1440,.T.);
#8437=EDGE_CURVE('',#5377,#5416,#3892,.T.);
#8439=EDGE_CURVE('',#5377,#5378,#1444,.T.);
#8441=EDGE_CURVE('',#5378,#5418,#3920,.T.);
#8443=EDGE_CURVE('',#5418,#5370,#1448,.T.);
#8446=EDGE_CURVE('',#6744,#6741,#1452,.T.);
#8450=ADVANCED_FACE('',(#8449),#8433,.F.);
#8459=EDGE_CURVE('',#6746,#6742,#1456,.T.);
#8463=EDGE_CURVE('',#6697,#6698,#1431,.T.);
#8465=EDGE_CURVE('',#6698,#6697,#1436,.T.);
#8469=ADVANCED_FACE('',(#8462,#8468),#8455,.F.);
#8476=EDGE_CURVE('',#6697,#6689,#1460,.T.);
#8478=EDGE_CURVE('',#6689,#6690,#1469,.T.);
#8480=EDGE_CURVE('',#6698,#6690,#1464,.T.);
#8484=ADVANCED_FACE('',(#8483),#8474,.F.);
#8492=EDGE_CURVE('',#6690,#6689,#1474,.T.);
#8497=ADVANCED_FACE('',(#8496),#8489,.F.);
#8507=ADVANCED_FACE('',(#8506),#8502,.T.);
#8513=EDGE_CURVE('',#6693,#6694,#1479,.T.);
#8515=EDGE_CURVE('',#6694,#6693,#1484,.T.);
#8519=ADVANCED_FACE('',(#8518),#8512,.T.);
#8525=EDGE_CURVE('',#6701,#6702,#1493,.T.);
#8527=EDGE_CURVE('',#6701,#6693,#1488,.T.);
#8530=EDGE_CURVE('',#6702,#6694,#1510,.T.);
#8534=ADVANCED_FACE('',(#8533),#8524,.F.);
#8541=EDGE_CURVE('',#5350,#5346,#1530,.T.);
#8544=EDGE_CURVE('',#6748,#6737,#1502,.T.);
#8549=EDGE_CURVE('',#6702,#6701,#1498,.T.);
#8553=ADVANCED_FACE('',(#8547,#8552),#8539,.F.);
#8560=EDGE_CURVE('',#5422,#5373,#3908,.T.);
#8562=EDGE_CURVE('',#5422,#5382,#3916,.T.);
#8564=EDGE_CURVE('',#5381,#5382,#4112,.T.);
#8566=EDGE_CURVE('',#5420,#5381,#3880,.T.);
#8568=EDGE_CURVE('',#5365,#5420,#3900,.T.);
#8571=EDGE_CURVE('',#6750,#6738,#1506,.T.);
#8575=ADVANCED_FACE('',(#8574),#8558,.F.);
#8587=ADVANCED_FACE('',(#8586),#8580,.F.);
#8594=EDGE_CURVE('',#5345,#5149,#1518,.T.);
#8597=EDGE_CURVE('',#5142,#5150,#2026,.T.);
#8599=EDGE_CURVE('',#5141,#5142,#1727,.T.);
#8601=EDGE_CURVE('',#5141,#5349,#1522,.T.);
#8607=ADVANCED_FACE('',(#8606),#8592,.T.);
#8613=EDGE_CURVE('',#6710,#6705,#1534,.T.);
#8620=ADVANCED_FACE('',(#8619),#8612,.T.);
#8626=EDGE_CURVE('',#6718,#6713,#1542,.T.);
#8630=EDGE_CURVE('',#6713,#5141,#1723,.T.);
#8634=ADVANCED_FACE('',(#8633),#8625,.T.);
#8646=ADVANCED_FACE('',(#8645),#8639,.T.);
#8652=EDGE_CURVE('',#6713,#6714,#1719,.T.);
#8659=ADVANCED_FACE('',(#8658),#8651,.T.);
#8665=EDGE_CURVE('',#5239,#5240,#1666,.T.);
#8667=EDGE_CURVE('',#5240,#5242,#1671,.T.);
#8669=EDGE_CURVE('',#5242,#5244,#1675,.T.);
#8671=EDGE_CURVE('',#5244,#5246,#1680,.T.);
#8673=EDGE_CURVE('',#5522,#5246,#1684,.T.);
#8676=EDGE_CURVE('',#5201,#5202,#1692,.T.);
#8678=EDGE_CURVE('',#5202,#5204,#1697,.T.);
#8680=EDGE_CURVE('',#5204,#5206,#1701,.T.);
#8682=EDGE_CURVE('',#5206,#5208,#1706,.T.);
#8684=EDGE_CURVE('',#5210,#5208,#1710,.T.);
#8690=EDGE_CURVE('',#5142,#6060,#1731,.T.);
#8692=EDGE_CURVE('',#6060,#6057,#1735,.T.);
#8694=EDGE_CURVE('',#6057,#6058,#1739,.T.);
#8696=EDGE_CURVE('',#6062,#6058,#1743,.T.);
#8698=EDGE_CURVE('',#6062,#5145,#1747,.T.);
#8702=EDGE_CURVE('',#6729,#6730,#1760,.T.);
#8707=EDGE_CURVE('',#5890,#5894,#1566,.T.);
#8709=EDGE_CURVE('',#5898,#5894,#1570,.T.);
#8711=EDGE_CURVE('',#5896,#5898,#1574,.T.);
#8713=EDGE_CURVE('',#5890,#5896,#1578,.T.);
#8717=EDGE_CURVE('',#5872,#5874,#1582,.T.);
#8719=EDGE_CURVE('',#5869,#5874,#1586,.T.);
#8721=EDGE_CURVE('',#5865,#5869,#1590,.T.);
#8723=EDGE_CURVE('',#5872,#5865,#1594,.T.);
#8727=EDGE_CURVE('',#5886,#5884,#1598,.T.);
#8729=EDGE_CURVE('',#5882,#5886,#1602,.T.);
#8731=EDGE_CURVE('',#5882,#5878,#1606,.T.);
#8733=EDGE_CURVE('',#5884,#5878,#1610,.T.);
#8737=EDGE_CURVE('',#5333,#5334,#1614,.T.);
#8739=EDGE_CURVE('',#5330,#5334,#1618,.T.);
#8741=EDGE_CURVE('',#5329,#5330,#1622,.T.);
#8743=EDGE_CURVE('',#5333,#5329,#1626,.T.);
#8747=EDGE_CURVE('',#5341,#5342,#1630,.T.);
#8749=EDGE_CURVE('',#5337,#5341,#1634,.T.);
#8751=EDGE_CURVE('',#5337,#5338,#1638,.T.);
#8753=EDGE_CURVE('',#5342,#5338,#1642,.T.);
#8757=EDGE_CURVE('',#6673,#6674,#1647,.T.);
#8759=EDGE_CURVE('',#6674,#6673,#1652,.T.);
#8763=EDGE_CURVE('',#6681,#6682,#1657,.T.);
#8765=EDGE_CURVE('',#6682,#6681,#1662,.T.);
#8769=EDGE_CURVE('',#5902,#5906,#1550,.T.);
#8771=EDGE_CURVE('',#5910,#5906,#1554,.T.);
#8773=EDGE_CURVE('',#5908,#5910,#1558,.T.);
#8775=EDGE_CURVE('',#5902,#5908,#1562,.T.);
#8779=EDGE_CURVE('',#6097,#6098,#1768,.T.);
#8781=EDGE_CURVE('',#6102,#6098,#1772,.T.);
#8783=EDGE_CURVE('',#6101,#6102,#1776,.T.);
#8785=EDGE_CURVE('',#6101,#6097,#1780,.T.);
#8789=ADVANCED_FACE('',(#8706,#8716,#8726,#8736,#8746,#8756,#8762,#8768,#8778,
#8788),#8664,.F.);
#8795=EDGE_CURVE('',#5901,#5902,#1784,.T.);
#8797=EDGE_CURVE('',#5905,#5901,#1788,.T.);
#8799=EDGE_CURVE('',#5905,#5906,#1792,.T.);
#8804=ADVANCED_FACE('',(#8803),#8794,.T.);
#8812=EDGE_CURVE('',#5908,#5901,#1796,.T.);
#8816=ADVANCED_FACE('',(#8815),#8809,.F.);
#8824=EDGE_CURVE('',#5910,#5905,#1800,.T.);
#8829=ADVANCED_FACE('',(#8828),#8821,.T.);
#8840=ADVANCED_FACE('',(#8839),#8834,.F.);
#8846=EDGE_CURVE('',#5889,#5890,#1804,.T.);
#8848=EDGE_CURVE('',#5893,#5889,#1808,.T.);
#8850=EDGE_CURVE('',#5893,#5894,#1812,.T.);
#8855=ADVANCED_FACE('',(#8854),#8845,.T.);
#8863=EDGE_CURVE('',#5896,#5889,#1816,.T.);
#8867=ADVANCED_FACE('',(#8866),#8860,.F.);
#8875=EDGE_CURVE('',#5898,#5893,#1820,.T.);
#8880=ADVANCED_FACE('',(#8879),#8872,.T.);
#8891=ADVANCED_FACE('',(#8890),#8885,.F.);
#8897=EDGE_CURVE('',#5866,#5872,#1824,.T.);
#8899=EDGE_CURVE('',#5870,#5866,#1828,.T.);
#8901=EDGE_CURVE('',#5870,#5874,#1832,.T.);
#8906=ADVANCED_FACE('',(#8905),#8896,.T.);
#8912=EDGE_CURVE('',#5865,#5866,#1836,.T.);
#8918=ADVANCED_FACE('',(#8917),#8911,.F.);
#8926=EDGE_CURVE('',#5869,#5870,#1840,.T.);
#8931=ADVANCED_FACE('',(#8930),#8923,.T.);
#8942=ADVANCED_FACE('',(#8941),#8936,.F.);
#8948=EDGE_CURVE('',#5884,#5877,#1844,.T.);
#8950=EDGE_CURVE('',#5877,#5881,#1860,.T.);
#8952=EDGE_CURVE('',#5886,#5881,#1848,.T.);
#8957=ADVANCED_FACE('',(#8956),#8947,.T.);
#8963=EDGE_CURVE('',#5877,#5878,#1852,.T.);
#8969=ADVANCED_FACE('',(#8968),#8962,.F.);
#8977=EDGE_CURVE('',#5881,#5882,#1856,.T.);
#8982=ADVANCED_FACE('',(#8981),#8974,.T.);
#8993=ADVANCED_FACE('',(#8992),#8987,.F.);
#8999=EDGE_CURVE('',#5321,#5322,#1864,.T.);
#9001=EDGE_CURVE('',#5321,#5334,#1868,.T.);
#9004=EDGE_CURVE('',#5322,#5333,#1872,.T.);
#9008=ADVANCED_FACE('',(#9007),#8998,.T.);
#9015=EDGE_CURVE('',#5329,#5322,#1876,.T.);
#9018=EDGE_CURVE('',#5330,#5321,#1880,.T.);
#9022=ADVANCED_FACE('',(#9021),#9013,.T.);
#9033=ADVANCED_FACE('',(#9032),#9027,.F.);
#9044=ADVANCED_FACE('',(#9043),#9038,.F.);
#9050=EDGE_CURVE('',#5325,#5326,#1892,.T.);
#9052=EDGE_CURVE('',#5341,#5326,#1884,.T.);
#9055=EDGE_CURVE('',#5342,#5325,#1888,.T.);
#9059=ADVANCED_FACE('',(#9058),#9049,.T.);
#9066=EDGE_CURVE('',#5325,#5338,#1896,.T.);
#9069=EDGE_CURVE('',#5326,#5337,#1900,.T.);
#9073=ADVANCED_FACE('',(#9072),#9064,.T.);
#9084=ADVANCED_FACE('',(#9083),#9078,.F.);
#9095=ADVANCED_FACE('',(#9094),#9089,.F.);
#9101=EDGE_CURVE('',#6753,#6754,#1905,.T.);
#9103=EDGE_CURVE('',#6754,#6678,#1909,.T.);
#9105=EDGE_CURVE('',#6677,#6678,#1914,.T.);
#9107=EDGE_CURVE('',#6753,#6677,#1932,.T.);
#9111=ADVANCED_FACE('',(#9110),#9100,.F.);
#9117=EDGE_CURVE('',#6757,#6758,#1919,.T.);
#9119=EDGE_CURVE('',#6674,#6757,#1946,.T.);
#9122=EDGE_CURVE('',#6673,#6758,#1923,.T.);
#9126=ADVANCED_FACE('',(#9125),#9116,.F.);
#9133=EDGE_CURVE('',#6754,#6753,#1928,.T.);
#9137=ADVANCED_FACE('',(#9136),#9131,.F.);
#9143=EDGE_CURVE('',#6761,#6762,#4877,.T.);
#9145=EDGE_CURVE('',#6762,#6761,#4900,.T.);
#9149=ADVANCED_FACE('',(#9148),#9142,.F.);
#9157=EDGE_CURVE('',#6678,#6677,#1937,.T.);
#9162=ADVANCED_FACE('',(#9161),#9154,.F.);
#9168=EDGE_CURVE('',#6758,#6757,#1942,.T.);
#9175=ADVANCED_FACE('',(#9174),#9167,.F.);
#9181=EDGE_CURVE('',#5481,#5482,#1982,.T.);
#9183=EDGE_CURVE('',#5458,#5481,#1950,.T.);
#9185=EDGE_CURVE('',#5456,#5458,#1954,.T.);
#9187=EDGE_CURVE('',#5455,#5456,#1958,.T.);
#9189=EDGE_CURVE('',#5482,#5455,#1962,.T.);
#9193=EDGE_CURVE('',#6685,#6686,#4886,.T.);
#9195=EDGE_CURVE('',#6686,#6685,#4909,.T.);
#9199=ADVANCED_FACE('',(#9192,#9198),#9180,.T.);
#9205=EDGE_CURVE('',#5485,#5486,#2006,.T.);
#9207=EDGE_CURVE('',#5452,#5485,#1966,.T.);
#9209=EDGE_CURVE('',#5450,#5452,#1970,.T.);
#9211=EDGE_CURVE('',#5449,#5450,#1974,.T.);
#9213=EDGE_CURVE('',#5486,#5449,#1978,.T.);
#9221=ADVANCED_FACE('',(#9216,#9220),#9204,.T.);
#9228=EDGE_CURVE('',#5471,#5482,#1986,.T.);
#9231=EDGE_CURVE('',#6071,#6079,#1990,.T.);
#9233=EDGE_CURVE('',#6079,#6080,#1994,.T.);
#9235=EDGE_CURVE('',#6068,#6080,#1998,.T.);
#9238=EDGE_CURVE('',#5468,#5485,#2002,.T.);
#9241=EDGE_CURVE('',#5461,#5486,#2010,.T.);
#9246=EDGE_CURVE('',#6062,#6076,#2014,.T.);
#9248=EDGE_CURVE('',#6076,#6074,#2018,.T.);
#9250=EDGE_CURVE('',#6060,#6074,#2022,.T.);
#9255=EDGE_CURVE('',#5478,#5481,#2030,.T.);
#9259=EDGE_CURVE('',#5497,#5498,#2035,.T.);
#9261=EDGE_CURVE('',#5498,#5497,#2040,.T.);
#9265=EDGE_CURVE('',#5501,#5502,#2045,.T.);
#9267=EDGE_CURVE('',#5502,#5501,#2050,.T.);
#9271=EDGE_CURVE('',#5793,#5794,#2055,.T.);
#9273=EDGE_CURVE('',#5794,#5793,#2060,.T.);
#9277=EDGE_CURVE('',#5797,#5798,#2065,.T.);
#9279=EDGE_CURVE('',#5798,#5797,#2070,.T.);
#9283=EDGE_CURVE('',#5809,#5810,#2075,.T.);
#9285=EDGE_CURVE('',#5810,#5809,#2080,.T.);
#9289=EDGE_CURVE('',#5813,#5814,#2085,.T.);
#9291=EDGE_CURVE('',#5814,#5813,#2090,.T.);
#9295=EDGE_CURVE('',#5825,#5826,#2095,.T.);
#9297=EDGE_CURVE('',#5826,#5825,#2100,.T.);
#9301=EDGE_CURVE('',#5829,#5830,#2105,.T.);
#9303=EDGE_CURVE('',#5830,#5829,#2110,.T.);
#9307=EDGE_CURVE('',#5841,#5842,#2115,.T.);
#9309=EDGE_CURVE('',#5842,#5841,#2120,.T.);
#9313=EDGE_CURVE('',#5845,#5846,#2125,.T.);
#9315=EDGE_CURVE('',#5846,#5845,#2130,.T.);
#9319=EDGE_CURVE('',#5857,#5858,#2135,.T.);
#9321=EDGE_CURVE('',#5858,#5857,#2140,.T.);
#9325=EDGE_CURVE('',#5861,#5862,#2145,.T.);
#9327=EDGE_CURVE('',#5862,#5861,#2150,.T.);
#9331=EDGE_CURVE('',#6209,#6210,#2155,.T.);
#9333=EDGE_CURVE('',#6210,#6209,#2160,.T.);
#9337=EDGE_CURVE('',#6213,#6214,#2165,.T.);
#9339=EDGE_CURVE('',#6214,#6213,#2170,.T.);
#9343=EDGE_CURVE('',#6225,#6226,#2175,.T.);
#9345=EDGE_CURVE('',#6226,#6225,#2180,.T.);
#9349=EDGE_CURVE('',#6229,#6230,#2185,.T.);
#9351=EDGE_CURVE('',#6230,#6229,#2190,.T.);
#9355=EDGE_CURVE('',#6241,#6242,#2195,.T.);
#9357=EDGE_CURVE('',#6242,#6241,#2200,.T.);
#9361=EDGE_CURVE('',#6245,#6246,#2205,.T.);
#9363=EDGE_CURVE('',#6246,#6245,#2210,.T.);
#9367=EDGE_CURVE('',#6345,#6346,#2215,.T.);
#9369=EDGE_CURVE('',#6346,#6345,#2220,.T.);
#9373=EDGE_CURVE('',#6349,#6350,#2225,.T.);
#9375=EDGE_CURVE('',#6350,#6349,#2230,.T.);
#9379=EDGE_CURVE('',#6361,#6362,#2235,.T.);
#9381=EDGE_CURVE('',#6362,#6361,#2240,.T.);
#9385=EDGE_CURVE('',#6365,#6366,#2245,.T.);
#9387=EDGE_CURVE('',#6366,#6365,#2250,.T.);
#9391=EDGE_CURVE('',#6473,#6474,#2255,.T.);
#9393=EDGE_CURVE('',#6474,#6473,#2260,.T.);
#9397=EDGE_CURVE('',#6477,#6478,#2265,.T.);
#9399=EDGE_CURVE('',#6478,#6477,#2270,.T.);
#9403=EDGE_CURVE('',#6489,#6490,#2275,.T.);
#9405=EDGE_CURVE('',#6490,#6489,#2280,.T.);
#9409=EDGE_CURVE('',#6493,#6494,#2285,.T.);
#9411=EDGE_CURVE('',#6494,#6493,#2290,.T.);
#9415=EDGE_CURVE('',#6505,#6506,#2295,.T.);
#9417=EDGE_CURVE('',#6506,#6505,#2300,.T.);
#9421=EDGE_CURVE('',#6509,#6510,#2305,.T.);
#9423=EDGE_CURVE('',#6510,#6509,#2310,.T.);
#9427=ADVANCED_FACE('',(#9258,#9264,#9270,#9276,#9282,#9288,#9294,#9300,#9306,
#9312,#9318,#9324,#9330,#9336,#9342,#9348,#9354,#9360,#9366,#9372,#9378,#9384,
#9390,#9396,#9402,#9408,#9414,#9420,#9426),#9226,.T.);
#9436=EDGE_CURVE('',#5472,#5455,#2314,.T.);
#9440=ADVANCED_FACE('',(#9439),#9432,.F.);
#9449=EDGE_CURVE('',#5474,#5456,#2318,.T.);
#9453=ADVANCED_FACE('',(#9452),#9445,.F.);
#9462=EDGE_CURVE('',#5476,#5458,#2322,.T.);
#9466=ADVANCED_FACE('',(#9465),#9458,.F.);
#9478=ADVANCED_FACE('',(#9477),#9471,.F.);
#9485=EDGE_CURVE('',#6072,#6090,#2362,.T.);
#9487=EDGE_CURVE('',#6079,#6090,#2382,.T.);
#9492=ADVANCED_FACE('',(#9491),#9483,.F.);
#9499=EDGE_CURVE('',#6054,#6057,#2326,.T.);
#9501=EDGE_CURVE('',#6053,#6054,#2330,.T.);
#9503=EDGE_CURVE('',#6058,#6053,#2334,.T.);
#9507=ADVANCED_FACE('',(#9506),#9497,.T.);
#9514=EDGE_CURVE('',#6088,#6066,#2338,.T.);
#9516=EDGE_CURVE('',#6086,#6088,#2342,.T.);
#9518=EDGE_CURVE('',#6086,#6065,#4189,.T.);
#9522=ADVANCED_FACE('',(#9521),#9512,.T.);
#9528=EDGE_CURVE('',#6013,#6034,#2346,.T.);
#9531=EDGE_CURVE('',#6083,#6084,#4205,.T.);
#9533=EDGE_CURVE('',#6034,#6083,#2350,.T.);
#9537=ADVANCED_FACE('',(#9536),#9527,.T.);
#9543=EDGE_CURVE('',#6018,#6032,#2354,.T.);
#9545=EDGE_CURVE('',#6090,#6032,#2358,.T.);
#9551=ADVANCED_FACE('',(#9550),#9542,.T.);
#9559=EDGE_CURVE('',#6074,#6054,#2366,.T.);
#9564=ADVANCED_FACE('',(#9563),#9556,.F.);
#9571=EDGE_CURVE('',#6076,#6053,#2370,.T.);
#9577=ADVANCED_FACE('',(#9576),#9569,.F.);
#9589=ADVANCED_FACE('',(#9588),#9582,.F.);
#9597=EDGE_CURVE('',#6080,#6088,#2374,.T.);
#9602=ADVANCED_FACE('',(#9601),#9594,.F.);
#9608=EDGE_CURVE('',#6032,#6034,#2378,.T.);
#9611=EDGE_CURVE('',#6083,#6086,#4197,.T.);
#9620=ADVANCED_FACE('',(#9619),#9607,.F.);
#9626=EDGE_CURVE('',#6032,#6001,#2386,.T.);
#9628=EDGE_CURVE('',#6001,#6002,#4271,.T.);
#9630=EDGE_CURVE('',#6034,#6002,#4307,.T.);
#9635=ADVANCED_FACE('',(#9634),#9625,.F.);
#9642=EDGE_CURVE('',#6017,#6010,#2390,.T.);
#9644=EDGE_CURVE('',#6010,#6001,#4275,.T.);
#9650=ADVANCED_FACE('',(#9649),#9640,.F.);
#9656=EDGE_CURVE('',#6049,#6050,#2394,.T.);
#9658=EDGE_CURVE('',#6049,#6009,#2398,.T.);
#9660=EDGE_CURVE('',#6009,#6010,#4279,.T.);
#9664=EDGE_CURVE('',#6038,#6050,#2402,.T.);
#9668=ADVANCED_FACE('',(#9667),#9655,.F.);
#9675=EDGE_CURVE('',#6042,#6044,#2414,.T.);
#9677=EDGE_CURVE('',#6044,#6046,#4352,.T.);
#9679=EDGE_CURVE('',#6046,#6261,#4344,.T.);
#9682=EDGE_CURVE('',#6266,#6262,#2406,.T.);
#9684=EDGE_CURVE('',#6265,#6266,#4295,.T.);
#9686=EDGE_CURVE('',#6265,#6268,#4287,.T.);
#9688=EDGE_CURVE('',#6268,#6270,#4312,.T.);
#9690=EDGE_CURVE('',#6270,#6049,#4320,.T.);
#9693=EDGE_CURVE('',#6041,#6050,#2410,.T.);
#9697=ADVANCED_FACE('',(#9696),#9673,.T.);
#9706=EDGE_CURVE('',#6021,#6022,#2455,.T.);
#9708=EDGE_CURVE('',#6044,#6022,#4356,.T.);
#9712=ADVANCED_FACE('',(#9711),#9702,.F.);
#9721=EDGE_CURVE('',#5185,#5310,#3004,.T.);
#9723=EDGE_CURVE('',#5310,#5308,#2430,.T.);
#9725=EDGE_CURVE('',#5307,#5308,#2435,.T.);
#9727=EDGE_CURVE('',#5312,#5307,#2439,.T.);
#9729=EDGE_CURVE('',#5312,#5266,#2996,.T.);
#9731=EDGE_CURVE('',#5265,#5266,#4078,.T.);
#9733=EDGE_CURVE('',#5270,#5265,#4058,.T.);
#9736=EDGE_CURVE('',#5304,#5302,#2447,.T.);
#9738=EDGE_CURVE('',#5300,#5302,#2451,.T.);
#9742=ADVANCED_FACE('',(#9741),#9717,.F.);
#9750=EDGE_CURVE('',#5261,#5276,#2463,.T.);
#9752=EDGE_CURVE('',#5261,#5262,#2467,.T.);
#9754=EDGE_CURVE('',#5262,#6254,#2916,.T.);
#9756=EDGE_CURVE('',#6254,#6252,#2471,.T.);
#9758=EDGE_CURVE('',#6250,#6252,#2476,.T.);
#9760=EDGE_CURVE('',#6249,#6250,#2480,.T.);
#9762=EDGE_CURVE('',#6249,#5181,#3020,.T.);
#9764=EDGE_CURVE('',#5181,#5182,#2484,.T.);
#9767=EDGE_CURVE('',#6030,#6024,#2492,.T.);
#9769=EDGE_CURVE('',#6022,#6024,#2496,.T.);
#9773=ADVANCED_FACE('',(#9772),#9747,.F.);
#9780=EDGE_CURVE('',#5401,#5262,#2920,.T.);
#9782=EDGE_CURVE('',#5401,#5426,#2924,.T.);
#9784=EDGE_CURVE('',#5430,#5426,#2928,.T.);
#9786=EDGE_CURVE('',#5405,#5430,#2932,.T.);
#9788=EDGE_CURVE('',#5224,#5405,#2936,.T.);
#9790=EDGE_CURVE('',#5221,#5224,#2940,.T.);
#9792=EDGE_CURVE('',#5221,#5228,#2944,.T.);
#9794=EDGE_CURVE('',#5226,#5228,#2948,.T.);
#9796=EDGE_CURVE('',#5217,#5226,#2952,.T.);
#9798=EDGE_CURVE('',#5524,#5217,#2956,.T.);
#9800=EDGE_CURVE('',#5524,#5526,#2960,.T.);
#9802=EDGE_CURVE('',#5256,#5526,#2964,.T.);
#9804=EDGE_CURVE('',#5251,#5256,#2968,.T.);
#9806=EDGE_CURVE('',#5254,#5251,#2972,.T.);
#9808=EDGE_CURVE('',#5413,#5254,#2976,.T.);
#9810=EDGE_CURVE('',#5428,#5413,#2980,.T.);
#9812=EDGE_CURVE('',#5428,#5424,#2984,.T.);
#9814=EDGE_CURVE('',#5424,#5409,#2988,.T.);
#9816=EDGE_CURVE('',#5266,#5409,#2992,.T.);
#9819=EDGE_CURVE('',#5310,#5312,#3000,.T.);
#9823=EDGE_CURVE('',#5188,#5190,#3012,.T.);
#9825=EDGE_CURVE('',#5181,#5188,#3016,.T.);
#9828=EDGE_CURVE('',#6254,#6249,#3024,.T.);
#9832=EDGE_CURVE('',#5649,#5650,#2516,.T.);
#9834=EDGE_CURVE('',#5650,#5652,#2520,.T.);
#9836=EDGE_CURVE('',#5652,#5654,#2524,.T.);
#9838=EDGE_CURVE('',#5654,#5649,#2528,.T.);
#9842=EDGE_CURVE('',#5673,#5674,#2532,.T.);
#9844=EDGE_CURVE('',#5674,#5676,#2536,.T.);
#9846=EDGE_CURVE('',#5676,#5678,#2540,.T.);
#9848=EDGE_CURVE('',#5678,#5673,#2544,.T.);
#9852=EDGE_CURVE('',#5681,#5682,#2548,.T.);
#9854=EDGE_CURVE('',#5682,#5684,#2552,.T.);
#9856=EDGE_CURVE('',#5684,#5686,#2556,.T.);
#9858=EDGE_CURVE('',#5686,#5681,#2560,.T.);
#9862=EDGE_CURVE('',#5705,#5706,#2564,.T.);
#9864=EDGE_CURVE('',#5706,#5708,#2568,.T.);
#9866=EDGE_CURVE('',#5708,#5710,#2572,.T.);
#9868=EDGE_CURVE('',#5710,#5705,#2576,.T.);
#9872=EDGE_CURVE('',#5713,#5714,#2580,.T.);
#9874=EDGE_CURVE('',#5714,#5716,#2584,.T.);
#9876=EDGE_CURVE('',#5716,#5718,#2588,.T.);
#9878=EDGE_CURVE('',#5718,#5713,#2592,.T.);
#9882=EDGE_CURVE('',#5737,#5738,#2596,.T.);
#9884=EDGE_CURVE('',#5738,#5740,#2600,.T.);
#9886=EDGE_CURVE('',#5740,#5742,#2604,.T.);
#9888=EDGE_CURVE('',#5742,#5737,#2608,.T.);
#9892=EDGE_CURVE('',#5745,#5746,#2612,.T.);
#9894=EDGE_CURVE('',#5746,#5748,#2616,.T.);
#9896=EDGE_CURVE('',#5748,#5750,#2620,.T.);
#9898=EDGE_CURVE('',#5750,#5745,#2624,.T.);
#9902=EDGE_CURVE('',#5769,#5770,#2628,.T.);
#9904=EDGE_CURVE('',#5770,#5772,#2632,.T.);
#9906=EDGE_CURVE('',#5772,#5774,#2636,.T.);
#9908=EDGE_CURVE('',#5774,#5769,#2640,.T.);
#9912=EDGE_CURVE('',#5777,#5778,#2644,.T.);
#9914=EDGE_CURVE('',#5778,#5780,#2648,.T.);
#9916=EDGE_CURVE('',#5780,#5782,#2652,.T.);
#9918=EDGE_CURVE('',#5782,#5777,#2656,.T.);
#9922=EDGE_CURVE('',#6121,#6122,#2660,.T.);
#9924=EDGE_CURVE('',#6122,#6124,#2664,.T.);
#9926=EDGE_CURVE('',#6124,#6126,#2668,.T.);
#9928=EDGE_CURVE('',#6126,#6121,#2672,.T.);
#9932=EDGE_CURVE('',#6129,#6130,#2676,.T.);
#9934=EDGE_CURVE('',#6130,#6132,#2680,.T.);
#9936=EDGE_CURVE('',#6132,#6134,#2684,.T.);
#9938=EDGE_CURVE('',#6134,#6129,#2688,.T.);
#9942=EDGE_CURVE('',#6153,#6154,#2692,.T.);
#9944=EDGE_CURVE('',#6154,#6156,#2696,.T.);
#9946=EDGE_CURVE('',#6156,#6158,#2700,.T.);
#9948=EDGE_CURVE('',#6158,#6153,#2704,.T.);
#9952=EDGE_CURVE('',#6161,#6162,#2708,.T.);
#9954=EDGE_CURVE('',#6162,#6164,#2712,.T.);
#9956=EDGE_CURVE('',#6164,#6166,#2716,.T.);
#9958=EDGE_CURVE('',#6166,#6161,#2720,.T.);
#9962=EDGE_CURVE('',#6185,#6186,#2724,.T.);
#9964=EDGE_CURVE('',#6186,#6188,#2728,.T.);
#9966=EDGE_CURVE('',#6188,#6190,#2732,.T.);
#9968=EDGE_CURVE('',#6190,#6185,#2736,.T.);
#9972=EDGE_CURVE('',#6193,#6194,#2740,.T.);
#9974=EDGE_CURVE('',#6194,#6196,#2744,.T.);
#9976=EDGE_CURVE('',#6196,#6198,#2748,.T.);
#9978=EDGE_CURVE('',#6198,#6193,#2752,.T.);
#9982=EDGE_CURVE('',#6289,#6290,#2756,.T.);
#9984=EDGE_CURVE('',#6290,#6292,#2760,.T.);
#9986=EDGE_CURVE('',#6292,#6294,#2764,.T.);
#9988=EDGE_CURVE('',#6294,#6289,#2768,.T.);
#9992=EDGE_CURVE('',#6297,#6298,#2772,.T.);
#9994=EDGE_CURVE('',#6298,#6300,#2776,.T.);
#9996=EDGE_CURVE('',#6300,#6302,#2780,.T.);
#9998=EDGE_CURVE('',#6302,#6297,#2784,.T.);
#10002=EDGE_CURVE('',#6321,#6322,#2788,.T.);
#10004=EDGE_CURVE('',#6322,#6324,#2792,.T.);
#10006=EDGE_CURVE('',#6324,#6326,#2796,.T.);
#10008=EDGE_CURVE('',#6326,#6321,#2800,.T.);
#10012=EDGE_CURVE('',#6329,#6330,#2804,.T.);
#10014=EDGE_CURVE('',#6330,#6332,#2808,.T.);
#10016=EDGE_CURVE('',#6332,#6334,#2812,.T.);
#10018=EDGE_CURVE('',#6334,#6329,#2816,.T.);
#10022=EDGE_CURVE('',#6385,#6386,#2820,.T.);
#10024=EDGE_CURVE('',#6386,#6388,#2824,.T.);
#10026=EDGE_CURVE('',#6388,#6390,#2828,.T.);
#10028=EDGE_CURVE('',#6390,#6385,#2832,.T.);
#10032=EDGE_CURVE('',#6393,#6394,#2836,.T.);
#10034=EDGE_CURVE('',#6394,#6396,#2840,.T.);
#10036=EDGE_CURVE('',#6396,#6398,#2844,.T.);
#10038=EDGE_CURVE('',#6398,#6393,#2848,.T.);
#10042=EDGE_CURVE('',#6417,#6418,#2852,.T.);
#10044=EDGE_CURVE('',#6418,#6420,#2856,.T.);
#10046=EDGE_CURVE('',#6420,#6422,#2860,.T.);
#10048=EDGE_CURVE('',#6422,#6417,#2864,.T.);
#10052=EDGE_CURVE('',#6425,#6426,#2868,.T.);
#10054=EDGE_CURVE('',#6426,#6428,#2872,.T.);
#10056=EDGE_CURVE('',#6428,#6430,#2876,.T.);
#10058=EDGE_CURVE('',#6430,#6425,#2880,.T.);
#10062=EDGE_CURVE('',#6449,#6450,#2884,.T.);
#10064=EDGE_CURVE('',#6450,#6452,#2888,.T.);
#10066=EDGE_CURVE('',#6452,#6454,#2892,.T.);
#10068=EDGE_CURVE('',#6454,#6449,#2896,.T.);
#10072=EDGE_CURVE('',#6457,#6458,#2900,.T.);
#10074=EDGE_CURVE('',#6458,#6460,#2904,.T.);
#10076=EDGE_CURVE('',#6460,#6462,#2908,.T.);
#10078=EDGE_CURVE('',#6462,#6457,#2912,.T.);
#10082=EDGE_CURVE('',#5641,#5642,#2500,.T.);
#10084=EDGE_CURVE('',#5642,#5644,#2504,.T.);
#10086=EDGE_CURVE('',#5644,#5646,#2508,.T.);
#10088=EDGE_CURVE('',#5646,#5641,#2512,.T.);
#10092=ADVANCED_FACE('',(#9831,#9841,#9851,#9861,#9871,#9881,#9891,#9901,#9911,
#9921,#9931,#9941,#9951,#9961,#9971,#9981,#9991,#10001,#10011,#10021,#10031,
#10041,#10051,#10061,#10071,#10081,#10091),#9778,.T.);
#10099=EDGE_CURVE('',#5641,#5625,#3028,.T.);
#10101=EDGE_CURVE('',#5625,#5626,#3044,.T.);
#10103=EDGE_CURVE('',#5642,#5626,#3040,.T.);
#10107=ADVANCED_FACE('',(#10106),#10097,.T.);
#10114=EDGE_CURVE('',#5646,#5630,#3032,.T.);
#10116=EDGE_CURVE('',#5630,#5625,#3048,.T.);
#10121=ADVANCED_FACE('',(#10120),#10112,.T.);
#10128=EDGE_CURVE('',#5644,#5628,#3036,.T.);
#10130=EDGE_CURVE('',#5628,#5630,#3052,.T.);
#10135=ADVANCED_FACE('',(#10134),#10126,.T.);
#10143=EDGE_CURVE('',#5626,#5628,#3056,.T.);
#10148=ADVANCED_FACE('',(#10147),#10140,.T.);
#10160=ADVANCED_FACE('',(#10159),#10153,.T.);
#10166=EDGE_CURVE('',#5633,#5634,#3060,.T.);
#10168=EDGE_CURVE('',#5638,#5633,#3064,.T.);
#10170=EDGE_CURVE('',#5636,#5638,#3068,.T.);
#10172=EDGE_CURVE('',#5634,#5636,#3072,.T.);
#10176=ADVANCED_FACE('',(#10175),#10165,.T.);
#10183=EDGE_CURVE('',#5649,#5633,#3076,.T.);
#10186=EDGE_CURVE('',#5650,#5634,#3088,.T.);
#10190=ADVANCED_FACE('',(#10189),#10181,.T.);
#10197=EDGE_CURVE('',#5654,#5638,#3080,.T.);
#10203=ADVANCED_FACE('',(#10202),#10195,.T.);
#10210=EDGE_CURVE('',#5652,#5636,#3084,.T.);
#10216=ADVANCED_FACE('',(#10215),#10208,.T.);
#10228=ADVANCED_FACE('',(#10227),#10221,.T.);
#10235=EDGE_CURVE('',#5673,#5657,#3092,.T.);
#10237=EDGE_CURVE('',#5657,#5658,#3108,.T.);
#10239=EDGE_CURVE('',#5674,#5658,#3104,.T.);
#10243=ADVANCED_FACE('',(#10242),#10233,.T.);
#10250=EDGE_CURVE('',#5678,#5662,#3096,.T.);
#10252=EDGE_CURVE('',#5662,#5657,#3112,.T.);
#10257=ADVANCED_FACE('',(#10256),#10248,.T.);
#10264=EDGE_CURVE('',#5676,#5660,#3100,.T.);
#10266=EDGE_CURVE('',#5660,#5662,#3116,.T.);
#10271=ADVANCED_FACE('',(#10270),#10262,.T.);
#10279=EDGE_CURVE('',#5658,#5660,#3120,.T.);
#10284=ADVANCED_FACE('',(#10283),#10276,.T.);
#10296=ADVANCED_FACE('',(#10295),#10289,.T.);
#10302=EDGE_CURVE('',#5665,#5666,#3124,.T.);
#10304=EDGE_CURVE('',#5670,#5665,#3128,.T.);
#10306=EDGE_CURVE('',#5668,#5670,#3132,.T.);
#10308=EDGE_CURVE('',#5666,#5668,#3136,.T.);
#10312=ADVANCED_FACE('',(#10311),#10301,.T.);
#10319=EDGE_CURVE('',#5681,#5665,#3140,.T.);
#10322=EDGE_CURVE('',#5682,#5666,#3152,.T.);
#10326=ADVANCED_FACE('',(#10325),#10317,.T.);
#10333=EDGE_CURVE('',#5686,#5670,#3144,.T.);
#10339=ADVANCED_FACE('',(#10338),#10331,.T.);
#10346=EDGE_CURVE('',#5684,#5668,#3148,.T.);
#10352=ADVANCED_FACE('',(#10351),#10344,.T.);
#10364=ADVANCED_FACE('',(#10363),#10357,.T.);
#10371=EDGE_CURVE('',#5705,#5689,#3156,.T.);
#10373=EDGE_CURVE('',#5689,#5690,#3172,.T.);
#10375=EDGE_CURVE('',#5706,#5690,#3168,.T.);
#10379=ADVANCED_FACE('',(#10378),#10369,.T.);
#10386=EDGE_CURVE('',#5710,#5694,#3160,.T.);
#10388=EDGE_CURVE('',#5694,#5689,#3176,.T.);
#10393=ADVANCED_FACE('',(#10392),#10384,.T.);
#10400=EDGE_CURVE('',#5708,#5692,#3164,.T.);
#10402=EDGE_CURVE('',#5692,#5694,#3180,.T.);
#10407=ADVANCED_FACE('',(#10406),#10398,.T.);
#10415=EDGE_CURVE('',#5690,#5692,#3184,.T.);
#10420=ADVANCED_FACE('',(#10419),#10412,.T.);
#10432=ADVANCED_FACE('',(#10431),#10425,.T.);
#10438=EDGE_CURVE('',#5697,#5698,#3188,.T.);
#10440=EDGE_CURVE('',#5702,#5697,#3192,.T.);
#10442=EDGE_CURVE('',#5700,#5702,#3196,.T.);
#10444=EDGE_CURVE('',#5698,#5700,#3200,.T.);
#10448=ADVANCED_FACE('',(#10447),#10437,.T.);
#10455=EDGE_CURVE('',#5713,#5697,#3204,.T.);
#10458=EDGE_CURVE('',#5714,#5698,#3216,.T.);
#10462=ADVANCED_FACE('',(#10461),#10453,.T.);
#10469=EDGE_CURVE('',#5718,#5702,#3208,.T.);
#10475=ADVANCED_FACE('',(#10474),#10467,.T.);
#10482=EDGE_CURVE('',#5716,#5700,#3212,.T.);
#10488=ADVANCED_FACE('',(#10487),#10480,.T.);
#10500=ADVANCED_FACE('',(#10499),#10493,.T.);
#10507=EDGE_CURVE('',#5737,#5721,#3220,.T.);
#10509=EDGE_CURVE('',#5721,#5722,#3236,.T.);
#10511=EDGE_CURVE('',#5738,#5722,#3232,.T.);
#10515=ADVANCED_FACE('',(#10514),#10505,.T.);
#10522=EDGE_CURVE('',#5742,#5726,#3224,.T.);
#10524=EDGE_CURVE('',#5726,#5721,#3240,.T.);
#10529=ADVANCED_FACE('',(#10528),#10520,.T.);
#10536=EDGE_CURVE('',#5740,#5724,#3228,.T.);
#10538=EDGE_CURVE('',#5724,#5726,#3244,.T.);
#10543=ADVANCED_FACE('',(#10542),#10534,.T.);
#10551=EDGE_CURVE('',#5722,#5724,#3248,.T.);
#10556=ADVANCED_FACE('',(#10555),#10548,.T.);
#10568=ADVANCED_FACE('',(#10567),#10561,.T.);
#10574=EDGE_CURVE('',#5729,#5730,#3252,.T.);
#10576=EDGE_CURVE('',#5734,#5729,#3256,.T.);
#10578=EDGE_CURVE('',#5732,#5734,#3260,.T.);
#10580=EDGE_CURVE('',#5730,#5732,#3264,.T.);
#10584=ADVANCED_FACE('',(#10583),#10573,.T.);
#10591=EDGE_CURVE('',#5745,#5729,#3268,.T.);
#10594=EDGE_CURVE('',#5746,#5730,#3280,.T.);
#10598=ADVANCED_FACE('',(#10597),#10589,.T.);
#10605=EDGE_CURVE('',#5750,#5734,#3272,.T.);
#10611=ADVANCED_FACE('',(#10610),#10603,.T.);
#10618=EDGE_CURVE('',#5748,#5732,#3276,.T.);
#10624=ADVANCED_FACE('',(#10623),#10616,.T.);
#10636=ADVANCED_FACE('',(#10635),#10629,.T.);
#10643=EDGE_CURVE('',#5769,#5753,#3284,.T.);
#10645=EDGE_CURVE('',#5753,#5754,#3300,.T.);
#10647=EDGE_CURVE('',#5770,#5754,#3296,.T.);
#10651=ADVANCED_FACE('',(#10650),#10641,.T.);
#10658=EDGE_CURVE('',#5774,#5758,#3288,.T.);
#10660=EDGE_CURVE('',#5758,#5753,#3304,.T.);
#10665=ADVANCED_FACE('',(#10664),#10656,.T.);
#10672=EDGE_CURVE('',#5772,#5756,#3292,.T.);
#10674=EDGE_CURVE('',#5756,#5758,#3308,.T.);
#10679=ADVANCED_FACE('',(#10678),#10670,.T.);
#10687=EDGE_CURVE('',#5754,#5756,#3312,.T.);
#10692=ADVANCED_FACE('',(#10691),#10684,.T.);
#10704=ADVANCED_FACE('',(#10703),#10697,.T.);
#10710=EDGE_CURVE('',#5761,#5762,#3316,.T.);
#10712=EDGE_CURVE('',#5766,#5761,#3320,.T.);
#10714=EDGE_CURVE('',#5764,#5766,#3324,.T.);
#10716=EDGE_CURVE('',#5762,#5764,#3328,.T.);
#10720=ADVANCED_FACE('',(#10719),#10709,.T.);
#10727=EDGE_CURVE('',#5777,#5761,#3332,.T.);
#10730=EDGE_CURVE('',#5778,#5762,#3344,.T.);
#10734=ADVANCED_FACE('',(#10733),#10725,.T.);
#10741=EDGE_CURVE('',#5782,#5766,#3336,.T.);
#10747=ADVANCED_FACE('',(#10746),#10739,.T.);
#10754=EDGE_CURVE('',#5780,#5764,#3340,.T.);
#10760=ADVANCED_FACE('',(#10759),#10752,.T.);
#10772=ADVANCED_FACE('',(#10771),#10765,.T.);
#10779=EDGE_CURVE('',#6121,#6105,#3348,.T.);
#10781=EDGE_CURVE('',#6105,#6106,#3364,.T.);
#10783=EDGE_CURVE('',#6122,#6106,#3360,.T.);
#10787=ADVANCED_FACE('',(#10786),#10777,.T.);
#10794=EDGE_CURVE('',#6126,#6110,#3352,.T.);
#10796=EDGE_CURVE('',#6110,#6105,#3368,.T.);
#10801=ADVANCED_FACE('',(#10800),#10792,.T.);
#10808=EDGE_CURVE('',#6124,#6108,#3356,.T.);
#10810=EDGE_CURVE('',#6108,#6110,#3372,.T.);
#10815=ADVANCED_FACE('',(#10814),#10806,.T.);
#10823=EDGE_CURVE('',#6106,#6108,#3376,.T.);
#10828=ADVANCED_FACE('',(#10827),#10820,.T.);
#10840=ADVANCED_FACE('',(#10839),#10833,.T.);
#10846=EDGE_CURVE('',#6113,#6114,#3380,.T.);
#10848=EDGE_CURVE('',#6118,#6113,#3384,.T.);
#10850=EDGE_CURVE('',#6116,#6118,#3388,.T.);
#10852=EDGE_CURVE('',#6114,#6116,#3392,.T.);
#10856=ADVANCED_FACE('',(#10855),#10845,.T.);
#10863=EDGE_CURVE('',#6129,#6113,#3396,.T.);
#10866=EDGE_CURVE('',#6130,#6114,#3408,.T.);
#10870=ADVANCED_FACE('',(#10869),#10861,.T.);
#10877=EDGE_CURVE('',#6134,#6118,#3400,.T.);
#10883=ADVANCED_FACE('',(#10882),#10875,.T.);
#10890=EDGE_CURVE('',#6132,#6116,#3404,.T.);
#10896=ADVANCED_FACE('',(#10895),#10888,.T.);
#10908=ADVANCED_FACE('',(#10907),#10901,.T.);
#10915=EDGE_CURVE('',#6153,#6137,#3412,.T.);
#10917=EDGE_CURVE('',#6137,#6138,#3428,.T.);
#10919=EDGE_CURVE('',#6154,#6138,#3424,.T.);
#10923=ADVANCED_FACE('',(#10922),#10913,.T.);
#10930=EDGE_CURVE('',#6158,#6142,#3416,.T.);
#10932=EDGE_CURVE('',#6142,#6137,#3432,.T.);
#10937=ADVANCED_FACE('',(#10936),#10928,.T.);
#10944=EDGE_CURVE('',#6156,#6140,#3420,.T.);
#10946=EDGE_CURVE('',#6140,#6142,#3436,.T.);
#10951=ADVANCED_FACE('',(#10950),#10942,.T.);
#10959=EDGE_CURVE('',#6138,#6140,#3440,.T.);
#10964=ADVANCED_FACE('',(#10963),#10956,.T.);
#10976=ADVANCED_FACE('',(#10975),#10969,.T.);
#10982=EDGE_CURVE('',#6145,#6146,#3444,.T.);
#10984=EDGE_CURVE('',#6150,#6145,#3448,.T.);
#10986=EDGE_CURVE('',#6148,#6150,#3452,.T.);
#10988=EDGE_CURVE('',#6146,#6148,#3456,.T.);
#10992=ADVANCED_FACE('',(#10991),#10981,.T.);
#10999=EDGE_CURVE('',#6161,#6145,#3460,.T.);
#11002=EDGE_CURVE('',#6162,#6146,#3472,.T.);
#11006=ADVANCED_FACE('',(#11005),#10997,.T.);
#11013=EDGE_CURVE('',#6166,#6150,#3464,.T.);
#11019=ADVANCED_FACE('',(#11018),#11011,.T.);
#11026=EDGE_CURVE('',#6164,#6148,#3468,.T.);
#11032=ADVANCED_FACE('',(#11031),#11024,.T.);
#11044=ADVANCED_FACE('',(#11043),#11037,.T.);
#11051=EDGE_CURVE('',#6185,#6169,#3476,.T.);
#11053=EDGE_CURVE('',#6169,#6170,#3492,.T.);
#11055=EDGE_CURVE('',#6186,#6170,#3488,.T.);
#11059=ADVANCED_FACE('',(#11058),#11049,.T.);
#11066=EDGE_CURVE('',#6190,#6174,#3480,.T.);
#11068=EDGE_CURVE('',#6174,#6169,#3496,.T.);
#11073=ADVANCED_FACE('',(#11072),#11064,.T.);
#11080=EDGE_CURVE('',#6188,#6172,#3484,.T.);
#11082=EDGE_CURVE('',#6172,#6174,#3500,.T.);
#11087=ADVANCED_FACE('',(#11086),#11078,.T.);
#11095=EDGE_CURVE('',#6170,#6172,#3504,.T.);
#11100=ADVANCED_FACE('',(#11099),#11092,.T.);
#11112=ADVANCED_FACE('',(#11111),#11105,.T.);
#11118=EDGE_CURVE('',#6177,#6178,#3508,.T.);
#11120=EDGE_CURVE('',#6182,#6177,#3512,.T.);
#11122=EDGE_CURVE('',#6180,#6182,#3516,.T.);
#11124=EDGE_CURVE('',#6178,#6180,#3520,.T.);
#11128=ADVANCED_FACE('',(#11127),#11117,.T.);
#11135=EDGE_CURVE('',#6193,#6177,#3524,.T.);
#11138=EDGE_CURVE('',#6194,#6178,#3536,.T.);
#11142=ADVANCED_FACE('',(#11141),#11133,.T.);
#11149=EDGE_CURVE('',#6198,#6182,#3528,.T.);
#11155=ADVANCED_FACE('',(#11154),#11147,.T.);
#11162=EDGE_CURVE('',#6196,#6180,#3532,.T.);
#11168=ADVANCED_FACE('',(#11167),#11160,.T.);
#11180=ADVANCED_FACE('',(#11179),#11173,.T.);
#11187=EDGE_CURVE('',#6289,#6273,#3540,.T.);
#11189=EDGE_CURVE('',#6273,#6274,#3556,.T.);
#11191=EDGE_CURVE('',#6290,#6274,#3552,.T.);
#11195=ADVANCED_FACE('',(#11194),#11185,.T.);
#11202=EDGE_CURVE('',#6294,#6278,#3544,.T.);
#11204=EDGE_CURVE('',#6278,#6273,#3560,.T.);
#11209=ADVANCED_FACE('',(#11208),#11200,.T.);
#11216=EDGE_CURVE('',#6292,#6276,#3548,.T.);
#11218=EDGE_CURVE('',#6276,#6278,#3564,.T.);
#11223=ADVANCED_FACE('',(#11222),#11214,.T.);
#11231=EDGE_CURVE('',#6274,#6276,#3568,.T.);
#11236=ADVANCED_FACE('',(#11235),#11228,.T.);
#11248=ADVANCED_FACE('',(#11247),#11241,.T.);
#11254=EDGE_CURVE('',#6281,#6282,#3572,.T.);
#11256=EDGE_CURVE('',#6286,#6281,#3576,.T.);
#11258=EDGE_CURVE('',#6284,#6286,#3580,.T.);
#11260=EDGE_CURVE('',#6282,#6284,#3584,.T.);
#11264=ADVANCED_FACE('',(#11263),#11253,.T.);
#11271=EDGE_CURVE('',#6297,#6281,#3588,.T.);
#11274=EDGE_CURVE('',#6298,#6282,#3600,.T.);
#11278=ADVANCED_FACE('',(#11277),#11269,.T.);
#11285=EDGE_CURVE('',#6302,#6286,#3592,.T.);
#11291=ADVANCED_FACE('',(#11290),#11283,.T.);
#11298=EDGE_CURVE('',#6300,#6284,#3596,.T.);
#11304=ADVANCED_FACE('',(#11303),#11296,.T.);
#11316=ADVANCED_FACE('',(#11315),#11309,.T.);
#11323=EDGE_CURVE('',#6321,#6305,#3604,.T.);
#11325=EDGE_CURVE('',#6305,#6306,#3620,.T.);
#11327=EDGE_CURVE('',#6322,#6306,#3616,.T.);
#11331=ADVANCED_FACE('',(#11330),#11321,.T.);
#11338=EDGE_CURVE('',#6326,#6310,#3608,.T.);
#11340=EDGE_CURVE('',#6310,#6305,#3624,.T.);
#11345=ADVANCED_FACE('',(#11344),#11336,.T.);
#11352=EDGE_CURVE('',#6324,#6308,#3612,.T.);
#11354=EDGE_CURVE('',#6308,#6310,#3628,.T.);
#11359=ADVANCED_FACE('',(#11358),#11350,.T.);
#11367=EDGE_CURVE('',#6306,#6308,#3632,.T.);
#11372=ADVANCED_FACE('',(#11371),#11364,.T.);
#11384=ADVANCED_FACE('',(#11383),#11377,.T.);
#11390=EDGE_CURVE('',#6313,#6314,#3636,.T.);
#11392=EDGE_CURVE('',#6318,#6313,#3640,.T.);
#11394=EDGE_CURVE('',#6316,#6318,#3644,.T.);
#11396=EDGE_CURVE('',#6314,#6316,#3648,.T.);
#11400=ADVANCED_FACE('',(#11399),#11389,.T.);
#11407=EDGE_CURVE('',#6329,#6313,#3652,.T.);
#11410=EDGE_CURVE('',#6330,#6314,#3664,.T.);
#11414=ADVANCED_FACE('',(#11413),#11405,.T.);
#11421=EDGE_CURVE('',#6334,#6318,#3656,.T.);
#11427=ADVANCED_FACE('',(#11426),#11419,.T.);
#11434=EDGE_CURVE('',#6332,#6316,#3660,.T.);
#11440=ADVANCED_FACE('',(#11439),#11432,.T.);
#11452=ADVANCED_FACE('',(#11451),#11445,.T.);
#11459=EDGE_CURVE('',#6385,#6369,#3668,.T.);
#11461=EDGE_CURVE('',#6369,#6370,#3684,.T.);
#11463=EDGE_CURVE('',#6386,#6370,#3680,.T.);
#11467=ADVANCED_FACE('',(#11466),#11457,.T.);
#11474=EDGE_CURVE('',#6390,#6374,#3672,.T.);
#11476=EDGE_CURVE('',#6374,#6369,#3688,.T.);
#11481=ADVANCED_FACE('',(#11480),#11472,.T.);
#11488=EDGE_CURVE('',#6388,#6372,#3676,.T.);
#11490=EDGE_CURVE('',#6372,#6374,#3692,.T.);
#11495=ADVANCED_FACE('',(#11494),#11486,.T.);
#11503=EDGE_CURVE('',#6370,#6372,#3696,.T.);
#11508=ADVANCED_FACE('',(#11507),#11500,.T.);
#11520=ADVANCED_FACE('',(#11519),#11513,.T.);
#11526=EDGE_CURVE('',#6377,#6378,#3700,.T.);
#11528=EDGE_CURVE('',#6382,#6377,#3704,.T.);
#11530=EDGE_CURVE('',#6380,#6382,#3708,.T.);
#11532=EDGE_CURVE('',#6378,#6380,#3712,.T.);
#11536=ADVANCED_FACE('',(#11535),#11525,.T.);
#11543=EDGE_CURVE('',#6393,#6377,#3716,.T.);
#11546=EDGE_CURVE('',#6394,#6378,#3728,.T.);
#11550=ADVANCED_FACE('',(#11549),#11541,.T.);
#11557=EDGE_CURVE('',#6398,#6382,#3720,.T.);
#11563=ADVANCED_FACE('',(#11562),#11555,.T.);
#11570=EDGE_CURVE('',#6396,#6380,#3724,.T.);
#11576=ADVANCED_FACE('',(#11575),#11568,.T.);
#11588=ADVANCED_FACE('',(#11587),#11581,.T.);
#11595=EDGE_CURVE('',#6417,#6401,#3732,.T.);
#11597=EDGE_CURVE('',#6401,#6402,#3748,.T.);
#11599=EDGE_CURVE('',#6418,#6402,#3744,.T.);
#11603=ADVANCED_FACE('',(#11602),#11593,.T.);
#11610=EDGE_CURVE('',#6422,#6406,#3736,.T.);
#11612=EDGE_CURVE('',#6406,#6401,#3752,.T.);
#11617=ADVANCED_FACE('',(#11616),#11608,.T.);
#11624=EDGE_CURVE('',#6420,#6404,#3740,.T.);
#11626=EDGE_CURVE('',#6404,#6406,#3756,.T.);
#11631=ADVANCED_FACE('',(#11630),#11622,.T.);
#11639=EDGE_CURVE('',#6402,#6404,#3760,.T.);
#11644=ADVANCED_FACE('',(#11643),#11636,.T.);
#11656=ADVANCED_FACE('',(#11655),#11649,.T.);
#11662=EDGE_CURVE('',#6409,#6410,#3764,.T.);
#11664=EDGE_CURVE('',#6414,#6409,#3768,.T.);
#11666=EDGE_CURVE('',#6412,#6414,#3772,.T.);
#11668=EDGE_CURVE('',#6410,#6412,#3776,.T.);
#11672=ADVANCED_FACE('',(#11671),#11661,.T.);
#11679=EDGE_CURVE('',#6425,#6409,#3780,.T.);
#11682=EDGE_CURVE('',#6426,#6410,#3792,.T.);
#11686=ADVANCED_FACE('',(#11685),#11677,.T.);
#11693=EDGE_CURVE('',#6430,#6414,#3784,.T.);
#11699=ADVANCED_FACE('',(#11698),#11691,.T.);
#11706=EDGE_CURVE('',#6428,#6412,#3788,.T.);
#11712=ADVANCED_FACE('',(#11711),#11704,.T.);
#11724=ADVANCED_FACE('',(#11723),#11717,.T.);
#11731=EDGE_CURVE('',#6449,#6433,#3796,.T.);
#11733=EDGE_CURVE('',#6433,#6434,#3812,.T.);
#11735=EDGE_CURVE('',#6450,#6434,#3808,.T.);
#11739=ADVANCED_FACE('',(#11738),#11729,.T.);
#11746=EDGE_CURVE('',#6454,#6438,#3800,.T.);
#11748=EDGE_CURVE('',#6438,#6433,#3816,.T.);
#11753=ADVANCED_FACE('',(#11752),#11744,.T.);
#11760=EDGE_CURVE('',#6452,#6436,#3804,.T.);
#11762=EDGE_CURVE('',#6436,#6438,#3820,.T.);
#11767=ADVANCED_FACE('',(#11766),#11758,.T.);
#11775=EDGE_CURVE('',#6434,#6436,#3824,.T.);
#11780=ADVANCED_FACE('',(#11779),#11772,.T.);
#11792=ADVANCED_FACE('',(#11791),#11785,.T.);
#11798=EDGE_CURVE('',#6441,#6442,#3828,.T.);
#11800=EDGE_CURVE('',#6446,#6441,#3832,.T.);
#11802=EDGE_CURVE('',#6444,#6446,#3836,.T.);
#11804=EDGE_CURVE('',#6442,#6444,#3840,.T.);
#11808=ADVANCED_FACE('',(#11807),#11797,.T.);
#11815=EDGE_CURVE('',#6457,#6441,#3844,.T.);
#11818=EDGE_CURVE('',#6458,#6442,#3856,.T.);
#11822=ADVANCED_FACE('',(#11821),#11813,.T.);
#11829=EDGE_CURVE('',#6462,#6446,#3848,.T.);
#11835=ADVANCED_FACE('',(#11834),#11827,.T.);
#11842=EDGE_CURVE('',#6460,#6444,#3852,.T.);
#11848=ADVANCED_FACE('',(#11847),#11840,.T.);
#11860=ADVANCED_FACE('',(#11859),#11853,.T.);
#11866=EDGE_CURVE('',#5401,#5402,#3860,.T.);
#11870=EDGE_CURVE('',#5261,#5402,#3864,.T.);
#11874=ADVANCED_FACE('',(#11873),#11865,.F.);
#11880=EDGE_CURVE('',#5405,#5406,#3868,.T.);
#11882=EDGE_CURVE('',#5406,#5258,#3872,.T.);
#11884=EDGE_CURVE('',#5258,#5224,#3876,.T.);
#11889=ADVANCED_FACE('',(#11888),#11879,.F.);
#11896=EDGE_CURVE('',#5420,#5385,#3896,.T.);
#11899=EDGE_CURVE('',#5381,#5426,#3884,.T.);
#11903=EDGE_CURVE('',#5402,#5386,#3928,.T.);
#11907=ADVANCED_FACE('',(#11906),#11894,.F.);
#11914=EDGE_CURVE('',#5389,#5410,#4054,.T.);
#11916=EDGE_CURVE('',#5409,#5410,#4070,.T.);
#11919=EDGE_CURVE('',#5424,#5377,#3888,.T.);
#11922=EDGE_CURVE('',#5390,#5416,#4116,.T.);
#11926=ADVANCED_FACE('',(#11925),#11912,.F.);
#11938=ADVANCED_FACE('',(#11937),#11931,.F.);
#11944=EDGE_CURVE('',#5422,#5393,#3904,.T.);
#11951=ADVANCED_FACE('',(#11950),#11943,.F.);
#11958=EDGE_CURVE('',#5406,#5394,#3936,.T.);
#11962=EDGE_CURVE('',#5382,#5430,#3912,.T.);
#11968=ADVANCED_FACE('',(#11967),#11956,.T.);
#11975=EDGE_CURVE('',#5398,#5418,#4120,.T.);
#11978=EDGE_CURVE('',#5428,#5378,#3924,.T.);
#11981=EDGE_CURVE('',#5413,#5414,#4082,.T.);
#11983=EDGE_CURVE('',#5397,#5414,#4062,.T.);
#11987=ADVANCED_FACE('',(#11986),#11973,.T.);
#12000=ADVANCED_FACE('',(#11999),#11992,.T.);
#12008=EDGE_CURVE('',#5280,#5282,#3948,.T.);
#12010=EDGE_CURVE('',#5280,#5258,#3940,.T.);
#12015=ADVANCED_FACE('',(#12014),#12005,.T.);
#12021=EDGE_CURVE('',#5214,#5222,#3944,.T.);
#12023=EDGE_CURVE('',#5280,#5222,#3984,.T.);
#12029=ADVANCED_FACE('',(#12028),#12020,.T.);
#12035=EDGE_CURVE('',#5248,#5252,#3952,.T.);
#12038=EDGE_CURVE('',#5272,#5284,#4066,.T.);
#12040=EDGE_CURVE('',#5252,#5272,#3992,.T.);
#12044=ADVANCED_FACE('',(#12043),#12034,.T.);
#12051=EDGE_CURVE('',#5516,#5518,#3956,.T.);
#12053=EDGE_CURVE('',#5218,#5518,#4004,.T.);
#12055=EDGE_CURVE('',#5212,#5218,#3960,.T.);
#12059=ADVANCED_FACE('',(#12058),#12049,.T.);
#12066=EDGE_CURVE('',#5208,#5198,#3964,.T.);
#12068=EDGE_CURVE('',#5198,#5228,#4094,.T.);
#12071=EDGE_CURVE('',#5221,#5222,#3980,.T.);
#12077=ADVANCED_FACE('',(#12076),#12064,.F.);
#12084=EDGE_CURVE('',#5206,#5196,#3968,.T.);
#12086=EDGE_CURVE('',#5196,#5198,#4099,.T.);
#12091=ADVANCED_FACE('',(#12090),#12082,.F.);
#12098=EDGE_CURVE('',#5204,#5194,#3972,.T.);
#12100=EDGE_CURVE('',#5194,#5196,#4103,.T.);
#12105=ADVANCED_FACE('',(#12104),#12096,.F.);
#12112=EDGE_CURVE('',#5202,#5193,#3976,.T.);
#12114=EDGE_CURVE('',#5193,#5194,#4108,.T.);
#12119=ADVANCED_FACE('',(#12118),#12110,.F.);
#12128=EDGE_CURVE('',#5217,#5218,#4012,.T.);
#12131=EDGE_CURVE('',#5226,#5193,#4090,.T.);
#12136=ADVANCED_FACE('',(#12135),#12124,.F.);
#12149=ADVANCED_FACE('',(#12148),#12141,.F.);
#12155=EDGE_CURVE('',#5251,#5252,#3988,.T.);
#12158=EDGE_CURVE('',#5268,#5272,#3996,.T.);
#12160=EDGE_CURVE('',#5268,#5254,#4000,.T.);
#12165=ADVANCED_FACE('',(#12164),#12154,.F.);
#12172=EDGE_CURVE('',#5524,#5518,#4008,.T.);
#12178=ADVANCED_FACE('',(#12177),#12170,.F.);
#12189=EDGE_CURVE('',#5256,#5231,#4016,.T.);
#12191=EDGE_CURVE('',#5240,#5231,#4050,.T.);
#12195=ADVANCED_FACE('',(#12194),#12183,.F.);
#12203=EDGE_CURVE('',#5236,#5526,#4020,.T.);
#12205=EDGE_CURVE('',#5234,#5236,#4025,.T.);
#12207=EDGE_CURVE('',#5232,#5234,#4029,.T.);
#12209=EDGE_CURVE('',#5231,#5232,#4034,.T.);
#12213=ADVANCED_FACE('',(#12212),#12200,.T.);
#12220=EDGE_CURVE('',#5246,#5236,#4038,.T.);
#12229=ADVANCED_FACE('',(#12228),#12218,.F.);
#12236=EDGE_CURVE('',#5244,#5234,#4042,.T.);
#12242=ADVANCED_FACE('',(#12241),#12234,.F.);
#12249=EDGE_CURVE('',#5242,#5232,#4046,.T.);
#12255=ADVANCED_FACE('',(#12254),#12247,.F.);
#12267=ADVANCED_FACE('',(#12266),#12260,.F.);
#12277=EDGE_CURVE('',#5410,#5265,#4074,.T.);
#12281=ADVANCED_FACE('',(#12280),#12272,.T.);
#12288=EDGE_CURVE('',#5268,#5414,#4086,.T.);
#12295=ADVANCED_FACE('',(#12294),#12286,.T.);
#12307=ADVANCED_FACE('',(#12306),#12300,.F.);
#12319=ADVANCED_FACE('',(#12318),#12312,.F.);
#12333=ADVANCED_FACE('',(#12332),#12324,.T.);
#12345=ADVANCED_FACE('',(#12344),#12338,.F.);
#12357=ADVANCED_FACE('',(#12356),#12350,.F.);
#12369=ADVANCED_FACE('',(#12368),#12362,.F.);
#12381=ADVANCED_FACE('',(#12380),#12374,.F.);
#12387=EDGE_CURVE('',#5310,#5287,#4124,.T.);
#12390=EDGE_CURVE('',#5296,#5312,#4128,.T.);
#12392=EDGE_CURVE('',#5294,#5296,#4132,.T.);
#12394=EDGE_CURVE('',#5292,#5294,#4136,.T.);
#12396=EDGE_CURVE('',#5290,#5292,#4140,.T.);
#12398=EDGE_CURVE('',#5288,#5290,#4144,.T.);
#12400=EDGE_CURVE('',#5287,#5288,#4148,.T.);
#12404=ADVANCED_FACE('',(#12403),#12386,.T.);
#12411=EDGE_CURVE('',#5990,#5308,#4156,.T.);
#12415=EDGE_CURVE('',#5992,#5287,#4217,.T.);
#12419=ADVANCED_FACE('',(#12418),#12409,.F.);
#12426=EDGE_CURVE('',#5989,#5307,#4165,.T.);
#12432=ADVANCED_FACE('',(#12431),#12424,.F.);
#12439=EDGE_CURVE('',#5997,#5296,#4173,.T.);
#12446=ADVANCED_FACE('',(#12445),#12437,.F.);
#12453=EDGE_CURVE('',#5974,#5998,#4181,.T.);
#12456=EDGE_CURVE('',#5318,#5294,#4185,.T.);
#12462=ADVANCED_FACE('',(#12461),#12451,.F.);
#12474=ADVANCED_FACE('',(#12473),#12467,.F.);
#12481=EDGE_CURVE('',#6086,#5292,#4193,.T.);
#12488=ADVANCED_FACE('',(#12487),#12479,.F.);
#12495=EDGE_CURVE('',#6083,#5290,#4201,.T.);
#12501=ADVANCED_FACE('',(#12500),#12493,.F.);
#12509=EDGE_CURVE('',#5520,#5288,#4209,.T.);
#12515=ADVANCED_FACE('',(#12514),#12506,.F.);
#12526=EDGE_CURVE('',#5970,#5994,#4221,.T.);
#12530=ADVANCED_FACE('',(#12529),#12520,.F.);
#12542=ADVANCED_FACE('',(#12541),#12535,.F.);
#12548=EDGE_CURVE('',#5188,#5157,#4225,.T.);
#12552=EDGE_CURVE('',#5160,#5162,#4234,.T.);
#12554=EDGE_CURVE('',#5158,#5160,#4238,.T.);
#12556=EDGE_CURVE('',#5157,#5158,#4243,.T.);
#12560=ADVANCED_FACE('',(#12559),#12547,.T.);
#12572=EDGE_CURVE('',#5166,#5157,#4247,.T.);
#12576=ADVANCED_FACE('',(#12575),#12565,.F.);
#12585=EDGE_CURVE('',#5168,#5158,#4251,.T.);
#12589=ADVANCED_FACE('',(#12588),#12581,.F.);
#12598=EDGE_CURVE('',#5170,#5160,#4255,.T.);
#12602=ADVANCED_FACE('',(#12601),#12594,.F.);
#12614=ADVANCED_FACE('',(#12613),#12607,.F.);
#12621=EDGE_CURVE('',#6006,#6249,#4259,.T.);
#12623=EDGE_CURVE('',#6004,#6006,#4263,.T.);
#12625=EDGE_CURVE('',#6002,#6004,#4267,.T.);
#12630=EDGE_CURVE('',#6254,#6009,#4283,.T.);
#12634=ADVANCED_FACE('',(#12633),#12619,.T.);
#12641=EDGE_CURVE('',#6265,#6006,#4291,.T.);
#12645=EDGE_CURVE('',#6268,#6250,#4316,.T.);
#12649=ADVANCED_FACE('',(#12648),#12639,.F.);
#12656=EDGE_CURVE('',#6258,#6266,#4299,.T.);
#12659=EDGE_CURVE('',#6014,#6004,#4303,.T.);
#12665=ADVANCED_FACE('',(#12664),#12654,.F.);
#12677=ADVANCED_FACE('',(#12676),#12670,.F.);
#12690=ADVANCED_FACE('',(#12689),#12682,.F.);
#12699=EDGE_CURVE('',#6270,#6252,#4324,.T.);
#12703=ADVANCED_FACE('',(#12702),#12695,.F.);
#12716=ADVANCED_FACE('',(#12715),#12708,.F.);
#12723=EDGE_CURVE('',#5986,#5302,#4332,.T.);
#12730=ADVANCED_FACE('',(#12729),#12721,.F.);
#12742=ADVANCED_FACE('',(#12741),#12735,.F.);
#12749=EDGE_CURVE('',#6046,#6024,#4348,.T.);
#12756=ADVANCED_FACE('',(#12755),#12747,.F.);
#12768=ADVANCED_FACE('',(#12767),#12761,.F.);
#12780=ADVANCED_FACE('',(#12779),#12773,.F.);
#12787=EDGE_CURVE('',#5466,#5452,#4360,.T.);
#12793=ADVANCED_FACE('',(#12792),#12785,.F.);
#12800=EDGE_CURVE('',#5464,#5450,#4364,.T.);
#12806=ADVANCED_FACE('',(#12805),#12798,.F.);
#12813=EDGE_CURVE('',#5462,#5449,#4368,.T.);
#12819=ADVANCED_FACE('',(#12818),#12811,.F.);
#12831=ADVANCED_FACE('',(#12830),#12824,.F.);
#12838=EDGE_CURVE('',#5497,#5489,#4372,.T.);
#12840=EDGE_CURVE('',#5489,#5490,#4381,.T.);
#12842=EDGE_CURVE('',#5498,#5490,#4376,.T.);
#12846=ADVANCED_FACE('',(#12845),#12836,.F.);
#12854=EDGE_CURVE('',#5490,#5489,#4386,.T.);
#12859=ADVANCED_FACE('',(#12858),#12851,.F.);
#12869=ADVANCED_FACE('',(#12868),#12864,.T.);
#12875=EDGE_CURVE('',#5493,#5494,#4391,.T.);
#12877=EDGE_CURVE('',#5494,#5493,#4396,.T.);
#12881=ADVANCED_FACE('',(#12880),#12874,.T.);
#12888=EDGE_CURVE('',#5501,#5493,#4400,.T.);
#12891=EDGE_CURVE('',#5502,#5494,#4404,.T.);
#12895=ADVANCED_FACE('',(#12894),#12886,.F.);
#12907=ADVANCED_FACE('',(#12906),#12900,.F.);
#12914=EDGE_CURVE('',#5793,#5785,#4408,.T.);
#12916=EDGE_CURVE('',#5785,#5786,#4417,.T.);
#12918=EDGE_CURVE('',#5794,#5786,#4412,.T.);
#12922=ADVANCED_FACE('',(#12921),#12912,.T.);
#12930=EDGE_CURVE('',#5786,#5785,#4422,.T.);
#12935=ADVANCED_FACE('',(#12934),#12927,.T.);
#12945=ADVANCED_FACE('',(#12944),#12940,.T.);
#12951=EDGE_CURVE('',#5789,#5790,#4427,.T.);
#12953=EDGE_CURVE('',#5790,#5789,#4432,.T.);
#12957=ADVANCED_FACE('',(#12956),#12950,.T.);
#12964=EDGE_CURVE('',#5797,#5789,#4436,.T.);
#12967=EDGE_CURVE('',#5798,#5790,#4440,.T.);
#12971=ADVANCED_FACE('',(#12970),#12962,.T.);
#12983=ADVANCED_FACE('',(#12982),#12976,.T.);
#12990=EDGE_CURVE('',#5809,#5801,#4444,.T.);
#12992=EDGE_CURVE('',#5801,#5802,#4453,.T.);
#12994=EDGE_CURVE('',#5810,#5802,#4448,.T.);
#12998=ADVANCED_FACE('',(#12997),#12988,.T.);
#13006=EDGE_CURVE('',#5802,#5801,#4458,.T.);
#13011=ADVANCED_FACE('',(#13010),#13003,.T.);
#13021=ADVANCED_FACE('',(#13020),#13016,.T.);
#13027=EDGE_CURVE('',#5805,#5806,#4463,.T.);
#13029=EDGE_CURVE('',#5806,#5805,#4468,.T.);
#13033=ADVANCED_FACE('',(#13032),#13026,.T.);
#13040=EDGE_CURVE('',#5813,#5805,#4472,.T.);
#13043=EDGE_CURVE('',#5814,#5806,#4476,.T.);
#13047=ADVANCED_FACE('',(#13046),#13038,.T.);
#13059=ADVANCED_FACE('',(#13058),#13052,.T.);
#13066=EDGE_CURVE('',#5825,#5817,#4480,.T.);
#13068=EDGE_CURVE('',#5817,#5818,#4489,.T.);
#13070=EDGE_CURVE('',#5826,#5818,#4484,.T.);
#13074=ADVANCED_FACE('',(#13073),#13064,.T.);
#13082=EDGE_CURVE('',#5818,#5817,#4494,.T.);
#13087=ADVANCED_FACE('',(#13086),#13079,.T.);
#13097=ADVANCED_FACE('',(#13096),#13092,.T.);
#13103=EDGE_CURVE('',#5821,#5822,#4499,.T.);
#13105=EDGE_CURVE('',#5822,#5821,#4504,.T.);
#13109=ADVANCED_FACE('',(#13108),#13102,.T.);
#13116=EDGE_CURVE('',#5829,#5821,#4508,.T.);
#13119=EDGE_CURVE('',#5830,#5822,#4512,.T.);
#13123=ADVANCED_FACE('',(#13122),#13114,.T.);
#13135=ADVANCED_FACE('',(#13134),#13128,.T.);
#13142=EDGE_CURVE('',#5841,#5833,#4516,.T.);
#13144=EDGE_CURVE('',#5833,#5834,#4525,.T.);
#13146=EDGE_CURVE('',#5842,#5834,#4520,.T.);
#13150=ADVANCED_FACE('',(#13149),#13140,.T.);
#13158=EDGE_CURVE('',#5834,#5833,#4530,.T.);
#13163=ADVANCED_FACE('',(#13162),#13155,.T.);
#13173=ADVANCED_FACE('',(#13172),#13168,.T.);
#13179=EDGE_CURVE('',#5837,#5838,#4535,.T.);
#13181=EDGE_CURVE('',#5838,#5837,#4540,.T.);
#13185=ADVANCED_FACE('',(#13184),#13178,.T.);
#13192=EDGE_CURVE('',#5845,#5837,#4544,.T.);
#13195=EDGE_CURVE('',#5846,#5838,#4548,.T.);
#13199=ADVANCED_FACE('',(#13198),#13190,.T.);
#13211=ADVANCED_FACE('',(#13210),#13204,.T.);
#13218=EDGE_CURVE('',#5857,#5849,#4552,.T.);
#13220=EDGE_CURVE('',#5849,#5850,#4561,.T.);
#13222=EDGE_CURVE('',#5858,#5850,#4556,.T.);
#13226=ADVANCED_FACE('',(#13225),#13216,.T.);
#13234=EDGE_CURVE('',#5850,#5849,#4566,.T.);
#13239=ADVANCED_FACE('',(#13238),#13231,.T.);
#13249=ADVANCED_FACE('',(#13248),#13244,.T.);
#13255=EDGE_CURVE('',#5853,#5854,#4571,.T.);
#13257=EDGE_CURVE('',#5854,#5853,#4576,.T.);
#13261=ADVANCED_FACE('',(#13260),#13254,.T.);
#13268=EDGE_CURVE('',#5861,#5853,#4580,.T.);
#13271=EDGE_CURVE('',#5862,#5854,#4584,.T.);
#13275=ADVANCED_FACE('',(#13274),#13266,.T.);
#13287=ADVANCED_FACE('',(#13286),#13280,.T.);
#13294=EDGE_CURVE('',#6209,#6201,#4588,.T.);
#13296=EDGE_CURVE('',#6201,#6202,#4597,.T.);
#13298=EDGE_CURVE('',#6210,#6202,#4592,.T.);
#13302=ADVANCED_FACE('',(#13301),#13292,.T.);
#13310=EDGE_CURVE('',#6202,#6201,#4602,.T.);
#13315=ADVANCED_FACE('',(#13314),#13307,.T.);
#13325=ADVANCED_FACE('',(#13324),#13320,.T.);
#13331=EDGE_CURVE('',#6205,#6206,#4607,.T.);
#13333=EDGE_CURVE('',#6206,#6205,#4612,.T.);
#13337=ADVANCED_FACE('',(#13336),#13330,.T.);
#13344=EDGE_CURVE('',#6213,#6205,#4616,.T.);
#13347=EDGE_CURVE('',#6214,#6206,#4620,.T.);
#13351=ADVANCED_FACE('',(#13350),#13342,.T.);
#13363=ADVANCED_FACE('',(#13362),#13356,.T.);
#13370=EDGE_CURVE('',#6225,#6217,#4624,.T.);
#13372=EDGE_CURVE('',#6217,#6218,#4633,.T.);
#13374=EDGE_CURVE('',#6226,#6218,#4628,.T.);
#13378=ADVANCED_FACE('',(#13377),#13368,.T.);
#13386=EDGE_CURVE('',#6218,#6217,#4638,.T.);
#13391=ADVANCED_FACE('',(#13390),#13383,.T.);
#13401=ADVANCED_FACE('',(#13400),#13396,.T.);
#13407=EDGE_CURVE('',#6221,#6222,#4643,.T.);
#13409=EDGE_CURVE('',#6222,#6221,#4648,.T.);
#13413=ADVANCED_FACE('',(#13412),#13406,.T.);
#13420=EDGE_CURVE('',#6229,#6221,#4652,.T.);
#13423=EDGE_CURVE('',#6230,#6222,#4656,.T.);
#13427=ADVANCED_FACE('',(#13426),#13418,.T.);
#13439=ADVANCED_FACE('',(#13438),#13432,.T.);
#13446=EDGE_CURVE('',#6241,#6233,#4660,.T.);
#13448=EDGE_CURVE('',#6233,#6234,#4669,.T.);
#13450=EDGE_CURVE('',#6242,#6234,#4664,.T.);
#13454=ADVANCED_FACE('',(#13453),#13444,.T.);
#13462=EDGE_CURVE('',#6234,#6233,#4674,.T.);
#13467=ADVANCED_FACE('',(#13466),#13459,.T.);
#13477=ADVANCED_FACE('',(#13476),#13472,.T.);
#13483=EDGE_CURVE('',#6237,#6238,#4679,.T.);
#13485=EDGE_CURVE('',#6238,#6237,#4684,.T.);
#13489=ADVANCED_FACE('',(#13488),#13482,.T.);
#13496=EDGE_CURVE('',#6245,#6237,#4688,.T.);
#13499=EDGE_CURVE('',#6246,#6238,#4692,.T.);
#13503=ADVANCED_FACE('',(#13502),#13494,.T.);
#13515=ADVANCED_FACE('',(#13514),#13508,.T.);
#13522=EDGE_CURVE('',#6345,#6337,#4696,.T.);
#13524=EDGE_CURVE('',#6337,#6338,#4705,.T.);
#13526=EDGE_CURVE('',#6346,#6338,#4700,.T.);
#13530=ADVANCED_FACE('',(#13529),#13520,.T.);
#13538=EDGE_CURVE('',#6338,#6337,#4710,.T.);
#13543=ADVANCED_FACE('',(#13542),#13535,.T.);
#13553=ADVANCED_FACE('',(#13552),#13548,.T.);
#13559=EDGE_CURVE('',#6341,#6342,#4715,.T.);
#13561=EDGE_CURVE('',#6342,#6341,#4720,.T.);
#13565=ADVANCED_FACE('',(#13564),#13558,.T.);
#13572=EDGE_CURVE('',#6349,#6341,#4724,.T.);
#13575=EDGE_CURVE('',#6350,#6342,#4728,.T.);
#13579=ADVANCED_FACE('',(#13578),#13570,.T.);
#13591=ADVANCED_FACE('',(#13590),#13584,.T.);
#13598=EDGE_CURVE('',#6361,#6353,#4732,.T.);
#13600=EDGE_CURVE('',#6353,#6354,#4741,.T.);
#13602=EDGE_CURVE('',#6362,#6354,#4736,.T.);
#13606=ADVANCED_FACE('',(#13605),#13596,.T.);
#13614=EDGE_CURVE('',#6354,#6353,#4746,.T.);
#13619=ADVANCED_FACE('',(#13618),#13611,.T.);
#13629=ADVANCED_FACE('',(#13628),#13624,.T.);
#13635=EDGE_CURVE('',#6357,#6358,#4751,.T.);
#13637=EDGE_CURVE('',#6358,#6357,#4756,.T.);
#13641=ADVANCED_FACE('',(#13640),#13634,.T.);
#13648=EDGE_CURVE('',#6365,#6357,#4760,.T.);
#13651=EDGE_CURVE('',#6366,#6358,#4764,.T.);
#13655=ADVANCED_FACE('',(#13654),#13646,.T.);
#13667=ADVANCED_FACE('',(#13666),#13660,.T.);
#13674=EDGE_CURVE('',#6473,#6465,#4768,.T.);
#13676=EDGE_CURVE('',#6465,#6466,#4777,.T.);
#13678=EDGE_CURVE('',#6474,#6466,#4772,.T.);
#13682=ADVANCED_FACE('',(#13681),#13672,.T.);
#13690=EDGE_CURVE('',#6466,#6465,#4782,.T.);
#13695=ADVANCED_FACE('',(#13694),#13687,.T.);
#13705=ADVANCED_FACE('',(#13704),#13700,.T.);
#13711=EDGE_CURVE('',#6469,#6470,#4787,.T.);
#13713=EDGE_CURVE('',#6470,#6469,#4792,.T.);
#13717=ADVANCED_FACE('',(#13716),#13710,.T.);
#13724=EDGE_CURVE('',#6477,#6469,#4796,.T.);
#13727=EDGE_CURVE('',#6478,#6470,#4800,.T.);
#13731=ADVANCED_FACE('',(#13730),#13722,.T.);
#13743=ADVANCED_FACE('',(#13742),#13736,.T.);
#13750=EDGE_CURVE('',#6489,#6481,#4804,.T.);
#13752=EDGE_CURVE('',#6481,#6482,#4813,.T.);
#13754=EDGE_CURVE('',#6490,#6482,#4808,.T.);
#13758=ADVANCED_FACE('',(#13757),#13748,.T.);
#13766=EDGE_CURVE('',#6482,#6481,#4818,.T.);
#13771=ADVANCED_FACE('',(#13770),#13763,.T.);
#13781=ADVANCED_FACE('',(#13780),#13776,.T.);
#13787=EDGE_CURVE('',#6485,#6486,#4823,.T.);
#13789=EDGE_CURVE('',#6486,#6485,#4828,.T.);
#13793=ADVANCED_FACE('',(#13792),#13786,.T.);
#13800=EDGE_CURVE('',#6493,#6485,#4832,.T.);
#13803=EDGE_CURVE('',#6494,#6486,#4836,.T.);
#13807=ADVANCED_FACE('',(#13806),#13798,.T.);
#13819=ADVANCED_FACE('',(#13818),#13812,.T.);
#13826=EDGE_CURVE('',#6505,#6497,#4840,.T.);
#13828=EDGE_CURVE('',#6497,#6498,#4849,.T.);
#13830=EDGE_CURVE('',#6506,#6498,#4844,.T.);
#13834=ADVANCED_FACE('',(#13833),#13824,.T.);
#13842=EDGE_CURVE('',#6498,#6497,#4854,.T.);
#13847=ADVANCED_FACE('',(#13846),#13839,.T.);
#13857=ADVANCED_FACE('',(#13856),#13852,.T.);
#13863=EDGE_CURVE('',#6501,#6502,#4859,.T.);
#13865=EDGE_CURVE('',#6502,#6501,#4864,.T.);
#13869=ADVANCED_FACE('',(#13868),#13862,.T.);
#13876=EDGE_CURVE('',#6509,#6501,#4868,.T.);
#13879=EDGE_CURVE('',#6510,#6502,#4872,.T.);
#13883=ADVANCED_FACE('',(#13882),#13874,.T.);
#13895=ADVANCED_FACE('',(#13894),#13888,.T.);
#13902=EDGE_CURVE('',#6762,#6686,#4881,.T.);
#13905=EDGE_CURVE('',#6761,#6685,#4904,.T.);
#13909=ADVANCED_FACE('',(#13908),#13900,.F.);
#13915=EDGE_CURVE('',#6765,#6766,#4891,.T.);
#13917=EDGE_CURVE('',#6682,#6765,#4918,.T.);
#13920=EDGE_CURVE('',#6681,#6766,#4895,.T.);
#13924=ADVANCED_FACE('',(#13923),#13914,.F.);
#13936=ADVANCED_FACE('',(#13935),#13929,.F.);
#13942=EDGE_CURVE('',#6766,#6765,#4914,.T.);
#13949=ADVANCED_FACE('',(#13948),#13941,.F.);
#13959=ADVANCED_FACE('',(#13958),#13954,.T.);
#13969=ADVANCED_FACE('',(#13968),#13964,.T.);
#13981=ADVANCED_FACE('',(#13980),#13974,.T.);
#13988=EDGE_CURVE('',#6093,#6097,#4922,.T.);
#13990=EDGE_CURVE('',#6098,#6093,#4926,.T.);
#13994=ADVANCED_FACE('',(#13993),#13986,.T.);
#14001=EDGE_CURVE('',#6094,#6101,#4938,.T.);
#14003=EDGE_CURVE('',#6093,#6094,#4930,.T.);
#14008=ADVANCED_FACE('',(#14007),#13999,.T.);
#14015=EDGE_CURVE('',#6102,#6094,#4934,.T.);
#14020=ADVANCED_FACE('',(#14019),#14013,.F.);
#14032=ADVANCED_FACE('',(#14031),#14025,.T.);
#14044=ADVANCED_FACE('',(#14043),#14037,.T.);
#14056=ADVANCED_FACE('',(#14055),#14049,.T.);
#14064=EDGE_CURVE('',#5511,#5514,#4946,.T.);
#14066=EDGE_CURVE('',#5506,#5514,#4950,.T.);
#14070=ADVANCED_FACE('',(#14069),#14061,.F.);
#14077=EDGE_CURVE('',#5514,#5512,#4942,.T.);
#14082=ADVANCED_FACE('',(#14081),#14075,.T.);
#14094=ADVANCED_FACE('',(#14093),#14087,.F.);
#14100=EDGE_CURVE('',#6541,#6542,#4955,.T.);
#14103=EDGE_CURVE('',#5582,#5558,#4959,.T.);
#14105=EDGE_CURVE('',#5558,#5614,#5097,.T.);
#14107=EDGE_CURVE('',#5622,#5614,#4963,.T.);
#14113=ADVANCED_FACE('',(#14112),#14099,.F.);
#14119=EDGE_CURVE('',#6538,#6537,#4972,.T.);
#14123=EDGE_CURVE('',#5610,#5620,#4980,.T.);
#14125=EDGE_CURVE('',#5550,#5610,#5032,.T.);
#14127=EDGE_CURVE('',#5550,#5570,#4984,.T.);
#14132=ADVANCED_FACE('',(#14131),#14118,.F.);
#14139=EDGE_CURVE('',#6551,#6556,#4989,.T.);
#14141=EDGE_CURVE('',#6554,#6556,#4994,.T.);
#14149=ADVANCED_FACE('',(#14144,#14148),#14137,.T.);
#14161=ADVANCED_FACE('',(#14160),#14154,.T.);
#14169=EDGE_CURVE('',#5549,#5550,#5028,.T.);
#14171=EDGE_CURVE('',#5549,#5568,#4998,.T.);
#14175=ADVANCED_FACE('',(#14174),#14166,.F.);
#14182=EDGE_CURVE('',#5580,#5557,#5002,.T.);
#14184=EDGE_CURVE('',#5557,#5558,#5102,.T.);
#14189=ADVANCED_FACE('',(#14188),#14180,.F.);
#14196=EDGE_CURVE('',#5545,#5546,#5011,.T.);
#14198=EDGE_CURVE('',#5546,#5594,#5015,.T.);
#14200=EDGE_CURVE('',#5594,#5592,#5019,.T.);
#14204=ADVANCED_FACE('',(#14203),#14194,.F.);
#14210=EDGE_CURVE('',#5608,#5549,#5023,.T.);
#14214=EDGE_CURVE('',#5608,#5610,#5036,.T.);
#14218=ADVANCED_FACE('',(#14217),#14209,.F.);
#14225=EDGE_CURVE('',#5546,#5562,#5056,.T.);
#14231=ADVANCED_FACE('',(#14230),#14223,.F.);
#14239=EDGE_CURVE('',#5553,#5554,#5085,.T.);
#14241=EDGE_CURVE('',#5574,#5554,#5068,.T.);
#14245=ADVANCED_FACE('',(#14244),#14236,.F.);
#14252=EDGE_CURVE('',#5600,#5594,#5052,.T.);
#14259=ADVANCED_FACE('',(#14258),#14250,.F.);
#14265=EDGE_CURVE('',#5554,#5598,#5080,.T.);
#14267=EDGE_CURVE('',#5598,#5602,#5060,.T.);
#14274=ADVANCED_FACE('',(#14273),#14264,.F.);
#14286=ADVANCED_FACE('',(#14285),#14279,.F.);
#14293=EDGE_CURVE('',#5598,#5596,#5076,.T.);
#14299=ADVANCED_FACE('',(#14298),#14291,.T.);
#14305=EDGE_CURVE('',#5612,#5557,#5089,.T.);
#14307=EDGE_CURVE('',#5612,#5614,#5093,.T.);
#14313=ADVANCED_FACE('',(#14312),#14304,.T.);
#14325=ADVANCED_FACE('',(#14324),#14318,.F.);
#14332=EDGE_CURVE('',#5608,#5616,#5106,.T.);
#14339=ADVANCED_FACE('',(#14338),#14330,.F.);
#14346=EDGE_CURVE('',#5618,#5612,#5118,.T.);
#14353=ADVANCED_FACE('',(#14352),#14344,.F.);
#14365=ADVANCED_FACE('',(#14364),#14358,.F.);
#14377=ADVANCED_FACE('',(#14376),#14370,.F.);
#14384=EDGE_CURVE('',#6558,#6548,#5123,.T.);
#14386=EDGE_CURVE('',#6558,#6545,#5128,.T.);
#14394=ADVANCED_FACE('',(#14389,#14393),#14382,.T.);
#14406=ADVANCED_FACE('',(#14405),#14399,.T.);
#14413=EDGE_CURVE('',#6524,#6532,#5133,.T.);
#14415=EDGE_CURVE('',#6526,#6532,#5138,.T.);
#14423=ADVANCED_FACE('',(#14418,#14422),#14411,.T.);
#14435=ADVANCED_FACE('',(#14434),#14428,.T.);
#14442=TRIMMED_CURVE('A_2',#14441,(PARAMETER_VALUE(0.E0)),(PARAMETER_VALUE
(1.E0)),.T.,.UNSPECIFIED.);
#14452=TRIMMED_CURVE('A_533',#14451,(PARAMETER_VALUE(0.E0)),(PARAMETER_VALUE(
1.E0)),.T.,.UNSPECIFIED.);
#14460=TRIMMED_CURVE('A_544',#14459,(PARAMETER_VALUE(0.E0)),(PARAMETER_VALUE(
1.E0)),.T.,.UNSPECIFIED.);
#14468=TRIMMED_CURVE('A_13',#14467,(PARAMETER_VALUE(0.E0)),(PARAMETER_VALUE
(1.E0)),.T.,.UNSPECIFIED.);
#14476=TRIMMED_CURVE('A_14',#14475,(PARAMETER_VALUE(0.E0)),(PARAMETER_VALUE
(1.E0)),.T.,.UNSPECIFIED.);
#14484=TRIMMED_CURVE('A_386',#14483,(PARAMETER_VALUE(0.E0)),(PARAMETER_VALUE(
1.E0)),.T.,.UNSPECIFIED.);
#14492=TRIMMED_CURVE('A_33',#14491,(PARAMETER_VALUE(0.E0)),(PARAMETER_VALUE
(1.E0)),.T.,.UNSPECIFIED.);
#14500=TRIMMED_CURVE('A_34',#14499,(PARAMETER_VALUE(0.E0)),(PARAMETER_VALUE
(1.E0)),.T.,.UNSPECIFIED.);
#14508=TRIMMED_CURVE('A_43',#14507,(PARAMETER_VALUE(0.E0)),(PARAMETER_VALUE
(1.E0)),.T.,.UNSPECIFIED.);
#14516=TRIMMED_CURVE('A_44',#14515,(PARAMETER_VALUE(0.E0)),(PARAMETER_VALUE
(1.E0)),.T.,.UNSPECIFIED.);
#14524=TRIMMED_CURVE('A_547',#14523,(PARAMETER_VALUE(0.E0)),(PARAMETER_VALUE(
1.E0)),.T.,.UNSPECIFIED.);
#14532=TRIMMED_CURVE('A_548',#14531,(PARAMETER_VALUE(0.E0)),(PARAMETER_VALUE(
1.E0)),.T.,.UNSPECIFIED.);
#14540=TRIMMED_CURVE('A_503',#14539,(PARAMETER_VALUE(0.E0)),(PARAMETER_VALUE(
1.E0)),.T.,.UNSPECIFIED.);
#14548=TRIMMED_CURVE('A_504',#14547,(PARAMETER_VALUE(0.E0)),(PARAMETER_VALUE(
1.E0)),.T.,.UNSPECIFIED.);
#14556=TRIMMED_CURVE('A_506',#14555,(PARAMETER_VALUE(0.E0)),(PARAMETER_VALUE(
1.E0)),.T.,.UNSPECIFIED.);
#14564=TRIMMED_CURVE('A_509',#14563,(PARAMETER_VALUE(0.E0)),(PARAMETER_VALUE(
1.E0)),.T.,.UNSPECIFIED.);
#14624=TRIMMED_CURVE('A_252',#14623,(PARAMETER_VALUE(0.E0)),(PARAMETER_VALUE(
1.E0)),.T.,.UNSPECIFIED.);
#14632=TRIMMED_CURVE('A_253',#14631,(PARAMETER_VALUE(0.E0)),(PARAMETER_VALUE(
1.E0)),.T.,.UNSPECIFIED.);
#14640=TRIMMED_CURVE('A_254',#14639,(PARAMETER_VALUE(0.E0)),(PARAMETER_VALUE(
1.E0)),.T.,.UNSPECIFIED.);
#14648=TRIMMED_CURVE('A_255',#14647,(PARAMETER_VALUE(0.E0)),(PARAMETER_VALUE(
1.E0)),.T.,.UNSPECIFIED.);
#14656=TRIMMED_CURVE('A_256',#14655,(PARAMETER_VALUE(0.E0)),(PARAMETER_VALUE(
1.E0)),.T.,.UNSPECIFIED.);
#14664=TRIMMED_CURVE('A_257',#14663,(PARAMETER_VALUE(0.E0)),(PARAMETER_VALUE(
1.E0)),.T.,.UNSPECIFIED.);
#14672=TRIMMED_CURVE('A_258',#14671,(PARAMETER_VALUE(0.E0)),(PARAMETER_VALUE(
1.E0)),.T.,.UNSPECIFIED.);
#14680=TRIMMED_CURVE('A_259',#14679,(PARAMETER_VALUE(0.E0)),(PARAMETER_VALUE(
1.E0)),.T.,.UNSPECIFIED.);
#14688=TRIMMED_CURVE('A_260',#14687,(PARAMETER_VALUE(0.E0)),(PARAMETER_VALUE(
1.E0)),.T.,.UNSPECIFIED.);
#14696=TRIMMED_CURVE('A_261',#14695,(PARAMETER_VALUE(0.E0)),(PARAMETER_VALUE(
1.E0)),.T.,.UNSPECIFIED.);
#14704=TRIMMED_CURVE('A_393',#14703,(PARAMETER_VALUE(0.E0)),(PARAMETER_VALUE(
1.E0)),.T.,.UNSPECIFIED.);
#14709=TRIMMED_CURVE('A_394',#14708,(PARAMETER_VALUE(0.E0)),(PARAMETER_VALUE(
1.E0)),.T.,.UNSPECIFIED.);
#14714=TRIMMED_CURVE('A_395',#14713,(PARAMETER_VALUE(0.E0)),(PARAMETER_VALUE(
1.E0)),.T.,.UNSPECIFIED.);
#14719=TRIMMED_CURVE('A_396',#14718,(PARAMETER_VALUE(0.E0)),(PARAMETER_VALUE(
1.E0)),.T.,.UNSPECIFIED.);
#14724=TRIMMED_CURVE('A_397',#14723,(PARAMETER_VALUE(0.E0)),(PARAMETER_VALUE(
1.E0)),.T.,.UNSPECIFIED.);
#14729=TRIMMED_CURVE('A_398',#14728,(PARAMETER_VALUE(0.E0)),(PARAMETER_VALUE(
1.E0)),.T.,.UNSPECIFIED.);
#14734=TRIMMED_CURVE('A_405',#14733,(PARAMETER_VALUE(0.E0)),(PARAMETER_VALUE(
1.E0)),.T.,.UNSPECIFIED.);
#14739=TRIMMED_CURVE('A_406',#14738,(PARAMETER_VALUE(0.E0)),(PARAMETER_VALUE(
1.E0)),.T.,.UNSPECIFIED.);
#14744=TRIMMED_CURVE('A_407',#14743,(PARAMETER_VALUE(0.E0)),(PARAMETER_VALUE(
1.E0)),.T.,.UNSPECIFIED.);
#14749=TRIMMED_CURVE('A_408',#14748,(PARAMETER_VALUE(0.E0)),(PARAMETER_VALUE(
1.E0)),.T.,.UNSPECIFIED.);
#14754=TRIMMED_CURVE('A_413',#14753,(PARAMETER_VALUE(0.E0)),(PARAMETER_VALUE(
1.E0)),.T.,.UNSPECIFIED.);
#14759=TRIMMED_CURVE('A_414',#14758,(PARAMETER_VALUE(0.E0)),(PARAMETER_VALUE(
1.E0)),.T.,.UNSPECIFIED.);
#14764=TRIMMED_CURVE('A_415',#14763,(PARAMETER_VALUE(0.E0)),(PARAMETER_VALUE(
1.E0)),.T.,.UNSPECIFIED.);
#14769=TRIMMED_CURVE('A_416',#14768,(PARAMETER_VALUE(0.E0)),(PARAMETER_VALUE(
1.E0)),.T.,.UNSPECIFIED.);
#14774=TRIMMED_CURVE('A_417',#14773,(PARAMETER_VALUE(0.E0)),(PARAMETER_VALUE(
1.E0)),.T.,.UNSPECIFIED.);
#14779=TRIMMED_CURVE('A_418',#14778,(PARAMETER_VALUE(0.E0)),(PARAMETER_VALUE(
1.E0)),.T.,.UNSPECIFIED.);
#14784=TRIMMED_CURVE('A_264',#14783,(PARAMETER_VALUE(0.E0)),(PARAMETER_VALUE(
1.E0)),.T.,.UNSPECIFIED.);
#14792=TRIMMED_CURVE('A_265',#14791,(PARAMETER_VALUE(0.E0)),(PARAMETER_VALUE(
1.E0)),.T.,.UNSPECIFIED.);
#14800=TRIMMED_CURVE('A_266',#14799,(PARAMETER_VALUE(0.E0)),(PARAMETER_VALUE(
1.E0)),.T.,.UNSPECIFIED.);
#14808=TRIMMED_CURVE('A_267',#14807,(PARAMETER_VALUE(0.E0)),(PARAMETER_VALUE(
1.E0)),.T.,.UNSPECIFIED.);
#14816=TRIMMED_CURVE('A_268',#14815,(PARAMETER_VALUE(0.E0)),(PARAMETER_VALUE(
1.E0)),.T.,.UNSPECIFIED.);
#14824=TRIMMED_CURVE('A_269',#14823,(PARAMETER_VALUE(0.E0)),(PARAMETER_VALUE(
1.E0)),.T.,.UNSPECIFIED.);
#14832=TRIMMED_CURVE('A_270',#14831,(PARAMETER_VALUE(0.E0)),(PARAMETER_VALUE(
1.E0)),.T.,.UNSPECIFIED.);
#14840=TRIMMED_CURVE('A_271',#14839,(PARAMETER_VALUE(0.E0)),(PARAMETER_VALUE(
1.E0)),.T.,.UNSPECIFIED.);
#14848=TRIMMED_CURVE('A_272',#14847,(PARAMETER_VALUE(0.E0)),(PARAMETER_VALUE(
1.E0)),.T.,.UNSPECIFIED.);
#14856=TRIMMED_CURVE('A_273',#14855,(PARAMETER_VALUE(0.E0)),(PARAMETER_VALUE(
1.E0)),.T.,.UNSPECIFIED.);
#14864=TRIMMED_CURVE('A_399',#14863,(PARAMETER_VALUE(0.E0)),(PARAMETER_VALUE(
1.E0)),.T.,.UNSPECIFIED.);
#14869=TRIMMED_CURVE('A_400',#14868,(PARAMETER_VALUE(0.E0)),(PARAMETER_VALUE(
1.E0)),.T.,.UNSPECIFIED.);
#14874=TRIMMED_CURVE('A_401',#14873,(PARAMETER_VALUE(0.E0)),(PARAMETER_VALUE(
1.E0)),.T.,.UNSPECIFIED.);
#14879=TRIMMED_CURVE('A_402',#14878,(PARAMETER_VALUE(0.E0)),(PARAMETER_VALUE(
1.E0)),.T.,.UNSPECIFIED.);
#14884=TRIMMED_CURVE('A_403',#14883,(PARAMETER_VALUE(0.E0)),(PARAMETER_VALUE(
1.E0)),.T.,.UNSPECIFIED.);
#14889=TRIMMED_CURVE('A_404',#14888,(PARAMETER_VALUE(0.E0)),(PARAMETER_VALUE(
1.E0)),.T.,.UNSPECIFIED.);
#14894=TRIMMED_CURVE('A_409',#14893,(PARAMETER_VALUE(0.E0)),(PARAMETER_VALUE(
1.E0)),.T.,.UNSPECIFIED.);
#14899=TRIMMED_CURVE('A_410',#14898,(PARAMETER_VALUE(0.E0)),(PARAMETER_VALUE(
1.E0)),.T.,.UNSPECIFIED.);
#14904=TRIMMED_CURVE('A_411',#14903,(PARAMETER_VALUE(0.E0)),(PARAMETER_VALUE(
1.E0)),.T.,.UNSPECIFIED.);
#14909=TRIMMED_CURVE('A_412',#14908,(PARAMETER_VALUE(0.E0)),(PARAMETER_VALUE(
1.E0)),.T.,.UNSPECIFIED.);
#14914=TRIMMED_CURVE('A_419',#14913,(PARAMETER_VALUE(0.E0)),(PARAMETER_VALUE(
1.E0)),.T.,.UNSPECIFIED.);
#14919=TRIMMED_CURVE('A_420',#14918,(PARAMETER_VALUE(0.E0)),(PARAMETER_VALUE(
1.E0)),.T.,.UNSPECIFIED.);
#14924=TRIMMED_CURVE('A_421',#14923,(PARAMETER_VALUE(0.E0)),(PARAMETER_VALUE(
1.E0)),.T.,.UNSPECIFIED.);
#14929=TRIMMED_CURVE('A_422',#14928,(PARAMETER_VALUE(0.E0)),(PARAMETER_VALUE(
1.E0)),.T.,.UNSPECIFIED.);
#14934=TRIMMED_CURVE('A_423',#14933,(PARAMETER_VALUE(0.E0)),(PARAMETER_VALUE(
1.E0)),.T.,.UNSPECIFIED.);
#14939=TRIMMED_CURVE('A_424',#14938,(PARAMETER_VALUE(0.E0)),(PARAMETER_VALUE(
1.E0)),.T.,.UNSPECIFIED.);
#14942=(LENGTH_UNIT()NAMED_UNIT(*)SI_UNIT(.MILLI.,.METRE.));
#14943=(NAMED_UNIT(*)PLANE_ANGLE_UNIT()SI_UNIT($,.RADIAN.));
#14946=(NAMED_UNIT(*)SI_UNIT($,.STERADIAN.)SOLID_ANGLE_UNIT());
#14948=(GEOMETRIC_REPRESENTATION_CONTEXT(3)GLOBAL_UNCERTAINTY_ASSIGNED_CONTEXT((
#14947))GLOBAL_UNIT_ASSIGNED_CONTEXT((#14942,#14945,#14946))REPRESENTATION_CONTEXT('ID1','3'));
#14949=ADVANCED_BREP_SHAPE_REPRESENTATION('',(#14437),#14948);
#14950=GEOMETRICALLY_BOUNDED_SURFACE_SHAPE_REPRESENTATION('',(#14447),#14948);
#14951=SHAPE_REPRESENTATION('',(#14571,#14575,#14579,#14583,#14587,#14591,
#14595,#14599,#14603,#14607,#14611,#14615,#14619),#14948);
#14961=PRODUCT_DEFINITION('part definition','',#14960,#14957);
#14962=PRODUCT_DEFINITION_SHAPE('','SHAPE FOR C-5499910-6.',#14961);
#14963=SHAPE_ASPECT('','solid data associated with C-5499910-6',#14962,.F.);
#14964=PROPERTY_DEFINITION('',
'shape for solid data with which properties are associated',#14963);
#14965=SHAPE_REPRESENTATION('',(#14437),#14948);
#14966=SHAPE_DEFINITION_REPRESENTATION(#14964,#14965);
#14967=(LENGTH_UNIT()NAMED_UNIT(*)SI_UNIT(.MILLI.,.METRE.));
#14971=PROPERTY_DEFINITION('geometric validation property',
'area of C-5499910-6',#14963);
#14972=REPRESENTATION('surface area',(#14970),#14948);
#14973=PROPERTY_DEFINITION_REPRESENTATION(#14971,#14972);
#14974=(LENGTH_UNIT()NAMED_UNIT(*)SI_UNIT(.MILLI.,.METRE.));
#14978=PROPERTY_DEFINITION('geometric validation property',
'volume of C-5499910-6',#14963);
#14979=REPRESENTATION('volume',(#14977),#14948);
#14980=PROPERTY_DEFINITION_REPRESENTATION(#14978,#14979);
#14982=PROPERTY_DEFINITION('geometric validation property',
'centroid of C-5499910-6',#14963);
#14983=REPRESENTATION('centroid',(#14981),#14948);
#14984=PROPERTY_DEFINITION_REPRESENTATION(#14982,#14983);
#14985=(LENGTH_UNIT()NAMED_UNIT(*)SI_UNIT(.MILLI.,.METRE.));
#14989=PROPERTY_DEFINITION('geometric validation property',
'area of C-5499910-6',#14962);
#14990=REPRESENTATION('surface area',(#14988),#14948);
#14991=PROPERTY_DEFINITION_REPRESENTATION(#14989,#14990);
#14992=(LENGTH_UNIT()NAMED_UNIT(*)SI_UNIT(.MILLI.,.METRE.));
#14996=PROPERTY_DEFINITION('geometric validation property',
'volume of C-5499910-6',#14962);
#14997=REPRESENTATION('volume',(#14995),#14948);
#14998=PROPERTY_DEFINITION_REPRESENTATION(#14996,#14997);
#15000=PROPERTY_DEFINITION('geometric validation property',
'centroid of C-5499910-6',#14962);
#15001=REPRESENTATION('centroid',(#14999),#14948);
#15002=PROPERTY_DEFINITION_REPRESENTATION(#15000,#15001);
#15003=SHAPE_DEFINITION_REPRESENTATION(#14962,#14951);
ENDSEC;
END-ISO-10303-21;
