                                                                        S0000001
,,31HOpen CASCADE IGES processor 7.7,13HFilename.iges,                  G0000001
16HOpen CASCADE 7.7,31HOpen CASCADE IGES processor 7.7,32,308,15,308,15,G0000002
,1.,2,2HMM,1,0.01,15H20250307.065655,1E-07,26.7,6HSYSTEM,,11,0,         G0000003
15H20250307.065655,;                                                    G0000004
     402       1       0       0       0       0       0       000000000D0000001
     402       0       0       5       1                  G2R_24        D0000002
     144       6       0       0       0       0       0       000020000D0000003
     144       0       0       1       0                               0D0000004
     108       7       0       0       0       0       0       000010000D0000005
     108       0       0       1       0                               0D0000006
     142       8       0       0       0       0       0       000010500D0000007
     142       0       0       1       0                               0D0000008
     102       9       0       0       0       0       0       000010000D0000009
     102       0       0       1       0                               0D0000010
     110      10       0       0       0       0       0       000010000D0000011
     110       0       0       1       0                               0D0000012
     110      11       0       0       0       0       0       000010000D0000013
     110       0       0       1       0                               0D0000014
     110      12       0       0       0       0       0       000010000D0000015
     110       0       0       1       0                               0D0000016
     110      13       0       0       0       0       0       000010000D0000017
     110       0       0       1       0                               0D0000018
     144      14       0       0       0       0       0       000020000D0000019
     144       0       0       1       0                               0D0000020
     108      15       0       0       0       0       0       000010000D0000021
     108       0       0       1       0                               0D0000022
     142      16       0       0       0       0       0       000010500D0000023
     142       0       0       1       0                               0D0000024
     102      17       0       0       0       0       0       000010000D0000025
     102       0       0       1       0                               0D0000026
     110      18       0       0       0       0       0       000010000D0000027
     110       0       0       1       0                               0D0000028
     110      19       0       0       0       0       0       000010000D0000029
     110       0       0       1       0                               0D0000030
     110      20       0       0       0       0       0       000010000D0000031
     110       0       0       1       0                               0D0000032
     110      21       0       0       0       0       0       000010000D0000033
     110       0       0       1       0                               0D0000034
     144      22       0       0       0       0       0       000020000D0000035
     144       0       0       1       0                               0D0000036
     108      23       0       0       0       0       0       000010000D0000037
     108       0       0       1       0                               0D0000038
     142      24       0       0       0       0       0       000010500D0000039
     142       0       0       1       0                               0D0000040
     102      25       0       0       0       0       0       000010000D0000041
     102       0       0       1       0                               0D0000042
     110      26       0       0       0       0       0       000010000D0000043
     110       0       0       1       0                               0D0000044
     110      27       0       0       0       0       0       000010000D0000045
     110       0       0       1       0                               0D0000046
     110      28       0       0       0       0       0       000010000D0000047
     110       0       0       1       0                               0D0000048
     110      29       0       0       0       0       0       000010000D0000049
     110       0       0       1       0                               0D0000050
     144      30       0       0       0       0       0       000020000D0000051
     144       0       0       1       0                               0D0000052
     108      31       0       0       0       0       0       000010000D0000053
     108       0       0       1       0                               0D0000054
     142      32       0       0       0       0       0       000010500D0000055
     142       0       0       1       0                               0D0000056
     102      33       0       0       0       0       0       000010000D0000057
     102       0       0       1       0                               0D0000058
     110      34       0       0       0       0       0       000010000D0000059
     110       0       0       1       0                               0D0000060
     110      35       0       0       0       0       0       000010000D0000061
     110       0       0       1       0                               0D0000062
     110      36       0       0       0       0       0       000010000D0000063
     110       0       0       1       0                               0D0000064
     110      37       0       0       0       0       0       000010000D0000065
     110       0       0       1       0                               0D0000066
     144      38       0       0       0       0       0       000020000D0000067
     144       0       0       1       0                               0D0000068
     108      39       0       0       0       0       0       000010000D0000069
     108       0       0       1       0                               0D0000070
     142      40       0       0       0       0       0       000010500D0000071
     142       0       0       1       0                               0D0000072
     102      41       0       0       0       0       0       000010000D0000073
     102       0       0       1       0                               0D0000074
     110      42       0       0       0       0       0       000010000D0000075
     110       0       0       1       0                               0D0000076
     110      43       0       0       0       0       0       000010000D0000077
     110       0       0       1       0                               0D0000078
     110      44       0       0       0       0       0       000010000D0000079
     110       0       0       1       0                               0D0000080
     110      45       0       0       0       0       0       000010000D0000081
     110       0       0       1       0                               0D0000082
     142      46       0       0       0       0       0       000010500D0000083
     142       0       0       1       0                               0D0000084
     102      47       0       0       0       0       0       000010000D0000085
     102       0       0       1       0                               0D0000086
     110      48       0       0       0       0       0       000010000D0000087
     110       0       0       1       0                               0D0000088
     110      49       0       0       0       0       0       000010000D0000089
     110       0       0       1       0                               0D0000090
     110      50       0       0       0       0       0       000010000D0000091
     110       0       0       1       0                               0D0000092
     110      51       0       0       0       0       0       000010000D0000093
     110       0       0       1       0                               0D0000094
     142      52       0       0       0       0       0       000010500D0000095
     142       0       0       1       0                               0D0000096
     102      53       0       0       0       0       0       000010000D0000097
     102       0       0       1       0                               0D0000098
     110      54       0       0       0       0       0       000010000D0000099
     110       0       0       1       0                               0D0000100
     110      55       0       0       0       0       0       000010000D0000101
     110       0       0       1       0                               0D0000102
     110      56       0       0       0       0       0       000010000D0000103
     110       0       0       1       0                               0D0000104
     110      57       0       0       0       0       0       000010000D0000105
     110       0       0       1       0                               0D0000106
     142      58       0       0       0       0       0       000010500D0000107
     142       0       0       1       0                               0D0000108
     102      59       0       0       0       0       0       000010000D0000109
     102       0       0       1       0                               0D0000110
     110      60       0       0       0       0       0       000010000D0000111
     110       0       0       1       0                               0D0000112
     110      61       0       0       0       0       0       000010000D0000113
     110       0       0       1       0                               0D0000114
     110      62       0       0       0       0       0       000010000D0000115
     110       0       0       1       0                               0D0000116
     110      63       0       0       0       0       0       000010000D0000117
     110       0       0       1       0                               0D0000118
     142      64       0       0       0       0       0       000010500D0000119
     142       0       0       1       0                               0D0000120
     102      65       0       0       0       0       0       000010000D0000121
     102       0       0       1       0                               0D0000122
     110      66       0       0       0       0       0       000010000D0000123
     110       0       0       1       0                               0D0000124
     110      67       0       0       0       0       0       000010000D0000125
     110       0       0       1       0                               0D0000126
     110      68       0       0       0       0       0       000010000D0000127
     110       0       0       1       0                               0D0000128
     110      69       0       0       0       0       0       000010000D0000129
     110       0       0       1       0                               0D0000130
     142      70       0       0       0       0       0       000010500D0000131
     142       0       0       1       0                               0D0000132
     102      71       0       0       0       0       0       000010000D0000133
     102       0       0       1       0                               0D0000134
     110      72       0       0       0       0       0       000010000D0000135
     110       0       0       1       0                               0D0000136
     110      73       0       0       0       0       0       000010000D0000137
     110       0       0       1       0                               0D0000138
     110      74       0       0       0       0       0       000010000D0000139
     110       0       0       1       0                               0D0000140
     110      75       0       0       0       0       0       000010000D0000141
     110       0       0       1       0                               0D0000142
     142      76       0       0       0       0       0       000010500D0000143
     142       0       0       1       0                               0D0000144
     102      77       0       0       0       0       0       000010000D0000145
     102       0       0       1       0                               0D0000146
     110      78       0       0       0       0       0       000010000D0000147
     110       0       0       1       0                               0D0000148
     110      79       0       0       0       0       0       000010000D0000149
     110       0       0       1       0                               0D0000150
     110      80       0       0       0       0       0       000010000D0000151
     110       0       0       1       0                               0D0000152
     110      81       0       0       0       0       0       000010000D0000153
     110       0       0       1       0                               0D0000154
     142      82       0       0       0       0       0       000010500D0000155
     142       0       0       1       0                               0D0000156
     102      83       0       0       0       0       0       000010000D0000157
     102       0       0       1       0                               0D0000158
     110      84       0       0       0       0       0       000010000D0000159
     110       0       0       1       0                               0D0000160
     110      85       0       0       0       0       0       000010000D0000161
     110       0       0       1       0                               0D0000162
     110      86       0       0       0       0       0       000010000D0000163
     110       0       0       1       0                               0D0000164
     110      87       0       0       0       0       0       000010000D0000165
     110       0       0       1       0                               0D0000166
     142      88       0       0       0       0       0       000010500D0000167
     142       0       0       1       0                               0D0000168
     102      89       0       0       0       0       0       000010000D0000169
     102       0       0       1       0                               0D0000170
     110      90       0       0       0       0       0       000010000D0000171
     110       0       0       1       0                               0D0000172
     110      91       0       0       0       0       0       000010000D0000173
     110       0       0       1       0                               0D0000174
     110      92       0       0       0       0       0       000010000D0000175
     110       0       0       1       0                               0D0000176
     110      93       0       0       0       0       0       000010000D0000177
     110       0       0       1       0                               0D0000178
     142      94       0       0       0       0       0       000010500D0000179
     142       0       0       1       0                               0D0000180
     102      95       0       0       0       0       0       000010000D0000181
     102       0       0       1       0                               0D0000182
     110      96       0       0       0       0       0       000010000D0000183
     110       0       0       1       0                               0D0000184
     110      97       0       0       0       0       0       000010000D0000185
     110       0       0       1       0                               0D0000186
     110      98       0       0       0       0       0       000010000D0000187
     110       0       0       1       0                               0D0000188
     110      99       0       0       0       0       0       000010000D0000189
     110       0       0       1       0                               0D0000190
     142     100       0       0       0       0       0       000010500D0000191
     142       0       0       1       0                               0D0000192
     102     101       0       0       0       0       0       000010000D0000193
     102       0       0       1       0                               0D0000194
     110     102       0       0       0       0       0       000010000D0000195
     110       0       0       1       0                               0D0000196
     110     103       0       0       0       0       0       000010000D0000197
     110       0       0       1       0                               0D0000198
     110     104       0       0       0       0       0       000010000D0000199
     110       0       0       1       0                               0D0000200
     110     105       0       0       0       0       0       000010000D0000201
     110       0       0       1       0                               0D0000202
     142     106       0       0       0       0       0       000010500D0000203
     142       0       0       1       0                               0D0000204
     102     107       0       0       0       0       0       000010000D0000205
     102       0       0       1       0                               0D0000206
     110     108       0       0       0       0       0       000010000D0000207
     110       0       0       1       0                               0D0000208
     110     109       0       0       0       0       0       000010000D0000209
     110       0       0       1       0                               0D0000210
     110     110       0       0       0       0       0       000010000D0000211
     110       0       0       1       0                               0D0000212
     110     111       0       0       0       0       0       000010000D0000213
     110       0       0       1       0                               0D0000214
     144     112       0       0       0       0       0       000020000D0000215
     144       0       0       1       0                               0D0000216
     108     113       0       0       0       0       0       000010000D0000217
     108       0       0       1       0                               0D0000218
     142     114       0       0       0       0       0       000010500D0000219
     142       0       0       1       0                               0D0000220
     102     115       0       0       0       0       0       000010000D0000221
     102       0       0       1       0                               0D0000222
     110     116       0       0       0       0       0       000010000D0000223
     110       0       0       1       0                               0D0000224
     110     117       0       0       0       0       0       000010000D0000225
     110       0       0       1       0                               0D0000226
     110     118       0       0       0       0       0       000010000D0000227
     110       0       0       1       0                               0D0000228
     110     119       0       0       0       0       0       000010000D0000229
     110       0       0       1       0                               0D0000230
     144     120       0       0       0       0       0       000020000D0000231
     144       0       0       1       0                               0D0000232
     108     121       0       0       0       0       0       000010000D0000233
     108       0       0       1       0                               0D0000234
     142     122       0       0       0       0       0       000010500D0000235
     142       0       0       1       0                               0D0000236
     102     123       0       0       0       0       0       000010000D0000237
     102       0       0       1       0                               0D0000238
     110     124       0       0       0       0       0       000010000D0000239
     110       0       0       1       0                               0D0000240
     110     125       0       0       0       0       0       000010000D0000241
     110       0       0       1       0                               0D0000242
     110     126       0       0       0       0       0       000010000D0000243
     110       0       0       1       0                               0D0000244
     110     127       0       0       0       0       0       000010000D0000245
     110       0       0       1       0                               0D0000246
     144     128       0       0       0       0       0       000020000D0000247
     144       0       0       1       0                               0D0000248
     108     129       0       0       0       0       0       000010000D0000249
     108       0       0       1       0                               0D0000250
     142     130       0       0       0       0       0       000010500D0000251
     142       0       0       1       0                               0D0000252
     102     131       0       0       0       0       0       000010000D0000253
     102       0       0       1       0                               0D0000254
     110     132       0       0       0       0       0       000010000D0000255
     110       0       0       1       0                               0D0000256
     110     133       0       0       0       0       0       000010000D0000257
     110       0       0       1       0                               0D0000258
     110     134       0       0       0       0       0       000010000D0000259
     110       0       0       1       0                               0D0000260
     110     135       0       0       0       0       0       000010000D0000261
     110       0       0       1       0                               0D0000262
     110     136       0       0       0       0       0       000010000D0000263
     110       0       0       1       0                               0D0000264
     110     137       0       0       0       0       0       000010000D0000265
     110       0       0       1       0                               0D0000266
     110     138       0       0       0       0       0       000010000D0000267
     110       0       0       1       0                               0D0000268
     110     139       0       0       0       0       0       000010000D0000269
     110       0       0       1       0                               0D0000270
     144     140       0       0       0       0       0       000020000D0000271
     144       0       0       1       0                               0D0000272
     108     141       0       0       0       0       0       000010000D0000273
     108       0       0       1       0                               0D0000274
     142     142       0       0       0       0       0       000010500D0000275
     142       0       0       1       0                               0D0000276
     102     143       0       0       0       0       0       000010000D0000277
     102       0       0       1       0                               0D0000278
     110     144       0       0       0       0       0       000010000D0000279
     110       0       0       1       0                               0D0000280
     110     145       0       0       0       0       0       000010000D0000281
     110       0       0       1       0                               0D0000282
     110     146       0       0       0       0       0       000010000D0000283
     110       0       0       1       0                               0D0000284
     110     147       0       0       0       0       0       000010000D0000285
     110       0       0       1       0                               0D0000286
     144     148       0       0       0       0       0       000020000D0000287
     144       0       0       1       0                               0D0000288
     108     149       0       0       0       0       0       000010000D0000289
     108       0       0       1       0                               0D0000290
     142     150       0       0       0       0       0       000010500D0000291
     142       0       0       1       0                               0D0000292
     102     151       0       0       0       0       0       000010000D0000293
     102       0       0       1       0                               0D0000294
     110     152       0       0       0       0       0       000010000D0000295
     110       0       0       1       0                               0D0000296
     110     153       0       0       0       0       0       000010000D0000297
     110       0       0       1       0                               0D0000298
     110     154       0       0       0       0       0       000010000D0000299
     110       0       0       1       0                               0D0000300
     110     155       0       0       0       0       0       000010000D0000301
     110       0       0       1       0                               0D0000302
     144     156       0       0       0       0       0       000020000D0000303
     144       0       0       1       0                               0D0000304
     108     157       0       0       0       0       0       000010000D0000305
     108       0       0       1       0                               0D0000306
     142     158       0       0       0       0       0       000010500D0000307
     142       0       0       1       0                               0D0000308
     102     159       0       0       0       0       0       000010000D0000309
     102       0       0       1       0                               0D0000310
     110     160       0       0       0       0       0       000010000D0000311
     110       0       0       1       0                               0D0000312
     110     161       0       0       0       0       0       000010000D0000313
     110       0       0       1       0                               0D0000314
     110     162       0       0       0       0       0       000010000D0000315
     110       0       0       1       0                               0D0000316
     110     163       0       0       0       0       0       000010000D0000317
     110       0       0       1       0                               0D0000318
     144     164       0       0       0       0       0       000020000D0000319
     144       0       0       1       0                               0D0000320
     108     165       0       0       0       0       0       000010000D0000321
     108       0       0       1       0                               0D0000322
     142     166       0       0       0       0       0       000010500D0000323
     142       0       0       1       0                               0D0000324
     102     167       0       0       0       0       0       000010000D0000325
     102       0       0       1       0                               0D0000326
     110     168       0       0       0       0       0       000010000D0000327
     110       0       0       1       0                               0D0000328
     110     169       0       0       0       0       0       000010000D0000329
     110       0       0       1       0                               0D0000330
     110     170       0       0       0       0       0       000010000D0000331
     110       0       0       1       0                               0D0000332
     110     171       0       0       0       0       0       000010000D0000333
     110       0       0       1       0                               0D0000334
     144     172       0       0       0       0       0       000020000D0000335
     144       0       0       1       0                               0D0000336
     108     173       0       0       0       0       0       000010000D0000337
     108       0       0       1       0                               0D0000338
     142     174       0       0       0       0       0       000010500D0000339
     142       0       0       1       0                               0D0000340
     102     175       0       0       0       0       0       000010000D0000341
     102       0       0       1       0                               0D0000342
     110     176       0       0       0       0       0       000010000D0000343
     110       0       0       1       0                               0D0000344
     110     177       0       0       0       0       0       000010000D0000345
     110       0       0       1       0                               0D0000346
     110     178       0       0       0       0       0       000010000D0000347
     110       0       0       1       0                               0D0000348
     110     179       0       0       0       0       0       000010000D0000349
     110       0       0       1       0                               0D0000350
     144     180       0       0       0       0       0       000020000D0000351
     144       0       0       1       0                               0D0000352
     108     181       0       0       0       0       0       000010000D0000353
     108       0       0       1       0                               0D0000354
     142     182       0       0       0       0       0       000010500D0000355
     142       0       0       1       0                               0D0000356
     102     183       0       0       0       0       0       000010000D0000357
     102       0       0       1       0                               0D0000358
     110     184       0       0       0       0       0       000010000D0000359
     110       0       0       1       0                               0D0000360
     110     185       0       0       0       0       0       000010000D0000361
     110       0       0       1       0                               0D0000362
     110     186       0       0       0       0       0       000010000D0000363
     110       0       0       1       0                               0D0000364
     110     187       0       0       0       0       0       000010000D0000365
     110       0       0       1       0                               0D0000366
     144     188       0       0       0       0       0       000020000D0000367
     144       0       0       1       0                               0D0000368
     108     189       0       0       0       0       0       000010000D0000369
     108       0       0       1       0                               0D0000370
     142     190       0       0       0       0       0       000010500D0000371
     142       0       0       1       0                               0D0000372
     102     191       0       0       0       0       0       000010000D0000373
     102       0       0       1       0                               0D0000374
     110     192       0       0       0       0       0       000010000D0000375
     110       0       0       1       0                               0D0000376
     110     193       0       0       0       0       0       000010000D0000377
     110       0       0       1       0                               0D0000378
     110     194       0       0       0       0       0       000010000D0000379
     110       0       0       1       0                               0D0000380
     110     195       0       0       0       0       0       000010000D0000381
     110       0       0       1       0                               0D0000382
     144     196       0       0       0       0       0       000020000D0000383
     144       0       0       1       0                               0D0000384
     108     197       0       0       0       0       0       000010000D0000385
     108       0       0       1       0                               0D0000386
     142     198       0       0       0       0       0       000010500D0000387
     142       0       0       1       0                               0D0000388
     102     199       0       0       0       0       0       000010000D0000389
     102       0       0       1       0                               0D0000390
     110     200       0       0       0       0       0       000010000D0000391
     110       0       0       1       0                               0D0000392
     110     201       0       0       0       0       0       000010000D0000393
     110       0       0       1       0                               0D0000394
     110     202       0       0       0       0       0       000010000D0000395
     110       0       0       1       0                               0D0000396
     110     203       0       0       0       0       0       000010000D0000397
     110       0       0       1       0                               0D0000398
     144     204       0       0       0       0       0       000020000D0000399
     144       0       0       1       0                               0D0000400
     108     205       0       0       0       0       0       000010000D0000401
     108       0       0       1       0                               0D0000402
     142     206       0       0       0       0       0       000010500D0000403
     142       0       0       1       0                               0D0000404
     102     207       0       0       0       0       0       000010000D0000405
     102       0       0       1       0                               0D0000406
     110     208       0       0       0       0       0       000010000D0000407
     110       0       0       1       0                               0D0000408
     110     209       0       0       0       0       0       000010000D0000409
     110       0       0       1       0                               0D0000410
     110     210       0       0       0       0       0       000010000D0000411
     110       0       0       1       0                               0D0000412
     110     211       0       0       0       0       0       000010000D0000413
     110       0       0       1       0                               0D0000414
     144     212       0       0       0       0       0       000020000D0000415
     144       0       0       1       0                               0D0000416
     108     213       0       0       0       0       0       000010000D0000417
     108       0       0       1       0                               0D0000418
     142     214       0       0       0       0       0       000010500D0000419
     142       0       0       1       0                               0D0000420
     102     215       0       0       0       0       0       000010000D0000421
     102       0       0       1       0                               0D0000422
     110     216       0       0       0       0       0       000010000D0000423
     110       0       0       1       0                               0D0000424
     110     217       0       0       0       0       0       000010000D0000425
     110       0       0       1       0                               0D0000426
     110     218       0       0       0       0       0       000010000D0000427
     110       0       0       1       0                               0D0000428
     110     219       0       0       0       0       0       000010000D0000429
     110       0       0       1       0                               0D0000430
     144     220       0       0       0       0       0       000020000D0000431
     144       0       0       1       0                               0D0000432
     108     221       0       0       0       0       0       000010000D0000433
     108       0       0       1       0                               0D0000434
     142     222       0       0       0       0       0       000010500D0000435
     142       0       0       1       0                               0D0000436
     102     223       0       0       0       0       0       000010000D0000437
     102       0       0       1       0                               0D0000438
     110     224       0       0       0       0       0       000010000D0000439
     110       0       0       1       0                               0D0000440
     110     225       0       0       0       0       0       000010000D0000441
     110       0       0       1       0                               0D0000442
     110     226       0       0       0       0       0       000010000D0000443
     110       0       0       1       0                               0D0000444
     110     227       0       0       0       0       0       000010000D0000445
     110       0       0       1       0                               0D0000446
     144     228       0       0       0       0       0       000020000D0000447
     144       0       0       1       0                               0D0000448
     108     229       0       0       0       0       0       000010000D0000449
     108       0       0       1       0                               0D0000450
     142     230       0       0       0       0       0       000010500D0000451
     142       0       0       1       0                               0D0000452
     102     231       0       0       0       0       0       000010000D0000453
     102       0       0       1       0                               0D0000454
     110     232       0       0       0       0       0       000010000D0000455
     110       0       0       1       0                               0D0000456
     110     233       0       0       0       0       0       000010000D0000457
     110       0       0       1       0                               0D0000458
     110     234       0       0       0       0       0       000010000D0000459
     110       0       0       1       0                               0D0000460
     110     235       0       0       0       0       0       000010000D0000461
     110       0       0       1       0                               0D0000462
     144     236       0       0       0       0       0       000020000D0000463
     144       0       0       1       0                               0D0000464
     108     237       0       0       0       0       0       000010000D0000465
     108       0       0       1       0                               0D0000466
     142     238       0       0       0       0       0       000010500D0000467
     142       0       0       1       0                               0D0000468
     102     239       0       0       0       0       0       000010000D0000469
     102       0       0       1       0                               0D0000470
     110     240       0       0       0       0       0       000010000D0000471
     110       0       0       1       0                               0D0000472
     110     241       0       0       0       0       0       000010000D0000473
     110       0       0       1       0                               0D0000474
     110     242       0       0       0       0       0       000010000D0000475
     110       0       0       1       0                               0D0000476
     110     243       0       0       0       0       0       000010000D0000477
     110       0       0       1       0                               0D0000478
     144     244       0       0       0       0       0       000020000D0000479
     144       0       0       1       0                               0D0000480
     108     245       0       0       0       0       0       000010000D0000481
     108       0       0       1       0                               0D0000482
     142     246       0       0       0       0       0       000010500D0000483
     142       0       0       1       0                               0D0000484
     102     247       0       0       0       0       0       000010000D0000485
     102       0       0       1       0                               0D0000486
     110     248       0       0       0       0       0       000010000D0000487
     110       0       0       1       0                               0D0000488
     110     249       0       0       0       0       0       000010000D0000489
     110       0       0       1       0                               0D0000490
     110     250       0       0       0       0       0       000010000D0000491
     110       0       0       1       0                               0D0000492
     110     251       0       0       0       0       0       000010000D0000493
     110       0       0       1       0                               0D0000494
     144     252       0       0       0       0       0       000020000D0000495
     144       0       0       1       0                               0D0000496
     108     253       0       0       0       0       0       000010000D0000497
     108       0       0       1       0                               0D0000498
     142     254       0       0       0       0       0       000010500D0000499
     142       0       0       1       0                               0D0000500
     102     255       0       0       0       0       0       000010000D0000501
     102       0       0       1       0                               0D0000502
     110     256       0       0       0       0       0       000010000D0000503
     110       0       0       1       0                               0D0000504
     110     257       0       0       0       0       0       000010000D0000505
     110       0       0       1       0                               0D0000506
     110     258       0       0       0       0       0       000010000D0000507
     110       0       0       1       0                               0D0000508
     110     259       0       0       0       0       0       000010000D0000509
     110       0       0       1       0                               0D0000510
     144     260       0       0       0       0       0       000020000D0000511
     144       0       0       1       0                               0D0000512
     108     261       0       0       0       0       0       000010000D0000513
     108       0       0       1       0                               0D0000514
     142     262       0       0       0       0       0       000010500D0000515
     142       0       0       1       0                               0D0000516
     102     263       0       0       0       0       0       000010000D0000517
     102       0       0       1       0                               0D0000518
     110     264       0       0       0       0       0       000010000D0000519
     110       0       0       1       0                               0D0000520
     110     265       0       0       0       0       0       000010000D0000521
     110       0       0       1       0                               0D0000522
     110     266       0       0       0       0       0       000010000D0000523
     110       0       0       1       0                               0D0000524
     110     267       0       0       0       0       0       000010000D0000525
     110       0       0       1       0                               0D0000526
     144     268       0       0       0       0       0       000020000D0000527
     144       0       0       1       0                               0D0000528
     108     269       0       0       0       0       0       000010000D0000529
     108       0       0       1       0                               0D0000530
     142     270       0       0       0       0       0       000010500D0000531
     142       0       0       1       0                               0D0000532
     102     271       0       0       0       0       0       000010000D0000533
     102       0       0       1       0                               0D0000534
     110     272       0       0       0       0       0       000010000D0000535
     110       0       0       1       0                               0D0000536
     110     273       0       0       0       0       0       000010000D0000537
     110       0       0       1       0                               0D0000538
     110     274       0       0       0       0       0       000010000D0000539
     110       0       0       1       0                               0D0000540
     110     275       0       0       0       0       0       000010000D0000541
     110       0       0       1       0                               0D0000542
     144     276       0       0       0       0       0       000020000D0000543
     144       0       0       1       0                               0D0000544
     108     277       0       0       0       0       0       000010000D0000545
     108       0       0       1       0                               0D0000546
     142     278       0       0       0       0       0       000010500D0000547
     142       0       0       1       0                               0D0000548
     102     279       0       0       0       0       0       000010000D0000549
     102       0       0       1       0                               0D0000550
     110     280       0       0       0       0       0       000010000D0000551
     110       0       0       1       0                               0D0000552
     110     281       0       0       0       0       0       000010000D0000553
     110       0       0       1       0                               0D0000554
     110     282       0       0       0       0       0       000010000D0000555
     110       0       0       1       0                               0D0000556
     110     283       0       0       0       0       0       000010000D0000557
     110       0       0       1       0                               0D0000558
     144     284       0       0       0       0       0       000020000D0000559
     144       0       0       1       0                               0D0000560
     108     285       0       0       0       0       0       000010000D0000561
     108       0       0       1       0                               0D0000562
     142     286       0       0       0       0       0       000010500D0000563
     142       0       0       1       0                               0D0000564
     102     287       0       0       0       0       0       000010000D0000565
     102       0       0       1       0                               0D0000566
     110     288       0       0       0       0       0       000010000D0000567
     110       0       0       1       0                               0D0000568
     110     289       0       0       0       0       0       000010000D0000569
     110       0       0       1       0                               0D0000570
     110     290       0       0       0       0       0       000010000D0000571
     110       0       0       1       0                               0D0000572
     110     291       0       0       0       0       0       000010000D0000573
     110       0       0       1       0                               0D0000574
     144     292       0       0       0       0       0       000020000D0000575
     144       0       0       1       0                               0D0000576
     108     293       0       0       0       0       0       000010000D0000577
     108       0       0       1       0                               0D0000578
     142     294       0       0       0       0       0       000010500D0000579
     142       0       0       1       0                               0D0000580
     102     295       0       0       0       0       0       000010000D0000581
     102       0       0       1       0                               0D0000582
     110     296       0       0       0       0       0       000010000D0000583
     110       0       0       1       0                               0D0000584
     110     297       0       0       0       0       0       000010000D0000585
     110       0       0       1       0                               0D0000586
     110     298       0       0       0       0       0       000010000D0000587
     110       0       0       1       0                               0D0000588
     110     299       0       0       0       0       0       000010000D0000589
     110       0       0       1       0                               0D0000590
     144     300       0       0       0       0       0       000020000D0000591
     144       0       0       1       0                               0D0000592
     108     301       0       0       0       0       0       000010000D0000593
     108       0       0       1       0                               0D0000594
     142     302       0       0       0       0       0       000010500D0000595
     142       0       0       1       0                               0D0000596
     102     303       0       0       0       0       0       000010000D0000597
     102       0       0       1       0                               0D0000598
     110     304       0       0       0       0       0       000010000D0000599
     110       0       0       1       0                               0D0000600
     110     305       0       0       0       0       0       000010000D0000601
     110       0       0       1       0                               0D0000602
     110     306       0       0       0       0       0       000010000D0000603
     110       0       0       1       0                               0D0000604
     110     307       0       0       0       0       0       000010000D0000605
     110       0       0       1       0                               0D0000606
     144     308       0       0       0       0       0       000020000D0000607
     144       0       0       1       0                               0D0000608
     108     309       0       0       0       0       0       000010000D0000609
     108       0       0       1       0                               0D0000610
     142     310       0       0       0       0       0       000010500D0000611
     142       0       0       1       0                               0D0000612
     102     311       0       0       0       0       0       000010000D0000613
     102       0       0       1       0                               0D0000614
     110     312       0       0       0       0       0       000010000D0000615
     110       0       0       1       0                               0D0000616
     110     313       0       0       0       0       0       000010000D0000617
     110       0       0       1       0                               0D0000618
     110     314       0       0       0       0       0       000010000D0000619
     110       0       0       1       0                               0D0000620
     110     315       0       0       0       0       0       000010000D0000621
     110       0       0       1       0                               0D0000622
     144     316       0       0       0       0       0       000020000D0000623
     144       0       0       1       0                               0D0000624
     108     317       0       0       0       0       0       000010000D0000625
     108       0       0       1       0                               0D0000626
     142     318       0       0       0       0       0       000010500D0000627
     142       0       0       1       0                               0D0000628
     102     319       0       0       0       0       0       000010000D0000629
     102       0       0       1       0                               0D0000630
     110     320       0       0       0       0       0       000010000D0000631
     110       0       0       1       0                               0D0000632
     110     321       0       0       0       0       0       000010000D0000633
     110       0       0       1       0                               0D0000634
     110     322       0       0       0       0       0       000010000D0000635
     110       0       0       1       0                               0D0000636
     110     323       0       0       0       0       0       000010000D0000637
     110       0       0       1       0                               0D0000638
     144     324       0       0       0       0       0       000020000D0000639
     144       0       0       1       0                               0D0000640
     108     325       0       0       0       0       0       000010000D0000641
     108       0       0       1       0                               0D0000642
     142     326       0       0       0       0       0       000010500D0000643
     142       0       0       1       0                               0D0000644
     102     327       0       0       0       0       0       000010000D0000645
     102       0       0       1       0                               0D0000646
     110     328       0       0       0       0       0       000010000D0000647
     110       0       0       1       0                               0D0000648
     110     329       0       0       0       0       0       000010000D0000649
     110       0       0       1       0                               0D0000650
     110     330       0       0       0       0       0       000010000D0000651
     110       0       0       1       0                               0D0000652
     110     331       0       0       0       0       0       000010000D0000653
     110       0       0       1       0                               0D0000654
     144     332       0       0       0       0       0       000020000D0000655
     144       0       0       1       0                               0D0000656
     108     333       0       0       0       0       0       000010000D0000657
     108       0       0       1       0                               0D0000658
     142     334       0       0       0       0       0       000010500D0000659
     142       0       0       1       0                               0D0000660
     102     335       0       0       0       0       0       000010000D0000661
     102       0       0       1       0                               0D0000662
     110     336       0       0       0       0       0       000010000D0000663
     110       0       0       1       0                               0D0000664
     110     337       0       0       0       0       0       000010000D0000665
     110       0       0       1       0                               0D0000666
     110     338       0       0       0       0       0       000010000D0000667
     110       0       0       1       0                               0D0000668
     110     339       0       0       0       0       0       000010000D0000669
     110       0       0       1       0                               0D0000670
     144     340       0       0       0       0       0       000020000D0000671
     144       0       0       1       0                               0D0000672
     108     341       0       0       0       0       0       000010000D0000673
     108       0       0       1       0                               0D0000674
     142     342       0       0       0       0       0       000010500D0000675
     142       0       0       1       0                               0D0000676
     102     343       0       0       0       0       0       000010000D0000677
     102       0       0       1       0                               0D0000678
     110     344       0       0       0       0       0       000010000D0000679
     110       0       0       1       0                               0D0000680
     110     345       0       0       0       0       0       000010000D0000681
     110       0       0       1       0                               0D0000682
     110     346       0       0       0       0       0       000010000D0000683
     110       0       0       1       0                               0D0000684
     110     347       0       0       0       0       0       000010000D0000685
     110       0       0       1       0                               0D0000686
     144     348       0       0       0       0       0       000020000D0000687
     144       0       0       1       0                               0D0000688
     108     349       0       0       0       0       0       000010000D0000689
     108       0       0       1       0                               0D0000690
     142     350       0       0       0       0       0       000010500D0000691
     142       0       0       1       0                               0D0000692
     102     351       0       0       0       0       0       000010000D0000693
     102       0       0       1       0                               0D0000694
     110     352       0       0       0       0       0       000010000D0000695
     110       0       0       1       0                               0D0000696
     110     353       0       0       0       0       0       000010000D0000697
     110       0       0       1       0                               0D0000698
     110     354       0       0       0       0       0       000010000D0000699
     110       0       0       1       0                               0D0000700
     110     355       0       0       0       0       0       000010000D0000701
     110       0       0       1       0                               0D0000702
     144     356       0       0       0       0       0       000020000D0000703
     144       0       0       1       0                               0D0000704
     108     357       0       0       0       0       0       000010000D0000705
     108       0       0       1       0                               0D0000706
     142     358       0       0       0       0       0       000010500D0000707
     142       0       0       1       0                               0D0000708
     102     359       0       0       0       0       0       000010000D0000709
     102       0       0       1       0                               0D0000710
     110     360       0       0       0       0       0       000010000D0000711
     110       0       0       1       0                               0D0000712
     110     361       0       0       0       0       0       000010000D0000713
     110       0       0       1       0                               0D0000714
     110     362       0       0       0       0       0       000010000D0000715
     110       0       0       1       0                               0D0000716
     110     363       0       0       0       0       0       000010000D0000717
     110       0       0       1       0                               0D0000718
     144     364       0       0       0       0       0       000020000D0000719
     144       0       0       1       0                               0D0000720
     108     365       0       0       0       0       0       000010000D0000721
     108       0       0       1       0                               0D0000722
     142     366       0       0       0       0       0       000010500D0000723
     142       0       0       1       0                               0D0000724
     102     367       0       0       0       0       0       000010000D0000725
     102       0       0       1       0                               0D0000726
     110     368       0       0       0       0       0       000010000D0000727
     110       0       0       1       0                               0D0000728
     110     369       0       0       0       0       0       000010000D0000729
     110       0       0       1       0                               0D0000730
     110     370       0       0       0       0       0       000010000D0000731
     110       0       0       1       0                               0D0000732
     110     371       0       0       0       0       0       000010000D0000733
     110       0       0       1       0                               0D0000734
     144     372       0       0       0       0       0       000020000D0000735
     144       0       0       1       0                               0D0000736
     108     373       0       0       0       0       0       000010000D0000737
     108       0       0       1       0                               0D0000738
     142     374       0       0       0       0       0       000010500D0000739
     142       0       0       1       0                               0D0000740
     102     375       0       0       0       0       0       000010000D0000741
     102       0       0       1       0                               0D0000742
     110     376       0       0       0       0       0       000010000D0000743
     110       0       0       1       0                               0D0000744
     110     377       0       0       0       0       0       000010000D0000745
     110       0       0       1       0                               0D0000746
     110     378       0       0       0       0       0       000010000D0000747
     110       0       0       1       0                               0D0000748
     110     379       0       0       0       0       0       000010000D0000749
     110       0       0       1       0                               0D0000750
     144     380       0       0       0       0       0       000020000D0000751
     144       0       0       1       0                               0D0000752
     108     381       0       0       0       0       0       000010000D0000753
     108       0       0       1       0                               0D0000754
     142     382       0       0       0       0       0       000010500D0000755
     142       0       0       1       0                               0D0000756
     102     383       0       0       0       0       0       000010000D0000757
     102       0       0       1       0                               0D0000758
     110     384       0       0       0       0       0       000010000D0000759
     110       0       0       1       0                               0D0000760
     110     385       0       0       0       0       0       000010000D0000761
     110       0       0       1       0                               0D0000762
     110     386       0       0       0       0       0       000010000D0000763
     110       0       0       1       0                               0D0000764
     110     387       0       0       0       0       0       000010000D0000765
     110       0       0       1       0                               0D0000766
     144     388       0       0       0       0       0       000020000D0000767
     144       0       0       1       0                               0D0000768
     108     389       0       0       0       0       0       000010000D0000769
     108       0       0       1       0                               0D0000770
     142     390       0       0       0       0       0       000010500D0000771
     142       0       0       1       0                               0D0000772
     102     391       0       0       0       0       0       000010000D0000773
     102       0       0       1       0                               0D0000774
     110     392       0       0       0       0       0       000010000D0000775
     110       0       0       1       0                               0D0000776
     110     393       0       0       0       0       0       000010000D0000777
     110       0       0       1       0                               0D0000778
     110     394       0       0       0       0       0       000010000D0000779
     110       0       0       1       0                               0D0000780
     110     395       0       0       0       0       0       000010000D0000781
     110       0       0       1       0                               0D0000782
     144     396       0       0       0       0       0       000020000D0000783
     144       0       0       1       0                               0D0000784
     108     397       0       0       0       0       0       000010000D0000785
     108       0       0       1       0                               0D0000786
     142     398       0       0       0       0       0       000010500D0000787
     142       0       0       1       0                               0D0000788
     102     399       0       0       0       0       0       000010000D0000789
     102       0       0       1       0                               0D0000790
     110     400       0       0       0       0       0       000010000D0000791
     110       0       0       1       0                               0D0000792
     110     401       0       0       0       0       0       000010000D0000793
     110       0       0       1       0                               0D0000794
     110     402       0       0       0       0       0       000010000D0000795
     110       0       0       1       0                               0D0000796
     110     403       0       0       0       0       0       000010000D0000797
     110       0       0       1       0                               0D0000798
     144     404       0       0       0       0       0       000020000D0000799
     144       0       0       1       0                               0D0000800
     108     405       0       0       0       0       0       000010000D0000801
     108       0       0       1       0                               0D0000802
     142     406       0       0       0       0       0       000010500D0000803
     142       0       0       1       0                               0D0000804
     102     407       0       0       0       0       0       000010000D0000805
     102       0       0       1       0                               0D0000806
     110     408       0       0       0       0       0       000010000D0000807
     110       0       0       1       0                               0D0000808
     110     409       0       0       0       0       0       000010000D0000809
     110       0       0       1       0                               0D0000810
     110     410       0       0       0       0       0       000010000D0000811
     110       0       0       1       0                               0D0000812
     110     411       0       0       0       0       0       000010000D0000813
     110       0       0       1       0                               0D0000814
     144     412       0       0       0       0       0       000020000D0000815
     144       0       0       1       0                               0D0000816
     108     413       0       0       0       0       0       000010000D0000817
     108       0       0       1       0                               0D0000818
     142     414       0       0       0       0       0       000010500D0000819
     142       0       0       1       0                               0D0000820
     102     415       0       0       0       0       0       000010000D0000821
     102       0       0       1       0                               0D0000822
     110     416       0       0       0       0       0       000010000D0000823
     110       0       0       1       0                               0D0000824
     110     417       0       0       0       0       0       000010000D0000825
     110       0       0       1       0                               0D0000826
     110     418       0       0       0       0       0       000010000D0000827
     110       0       0       1       0                               0D0000828
     110     419       0       0       0       0       0       000010000D0000829
     110       0       0       1       0                               0D0000830
     144     420       0       0       0       0       0       000020000D0000831
     144       0       0       1       0                               0D0000832
     108     421       0       0       0       0       0       000010000D0000833
     108       0       0       1       0                               0D0000834
     142     422       0       0       0       0       0       000010500D0000835
     142       0       0       1       0                               0D0000836
     102     423       0       0       0       0       0       000010000D0000837
     102       0       0       1       0                               0D0000838
     110     424       0       0       0       0       0       000010000D0000839
     110       0       0       1       0                               0D0000840
     110     425       0       0       0       0       0       000010000D0000841
     110       0       0       1       0                               0D0000842
     110     426       0       0       0       0       0       000010000D0000843
     110       0       0       1       0                               0D0000844
     110     427       0       0       0       0       0       000010000D0000845
     110       0       0       1       0                               0D0000846
     144     428       0       0       0       0       0       000020000D0000847
     144       0       0       1       0                               0D0000848
     108     429       0       0       0       0       0       000010000D0000849
     108       0       0       1       0                               0D0000850
     142     430       0       0       0       0       0       000010500D0000851
     142       0       0       1       0                               0D0000852
     102     431       0       0       0       0       0       000010000D0000853
     102       0       0       1       0                               0D0000854
     110     432       0       0       0       0       0       000010000D0000855
     110       0       0       1       0                               0D0000856
     110     433       0       0       0       0       0       000010000D0000857
     110       0       0       1       0                               0D0000858
     110     434       0       0       0       0       0       000010000D0000859
     110       0       0       1       0                               0D0000860
     110     435       0       0       0       0       0       000010000D0000861
     110       0       0       1       0                               0D0000862
     144     436       0       0       0       0       0       000020000D0000863
     144       0       0       1       0                               0D0000864
     108     437       0       0       0       0       0       000010000D0000865
     108       0       0       1       0                               0D0000866
     142     438       0       0       0       0       0       000010500D0000867
     142       0       0       1       0                               0D0000868
     102     439       0       0       0       0       0       000010000D0000869
     102       0       0       1       0                               0D0000870
     110     440       0       0       0       0       0       000010000D0000871
     110       0       0       1       0                               0D0000872
     110     441       0       0       0       0       0       000010000D0000873
     110       0       0       1       0                               0D0000874
     110     442       0       0       0       0       0       000010000D0000875
     110       0       0       1       0                               0D0000876
     110     443       0       0       0       0       0       000010000D0000877
     110       0       0       1       0                               0D0000878
     144     444       0       0       0       0       0       000020000D0000879
     144       0       0       1       0                               0D0000880
     108     445       0       0       0       0       0       000010000D0000881
     108       0       0       1       0                               0D0000882
     142     446       0       0       0       0       0       000010500D0000883
     142       0       0       1       0                               0D0000884
     102     447       0       0       0       0       0       000010000D0000885
     102       0       0       1       0                               0D0000886
     110     448       0       0       0       0       0       000010000D0000887
     110       0       0       1       0                               0D0000888
     110     449       0       0       0       0       0       000010000D0000889
     110       0       0       1       0                               0D0000890
     110     450       0       0       0       0       0       000010000D0000891
     110       0       0       1       0                               0D0000892
     110     451       0       0       0       0       0       000010000D0000893
     110       0       0       1       0                               0D0000894
     144     452       0       0       0       0       0       000020000D0000895
     144       0       0       1       0                               0D0000896
     108     453       0       0       0       0       0       000010000D0000897
     108       0       0       1       0                               0D0000898
     142     454       0       0       0       0       0       000010500D0000899
     142       0       0       1       0                               0D0000900
     102     455       0       0       0       0       0       000010000D0000901
     102       0       0       1       0                               0D0000902
     110     456       0       0       0       0       0       000010000D0000903
     110       0       0       1       0                               0D0000904
     110     457       0       0       0       0       0       000010000D0000905
     110       0       0       1       0                               0D0000906
     110     458       0       0       0       0       0       000010000D0000907
     110       0       0       1       0                               0D0000908
     110     459       0       0       0       0       0       000010000D0000909
     110       0       0       1       0                               0D0000910
     144     460       0       0       0       0       0       000020000D0000911
     144       0       0       1       0                               0D0000912
     108     461       0       0       0       0       0       000010000D0000913
     108       0       0       1       0                               0D0000914
     142     462       0       0       0       0       0       000010500D0000915
     142       0       0       1       0                               0D0000916
     102     463       0       0       0       0       0       000010000D0000917
     102       0       0       1       0                               0D0000918
     110     464       0       0       0       0       0       000010000D0000919
     110       0       0       1       0                               0D0000920
     110     465       0       0       0       0       0       000010000D0000921
     110       0       0       1       0                               0D0000922
     110     466       0       0       0       0       0       000010000D0000923
     110       0       0       1       0                               0D0000924
     110     467       0       0       0       0       0       000010000D0000925
     110       0       0       1       0                               0D0000926
     144     468       0       0       0       0       0       000020000D0000927
     144       0       0       1       0                               0D0000928
     108     469       0       0       0       0       0       000010000D0000929
     108       0       0       1       0                               0D0000930
     142     470       0       0       0       0       0       000010500D0000931
     142       0       0       1       0                               0D0000932
     102     471       0       0       0       0       0       000010000D0000933
     102       0       0       1       0                               0D0000934
     110     472       0       0       0       0       0       000010000D0000935
     110       0       0       1       0                               0D0000936
     110     473       0       0       0       0       0       000010000D0000937
     110       0       0       1       0                               0D0000938
     110     474       0       0       0       0       0       000010000D0000939
     110       0       0       1       0                               0D0000940
     110     475       0       0       0       0       0       000010000D0000941
     110       0       0       1       0                               0D0000942
     144     476       0       0       0       0       0       000020000D0000943
     144       0       0       1       0                               0D0000944
     108     477       0       0       0       0       0       000010000D0000945
     108       0       0       1       0                               0D0000946
     142     478       0       0       0       0       0       000010500D0000947
     142       0       0       1       0                               0D0000948
     102     479       0       0       0       0       0       000010000D0000949
     102       0       0       1       0                               0D0000950
     110     480       0       0       0       0       0       000010000D0000951
     110       0       0       1       0                               0D0000952
     110     481       0       0       0       0       0       000010000D0000953
     110       0       0       1       0                               0D0000954
     110     482       0       0       0       0       0       000010000D0000955
     110       0       0       1       0                               0D0000956
     110     483       0       0       0       0       0       000010000D0000957
     110       0       0       1       0                               0D0000958
     144     484       0       0       0       0       0       000020000D0000959
     144       0       0       1       0                               0D0000960
     108     485       0       0       0       0       0       000010000D0000961
     108       0       0       1       0                               0D0000962
     142     486       0       0       0       0       0       000010500D0000963
     142       0       0       1       0                               0D0000964
     102     487       0       0       0       0       0       000010000D0000965
     102       0       0       1       0                               0D0000966
     110     488       0       0       0       0       0       000010000D0000967
     110       0       0       1       0                               0D0000968
     110     489       0       0       0       0       0       000010000D0000969
     110       0       0       1       0                               0D0000970
     110     490       0       0       0       0       0       000010000D0000971
     110       0       0       1       0                               0D0000972
     110     491       0       0       0       0       0       000010000D0000973
     110       0       0       1       0                               0D0000974
     144     492       0       0       0       0       0       000020000D0000975
     144       0       0       1       0                               0D0000976
     108     493       0       0       0       0       0       000010000D0000977
     108       0       0       1       0                               0D0000978
     142     494       0       0       0       0       0       000010500D0000979
     142       0       0       1       0                               0D0000980
     102     495       0       0       0       0       0       000010000D0000981
     102       0       0       1       0                               0D0000982
     110     496       0       0       0       0       0       000010000D0000983
     110       0       0       1       0                               0D0000984
     110     497       0       0       0       0       0       000010000D0000985
     110       0       0       1       0                               0D0000986
     110     498       0       0       0       0       0       000010000D0000987
     110       0       0       1       0                               0D0000988
     110     499       0       0       0       0       0       000010000D0000989
     110       0       0       1       0                               0D0000990
     144     500       0       0       0       0       0       000020000D0000991
     144       0       0       1       0                               0D0000992
     108     501       0       0       0       0       0       000010000D0000993
     108       0       0       1       0                               0D0000994
     142     502       0       0       0       0       0       000010500D0000995
     142       0       0       1       0                               0D0000996
     102     503       0       0       0       0       0       000010000D0000997
     102       0       0       1       0                               0D0000998
     110     504       0       0       0       0       0       000010000D0000999
     110       0       0       1       0                               0D0001000
     110     505       0       0       0       0       0       000010000D0001001
     110       0       0       1       0                               0D0001002
     110     506       0       0       0       0       0       000010000D0001003
     110       0       0       1       0                               0D0001004
     110     507       0       0       0       0       0       000010000D0001005
     110       0       0       1       0                               0D0001006
     110     508       0       0       0       0       0       000010000D0001007
     110       0       0       1       0                               0D0001008
     110     509       0       0       0       0       0       000010000D0001009
     110       0       0       1       0                               0D0001010
     110     510       0       0       0       0       0       000010000D0001011
     110       0       0       1       0                               0D0001012
     110     511       0       0       0       0       0       000010000D0001013
     110       0       0       1       0                               0D0001014
     144     512       0       0       0       0       0       000020000D0001015
     144       0       0       1       0                               0D0001016
     108     513       0       0       0       0       0       000010000D0001017
     108       0       0       1       0                               0D0001018
     142     514       0       0       0       0       0       000010500D0001019
     142       0       0       1       0                               0D0001020
     102     515       0       0       0       0       0       000010000D0001021
     102       0       0       1       0                               0D0001022
     110     516       0       0       0       0       0       000010000D0001023
     110       0       0       1       0                               0D0001024
     110     517       0       0       0       0       0       000010000D0001025
     110       0       0       1       0                               0D0001026
     110     518       0       0       0       0       0       000010000D0001027
     110       0       0       1       0                               0D0001028
     110     519       0       0       0       0       0       000010000D0001029
     110       0       0       1       0                               0D0001030
     144     520       0       0       0       0       0       000020000D0001031
     144       0       0       1       0                               0D0001032
     108     521       0       0       0       0       0       000010000D0001033
     108       0       0       1       0                               0D0001034
     142     522       0       0       0       0       0       000010500D0001035
     142       0       0       1       0                               0D0001036
     102     523       0       0       0       0       0       000010000D0001037
     102       0       0       1       0                               0D0001038
     110     524       0       0       0       0       0       000010000D0001039
     110       0       0       1       0                               0D0001040
     110     525       0       0       0       0       0       000010000D0001041
     110       0       0       1       0                               0D0001042
     110     526       0       0       0       0       0       000010000D0001043
     110       0       0       1       0                               0D0001044
     110     527       0       0       0       0       0       000010000D0001045
     110       0       0       1       0                               0D0001046
     144     528       0       0       0       0       0       000020000D0001047
     144       0       0       1       0                               0D0001048
     108     529       0       0       0       0       0       000010000D0001049
     108       0       0       1       0                               0D0001050
     142     530       0       0       0       0       0       000010500D0001051
     142       0       0       1       0                               0D0001052
     102     531       0       0       0       0       0       000010000D0001053
     102       0       0       1       0                               0D0001054
     110     532       0       0       0       0       0       000010000D0001055
     110       0       0       1       0                               0D0001056
     110     533       0       0       0       0       0       000010000D0001057
     110       0       0       1       0                               0D0001058
     110     534       0       0       0       0       0       000010000D0001059
     110       0       0       1       0                               0D0001060
     110     535       0       0       0       0       0       000010000D0001061
     110       0       0       1       0                               0D0001062
     144     536       0       0       0       0       0       000020000D0001063
     144       0       0       1       0                               0D0001064
     108     537       0       0       0       0       0       000010000D0001065
     108       0       0       1       0                               0D0001066
     142     538       0       0       0       0       0       000010500D0001067
     142       0       0       1       0                               0D0001068
     102     539       0       0       0       0       0       000010000D0001069
     102       0       0       1       0                               0D0001070
     110     540       0       0       0       0       0       000010000D0001071
     110       0       0       1       0                               0D0001072
     110     541       0       0       0       0       0       000010000D0001073
     110       0       0       1       0                               0D0001074
     110     542       0       0       0       0       0       000010000D0001075
     110       0       0       1       0                               0D0001076
     110     543       0       0       0       0       0       000010000D0001077
     110       0       0       1       0                               0D0001078
     144     544       0       0       0       0       0       000020000D0001079
     144       0       0       1       0                               0D0001080
     108     545       0       0       0       0       0       000010000D0001081
     108       0       0       1       0                               0D0001082
     142     546       0       0       0       0       0       000010500D0001083
     142       0       0       1       0                               0D0001084
     102     547       0       0       0       0       0       000010000D0001085
     102       0       0       1       0                               0D0001086
     110     548       0       0       0       0       0       000010000D0001087
     110       0       0       1       0                               0D0001088
     110     549       0       0       0       0       0       000010000D0001089
     110       0       0       1       0                               0D0001090
     110     550       0       0       0       0       0       000010000D0001091
     110       0       0       1       0                               0D0001092
     110     551       0       0       0       0       0       000010000D0001093
     110       0       0       1       0                               0D0001094
     144     552       0       0       0       0       0       000020000D0001095
     144       0       0       1       0                               0D0001096
     108     553       0       0       0       0       0       000010000D0001097
     108       0       0       1       0                               0D0001098
     142     554       0       0       0       0       0       000010500D0001099
     142       0       0       1       0                               0D0001100
     102     555       0       0       0       0       0       000010000D0001101
     102       0       0       1       0                               0D0001102
     110     556       0       0       0       0       0       000010000D0001103
     110       0       0       1       0                               0D0001104
     110     557       0       0       0       0       0       000010000D0001105
     110       0       0       1       0                               0D0001106
     110     558       0       0       0       0       0       000010000D0001107
     110       0       0       1       0                               0D0001108
     110     559       0       0       0       0       0       000010000D0001109
     110       0       0       1       0                               0D0001110
     144     560       0       0       0       0       0       000020000D0001111
     144       0       0       1       0                               0D0001112
     108     561       0       0       0       0       0       000010000D0001113
     108       0       0       1       0                               0D0001114
     142     562       0       0       0       0       0       000010500D0001115
     142       0       0       1       0                               0D0001116
     102     563       0       0       0       0       0       000010000D0001117
     102       0       0       1       0                               0D0001118
     110     564       0       0       0       0       0       000010000D0001119
     110       0       0       1       0                               0D0001120
     110     565       0       0       0       0       0       000010000D0001121
     110       0       0       1       0                               0D0001122
     110     566       0       0       0       0       0       000010000D0001123
     110       0       0       1       0                               0D0001124
     110     567       0       0       0       0       0       000010000D0001125
     110       0       0       1       0                               0D0001126
     144     568       0       0       0       0       0       000020000D0001127
     144       0       0       1       0                               0D0001128
     108     569       0       0       0       0       0       000010000D0001129
     108       0       0       1       0                               0D0001130
     142     570       0       0       0       0       0       000010500D0001131
     142       0       0       1       0                               0D0001132
     102     571       0       0       0       0       0       000010000D0001133
     102       0       0       1       0                               0D0001134
     110     572       0       0       0       0       0       000010000D0001135
     110       0       0       1       0                               0D0001136
     110     573       0       0       0       0       0       000010000D0001137
     110       0       0       1       0                               0D0001138
     110     574       0       0       0       0       0       000010000D0001139
     110       0       0       1       0                               0D0001140
     110     575       0       0       0       0       0       000010000D0001141
     110       0       0       1       0                               0D0001142
     144     576       0       0       0       0       0       000020000D0001143
     144       0       0       1       0                               0D0001144
     108     577       0       0       0       0       0       000010000D0001145
     108       0       0       1       0                               0D0001146
     142     578       0       0       0       0       0       000010500D0001147
     142       0       0       1       0                               0D0001148
     102     579       0       0       0       0       0       000010000D0001149
     102       0       0       1       0                               0D0001150
     110     580       0       0       0       0       0       000010000D0001151
     110       0       0       1       0                               0D0001152
     110     581       0       0       0       0       0       000010000D0001153
     110       0       0       1       0                               0D0001154
     110     582       0       0       0       0       0       000010000D0001155
     110       0       0       1       0                               0D0001156
     110     583       0       0       0       0       0       000010000D0001157
     110       0       0       1       0                               0D0001158
     144     584       0       0       0       0       0       000020000D0001159
     144       0       0       1       0                               0D0001160
     108     585       0       0       0       0       0       000010000D0001161
     108       0       0       1       0                               0D0001162
     142     586       0       0       0       0       0       000010500D0001163
     142       0       0       1       0                               0D0001164
     102     587       0       0       0       0       0       000010000D0001165
     102       0       0       1       0                               0D0001166
     110     588       0       0       0       0       0       000010000D0001167
     110       0       0       1       0                               0D0001168
     110     589       0       0       0       0       0       000010000D0001169
     110       0       0       1       0                               0D0001170
     110     590       0       0       0       0       0       000010000D0001171
     110       0       0       1       0                               0D0001172
     110     591       0       0       0       0       0       000010000D0001173
     110       0       0       1       0                               0D0001174
     144     592       0       0       0       0       0       000020000D0001175
     144       0       0       1       0                               0D0001176
     108     593       0       0       0       0       0       000010000D0001177
     108       0       0       1       0                               0D0001178
     142     594       0       0       0       0       0       000010500D0001179
     142       0       0       1       0                               0D0001180
     102     595       0       0       0       0       0       000010000D0001181
     102       0       0       1       0                               0D0001182
     110     596       0       0       0       0       0       000010000D0001183
     110       0       0       1       0                               0D0001184
     110     597       0       0       0       0       0       000010000D0001185
     110       0       0       1       0                               0D0001186
     110     598       0       0       0       0       0       000010000D0001187
     110       0       0       1       0                               0D0001188
     110     599       0       0       0       0       0       000010000D0001189
     110       0       0       1       0                               0D0001190
     406     600       0       0       0       0       0       000000000D0001191
     406       0       0       1      15                               0D0001192
402,65,3,19,35,51,67,215,231,247,271,287,303,319,335,351,367,    0000001P0000001
383,399,415,431,447,463,479,495,511,527,543,559,575,591,607,623, 0000001P0000002
639,655,671,687,703,719,735,751,767,783,799,815,831,847,863,879, 0000001P0000003
895,911,927,943,959,975,991,1015,1031,1047,1063,1079,1095,1111,  0000001P0000004
1127,1143,1159,1175,0,1,1191;                                    0000001P0000005
144,5,1,0,7;                                                     0000003P0000006
108,-0.,-0.,-1.,8.,0,24.75,-5.118033989,-8.,0.;                  0000005P0000007
142,0,5,0,9,2;                                                   0000007P0000008
102,4,11,13,15,17;                                               0000009P0000009
110,25.25,-4.,-8.,24.75,-4.,-8.;                                 0000011P0000010
110,24.75,-4.,-8.,24.75,0.5,-8.;                                 0000013P0000011
110,24.75,0.5,-8.,25.25,0.5,-8.;                                 0000015P0000012
110,25.25,0.5,-8.,25.25,-4.,-8.;                                 0000017P0000013
144,21,1,0,23;                                                   0000019P0000014
108,1.,-0.,-0.,25.25,0,25.25,-5.118033989,-7.,0.;                0000021P0000015
142,0,21,0,25,2;                                                 0000023P0000016
102,4,27,29,31,33;                                               0000025P0000017
110,25.25,-4.,-7.,25.25,-4.,-8.;                                 0000027P0000018
110,25.25,-4.,-8.,25.25,0.5,-8.;                                 0000029P0000019
110,25.25,0.5,-8.,25.25,0.5,-7.;                                 0000031P0000020
110,25.25,0.5,-7.,25.25,-4.,-7.;                                 0000033P0000021
144,37,1,0,39;                                                   0000035P0000022
108,-1.,-0.,-0.,-24.75,0,24.75,-5.118033989,-7.,0.;              0000037P0000023
142,0,37,0,41,2;                                                 0000039P0000024
102,4,43,45,47,49;                                               0000041P0000025
110,24.75,-4.,-8.,24.75,-4.,-7.;                                 0000043P0000026
110,24.75,-4.,-7.,24.75,0.5,-7.;                                 0000045P0000027
110,24.75,0.5,-7.,24.75,0.5,-8.;                                 0000047P0000028
110,24.75,0.5,-8.,24.75,-4.,-8.;                                 0000049P0000029
144,53,1,0,55;                                                   0000051P0000030
108,0.,-1.,0.,4.,0,-0.15,-4.,-0.5,0.;                            0000053P0000031
142,0,53,0,57,2;                                                 0000055P0000032
102,4,59,61,63,65;                                               0000057P0000033
110,25.25,-4.,-7.,24.75,-4.,-7.;                                 0000059P0000034
110,24.75,-4.,-7.,24.75,-4.,-8.;                                 0000061P0000035
110,24.75,-4.,-8.,25.25,-4.,-8.;                                 0000063P0000036
110,25.25,-4.,-8.,25.25,-4.,-7.;                                 0000065P0000037
144,69,1,11,71,83,95,107,119,131,143,155,167,179,191,203;        0000067P0000038
108,-0.,-1.,-0.,-0.5,0,-2.3,0.5,3.05,0.;                         0000069P0000039
142,0,69,0,73,2;                                                 0000071P0000040
102,4,75,77,79,81;                                               0000073P0000041
110,-2.3,0.5,3.05,-2.3,0.5,-10.45;                               0000075P0000042
110,-2.3,0.5,-10.45,26.7,0.5,-10.45;                             0000077P0000043
110,26.7,0.5,-10.45,26.7,0.5,3.05;                               0000079P0000044
110,26.7,0.5,3.05,-2.3,0.5,3.05;                                 0000081P0000045
142,0,69,0,85,2;                                                 0000083P0000046
102,4,87,89,91,93;                                               0000085P0000047
110,24.75,0.5,-8.,24.75,0.5,-7.;                                 0000087P0000048
110,24.75,0.5,-7.,25.25,0.5,-7.;                                 0000089P0000049
110,25.25,0.5,-7.,25.25,0.5,-8.;                                 0000091P0000050
110,25.25,0.5,-8.,24.75,0.5,-8.;                                 0000093P0000051
142,0,69,0,97,2;                                                 0000095P0000052
102,4,99,101,103,105;                                            0000097P0000053
110,24.75,0.5,-0.5,24.75,0.5,0.5;                                0000099P0000054
110,24.75,0.5,0.5,25.25,0.5,0.5;                                 0000101P0000055
110,25.25,0.5,0.5,25.25,0.5,-0.5;                                0000103P0000056
110,25.25,0.5,-0.5,24.75,0.5,-0.5;                               0000105P0000057
142,0,69,0,109,2;                                                0000107P0000058
102,4,111,113,115,117;                                           0000109P0000059
110,14.75,0.5,-0.5,14.75,0.5,0.5;                                0000111P0000060
110,14.75,0.5,0.5,15.25,0.5,0.5;                                 0000113P0000061
110,15.25,0.5,0.5,15.25,0.5,-0.5;                                0000115P0000062
110,15.25,0.5,-0.5,14.75,0.5,-0.5;                               0000117P0000063
142,0,69,0,121,2;                                                0000119P0000064
102,4,123,125,127,129;                                           0000121P0000065
110,-0.15,0.5,-0.5,-0.15,0.5,0.5;                                0000123P0000066
110,-0.15,0.5,0.5,0.15,0.5,0.5;                                  0000125P0000067
110,0.15,0.5,0.5,0.15,0.5,-0.5;                                  0000127P0000068
110,0.15,0.5,-0.5,-0.15,0.5,-0.5;                                0000129P0000069
142,0,69,0,133,2;                                                0000131P0000070
102,4,135,137,139,141;                                           0000133P0000071
110,22.6,0.5,-1.5,22.6,0.5,-5.9;                                 0000135P0000072
110,22.6,0.5,-5.9,21.,0.5,-5.9;                                  0000137P0000073
110,21.,0.5,-5.9,21.,0.5,-1.5;                                   0000139P0000074
110,21.,0.5,-1.5,22.6,0.5,-1.5;                                  0000141P0000075
142,0,69,0,145,2;                                                0000143P0000076
102,4,147,149,151,153;                                           0000145P0000077
110,2.8,0.5,1.2,2.8,0.5,-1.025;                                  0000147P0000078
110,2.8,0.5,-1.025,1.6,0.5,-1.025;                               0000149P0000079
110,1.6,0.5,-1.025,1.6,0.5,1.2;                                  0000151P0000080
110,1.6,0.5,1.2,2.8,0.5,1.2;                                     0000153P0000081
142,0,69,0,157,2;                                                0000155P0000082
102,4,159,161,163,165;                                           0000157P0000083
110,1.6,0.5,-6.375,2.8,0.5,-6.375;                               0000159P0000084
110,2.8,0.5,-6.375,2.8,0.5,-8.6;                                 0000161P0000085
110,2.8,0.5,-8.6,1.6,0.5,-8.6;                                   0000163P0000086
110,1.6,0.5,-8.6,1.6,0.5,-6.375;                                 0000165P0000087
142,0,69,0,169,2;                                                0000167P0000088
102,4,171,173,175,177;                                           0000169P0000089
110,-0.15,0.5,-8.,-0.15,0.5,-7.;                                 0000171P0000090
110,-0.15,0.5,-7.,0.15,0.5,-7.;                                  0000173P0000091
110,0.15,0.5,-7.,0.15,0.5,-8.;                                   0000175P0000092
110,0.15,0.5,-8.,-0.15,0.5,-8.;                                  0000177P0000093
142,0,69,0,181,2;                                                0000179P0000094
102,4,183,185,187,189;                                           0000181P0000095
110,19.925,0.5,-8.,19.925,0.5,-7.;                               0000183P0000096
110,19.925,0.5,-7.,20.075,0.5,-7.;                               0000185P0000097
110,20.075,0.5,-7.,20.075,0.5,-8.;                               0000187P0000098
110,20.075,0.5,-8.,19.925,0.5,-8.;                               0000189P0000099
142,0,69,0,193,2;                                                0000191P0000100
102,4,195,197,199,201;                                           0000193P0000101
110,14.75,0.5,-8.,14.75,0.5,-7.;                                 0000195P0000102
110,14.75,0.5,-7.,15.25,0.5,-7.;                                 0000197P0000103
110,15.25,0.5,-7.,15.25,0.5,-8.;                                 0000199P0000104
110,15.25,0.5,-8.,14.75,0.5,-8.;                                 0000201P0000105
142,0,69,0,205,2;                                                0000203P0000106
102,4,207,209,211,213;                                           0000205P0000107
110,20.075,0.5,-0.5,19.925,0.5,-0.5;                             0000207P0000108
110,19.925,0.5,-0.5,19.925,0.5,0.5;                              0000209P0000109
110,19.925,0.5,0.5,20.075,0.5,0.5;                               0000211P0000110
110,20.075,0.5,0.5,20.075,0.5,-0.5;                              0000213P0000111
144,217,1,0,219;                                                 0000215P0000112
108,-0.,-0.,1.,-7.,0,24.75,-5.118033989,-7.,0.;                  0000217P0000113
142,0,217,0,221,2;                                               0000219P0000114
102,4,223,225,227,229;                                           0000221P0000115
110,24.75,-4.,-7.,25.25,-4.,-7.;                                 0000223P0000116
110,25.25,-4.,-7.,25.25,0.5,-7.;                                 0000225P0000117
110,25.25,0.5,-7.,24.75,0.5,-7.;                                 0000227P0000118
110,24.75,0.5,-7.,24.75,-4.,-7.;                                 0000229P0000119
144,233,1,0,235;                                                 0000231P0000120
108,1.,-0.,-0.,15.25,0,15.25,-5.118033989,-7.,0.;                0000233P0000121
142,0,233,0,237,2;                                               0000235P0000122
102,4,239,241,243,245;                                           0000237P0000123
110,15.25,-4.,-7.,15.25,-4.,-8.;                                 0000239P0000124
110,15.25,-4.,-8.,15.25,0.5,-8.;                                 0000241P0000125
110,15.25,0.5,-8.,15.25,0.5,-7.;                                 0000243P0000126
110,15.25,0.5,-7.,15.25,-4.,-7.;                                 0000245P0000127
144,249,1,0,251;                                                 0000247P0000128
108,-1.,-0.,-0.,2.3,0,-2.3,25.5,-10.45,0.;                       0000249P0000129
142,0,249,0,253,2;                                               0000251P0000130
102,8,255,257,259,261,263,265,267,269;                           0000253P0000131
110,-2.3,25.,-2.7,-2.3,25.,-4.7;                                 0000255P0000132
110,-2.3,25.,-4.7,-2.3,25.5,-4.7;                                0000257P0000133
110,-2.3,25.5,-4.7,-2.3,25.5,-10.45;                             0000259P0000134
110,-2.3,25.5,-10.45,-2.3,0.5,-10.45;                            0000261P0000135
110,-2.3,0.5,-10.45,-2.3,0.5,3.05;                               0000263P0000136
110,-2.3,0.5,3.05,-2.3,25.5,3.05;                                0000265P0000137
110,-2.3,25.5,3.05,-2.3,25.5,-2.7;                               0000267P0000138
110,-2.3,25.5,-2.7,-2.3,25.,-2.7;                                0000269P0000139
144,273,1,0,275;                                                 0000271P0000140
108,-1.,-0.,-0.,-19.925,0,19.925,-5.118033989,-7.,0.;            0000273P0000141
142,0,273,0,277,2;                                               0000275P0000142
102,4,279,281,283,285;                                           0000277P0000143
110,19.925,-4.,-8.,19.925,-4.,-7.;                               0000279P0000144
110,19.925,-4.,-7.,19.925,0.5,-7.;                               0000281P0000145
110,19.925,0.5,-7.,19.925,0.5,-8.;                               0000283P0000146
110,19.925,0.5,-8.,19.925,-4.,-8.;                               0000285P0000147
144,289,1,0,291;                                                 0000287P0000148
108,1.,-0.,-0.,0.15,0,0.15,1.544030651,-7.,0.;                   0000289P0000149
142,0,289,0,293,2;                                               0000291P0000150
102,4,295,297,299,301;                                           0000293P0000151
110,0.15,0.5,-8.,0.15,0.5,-7.;                                   0000295P0000152
110,0.15,0.5,-7.,0.15,-4.,-7.;                                   0000297P0000153
110,0.15,-4.,-7.,0.15,-4.,-8.;                                   0000299P0000154
110,0.15,-4.,-8.,0.15,0.5,-8.;                                   0000301P0000155
144,305,1,0,307;                                                 0000303P0000156
108,-1.,-0.,-0.,-21.,0,21.,-2.527968552,-1.5,0.;                 0000305P0000157
142,0,305,0,309,2;                                               0000307P0000158
102,4,311,313,315,317;                                           0000309P0000159
110,21.,0.5,-5.9,21.,0.,-5.9;                                    0000311P0000160
110,21.,0.,-5.9,21.,0.,-1.5;                                     0000313P0000161
110,21.,0.,-1.5,21.,0.5,-1.5;                                    0000315P0000162
110,21.,0.5,-1.5,21.,0.5,-5.9;                                   0000317P0000163
144,321,1,0,323;                                                 0000319P0000164
108,-2.168404345E-16,-0.,-1.,0.5,0,24.75,-5.118033989,-0.5,0.;   0000321P0000165
142,0,321,0,325,2;                                               0000323P0000166
102,4,327,329,331,333;                                           0000325P0000167
110,25.25,-4.,-0.5,24.75,-4.,-0.5;                               0000327P0000168
110,24.75,-4.,-0.5,24.75,0.5,-0.5;                               0000329P0000169
110,24.75,0.5,-0.5,25.25,0.5,-0.5;                               0000331P0000170
110,25.25,0.5,-0.5,25.25,-4.,-0.5;                               0000333P0000171
144,337,1,0,339;                                                 0000335P0000172
108,-0.,-0.,1.,-7.,0,19.925,-5.118033989,-7.,0.;                 0000337P0000173
142,0,337,0,341,2;                                               0000339P0000174
102,4,343,345,347,349;                                           0000341P0000175
110,19.925,-4.,-7.,20.075,-4.,-7.;                               0000343P0000176
110,20.075,-4.,-7.,20.075,0.5,-7.;                               0000345P0000177
110,20.075,0.5,-7.,19.925,0.5,-7.;                               0000347P0000178
110,19.925,0.5,-7.,19.925,-4.,-7.;                               0000349P0000179
144,353,1,0,355;                                                 0000351P0000180
108,-1.,-0.,-0.,-1.6,0,1.6,-2.527968552,-8.6,0.;                 0000353P0000181
142,0,353,0,357,2;                                               0000355P0000182
102,4,359,361,363,365;                                           0000357P0000183
110,1.6,0.5,-8.6,1.6,0.,-8.6;                                    0000359P0000184
110,1.6,0.,-8.6,1.6,0.,-6.375;                                   0000361P0000185
110,1.6,0.,-6.375,1.6,0.5,-6.375;                                0000363P0000186
110,1.6,0.5,-6.375,1.6,0.5,-8.6;                                 0000365P0000187
144,369,1,0,371;                                                 0000367P0000188
108,1.,-0.,-3.898255002E-16,2.8,0,2.8,-2.527968552,-8.6,0.;      0000369P0000189
142,0,369,0,373,2;                                               0000371P0000190
102,4,375,377,379,381;                                           0000373P0000191
110,2.8,0.5,-6.375,2.8,0.,-6.375;                                0000375P0000192
110,2.8,0.,-6.375,2.8,0.,-8.6;                                   0000377P0000193
110,2.8,0.,-8.6,2.8,0.5,-8.6;                                    0000379P0000194
110,2.8,0.5,-8.6,2.8,0.5,-6.375;                                 0000381P0000195
144,385,1,0,387;                                                 0000383P0000196
108,-0.,-0.,-1.,5.9,0,21.,-2.527968552,-5.9,0.;                  0000385P0000197
142,0,385,0,389,2;                                               0000387P0000198
102,4,391,393,395,397;                                           0000389P0000199
110,22.6,0.5,-5.9,22.6,0.,-5.9;                                  0000391P0000200
110,22.6,0.,-5.9,21.,0.,-5.9;                                    0000393P0000201
110,21.,0.,-5.9,21.,0.5,-5.9;                                    0000395P0000202
110,21.,0.5,-5.9,22.6,0.5,-5.9;                                  0000397P0000203
144,401,1,0,403;                                                 0000399P0000204
108,-0.,-0.,-1.,8.,0,-0.15,1.544030651,-8.,0.;                   0000401P0000205
142,0,401,0,405,2;                                               0000403P0000206
102,4,407,409,411,413;                                           0000405P0000207
110,-0.15,0.5,-8.,0.15,0.5,-8.;                                  0000407P0000208
110,0.15,0.5,-8.,0.15,-4.,-8.;                                   0000409P0000209
110,0.15,-4.,-8.,-0.15,-4.,-8.;                                  0000411P0000210
110,-0.15,-4.,-8.,-0.15,0.5,-8.;                                 0000413P0000211
144,417,1,0,419;                                                 0000415P0000212
108,-1.,-0.,-0.,0.15,0,-0.15,1.544030651,-7.,0.;                 0000417P0000213
142,0,417,0,421,2;                                               0000419P0000214
102,4,423,425,427,429;                                           0000421P0000215
110,-0.15,0.5,-7.,-0.15,0.5,-8.;                                 0000423P0000216
110,-0.15,0.5,-8.,-0.15,-4.,-8.;                                 0000425P0000217
110,-0.15,-4.,-8.,-0.15,-4.,-7.;                                 0000427P0000218
110,-0.15,-4.,-7.,-0.15,0.5,-7.;                                 0000429P0000219
144,433,1,0,435;                                                 0000431P0000220
108,-1.,-0.,-0.,-14.75,0,14.75,-5.118033989,0.5,0.;              0000433P0000221
142,0,433,0,437,2;                                               0000435P0000222
102,4,439,441,443,445;                                           0000437P0000223
110,14.75,-4.,-0.5,14.75,-4.,0.5;                                0000439P0000224
110,14.75,-4.,0.5,14.75,0.5,0.5;                                 0000441P0000225
110,14.75,0.5,0.5,14.75,0.5,-0.5;                                0000443P0000226
110,14.75,0.5,-0.5,14.75,-4.,-0.5;                               0000445P0000227
144,449,1,0,451;                                                 0000447P0000228
108,-1.,-0.,-0.,-1.6,0,1.6,-2.527968552,1.2,0.;                  0000449P0000229
142,0,449,0,453,2;                                               0000451P0000230
102,4,455,457,459,461;                                           0000453P0000231
110,1.6,0.5,-1.025,1.6,0.,-1.025;                                0000455P0000232
110,1.6,0.,-1.025,1.6,0.,1.2;                                    0000457P0000233
110,1.6,0.,1.2,1.6,0.5,1.2;                                      0000459P0000234
110,1.6,0.5,1.2,1.6,0.5,-1.025;                                  0000461P0000235
144,465,1,0,467;                                                 0000463P0000236
108,-3.614007242E-16,-0.,-1.,1.025,0,1.6,-2.527968552,-1.025,0.; 0000465P0000237
142,0,465,0,469,2;                                               0000467P0000238
102,4,471,473,475,477;                                           0000469P0000239
110,2.8,0.5,-1.025,2.8,0.,-1.025;                                0000471P0000240
110,2.8,0.,-1.025,1.6,0.,-1.025;                                 0000473P0000241
110,1.6,0.,-1.025,1.6,0.5,-1.025;                                0000475P0000242
110,1.6,0.5,-1.025,2.8,0.5,-1.025;                               0000477P0000243
144,481,1,0,483;                                                 0000479P0000244
108,1.,-0.,3.898255002E-16,2.8,0,2.8,-2.527968552,1.2,0.;        0000481P0000245
142,0,481,0,485,2;                                               0000483P0000246
102,4,487,489,491,493;                                           0000485P0000247
110,2.8,0.5,1.2,2.8,0.,1.2;                                      0000487P0000248
110,2.8,0.,1.2,2.8,0.,-1.025;                                    0000489P0000249
110,2.8,0.,-1.025,2.8,0.5,-1.025;                                0000491P0000250
110,2.8,0.5,-1.025,2.8,0.5,1.2;                                  0000493P0000251
144,497,1,0,499;                                                 0000495P0000252
108,1.,-0.,-0.,20.075,0,20.075,-5.118033989,0.5,0.;              0000497P0000253
142,0,497,0,501,2;                                               0000499P0000254
102,4,503,505,507,509;                                           0000501P0000255
110,20.075,-4.,0.5,20.075,-4.,-0.5;                              0000503P0000256
110,20.075,-4.,-0.5,20.075,0.5,-0.5;                             0000505P0000257
110,20.075,0.5,-0.5,20.075,0.5,0.5;                              0000507P0000258
110,20.075,0.5,0.5,20.075,-4.,0.5;                               0000509P0000259
144,513,1,0,515;                                                 0000511P0000260
108,-0.,-0.,1.,0.5,0,-0.15,1.544030651,0.5,0.;                   0000513P0000261
142,0,513,0,517,2;                                               0000515P0000262
102,4,519,521,523,525;                                           0000517P0000263
110,0.15,0.5,0.5,-0.15,0.5,0.5;                                  0000519P0000264
110,-0.15,0.5,0.5,-0.15,-4.,0.5;                                 0000521P0000265
110,-0.15,-4.,0.5,0.15,-4.,0.5;                                  0000523P0000266
110,0.15,-4.,0.5,0.15,0.5,0.5;                                   0000525P0000267
144,529,1,0,531;                                                 0000527P0000268
108,-0.,-0.,1.,0.5,0,19.925,-5.118033989,0.5,0.;                 0000529P0000269
142,0,529,0,533,2;                                               0000531P0000270
102,4,535,537,539,541;                                           0000533P0000271
110,19.925,-4.,0.5,20.075,-4.,0.5;                               0000535P0000272
110,20.075,-4.,0.5,20.075,0.5,0.5;                               0000537P0000273
110,20.075,0.5,0.5,19.925,0.5,0.5;                               0000539P0000274
110,19.925,0.5,0.5,19.925,-4.,0.5;                               0000541P0000275
144,545,1,0,547;                                                 0000543P0000276
108,-0.,-0.,1.,-7.,0,14.75,-5.118033989,-7.,0.;                  0000545P0000277
142,0,545,0,549,2;                                               0000547P0000278
102,4,551,553,555,557;                                           0000549P0000279
110,14.75,-4.,-7.,15.25,-4.,-7.;                                 0000551P0000280
110,15.25,-4.,-7.,15.25,0.5,-7.;                                 0000553P0000281
110,15.25,0.5,-7.,14.75,0.5,-7.;                                 0000555P0000282
110,14.75,0.5,-7.,14.75,-4.,-7.;                                 0000557P0000283
144,561,1,0,563;                                                 0000559P0000284
108,1.,-0.,-0.,22.6,0,22.6,-2.527968552,-1.5,0.;                 0000561P0000285
142,0,561,0,565,2;                                               0000563P0000286
102,4,567,569,571,573;                                           0000565P0000287
110,22.6,0.5,-1.5,22.6,0.,-1.5;                                  0000567P0000288
110,22.6,0.,-1.5,22.6,0.,-5.9;                                   0000569P0000289
110,22.6,0.,-5.9,22.6,0.5,-5.9;                                  0000571P0000290
110,22.6,0.5,-5.9,22.6,0.5,-1.5;                                 0000573P0000291
144,577,1,0,579;                                                 0000575P0000292
108,-0.,-0.,-1.,8.,0,14.75,-5.118033989,-8.,0.;                  0000577P0000293
142,0,577,0,581,2;                                               0000579P0000294
102,4,583,585,587,589;                                           0000581P0000295
110,15.25,-4.,-8.,14.75,-4.,-8.;                                 0000583P0000296
110,14.75,-4.,-8.,14.75,0.5,-8.;                                 0000585P0000297
110,14.75,0.5,-8.,15.25,0.5,-8.;                                 0000587P0000298
110,15.25,0.5,-8.,15.25,-4.,-8.;                                 0000589P0000299
144,593,1,0,595;                                                 0000591P0000300
108,-0.,-0.,-1.,8.,0,19.925,-5.118033989,-8.,0.;                 0000593P0000301
142,0,593,0,597,2;                                               0000595P0000302
102,4,599,601,603,605;                                           0000597P0000303
110,20.075,-4.,-8.,19.925,-4.,-8.;                               0000599P0000304
110,19.925,-4.,-8.,19.925,0.5,-8.;                               0000601P0000305
110,19.925,0.5,-8.,20.075,0.5,-8.;                               0000603P0000306
110,20.075,0.5,-8.,20.075,-4.,-8.;                               0000605P0000307
144,609,1,0,611;                                                 0000607P0000308
108,-0.,-0.,1.,3.05,0,-2.3,25.5,3.05,0.;                         0000609P0000309
142,0,609,0,613,2;                                               0000611P0000310
102,4,615,617,619,621;                                           0000613P0000311
110,-2.3,0.5,3.05,26.7,0.5,3.05;                                 0000615P0000312
110,26.7,0.5,3.05,26.7,25.5,3.05;                                0000617P0000313
110,26.7,25.5,3.05,-2.3,25.5,3.05;                               0000619P0000314
110,-2.3,25.5,3.05,-2.3,0.5,3.05;                                0000621P0000315
144,625,1,0,627;                                                 0000623P0000316
108,1.,-0.,-0.,25.25,0,25.25,-5.118033989,0.5,0.;                0000625P0000317
142,0,625,0,629,2;                                               0000627P0000318
102,4,631,633,635,637;                                           0000629P0000319
110,25.25,-4.,0.5,25.25,-4.,-0.5;                                0000631P0000320
110,25.25,-4.,-0.5,25.25,0.5,-0.5;                               0000633P0000321
110,25.25,0.5,-0.5,25.25,0.5,0.5;                                0000635P0000322
110,25.25,0.5,0.5,25.25,-4.,0.5;                                 0000637P0000323
144,641,1,0,643;                                                 0000639P0000324
108,1.,-0.,-0.,26.7,0,26.7,25.5,-10.45,0.;                       0000641P0000325
142,0,641,0,645,2;                                               0000643P0000326
102,4,647,649,651,653;                                           0000645P0000327
110,26.7,0.5,3.05,26.7,0.5,-10.45;                               0000647P0000328
110,26.7,0.5,-10.45,26.7,25.5,-10.45;                            0000649P0000329
110,26.7,25.5,-10.45,26.7,25.5,3.05;                             0000651P0000330
110,26.7,25.5,3.05,26.7,0.5,3.05;                                0000653P0000331
144,657,1,0,659;                                                 0000655P0000332
108,-0.,-0.,1.,-6.375,0,1.6,-2.527968552,-6.375,0.;              0000657P0000333
142,0,657,0,661,2;                                               0000659P0000334
102,4,663,665,667,669;                                           0000661P0000335
110,1.6,0.5,-6.375,1.6,0.,-6.375;                                0000663P0000336
110,1.6,0.,-6.375,2.8,0.,-6.375;                                 0000665P0000337
110,2.8,0.,-6.375,2.8,0.5,-6.375;                                0000667P0000338
110,2.8,0.5,-6.375,1.6,0.5,-6.375;                               0000669P0000339
144,673,1,0,675;                                                 0000671P0000340
108,-0.,-0.,-1.,10.45,0,-2.3,25.5,-10.45,0.;                     0000673P0000341
142,0,673,0,677,2;                                               0000675P0000342
102,4,679,681,683,685;                                           0000677P0000343
110,26.7,0.5,-10.45,-2.3,0.5,-10.45;                             0000679P0000344
110,-2.3,0.5,-10.45,-2.3,25.5,-10.45;                            0000681P0000345
110,-2.3,25.5,-10.45,26.7,25.5,-10.45;                           0000683P0000346
110,26.7,25.5,-10.45,26.7,0.5,-10.45;                            0000685P0000347
144,689,1,0,691;                                                 0000687P0000348
108,1.,-0.,-0.,15.25,0,15.25,-5.118033989,0.5,0.;                0000689P0000349
142,0,689,0,693,2;                                               0000691P0000350
102,4,695,697,699,701;                                           0000693P0000351
110,15.25,-4.,0.5,15.25,-4.,-0.5;                                0000695P0000352
110,15.25,-4.,-0.5,15.25,0.5,-0.5;                               0000697P0000353
110,15.25,0.5,-0.5,15.25,0.5,0.5;                                0000699P0000354
110,15.25,0.5,0.5,15.25,-4.,0.5;                                 0000701P0000355
144,705,1,0,707;                                                 0000703P0000356
108,-0.,-0.,1.,0.5,0,14.75,-5.118033989,0.5,0.;                  0000705P0000357
142,0,705,0,709,2;                                               0000707P0000358
102,4,711,713,715,717;                                           0000709P0000359
110,14.75,-4.,0.5,15.25,-4.,0.5;                                 0000711P0000360
110,15.25,-4.,0.5,15.25,0.5,0.5;                                 0000713P0000361
110,15.25,0.5,0.5,14.75,0.5,0.5;                                 0000715P0000362
110,14.75,0.5,0.5,14.75,-4.,0.5;                                 0000717P0000363
144,721,1,0,723;                                                 0000719P0000364
108,-1.,-0.,-0.,-19.925,0,19.925,-5.118033989,0.5,0.;            0000721P0000365
142,0,721,0,725,2;                                               0000723P0000366
102,4,727,729,731,733;                                           0000725P0000367
110,19.925,-4.,-0.5,19.925,-4.,0.5;                              0000727P0000368
110,19.925,-4.,0.5,19.925,0.5,0.5;                               0000729P0000369
110,19.925,0.5,0.5,19.925,0.5,-0.5;                              0000731P0000370
110,19.925,0.5,-0.5,19.925,-4.,-0.5;                             0000733P0000371
144,737,1,0,739;                                                 0000735P0000372
108,-1.,-0.,-0.,-14.75,0,14.75,-5.118033989,-7.,0.;              0000737P0000373
142,0,737,0,741,2;                                               0000739P0000374
102,4,743,745,747,749;                                           0000741P0000375
110,14.75,-4.,-8.,14.75,-4.,-7.;                                 0000743P0000376
110,14.75,-4.,-7.,14.75,0.5,-7.;                                 0000745P0000377
110,14.75,0.5,-7.,14.75,0.5,-8.;                                 0000747P0000378
110,14.75,0.5,-8.,14.75,-4.,-8.;                                 0000749P0000379
144,753,1,0,755;                                                 0000751P0000380
108,-0.,-0.,1.,-1.5,0,21.,-2.527968552,-1.5,0.;                  0000753P0000381
142,0,753,0,757,2;                                               0000755P0000382
102,4,759,761,763,765;                                           0000757P0000383
110,21.,0.5,-1.5,21.,0.,-1.5;                                    0000759P0000384
110,21.,0.,-1.5,22.6,0.,-1.5;                                    0000761P0000385
110,22.6,0.,-1.5,22.6,0.5,-1.5;                                  0000763P0000386
110,22.6,0.5,-1.5,21.,0.5,-1.5;                                  0000765P0000387
144,769,1,0,771;                                                 0000767P0000388
108,1.,-0.,-0.,0.15,0,0.15,1.544030651,0.5,0.;                   0000769P0000389
142,0,769,0,773,2;                                               0000771P0000390
102,4,775,777,779,781;                                           0000773P0000391
110,0.15,0.5,-0.5,0.15,0.5,0.5;                                  0000775P0000392
110,0.15,0.5,0.5,0.15,-4.,0.5;                                   0000777P0000393
110,0.15,-4.,0.5,0.15,-4.,-0.5;                                  0000779P0000394
110,0.15,-4.,-0.5,0.15,0.5,-0.5;                                 0000781P0000395
144,785,1,0,787;                                                 0000783P0000396
108,-1.,-0.,-0.,0.15,0,-0.15,1.544030651,0.5,0.;                 0000785P0000397
142,0,785,0,789,2;                                               0000787P0000398
102,4,791,793,795,797;                                           0000789P0000399
110,-0.15,0.5,0.5,-0.15,0.5,-0.5;                                0000791P0000400
110,-0.15,0.5,-0.5,-0.15,-4.,-0.5;                               0000793P0000401
110,-0.15,-4.,-0.5,-0.15,-4.,0.5;                                0000795P0000402
110,-0.15,-4.,0.5,-0.15,0.5,0.5;                                 0000797P0000403
144,801,1,0,803;                                                 0000799P0000404
108,-0.,-0.,-1.,0.5,0,14.75,-5.118033989,-0.5,0.;                0000801P0000405
142,0,801,0,805,2;                                               0000803P0000406
102,4,807,809,811,813;                                           0000805P0000407
110,15.25,-4.,-0.5,14.75,-4.,-0.5;                               0000807P0000408
110,14.75,-4.,-0.5,14.75,0.5,-0.5;                               0000809P0000409
110,14.75,0.5,-0.5,15.25,0.5,-0.5;                               0000811P0000410
110,15.25,0.5,-0.5,15.25,-4.,-0.5;                               0000813P0000411
144,817,1,0,819;                                                 0000815P0000412
108,-1.,-0.,-0.,-24.75,0,24.75,-5.118033989,0.5,0.;              0000817P0000413
142,0,817,0,821,2;                                               0000819P0000414
102,4,823,825,827,829;                                           0000821P0000415
110,24.75,-4.,-0.5,24.75,-4.,0.5;                                0000823P0000416
110,24.75,-4.,0.5,24.75,0.5,0.5;                                 0000825P0000417
110,24.75,0.5,0.5,24.75,0.5,-0.5;                                0000827P0000418
110,24.75,0.5,-0.5,24.75,-4.,-0.5;                               0000829P0000419
144,833,1,0,835;                                                 0000831P0000420
108,-0.,-0.,-1.,0.5,0,19.925,-5.118033989,-0.5,0.;               0000833P0000421
142,0,833,0,837,2;                                               0000835P0000422
102,4,839,841,843,845;                                           0000837P0000423
110,20.075,-4.,-0.5,19.925,-4.,-0.5;                             0000839P0000424
110,19.925,-4.,-0.5,19.925,0.5,-0.5;                             0000841P0000425
110,19.925,0.5,-0.5,20.075,0.5,-0.5;                             0000843P0000426
110,20.075,0.5,-0.5,20.075,-4.,-0.5;                             0000845P0000427
144,849,1,0,851;                                                 0000847P0000428
108,1.,-0.,-0.,20.075,0,20.075,-5.118033989,-7.,0.;              0000849P0000429
142,0,849,0,853,2;                                               0000851P0000430
102,4,855,857,859,861;                                           0000853P0000431
110,20.075,-4.,-7.,20.075,-4.,-8.;                               0000855P0000432
110,20.075,-4.,-8.,20.075,0.5,-8.;                               0000857P0000433
110,20.075,0.5,-8.,20.075,0.5,-7.;                               0000859P0000434
110,20.075,0.5,-7.,20.075,-4.,-7.;                               0000861P0000435
144,865,1,0,867;                                                 0000863P0000436
108,-1.445602897E-15,-0.,-1.,8.6,0,1.6,-2.527968552,-8.6,0.;     0000865P0000437
142,0,865,0,869,2;                                               0000867P0000438
102,4,871,873,875,877;                                           0000869P0000439
110,2.8,0.5,-8.6,2.8,0.,-8.6;                                    0000871P0000440
110,2.8,0.,-8.6,1.6,0.,-8.6;                                     0000873P0000441
110,1.6,0.,-8.6,1.6,0.5,-8.6;                                    0000875P0000442
110,1.6,0.5,-8.6,2.8,0.5,-8.6;                                   0000877P0000443
144,881,1,0,883;                                                 0000879P0000444
108,-2.168404345E-16,-0.,1.,0.5,0,24.75,-5.118033989,0.5,0.;     0000881P0000445
142,0,881,0,885,2;                                               0000883P0000446
102,4,887,889,891,893;                                           0000885P0000447
110,24.75,-4.,0.5,25.25,-4.,0.5;                                 0000887P0000448
110,25.25,-4.,0.5,25.25,0.5,0.5;                                 0000889P0000449
110,25.25,0.5,0.5,24.75,0.5,0.5;                                 0000891P0000450
110,24.75,0.5,0.5,24.75,-4.,0.5;                                 0000893P0000451
144,897,1,0,899;                                                 0000895P0000452
108,-0.,-0.,1.,-7.,0,-0.15,1.544030651,-7.,0.;                   0000897P0000453
142,0,897,0,901,2;                                               0000899P0000454
102,4,903,905,907,909;                                           0000901P0000455
110,0.15,0.5,-7.,-0.15,0.5,-7.;                                  0000903P0000456
110,-0.15,0.5,-7.,-0.15,-4.,-7.;                                 0000905P0000457
110,-0.15,-4.,-7.,0.15,-4.,-7.;                                  0000907P0000458
110,0.15,-4.,-7.,0.15,0.5,-7.;                                   0000909P0000459
144,913,1,0,915;                                                 0000911P0000460
108,-1.445602897E-15,-0.,1.,1.2,0,1.6,-2.527968552,1.2,0.;       0000913P0000461
142,0,913,0,917,2;                                               0000915P0000462
102,4,919,921,923,925;                                           0000917P0000463
110,1.6,0.5,1.2,1.6,0.,1.2;                                      0000919P0000464
110,1.6,0.,1.2,2.8,0.,1.2;                                       0000921P0000465
110,2.8,0.,1.2,2.8,0.5,1.2;                                      0000923P0000466
110,2.8,0.5,1.2,1.6,0.5,1.2;                                     0000925P0000467
144,929,1,0,931;                                                 0000927P0000468
108,-0.,-0.,-1.,0.5,0,-0.15,1.544030651,-0.5,0.;                 0000929P0000469
142,0,929,0,933,2;                                               0000931P0000470
102,4,935,937,939,941;                                           0000933P0000471
110,-0.15,0.5,-0.5,0.15,0.5,-0.5;                                0000935P0000472
110,0.15,0.5,-0.5,0.15,-4.,-0.5;                                 0000937P0000473
110,0.15,-4.,-0.5,-0.15,-4.,-0.5;                                0000939P0000474
110,-0.15,-4.,-0.5,-0.15,0.5,-0.5;                               0000941P0000475
144,945,1,0,947;                                                 0000943P0000476
108,0.,-1.,0.,4.,0,-0.15,-4.,-0.5,0.;                            0000945P0000477
142,0,945,0,949,2;                                               0000947P0000478
102,4,951,953,955,957;                                           0000949P0000479
110,15.25,-4.,-7.,14.75,-4.,-7.;                                 0000951P0000480
110,14.75,-4.,-7.,14.75,-4.,-8.;                                 0000953P0000481
110,14.75,-4.,-8.,15.25,-4.,-8.;                                 0000955P0000482
110,15.25,-4.,-8.,15.25,-4.,-7.;                                 0000957P0000483
144,961,1,0,963;                                                 0000959P0000484
108,0.,1.,0.,25.,0,-2.3,25.,-2.7,0.;                             0000961P0000485
142,0,961,0,965,2;                                               0000963P0000486
102,4,967,969,971,973;                                           0000965P0000487
110,-2.3,25.,-4.7,-2.3,25.,-2.7;                                 0000967P0000488
110,-2.3,25.,-2.7,-0.3,25.,-2.7;                                 0000969P0000489
110,-0.3,25.,-2.7,-0.3,25.,-4.7;                                 0000971P0000490
110,-0.3,25.,-4.7,-2.3,25.,-4.7;                                 0000973P0000491
144,977,1,0,979;                                                 0000975P0000492
108,-2.168404345E-16,-0.,-1.,2.7,0,-2.3,25.,-2.7,0.;             0000977P0000493
142,0,977,0,981,2;                                               0000979P0000494
102,4,983,985,987,989;                                           0000981P0000495
110,-2.3,25.5,-2.7,-0.3,25.5,-2.7;                               0000983P0000496
110,-0.3,25.5,-2.7,-0.3,25.,-2.7;                                0000985P0000497
110,-0.3,25.,-2.7,-2.3,25.,-2.7;                                 0000987P0000498
110,-2.3,25.,-2.7,-2.3,25.5,-2.7;                                0000989P0000499
144,993,1,0,995;                                                 0000991P0000500
108,0.,1.,0.,25.5,0,-2.3,25.5,3.05,0.;                           0000993P0000501
142,0,993,0,997,2;                                               0000995P0000502
102,8,999,1001,1003,1005,1007,1009,1011,1013;                    0000997P0000503
110,-2.3,25.5,-4.7,-0.3,25.5,-4.7;                               0000999P0000504
110,-0.3,25.5,-4.7,-0.3,25.5,-2.7;                               0001001P0000505
110,-0.3,25.5,-2.7,-2.3,25.5,-2.7;                               0001003P0000506
110,-2.3,25.5,-2.7,-2.3,25.5,3.05;                               0001005P0000507
110,-2.3,25.5,3.05,26.7,25.5,3.05;                               0001007P0000508
110,26.7,25.5,3.05,26.7,25.5,-10.45;                             0001009P0000509
110,26.7,25.5,-10.45,-2.3,25.5,-10.45;                           0001011P0000510
110,-2.3,25.5,-10.45,-2.3,25.5,-4.7;                             0001013P0000511
144,1017,1,0,1019;                                               0001015P0000512
108,-0.,-0.,1.,-4.7,0,-2.3,25.,-4.7,0.;                          0001017P0000513
142,0,1017,0,1021,2;                                             0001019P0000514
102,4,1023,1025,1027,1029;                                       0001021P0000515
110,-0.3,25.5,-4.7,-2.3,25.5,-4.7;                               0001023P0000516
110,-2.3,25.5,-4.7,-2.3,25.,-4.7;                                0001025P0000517
110,-2.3,25.,-4.7,-0.3,25.,-4.7;                                 0001027P0000518
110,-0.3,25.,-4.7,-0.3,25.5,-4.7;                                0001029P0000519
144,1033,1,0,1035;                                               0001031P0000520
108,0.,-1.,0.,4.,0,-0.15,-4.,-0.5,0.;                            0001033P0000521
142,0,1033,0,1037,2;                                             0001035P0000522
102,4,1039,1041,1043,1045;                                       0001037P0000523
110,20.075,-4.,-7.,19.925,-4.,-7.;                               0001039P0000524
110,19.925,-4.,-7.,19.925,-4.,-8.;                               0001041P0000525
110,19.925,-4.,-8.,20.075,-4.,-8.;                               0001043P0000526
110,20.075,-4.,-8.,20.075,-4.,-7.;                               0001045P0000527
144,1049,1,0,1051;                                               0001047P0000528
108,0.,-1.,0.,4.,0,-0.15,-4.,-8.,0.;                             0001049P0000529
142,0,1049,0,1053,2;                                             0001051P0000530
102,4,1055,1057,1059,1061;                                       0001053P0000531
110,-0.15,-4.,-7.,-0.15,-4.,-8.;                                 0001055P0000532
110,-0.15,-4.,-8.,0.15,-4.,-8.;                                  0001057P0000533
110,0.15,-4.,-8.,0.15,-4.,-7.;                                   0001059P0000534
110,0.15,-4.,-7.,-0.15,-4.,-7.;                                  0001061P0000535
144,1065,1,0,1067;                                               0001063P0000536
108,-0.,-1.,-0.,-0.,0,0.,0.,0.,0.;                               0001065P0000537
142,0,1065,0,1069,2;                                             0001067P0000538
102,4,1071,1073,1075,1077;                                       0001069P0000539
110,21.,0.,-5.9,22.6,0.,-5.9;                                    0001071P0000540
110,22.6,0.,-5.9,22.6,0.,-1.5;                                   0001073P0000541
110,22.6,0.,-1.5,21.,0.,-1.5;                                    0001075P0000542
110,21.,0.,-1.5,21.,0.,-5.9;                                     0001077P0000543
144,1081,1,0,1083;                                               0001079P0000544
108,0.,-1.,0.,4.,0,-0.15,-4.,-0.5,0.;                            0001081P0000545
142,0,1081,0,1085,2;                                             0001083P0000546
102,4,1087,1089,1091,1093;                                       0001085P0000547
110,25.25,-4.,0.5,24.75,-4.,0.5;                                 0001087P0000548
110,24.75,-4.,0.5,24.75,-4.,-0.5;                                0001089P0000549
110,24.75,-4.,-0.5,25.25,-4.,-0.5;                               0001091P0000550
110,25.25,-4.,-0.5,25.25,-4.,0.5;                                0001093P0000551
144,1097,1,0,1099;                                               0001095P0000552
108,-0.,-1.,-0.,-0.,0,0.,0.,0.,0.;                               0001097P0000553
142,0,1097,0,1101,2;                                             0001099P0000554
102,4,1103,1105,1107,1109;                                       0001101P0000555
110,2.8,0.,-8.6,2.8,0.,-6.375;                                   0001103P0000556
110,2.8,0.,-6.375,1.6,0.,-6.375;                                 0001105P0000557
110,1.6,0.,-6.375,1.6,0.,-8.6;                                   0001107P0000558
110,1.6,0.,-8.6,2.8,0.,-8.6;                                     0001109P0000559
144,1113,1,0,1115;                                               0001111P0000560
108,0.,-1.,0.,4.,0,-0.15,-4.,-0.5,0.;                            0001113P0000561
142,0,1113,0,1117,2;                                             0001115P0000562
102,4,1119,1121,1123,1125;                                       0001117P0000563
110,14.75,-4.,0.5,14.75,-4.,-0.5;                                0001119P0000564
110,14.75,-4.,-0.5,15.25,-4.,-0.5;                               0001121P0000565
110,15.25,-4.,-0.5,15.25,-4.,0.5;                                0001123P0000566
110,15.25,-4.,0.5,14.75,-4.,0.5;                                 0001125P0000567
144,1129,1,0,1131;                                               0001127P0000568
108,-0.,-1.,-0.,-0.,0,0.,0.,0.,0.;                               0001129P0000569
142,0,1129,0,1133,2;                                             0001131P0000570
102,4,1135,1137,1139,1141;                                       0001133P0000571
110,1.6,0.,-1.025,2.8,0.,-1.025;                                 0001135P0000572
110,2.8,0.,-1.025,2.8,0.,1.2;                                    0001137P0000573
110,2.8,0.,1.2,1.6,0.,1.2;                                       0001139P0000574
110,1.6,0.,1.2,1.6,0.,-1.025;                                    0001141P0000575
144,1145,1,0,1147;                                               0001143P0000576
108,0.,-1.,0.,4.,0,-0.15,-4.,-0.5,0.;                            0001145P0000577
142,0,1145,0,1149,2;                                             0001147P0000578
102,4,1151,1153,1155,1157;                                       0001149P0000579
110,19.925,-4.,0.5,19.925,-4.,-0.5;                              0001151P0000580
110,19.925,-4.,-0.5,20.075,-4.,-0.5;                             0001153P0000581
110,20.075,-4.,-0.5,20.075,-4.,0.5;                              0001155P0000582
110,20.075,-4.,0.5,19.925,-4.,0.5;                               0001157P0000583
144,1161,1,0,1163;                                               0001159P0000584
108,0.,-1.,0.,4.,0,-0.15,-4.,-0.5,0.;                            0001161P0000585
142,0,1161,0,1165,2;                                             0001163P0000586
102,4,1167,1169,1171,1173;                                       0001165P0000587
110,-0.15,-4.,0.5,-0.15,-4.,-0.5;                                0001167P0000588
110,-0.15,-4.,-0.5,0.15,-4.,-0.5;                                0001169P0000589
110,0.15,-4.,-0.5,0.15,-4.,0.5;                                  0001171P0000590
110,0.15,-4.,0.5,-0.15,-4.,0.5;                                  0001173P0000591
144,1177,1,0,1179;                                               0001175P0000592
108,-1.,-0.,1.355252716E-16,0.3,0,-0.3,25.,-4.7,0.;              0001177P0000593
142,0,1177,0,1181,2;                                             0001179P0000594
102,4,1183,1185,1187,1189;                                       0001181P0000595
110,-0.3,25.5,-2.7,-0.3,25.5,-4.7;                               0001183P0000596
110,-0.3,25.5,-4.7,-0.3,25.,-4.7;                                0001185P0000597
110,-0.3,25.,-4.7,-0.3,25.,-2.7;                                 0001187P0000598
110,-0.3,25.,-2.7,-0.3,25.5,-2.7;                                0001189P0000599
406,1,6HG2R_24;                                                  0001191P0000600
S      1G      4D   1192P    600                                        T0000001
