ISO-10303-21;
HEADER;
FILE_DESCRIPTION (( 'STEP AP214' ),
    '1' );
FILE_NAME ('Bracket DRG-03.STEP',
    '2024-11-22T07:56:05',
    ( 'user' ),
    ( '' ),
    'SwSTEP 2.0',
    'SolidWorks 2021',
    '' );
FILE_SCHEMA (( 'AUTOMOTIVE_DESIGN' ));
ENDSEC;

DATA;
#1 = ORIENTED_EDGE ( 'NONE', *, *, #4510, .T. ) ;
#2 = ORIENTED_EDGE ( 'NONE', *, *, #6911, .F. ) ;
#3 = DIRECTION ( 'NONE',  ( 1.000000000000000000, 0.000000000000000000, -0.000000000000000000 ) ) ;
#4 = DIRECTION ( 'NONE',  ( -1.734723475976808672E-15, 0.000000000000000000, -1.000000000000000000 ) ) ;
#5 = ORIENTED_EDGE ( 'NONE', *, *, #7151, .T. ) ;
#6 = CARTESIAN_POINT ( 'NONE',  ( 0.3063669515916333519, -1.300000000000000044, -6.200000000000011724 ) ) ;
#7 = CARTESIAN_POINT ( 'NONE',  ( -51.00664724830589591, -1.300000000000000266, -1.603695419137131761 ) ) ;
#8 = LINE ( 'NONE', #6041, #1689 ) ;
#9 = PLANE ( 'NONE',  #3505 ) ;
#10 = ORIENTED_EDGE ( 'NONE', *, *, #4560, .F. ) ;
#11 = ORIENTED_EDGE ( 'NONE', *, *, #143, .F. ) ;
#12 = FACE_OUTER_BOUND ( 'NONE', #5734, .T. ) ;
#13 = VERTEX_POINT ( 'NONE', #7967 ) ;
#14 = CARTESIAN_POINT ( 'NONE',  ( -41.29999999999999716, 1.300000000000000044, -1.500000000000012657 ) ) ;
#15 = CARTESIAN_POINT ( 'NONE',  ( 46.38475575860120159, -5.000000000000000000, -3.600000000000011191 ) ) ;
#16 = CARTESIAN_POINT ( 'NONE',  ( -3.199999999999996181, -5.000000000000000000, -9.000000000000010658 ) ) ;
#17 = CARTESIAN_POINT ( 'NONE',  ( -5.885732398095194995, -4.999999999999999112, -1.214306433183764966E-14 ) ) ;
#18 = EDGE_CURVE ( 'NONE', #4084, #4244, #2657, .T. ) ;
#19 = CIRCLE ( 'NONE', #4569, 0.5000000000000004441 ) ;
#20 = ORIENTED_EDGE ( 'NONE', *, *, #3882, .T. ) ;
#21 = ORIENTED_EDGE ( 'NONE', *, *, #3906, .T. ) ;
#22 = ORIENTED_EDGE ( 'NONE', *, *, #6424, .T. ) ;
#23 = CARTESIAN_POINT ( 'NONE',  ( -19.99999999999999645, 5.000000000000000000, -14.20000000000001172 ) ) ;
#24 = EDGE_CURVE ( 'NONE', #8495, #5983, #4797, .T. ) ;
#25 = DIRECTION ( 'NONE',  ( -1.000000000000000000, -9.232927681070869226E-33, -2.613688607452029793E-16 ) ) ;
#26 = DIRECTION ( 'NONE',  ( 0.000000000000000000, 0.000000000000000000, -1.000000000000000000 ) ) ;
#27 = PLANE ( 'NONE',  #941 ) ;
#28 = VECTOR ( 'NONE', #3664, 1000.000000000000000 ) ;
#29 = CYLINDRICAL_SURFACE ( 'NONE', #663, 0.1999999999999996503 ) ;
#30 = VERTEX_POINT ( 'NONE', #1328 ) ;
#31 = VECTOR ( 'NONE', #6131, 1000.000000000000000 ) ;
#32 = DIRECTION ( 'NONE',  ( 0.000000000000000000, 5.551115123125782702E-17, -1.000000000000000000 ) ) ;
#33 = EDGE_CURVE ( 'NONE', #481, #3685, #4125, .T. ) ;
#34 = ADVANCED_FACE ( 'NONE', ( #1243 ), #2610, .T. ) ;
#35 = ORIENTED_EDGE ( 'NONE', *, *, #5494, .F. ) ;
#36 = LINE ( 'NONE', #7931, #5737 ) ;
#37 = CARTESIAN_POINT ( 'NONE',  ( 19.50118481382170188, -5.000000000000000000, -16.60000000000001208 ) ) ;
#38 =( NAMED_UNIT ( * ) PLANE_ANGLE_UNIT ( ) SI_UNIT ( $, .RADIAN. ) );
#39 = DIRECTION ( 'NONE',  ( -0.000000000000000000, -1.000000000000000000, 1.722546424198833760E-16 ) ) ;
#40 = CIRCLE ( 'NONE', #8535, 0.5000000000000000000 ) ;
#41 = ORIENTED_EDGE ( 'NONE', *, *, #5951, .T. ) ;
#42 = VECTOR ( 'NONE', #5265, 1000.000000000000000 ) ;
#43 = VERTEX_POINT ( 'NONE', #8140 ) ;
#44 = CARTESIAN_POINT ( 'NONE',  ( -52.50000000000000000, 5.000000000000000000, -1.387778780781445676E-14 ) ) ;
#45 = CARTESIAN_POINT ( 'NONE',  ( 9.049699182559423960, 1.300000000000000044, -6.200000000000012612 ) ) ;
#46 = ORIENTED_EDGE ( 'NONE', *, *, #6647, .F. ) ;
#47 = DIRECTION ( 'NONE',  ( -1.000000000000000000, -3.521700469736658966E-33, -6.344131569286609683E-17 ) ) ;
#48 = LINE ( 'NONE', #7494, #2630 ) ;
#49 = EDGE_CURVE ( 'NONE', #6046, #1895, #4617, .T. ) ;
#50 = FACE_OUTER_BOUND ( 'NONE', #5802, .T. ) ;
#51 = LINE ( 'NONE', #1345, #5069 ) ;
#52 = VECTOR ( 'NONE', #7718, 1000.000000000000000 ) ;
#53 = ORIENTED_EDGE ( 'NONE', *, *, #18, .F. ) ;
#54 = EDGE_CURVE ( 'NONE', #2093, #8727, #6814, .T. ) ;
#55 = EDGE_CURVE ( 'NONE', #7182, #3907, #2080, .T. ) ;
#56 = ORIENTED_EDGE ( 'NONE', *, *, #2362, .F. ) ;
#57 = CARTESIAN_POINT ( 'NONE',  ( -19.60432550431519516, -1.299999999999999600, -13.27201599930162246 ) ) ;
#58 = EDGE_LOOP ( 'NONE', ( #5117, #790, #5625, #8276 ) ) ;
#59 = LINE ( 'NONE', #7542, #3793 ) ;
#60 = CARTESIAN_POINT ( 'NONE',  ( 46.38475575860120159, -5.000000000000000000, -3.600000000000011191 ) ) ;
#61 = AXIS2_PLACEMENT_3D ( 'NONE', #5869, #1162, #6487 ) ;
#62 = CARTESIAN_POINT ( 'NONE',  ( -16.49999999999999645, 5.000000000000000000, -13.70000000000001172 ) ) ;
#63 = CARTESIAN_POINT ( 'NONE',  ( -6.946515026820697436, 5.000000000000000000, -5.600000000000012967 ) ) ;
#64 = AXIS2_PLACEMENT_3D ( 'NONE', #3707, #5000, #6155 ) ;
#65 = EDGE_LOOP ( 'NONE', ( #6090, #404, #8308, #3675 ) ) ;
#66 = EDGE_LOOP ( 'NONE', ( #721, #6531, #1444, #8119 ) ) ;
#67 = EDGE_CURVE ( 'NONE', #6230, #5972, #704, .T. ) ;
#68 = ORIENTED_EDGE ( 'NONE', *, *, #7785, .T. ) ;
#69 = LINE ( 'NONE', #4866, #3570 ) ;
#70 = CARTESIAN_POINT ( 'NONE',  ( 58.80000000000000426, -5.000000000000000000, -10.94606079818862199 ) ) ;
#71 = CARTESIAN_POINT ( 'NONE',  ( 13.23545475066548427, -1.300000000000000044, -7.700000000000012612 ) ) ;
#72 = LINE ( 'NONE', #3406, #5925 ) ;
#73 = CARTESIAN_POINT ( 'NONE',  ( 17.99654675138050308, -5.000000000000000000, -7.300000000000011369 ) ) ;
#74 = AXIS2_PLACEMENT_3D ( 'NONE', #5795, #3137, #1222 ) ;
#75 = DIRECTION ( 'NONE',  ( -1.000000000000000000, 0.000000000000000000, 0.000000000000000000 ) ) ;
#76 = VERTEX_POINT ( 'NONE', #6025 ) ;
#77 = EDGE_LOOP ( 'NONE', ( #334, #2963, #2222, #3692 ) ) ;
#78 = DIRECTION ( 'NONE',  ( -0.1498053794279949336, 5.488473587971035667E-17, -0.9887155042247666170 ) ) ;
#79 = VERTEX_POINT ( 'NONE', #6109 ) ;
#80 = CARTESIAN_POINT ( 'NONE',  ( 47.88475575860120159, -5.000000000000000000, -2.000000000000011102 ) ) ;
#81 = CARTESIAN_POINT ( 'NONE',  ( -19.60432550431519516, -4.999999999999999112, -13.27201599930162246 ) ) ;
#82 = DIRECTION ( 'NONE',  ( 0.000000000000000000, 1.000000000000000000, -1.710343578476592788E-16 ) ) ;
#83 = VECTOR ( 'NONE', #3461, 1000.000000000000000 ) ;
#84 = VECTOR ( 'NONE', #3776, 1000.000000000000000 ) ;
#85 = EDGE_CURVE ( 'NONE', #1637, #2257, #2574, .T. ) ;
#86 = EDGE_CURVE ( 'NONE', #134, #6160, #6153, .T. ) ;
#87 = LINE ( 'NONE', #4303, #3745 ) ;
#88 = EDGE_CURVE ( 'NONE', #1030, #6072, #1285, .T. ) ;
#89 = ORIENTED_EDGE ( 'NONE', *, *, #8245, .T. ) ;
#90 = VECTOR ( 'NONE', #1490, 1000.000000000000000 ) ;
#91 = AXIS2_PLACEMENT_3D ( 'NONE', #296, #8449, #963 ) ;
#92 = ORIENTED_EDGE ( 'NONE', *, *, #1822, .T. ) ;
#93 = DIRECTION ( 'NONE',  ( -1.000000000000000000, 4.930380657631322689E-32, -8.881784197001250351E-16 ) ) ;
#94 = PLANE ( 'NONE',  #7824 ) ;
#95 = FACE_BOUND ( 'NONE', #3073, .T. ) ;
#96 = CARTESIAN_POINT ( 'NONE',  ( 8.500000000000003553, -5.000000000000000000, -9.000000000000010658 ) ) ;
#97 = CARTESIAN_POINT ( 'NONE',  ( 17.49654675138050308, -5.000000000000000000, -9.700000000000009948 ) ) ;
#98 = CARTESIAN_POINT ( 'NONE',  ( -24.99999999999999289, 0.000000000000000000, -5.000000000000012434 ) ) ;
#99 = CIRCLE ( 'NONE', #3084, 0.2000000000000008438 ) ;
#100 = VECTOR ( 'NONE', #1517, 1000.000000000000000 ) ;
#101 = EDGE_CURVE ( 'NONE', #3992, #493, #2785, .T. ) ;
#102 = VERTEX_POINT ( 'NONE', #1906 ) ;
#103 = ORIENTED_EDGE ( 'NONE', *, *, #7257, .T. ) ;
#104 = CYLINDRICAL_SURFACE ( 'NONE', #880, 0.2999999999999995448 ) ;
#105 = VECTOR ( 'NONE', #674, 1000.000000000000000 ) ;
#106 = ORIENTED_EDGE ( 'NONE', *, *, #7831, .F. ) ;
#107 = FACE_OUTER_BOUND ( 'NONE', #3521, .T. ) ;
#108 = DIRECTION ( 'NONE',  ( 5.727720194466609558E-17, 1.000000000000000000, -1.110223024625156787E-16 ) ) ;
#109 = LINE ( 'NONE', #1530, #5717 ) ;
#110 = DIRECTION ( 'NONE',  ( -1.000000000000000000, 0.000000000000000000, 0.000000000000000000 ) ) ;
#111 = ADVANCED_FACE ( 'NONE', ( #577 ), #1954, .F. ) ;
#112 = VECTOR ( 'NONE', #6234, 1000.000000000000000 ) ;
#113 = ORIENTED_EDGE ( 'NONE', *, *, #7580, .F. ) ;
#114 = VERTEX_POINT ( 'NONE', #5406 ) ;
#115 = ORIENTED_EDGE ( 'NONE', *, *, #6347, .T. ) ;
#116 = CARTESIAN_POINT ( 'NONE',  ( -18.49999999999999645, 5.000000000000000000, -10.20000000000001350 ) ) ;
#117 = DIRECTION ( 'NONE',  ( -0.000000000000000000, -1.000000000000000000, 1.776356839400250810E-16 ) ) ;
#118 = CARTESIAN_POINT ( 'NONE',  ( 18.49654675138050308, 5.000000000000000000, -11.70000000000001172 ) ) ;
#119 = DIRECTION ( 'NONE',  ( 1.000000000000000000, -2.086428390306033134E-32, 3.758575248446989845E-16 ) ) ;
#120 = VECTOR ( 'NONE', #3530, 1000.000000000000000 ) ;
#121 = DIRECTION ( 'NONE',  ( -1.235726496974089760E-16, 1.110223024625156787E-16, 1.000000000000000000 ) ) ;
#122 = CARTESIAN_POINT ( 'NONE',  ( 42.51929380825580296, -1.300000000000000044, -6.800000000000011369 ) ) ;
#123 = CIRCLE ( 'NONE', #1410, 0.2999999999999999334 ) ;
#124 = ORIENTED_EDGE ( 'NONE', *, *, #4315, .F. ) ;
#125 = ORIENTED_EDGE ( 'NONE', *, *, #4260, .T. ) ;
#126 = LINE ( 'NONE', #6282, #6558 ) ;
#127 = ORIENTED_EDGE ( 'NONE', *, *, #8756, .T. ) ;
#128 = CARTESIAN_POINT ( 'NONE',  ( 44.38475575860120870, -5.000000000000000000, -1.600000000000011191 ) ) ;
#129 =( NAMED_UNIT ( * ) SI_UNIT ( $, .STERADIAN. ) SOLID_ANGLE_UNIT ( ) );
#130 = CARTESIAN_POINT ( 'NONE',  ( 15.02122548186990514, 5.000000000000000000, -12.51711493716156376 ) ) ;
#131 = COLOUR_RGB ( '',0.3294117647058823484, 0.5686274509803921351, 0.08627450980392156743 ) ;
#132 = CARTESIAN_POINT ( 'NONE',  ( 38.41721509500220577, 1.300000000000000044, -1.500000000000012657 ) ) ;
#133 = VERTEX_POINT ( 'NONE', #8726 ) ;
#134 = VERTEX_POINT ( 'NONE', #7480 ) ;
#135 = DIRECTION ( 'NONE',  ( 2.220446049250309876E-16, -1.110223024625157526E-17, -1.000000000000000000 ) ) ;
#136 = DIRECTION ( 'NONE',  ( 1.048722950588875950E-32, 1.000000000000000000, -1.722546424198833760E-16 ) ) ;
#137 = ADVANCED_FACE ( 'NONE', ( #1417 ), #745, .F. ) ;
#138 = CARTESIAN_POINT ( 'NONE',  ( 57.00000000000000000, -5.000000000000000000, -7.000000000000011546 ) ) ;
#139 = CARTESIAN_POINT ( 'NONE',  ( 1.614267601904844085, -5.000000000000000000, -1.100000000000010747 ) ) ;
#140 = ADVANCED_FACE ( 'NONE', ( #7308 ), #6685, .F. ) ;
#141 = CARTESIAN_POINT ( 'NONE',  ( -50.80664724830590018, -1.300000000000000266, -2.103695419137131317 ) ) ;
#142 = DIRECTION ( 'NONE',  ( -0.2873478855663469944, 5.317003977218519999E-17, -0.9578262852211508749 ) ) ;
#143 = EDGE_CURVE ( 'NONE', #3728, #3824, #4039, .T. ) ;
#144 = ORIENTED_EDGE ( 'NONE', *, *, #1196, .T. ) ;
#145 = EDGE_LOOP ( 'NONE', ( #1033, #2278, #2153, #7950 ) ) ;
#146 = FACE_OUTER_BOUND ( 'NONE', #7214, .T. ) ;
#147 = LINE ( 'NONE', #3525, #6829 ) ;
#148 = EDGE_CURVE ( 'NONE', #191, #3523, #1585, .T. ) ;
#149 = ORIENTED_EDGE ( 'NONE', *, *, #331, .F. ) ;
#150 = CYLINDRICAL_SURFACE ( 'NONE', #2788, 1.000000000000000000 ) ;
#151 = LINE ( 'NONE', #8345, #8710 ) ;
#152 = DIRECTION ( 'NONE',  ( -0.000000000000000000, -1.000000000000000000, 1.722546424198833760E-16 ) ) ;
#153 = CARTESIAN_POINT ( 'NONE',  ( 4.936726938305878498, 1.300000000000000044, -4.100000000000012079 ) ) ;
#154 = ADVANCED_FACE ( 'NONE', ( #789 ), #7612, .F. ) ;
#155 = ORIENTED_EDGE ( 'NONE', *, *, #6483, .T. ) ;
#156 = ORIENTED_EDGE ( 'NONE', *, *, #8125, .T. ) ;
#157 = EDGE_LOOP ( 'NONE', ( #3887, #2858, #7930, #6465 ) ) ;
#158 = CARTESIAN_POINT ( 'NONE',  ( 41.38475575860120159, -5.000000000000000000, -1.600000000000011191 ) ) ;
#159 = CARTESIAN_POINT ( 'NONE',  ( -53.00000000000000000, -5.000000000000000000, -8.500000000000017764 ) ) ;
#160 = CARTESIAN_POINT ( 'NONE',  ( -20.09767825600929925, 1.300000000000000044, -13.16832058016451334 ) ) ;
#161 = DIRECTION ( 'NONE',  ( 1.000000000000000000, 0.000000000000000000, 0.000000000000000000 ) ) ;
#162 = FACE_OUTER_BOUND ( 'NONE', #3485, .T. ) ;
#163 = ADVANCED_FACE ( 'NONE', ( #8362 ), #1457, .F. ) ;
#164 = CARTESIAN_POINT ( 'NONE',  ( 4.500000000000003553, -1.300000000000000044, -9.000000000000010658 ) ) ;
#165 = VECTOR ( 'NONE', #1588, 1000.000000000000000 ) ;
#166 = EDGE_LOOP ( 'NONE', ( #2506, #6857, #3372, #1765 ) ) ;
#167 = ORIENTED_EDGE ( 'NONE', *, *, #3291, .F. ) ;
#168 = CARTESIAN_POINT ( 'NONE',  ( 7.039300021928974083, 5.000000000000000000, -10.87848338918573177 ) ) ;
#169 = EDGE_CURVE ( 'NONE', #1685, #6904, #6198, .T. ) ;
#170 = ORIENTED_EDGE ( 'NONE', *, *, #3562, .F. ) ;
#171 = AXIS2_PLACEMENT_3D ( 'NONE', #3987, #8670, #7343 ) ;
#172 = CARTESIAN_POINT ( 'NONE',  ( 2.494442578872483995, 5.000000000000000000, -14.65898950818293223 ) ) ;
#173 = EDGE_CURVE ( 'NONE', #1953, #1914, #2300, .T. ) ;
#174 = LINE ( 'NONE', #926, #8722 ) ;
#175 = VECTOR ( 'NONE', #3266, 1000.000000000000000 ) ;
#176 = CARTESIAN_POINT ( 'NONE',  ( 21.98761792103010393, -1.300000000000000266, -4.000000000000011546 ) ) ;
#177 = ORIENTED_EDGE ( 'NONE', *, *, #298, .T. ) ;
#178 = ORIENTED_EDGE ( 'NONE', *, *, #7590, .T. ) ;
#179 = DIRECTION ( 'NONE',  ( 1.000000000000000000, 0.000000000000000000, 0.000000000000000000 ) ) ;
#180 = FACE_OUTER_BOUND ( 'NONE', #1963, .T. ) ;
#181 = DIRECTION ( 'NONE',  ( -1.000000000000000000, 1.224646799147350495E-16, 0.000000000000000000 ) ) ;
#182 = CIRCLE ( 'NONE', #1892, 0.5000000000000004441 ) ;
#183 = LINE ( 'NONE', #805, #2677 ) ;
#184 = DIRECTION ( 'NONE',  ( 1.000000000000000000, -6.001827805543590824E-33, 1.081193178743519895E-16 ) ) ;
#185 = VECTOR ( 'NONE', #4149, 1000.000000000000114 ) ;
#186 = VERTEX_POINT ( 'NONE', #4213 ) ;
#187 = EDGE_CURVE ( 'NONE', #7390, #6629, #475, .T. ) ;
#188 = ORIENTED_EDGE ( 'NONE', *, *, #5301, .F. ) ;
#189 = CARTESIAN_POINT ( 'NONE',  ( 58.80000000000000426, 3.699999999999999289, -7.792000000000012250 ) ) ;
#190 = DIRECTION ( 'NONE',  ( 0.9887155042247666170, 0.000000000000000000, -0.1498053794279952389 ) ) ;
#191 = VERTEX_POINT ( 'NONE', #3501 ) ;
#192 = FACE_OUTER_BOUND ( 'NONE', #166, .T. ) ;
#193 = CARTESIAN_POINT ( 'NONE',  ( 15.00310462831780356, 5.000000000000000000, -11.20000000000001172 ) ) ;
#194 = DIRECTION ( 'NONE',  ( 0.000000000000000000, 0.000000000000000000, 1.000000000000000000 ) ) ;
#195 = FACE_OUTER_BOUND ( 'NONE', #989, .T. ) ;
#196 = VECTOR ( 'NONE', #1463, 1000.000000000000000 ) ;
#197 = EDGE_CURVE ( 'NONE', #6720, #6568, #8188, .T. ) ;
#198 = ADVANCED_FACE ( 'NONE', ( #6906 ), #836, .T. ) ;
#199 = ORIENTED_EDGE ( 'NONE', *, *, #848, .T. ) ;
#200 = ORIENTED_EDGE ( 'NONE', *, *, #3290, .F. ) ;
#201 = AXIS2_PLACEMENT_3D ( 'NONE', #4536, #3115, #5244 ) ;
#202 = ORIENTED_EDGE ( 'NONE', *, *, #4210, .F. ) ;
#203 = CARTESIAN_POINT ( 'NONE',  ( 1.198806130178223794, -5.000000000000000000, -7.500000000000011546 ) ) ;
#204 = LINE ( 'NONE', #2198, #1228 ) ;
#205 = CARTESIAN_POINT ( 'NONE',  ( 0.6000000000000041966, -5.000000000000000000, -9.000000000000008882 ) ) ;
#206 = CYLINDRICAL_SURFACE ( 'NONE', #1250, 0.5000000000000004441 ) ;
#207 = LINE ( 'NONE', #7557, #2359 ) ;
#208 = CARTESIAN_POINT ( 'NONE',  ( -0.3347805097573159916, 5.000000000000000000, -7.700000000000012612 ) ) ;
#209 = VECTOR ( 'NONE', #6967, 1000.000000000000000 ) ;
#210 = ORIENTED_EDGE ( 'NONE', *, *, #1071, .F. ) ;
#211 = VERTEX_POINT ( 'NONE', #168 ) ;
#212 = EDGE_CURVE ( 'NONE', #8338, #5211, #5448, .T. ) ;
#213 = DIRECTION ( 'NONE',  ( 0.000000000000000000, -5.551115123125782702E-17, 1.000000000000000000 ) ) ;
#214 = CIRCLE ( 'NONE', #7422, 0.2999999999999995448 ) ;
#215 = VERTEX_POINT ( 'NONE', #2210 ) ;
#216 = CARTESIAN_POINT ( 'NONE',  ( -18.00664724830589591, -1.299999999999999600, -13.27201599930162246 ) ) ;
#217 = CARTESIAN_POINT ( 'NONE',  ( 15.90118481382170401, -5.000000000000000000, -17.60000000000001208 ) ) ;
#218 = EDGE_CURVE ( 'NONE', #7631, #4958, #126, .T. ) ;
#219 = MECHANICAL_DESIGN_GEOMETRIC_PRESENTATION_REPRESENTATION (  '', ( #922 ), #5599 ) ;
#220 = DIRECTION ( 'NONE',  ( -0.000000000000000000, -1.000000000000000000, 1.722546424198833760E-16 ) ) ;
#221 = VERTEX_POINT ( 'NONE', #4877 ) ;
#222 = ORIENTED_EDGE ( 'NONE', *, *, #8335, .F. ) ;
#223 = DIRECTION ( 'NONE',  ( 0.000000000000000000, -1.998401444325281576E-16, -1.000000000000000000 ) ) ;
#224 = CIRCLE ( 'NONE', #1364, 2.375000000000000000 ) ;
#225 = CARTESIAN_POINT ( 'NONE',  ( -13.43559131662329342, -5.000000000000000000, -10.77490268971401122 ) ) ;
#226 = DIRECTION ( 'NONE',  ( 0.9474922789871988993, 3.380683588727627447E-17, 0.3197786441581800254 ) ) ;
#227 = VECTOR ( 'NONE', #7147, 1000.000000000000000 ) ;
#228 = CARTESIAN_POINT ( 'NONE',  ( 47.57800706432290383, 5.000000000000000000, -5.936935560705823178 ) ) ;
#229 = DIRECTION ( 'NONE',  ( -1.000000000000000000, -3.380832450947179251E-32, -1.015061051085860113E-15 ) ) ;
#230 = EDGE_CURVE ( 'NONE', #3133, #2245, #3676, .T. ) ;
#231 = EDGE_CURVE ( 'NONE', #7675, #8611, #3544, .T. ) ;
#232 = AXIS2_PLACEMENT_3D ( 'NONE', #3047, #5838, #7120 ) ;
#233 = CIRCLE ( 'NONE', #519, 0.1999999999999996503 ) ;
#234 = ORIENTED_EDGE ( 'NONE', *, *, #4101, .F. ) ;
#235 = ORIENTED_EDGE ( 'NONE', *, *, #5708, .F. ) ;
#236 = DIRECTION ( 'NONE',  ( -1.000000000000000000, 0.000000000000000000, 0.000000000000000000 ) ) ;
#237 = DIRECTION ( 'NONE',  ( -1.000000000000000000, 5.890452534092094258E-33, -1.061129593503229983E-16 ) ) ;
#238 = EDGE_LOOP ( 'NONE', ( #2132, #1145, #35, #8003 ) ) ;
#239 = DIRECTION ( 'NONE',  ( -0.2873478855663469944, 5.317003977218519999E-17, -0.9578262852211508749 ) ) ;
#240 = CYLINDRICAL_SURFACE ( 'NONE', #1214, 0.3000000000000008216 ) ;
#241 = DIRECTION ( 'NONE',  ( -1.000000000000000000, 2.429577618391498576E-32, -4.376737942742260047E-16 ) ) ;
#242 = CARTESIAN_POINT ( 'NONE',  ( -7.175732398095195919, -5.000000000000000000, -3.600000000000011191 ) ) ;
#243 = AXIS2_PLACEMENT_3D ( 'NONE', #1176, #7375, #1309 ) ;
#244 = AXIS2_PLACEMENT_3D ( 'NONE', #5107, #1725, #3768 ) ;
#245 = VERTEX_POINT ( 'NONE', #4835 ) ;
#246 = VECTOR ( 'NONE', #47, 1000.000000000000000 ) ;
#247 = ORIENTED_EDGE ( 'NONE', *, *, #8420, .F. ) ;
#248 = ORIENTED_EDGE ( 'NONE', *, *, #1314, .T. ) ;
#249 = CARTESIAN_POINT ( 'NONE',  ( 18.49654675138050308, -5.000000000000000000, -6.800000000000010481 ) ) ;
#250 = CARTESIAN_POINT ( 'NONE',  ( 22.00000000000000711, -8.673617379884035472E-16, -1.214306433183764966E-14 ) ) ;
#251 = CARTESIAN_POINT ( 'NONE',  ( 8.500000000000003553, 5.000000000000000000, -9.000000000000012434 ) ) ;
#252 = DIRECTION ( 'NONE',  ( -1.000000000000000000, -5.473822126268816683E-48, -7.401486830834370362E-16 ) ) ;
#253 = DIRECTION ( 'NONE',  ( -1.000000000000000000, 0.000000000000000000, 0.000000000000000000 ) ) ;
#254 = EDGE_CURVE ( 'NONE', #4408, #5041, #1550, .T. ) ;
#255 = FACE_OUTER_BOUND ( 'NONE', #395, .T. ) ;
#256 = EDGE_CURVE ( 'NONE', #8747, #1173, #19, .T. ) ;
#257 = CARTESIAN_POINT ( 'NONE',  ( 17.26568092078370498, 5.000000000000000000, -9.754673950505285518 ) ) ;
#258 = CIRCLE ( 'NONE', #8172, 0.5000000000000000000 ) ;
#259 = EDGE_LOOP ( 'NONE', ( #3821, #170, #1315, #4391 ) ) ;
#260 = ORIENTED_EDGE ( 'NONE', *, *, #6367, .F. ) ;
#261 = CARTESIAN_POINT ( 'NONE',  ( 44.88475575860120159, 5.000000000000000000, -1.600000000000012079 ) ) ;
#262 = AXIS2_PLACEMENT_3D ( 'NONE', #7813, #6403, #950 ) ;
#263 = ORIENTED_EDGE ( 'NONE', *, *, #6595, .T. ) ;
#264 = FACE_OUTER_BOUND ( 'NONE', #5980, .T. ) ;
#265 = EDGE_CURVE ( 'NONE', #4551, #1953, #6948, .T. ) ;
#266 = CARTESIAN_POINT ( 'NONE',  ( 15.90118481382170401, 5.000000000000000000, -17.60000000000001208 ) ) ;
#267 = CIRCLE ( 'NONE', #262, 0.4999999999999995559 ) ;
#268 = LINE ( 'NONE', #5018, #1192 ) ;
#269 = EDGE_LOOP ( 'NONE', ( #6730, #5697, #7469, #1089 ) ) ;
#270 = ORIENTED_EDGE ( 'NONE', *, *, #5829, .F. ) ;
#271 = CARTESIAN_POINT ( 'NONE',  ( 17.18083427030600419, 5.000000000000000000, -8.307058399824374106 ) ) ;
#272 = AXIS2_PLACEMENT_3D ( 'NONE', #7760, #4310, #8375 ) ;
#273 = DIRECTION ( 'NONE',  ( -0.000000000000000000, -1.000000000000000000, 1.722546424198833760E-16 ) ) ;
#274 = CARTESIAN_POINT ( 'NONE',  ( -6.018033988749897034, -9.000000000000001776, -5.600000000000011191 ) ) ;
#275 = CARTESIAN_POINT ( 'NONE',  ( 19.50118481382170188, -5.000000000000000000, -16.30000000000001137 ) ) ;
#276 = EDGE_CURVE ( 'NONE', #8074, #1432, #2917, .T. ) ;
#277 = EDGE_CURVE ( 'NONE', #8464, #2810, #4969, .T. ) ;
#278 = ORIENTED_EDGE ( 'NONE', *, *, #5400, .F. ) ;
#279 = ORIENTED_EDGE ( 'NONE', *, *, #2881, .F. ) ;
#280 = DIRECTION ( 'NONE',  ( 0.000000000000000000, 1.000000000000000000, -1.110223024625156787E-16 ) ) ;
#281 = CARTESIAN_POINT ( 'NONE',  ( -44.29999999999999716, 5.000000000000000000, -1.387778780781445676E-14 ) ) ;
#282 = ORIENTED_EDGE ( 'NONE', *, *, #5812, .F. ) ;
#283 = CARTESIAN_POINT ( 'NONE',  ( 16.69654675138050592, -5.000000000000000000, -11.90000000000001101 ) ) ;
#284 = DIRECTION ( 'NONE',  ( 0.000000000000000000, 5.551115123125782702E-17, -1.000000000000000000 ) ) ;
#285 = ADVANCED_FACE ( 'NONE', ( #7081 ), #6468, .F. ) ;
#286 = LINE ( 'NONE', #6447, #7841 ) ;
#287 = DIRECTION ( 'NONE',  ( -0.000000000000000000, -1.000000000000000000, 2.310464132328026570E-16 ) ) ;
#288 = ORIENTED_EDGE ( 'NONE', *, *, #1305, .T. ) ;
#289 = VERTEX_POINT ( 'NONE', #1055 ) ;
#290 = ORIENTED_EDGE ( 'NONE', *, *, #4602, .F. ) ;
#291 = DIRECTION ( 'NONE',  ( 0.1498053794279949336, -5.488473587971035667E-17, 0.9887155042247666170 ) ) ;
#292 = DIRECTION ( 'NONE',  ( 1.000000000000000000, -0.000000000000000000, 0.000000000000000000 ) ) ;
#293 = DIRECTION ( 'NONE',  ( -1.000000000000000000, 1.379072162031508280E-32, -2.484315550016849989E-16 ) ) ;
#294 = CARTESIAN_POINT ( 'NONE',  ( -13.43559131662329342, -5.000000000000000000, -10.77490268971401122 ) ) ;
#295 = DIRECTION ( 'NONE',  ( 1.771855548836255069E-32, 1.000000000000000000, -1.427429603089486840E-16 ) ) ;
#296 = CARTESIAN_POINT ( 'NONE',  ( 49.50000000000000000, 7.000000000000000000, -0.5000000000000125455 ) ) ;
#297 = CARTESIAN_POINT ( 'NONE',  ( 9.049699182559423960, 1.300000000000000044, -6.200000000000012612 ) ) ;
#298 = EDGE_CURVE ( 'NONE', #6668, #4775, #7380, .T. ) ;
#299 = ORIENTED_EDGE ( 'NONE', *, *, #331, .T. ) ;
#300 = ORIENTED_EDGE ( 'NONE', *, *, #85, .F. ) ;
#301 = CARTESIAN_POINT ( 'NONE',  ( 57.80000000000000426, -1.300000000000000044, -8.000000000000012434 ) ) ;
#302 = ORIENTED_EDGE ( 'NONE', *, *, #6705, .T. ) ;
#303 = DIRECTION ( 'NONE',  ( -8.881784197001249119E-17, 1.776356839400250810E-16, 1.000000000000000000 ) ) ;
#304 = LINE ( 'NONE', #5193, #8011 ) ;
#305 = CARTESIAN_POINT ( 'NONE',  ( -13.92994906873569505, -5.000000000000000000, -11.20000000000001172 ) ) ;
#306 = EDGE_CURVE ( 'NONE', #3728, #4231, #4297, .T. ) ;
#307 = EDGE_CURVE ( 'NONE', #8431, #7927, #5188, .T. ) ;
#308 = VERTEX_POINT ( 'NONE', #3188 ) ;
#309 = VECTOR ( 'NONE', #5370, 1000.000000000000000 ) ;
#310 = ORIENTED_EDGE ( 'NONE', *, *, #4973, .F. ) ;
#311 = ORIENTED_EDGE ( 'NONE', *, *, #8430, .F. ) ;
#312 = DIRECTION ( 'NONE',  ( -1.000000000000000000, 0.000000000000000000, 0.000000000000000000 ) ) ;
#313 = EDGE_CURVE ( 'NONE', #6262, #6792, #8497, .T. ) ;
#314 = DIRECTION ( 'NONE',  ( 0.000000000000000000, 1.000000000000000000, 6.661338147750930368E-17 ) ) ;
#315 = DIRECTION ( 'NONE',  ( 1.000000000000000000, 0.000000000000000000, -0.000000000000000000 ) ) ;
#316 = CARTESIAN_POINT ( 'NONE',  ( -13.85425588958379528, 1.300000000000000044, -3.525097310286012586 ) ) ;
#317 = AXIS2_PLACEMENT_3D ( 'NONE', #5833, #2994, #1091 ) ;
#318 = ORIENTED_EDGE ( 'NONE', *, *, #7803, .F. ) ;
#319 = VECTOR ( 'NONE', #7459, 1000.000000000000000 ) ;
#320 = VERTEX_POINT ( 'NONE', #5057 ) ;
#321 = CARTESIAN_POINT ( 'NONE',  ( -12.49999999999999645, 5.000000000000000000, -17.60000000000001208 ) ) ;
#322 = EDGE_CURVE ( 'NONE', #8017, #4392, #8541, .T. ) ;
#323 = DIRECTION ( 'NONE',  ( -1.000000000000000000, 0.000000000000000000, 0.000000000000000000 ) ) ;
#324 = VERTEX_POINT ( 'NONE', #1187 ) ;
#325 = CARTESIAN_POINT ( 'NONE',  ( -51.50664724830589591, -1.300000000000000044, -7.761614970794162183 ) ) ;
#326 = CARTESIAN_POINT ( 'NONE',  ( 9.499699182559423249, 5.000000000000000000, -7.700000000000012612 ) ) ;
#327 = DIRECTION ( 'NONE',  ( -5.473822126268819114E-48, 1.000000000000000000, -1.722546424198833760E-16 ) ) ;
#328 = DIRECTION ( 'NONE',  ( 0.000000000000000000, 1.000000000000000000, 1.586032892321631775E-17 ) ) ;
#329 = AXIS2_PLACEMENT_3D ( 'NONE', #5143, #4527, #6515 ) ;
#330 = EDGE_CURVE ( 'NONE', #3213, #4562, #7744, .T. ) ;
#331 = EDGE_CURVE ( 'NONE', #7461, #7069, #4849, .T. ) ;
#332 = VERTEX_POINT ( 'NONE', #5105 ) ;
#333 = ORIENTED_EDGE ( 'NONE', *, *, #3011, .F. ) ;
#334 = ORIENTED_EDGE ( 'NONE', *, *, #2432, .T. ) ;
#335 = EDGE_CURVE ( 'NONE', #2341, #4257, #1722, .T. ) ;
#336 = CARTESIAN_POINT ( 'NONE',  ( 20.01238207896990318, -1.300000000000000266, -4.000000000000011546 ) ) ;
#337 = CARTESIAN_POINT ( 'NONE',  ( -12.29999999999999538, -5.000000000000000000, -17.80000000000001137 ) ) ;
#338 = LINE ( 'NONE', #2380, #8416 ) ;
#339 = VECTOR ( 'NONE', #1933, 1000.000000000000114 ) ;
#340 = DIRECTION ( 'NONE',  ( 0.000000000000000000, 1.000000000000000000, -1.780185194657578820E-16 ) ) ;
#341 = CARTESIAN_POINT ( 'NONE',  ( 7.901193869821793392, 5.000000000000000000, -7.700000000000012612 ) ) ;
#342 = PLANE ( 'NONE',  #7313 ) ;
#343 = DIRECTION ( 'NONE',  ( -1.480297366166879989E-15, -5.721188726109968923E-18, -1.000000000000000000 ) ) ;
#344 = VECTOR ( 'NONE', #8249, 1000.000000000000000 ) ;
#345 = ORIENTED_EDGE ( 'NONE', *, *, #3281, .F. ) ;
#346 = ORIENTED_EDGE ( 'NONE', *, *, #33, .T. ) ;
#347 = CARTESIAN_POINT ( 'NONE',  ( 49.00000000000000000, -5.000000000000000000, -6.895195053175850575 ) ) ;
#348 = ORIENTED_EDGE ( 'NONE', *, *, #6425, .T. ) ;
#349 = DIRECTION ( 'NONE',  ( -1.000000000000000000, 0.000000000000000000, 0.000000000000000000 ) ) ;
#350 = CARTESIAN_POINT ( 'NONE',  ( 3.050000000000004263, 5.000000000000000000, -10.50000000000001243 ) ) ;
#351 = AXIS2_PLACEMENT_3D ( 'NONE', #7276, #457, #1077 ) ;
#352 = CARTESIAN_POINT ( 'NONE',  ( 0.6000000000000041966, -5.000000000000000000, -9.000000000000008882 ) ) ;
#353 = EDGE_CURVE ( 'NONE', #1941, #1433, #729, .T. ) ;
#354 = ADVANCED_FACE ( 'NONE', ( #3005 ), #1105, .F. ) ;
#355 = ORIENTED_EDGE ( 'NONE', *, *, #8159, .F. ) ;
#356 = VECTOR ( 'NONE', #5327, 1000.000000000000114 ) ;
#357 = ORIENTED_EDGE ( 'NONE', *, *, #5942, .T. ) ;
#358 = ORIENTED_EDGE ( 'NONE', *, *, #3507, .F. ) ;
#359 = CARTESIAN_POINT ( 'NONE',  ( 4.936726938305877610, 1.300000000000000044, -1.500000000000012657 ) ) ;
#360 = CARTESIAN_POINT ( 'NONE',  ( 57.80000000000000426, -5.000000000000000000, -8.000000000000010658 ) ) ;
#361 = FACE_OUTER_BOUND ( 'NONE', #7101, .T. ) ;
#362 = FACE_OUTER_BOUND ( 'NONE', #788, .T. ) ;
#363 = ADVANCED_FACE ( 'NONE', ( #6551 ), #396, .T. ) ;
#364 = EDGE_CURVE ( 'NONE', #4106, #3334, #1011, .T. ) ;
#365 = VECTOR ( 'NONE', #4952, 1000.000000000000000 ) ;
#366 = PRODUCT_DEFINITION ( 'UNKNOWN', '', #5102, #6963 ) ;
#367 = ORIENTED_EDGE ( 'NONE', *, *, #6438, .F. ) ;
#368 = AXIS2_PLACEMENT_3D ( 'NONE', #2487, #7801, #2441 ) ;
#369 = VECTOR ( 'NONE', #1201, 1000.000000000000000 ) ;
#370 = ORIENTED_EDGE ( 'NONE', *, *, #1127, .T. ) ;
#371 = CARTESIAN_POINT ( 'NONE',  ( -18.00664724830589591, -4.999999999999999112, -10.30369541913713149 ) ) ;
#372 = CARTESIAN_POINT ( 'NONE',  ( 15.02122548186990514, -5.000000000000000000, -12.51711493716156198 ) ) ;
#373 = VERTEX_POINT ( 'NONE', #7829 ) ;
#374 = CARTESIAN_POINT ( 'NONE',  ( 0.6000000000000041966, 5.000000000000000000, -9.000000000000010658 ) ) ;
#375 = LINE ( 'NONE', #6620, #4194 ) ;
#376 = CARTESIAN_POINT ( 'NONE',  ( -2.364096478224085640, 1.300000000000000044, -7.700000000000012612 ) ) ;
#377 = LINE ( 'NONE', #8388, #8471 ) ;
#378 = AXIS2_PLACEMENT_3D ( 'NONE', #1247, #3998, #8143 ) ;
#379 = ORIENTED_EDGE ( 'NONE', *, *, #953, .T. ) ;
#380 = ORIENTED_EDGE ( 'NONE', *, *, #1610, .T. ) ;
#381 = ORIENTED_EDGE ( 'NONE', *, *, #6913, .F. ) ;
#382 = DIRECTION ( 'NONE',  ( 1.313717310304516004E-46, -1.000000000000000000, 2.379049338482476751E-16 ) ) ;
#383 = CIRCLE ( 'NONE', #8149, 1.375000000000001332 ) ;
#384 = FACE_OUTER_BOUND ( 'NONE', #2686, .T. ) ;
#385 = LINE ( 'NONE', #7483, #7990 ) ;
#386 = VECTOR ( 'NONE', #1279, 1000.000000000000000 ) ;
#387 = LINE ( 'NONE', #3095, #6137 ) ;
#388 = DIRECTION ( 'NONE',  ( 0.000000000000000000, -2.168404344971008868E-16, -1.000000000000000000 ) ) ;
#389 = CARTESIAN_POINT ( 'NONE',  ( -26.98761792103009682, 1.300000000000000044, -5.000000000000012434 ) ) ;
#390 = CARTESIAN_POINT ( 'NONE',  ( 44.88475575860120159, -7.000000000000000888, -1.100000000000010747 ) ) ;
#391 = VECTOR ( 'NONE', #6456, 1000.000000000000000 ) ;
#392 = AXIS2_PLACEMENT_3D ( 'NONE', #760, #3471, #5229 ) ;
#393 = ORIENTED_EDGE ( 'NONE', *, *, #6945, .F. ) ;
#394 = ORIENTED_EDGE ( 'NONE', *, *, #1950, .F. ) ;
#395 = EDGE_LOOP ( 'NONE', ( #3594, #4783, #2558, #5955, #3235, #8251 ) ) ;
#396 = CYLINDRICAL_SURFACE ( 'NONE', #2150, 2.374999999999998668 ) ;
#397 = LINE ( 'NONE', #7172, #6557 ) ;
#398 = CARTESIAN_POINT ( 'NONE',  ( -52.50000000000000000, -5.000000000000000000, -0.5000000000000108802 ) ) ;
#399 = AXIS2_PLACEMENT_3D ( 'NONE', #4370, #2324, #993 ) ;
#400 = CARTESIAN_POINT ( 'NONE',  ( -16.49999999999999645, -5.000000000000000000, -12.20000000000001172 ) ) ;
#401 = CARTESIAN_POINT ( 'NONE',  ( 50.00000000000000000, -5.000000000000000000, -7.000000000000011546 ) ) ;
#402 = VECTOR ( 'NONE', #119, 1000.000000000000000 ) ;
#403 = EDGE_LOOP ( 'NONE', ( #7597, #3114, #3157, #8379 ) ) ;
#404 = ORIENTED_EDGE ( 'NONE', *, *, #1716, .F. ) ;
#405 = ORIENTED_EDGE ( 'NONE', *, *, #8457, .F. ) ;
#406 = DIRECTION ( 'NONE',  ( 0.6904313878910767199, -4.015664934059703149E-17, 0.7233978840270418598 ) ) ;
#407 = FACE_OUTER_BOUND ( 'NONE', #1730, .T. ) ;
#408 = DIRECTION ( 'NONE',  ( -0.05237493691499084392, 0.000000000000000000, 0.9986274911012368305 ) ) ;
#409 = LINE ( 'NONE', #8557, #8161 ) ;
#410 = CIRCLE ( 'NONE', #7905, 0.5000000000000004441 ) ;
#411 = ORIENTED_EDGE ( 'NONE', *, *, #4060, .F. ) ;
#412 = EDGE_CURVE ( 'NONE', #7614, #5496, #1855, .T. ) ;
#413 = VECTOR ( 'NONE', #3599, 1000.000000000000000 ) ;
#414 = EDGE_CURVE ( 'NONE', #8085, #7937, #1767, .T. ) ;
#415 = EDGE_LOOP ( 'NONE', ( #4488, #8340, #4897, #1721 ) ) ;
#416 = DIRECTION ( 'NONE',  ( 0.000000000000000000, 1.000000000000000000, -1.110223024625156787E-16 ) ) ;
#417 = DIRECTION ( 'NONE',  ( 0.000000000000000000, -5.721188726109870315E-18, -1.000000000000000000 ) ) ;
#418 = ORIENTED_EDGE ( 'NONE', *, *, #4387, .F. ) ;
#419 = CARTESIAN_POINT ( 'NONE',  ( 13.53449612337661456, 1.300000000000000044, -7.186405786944511931 ) ) ;
#420 = LINE ( 'NONE', #3742, #2915 ) ;
#421 = CARTESIAN_POINT ( 'NONE',  ( 2.114267601904844085, 5.000000000000000000, -1.387778780781445676E-14 ) ) ;
#422 = DIRECTION ( 'NONE',  ( 0.000000000000000000, 5.551115123125782702E-17, -1.000000000000000000 ) ) ;
#423 = VERTEX_POINT ( 'NONE', #4476 ) ;
#424 = EDGE_CURVE ( 'NONE', #7167, #4772, #7171, .T. ) ;
#425 = ORIENTED_EDGE ( 'NONE', *, *, #8504, .F. ) ;
#426 = ADVANCED_FACE ( 'NONE', ( #1816 ), #4525, .T. ) ;
#427 = VERTEX_POINT ( 'NONE', #6639 ) ;
#428 = DIRECTION ( 'NONE',  ( 0.000000000000000000, -2.309980164139441487E-16, -1.000000000000000000 ) ) ;
#429 = LINE ( 'NONE', #3136, #6049 ) ;
#430 = EDGE_CURVE ( 'NONE', #6955, #4573, #569, .T. ) ;
#431 = DIRECTION ( 'NONE',  ( 1.015061051085860113E-15, 5.551115123125782702E-17, -1.000000000000000000 ) ) ;
#432 = CARTESIAN_POINT ( 'NONE',  ( -24.99999999999999289, 0.000000000000000000, -5.000000000000012434 ) ) ;
#433 = CARTESIAN_POINT ( 'NONE',  ( -49.29999999999999716, -5.000000000000000000, -1.600000000000011191 ) ) ;
#434 = DIRECTION ( 'NONE',  ( -0.2999999998871199502, 0.000000000000000000, -0.9539392014524448182 ) ) ;
#435 = EDGE_LOOP ( 'NONE', ( #3549, #4900, #6099, #3463 ) ) ;
#436 = VERTEX_POINT ( 'NONE', #5936 ) ;
#437 = ORIENTED_EDGE ( 'NONE', *, *, #6361, .T. ) ;
#438 = CARTESIAN_POINT ( 'NONE',  ( 42.36220412055560303, 1.300000000000000044, -10.50000000000001243 ) ) ;
#439 = DIRECTION ( 'NONE',  ( 2.633983493671260459E-15, 5.551115123125782702E-17, -1.000000000000000000 ) ) ;
#440 = EDGE_CURVE ( 'NONE', #6638, #3703, #1442, .T. ) ;
#441 = CARTESIAN_POINT ( 'NONE',  ( -3.722949016875145123, -1.300000000000000266, -4.600000000000011191 ) ) ;
#442 = CARTESIAN_POINT ( 'NONE',  ( 62.00000000000000711, -5.000000000000000000, -9.852520022699819080 ) ) ;
#443 = CARTESIAN_POINT ( 'NONE',  ( -47.79999999999999716, -5.000000000000000000, -1.600000000000011191 ) ) ;
#444 = ORIENTED_EDGE ( 'NONE', *, *, #1061, .F. ) ;
#445 = ORIENTED_EDGE ( 'NONE', *, *, #7714, .F. ) ;
#446 = EDGE_CURVE ( 'NONE', #6549, #3473, #6400, .T. ) ;
#447 = EDGE_CURVE ( 'NONE', #4365, #7630, #3712, .T. ) ;
#448 = ORIENTED_EDGE ( 'NONE', *, *, #584, .T. ) ;
#449 = ORIENTED_EDGE ( 'NONE', *, *, #7108, .F. ) ;
#450 = CARTESIAN_POINT ( 'NONE',  ( -18.49999999999999645, 5.000000000000000000, -13.16832058016451334 ) ) ;
#451 = DIRECTION ( 'NONE',  ( 0.9911942970274707498, -2.646193332421682176E-17, -0.1324155033982729601 ) ) ;
#452 = CARTESIAN_POINT ( 'NONE',  ( -3.914096478224096121, 1.300000000000000044, -4.600000000000012079 ) ) ;
#453 = PLANE ( 'NONE',  #5330 ) ;
#454 = AXIS2_PLACEMENT_3D ( 'NONE', #5669, #2964, #7565 ) ;
#455 = ORIENTED_EDGE ( 'NONE', *, *, #3862, .F. ) ;
#456 = EDGE_LOOP ( 'NONE', ( #1435, #6775, #7435, #299 ) ) ;
#457 = DIRECTION ( 'NONE',  ( -1.138548482980590047E-16, 1.710343578476592788E-16, 1.000000000000000000 ) ) ;
#458 = DIRECTION ( 'NONE',  ( -0.000000000000000000, -1.000000000000000000, 1.722546424198833760E-16 ) ) ;
#459 = EDGE_LOOP ( 'NONE', ( #7089, #6132, #1841, #1010 ) ) ;
#460 = FACE_OUTER_BOUND ( 'NONE', #3702, .T. ) ;
#461 = CARTESIAN_POINT ( 'NONE',  ( 44.38475575860120870, 5.000000000000000000, -0.5000000000000125455 ) ) ;
#462 = AXIS2_PLACEMENT_3D ( 'NONE', #5658, #8352, #7552 ) ;
#463 = CYLINDRICAL_SURFACE ( 'NONE', #3820, 0.5000000000000004441 ) ;
#464 = EDGE_CURVE ( 'NONE', #7942, #8350, #1232, .T. ) ;
#465 = VECTOR ( 'NONE', #8517, 1000.000000000000000 ) ;
#466 = EDGE_LOOP ( 'NONE', ( #8163, #3274, #1836, #852, #2672, #6794, #89, #8759, #6069, #5830, #5140, #4114, #6655, #6763, #6478, #4184, #8551, #841, #2194, #2719, #4154, #5175, #8415, #7412, #2469, #7263, #5610, #1220, #4103, #3002, #68, #5288, #3201, #2914, #311, #5241, #5756, #6420, #2771, #6218, #7683, #6129, #1887, #7320, #7745, #6521, #4757, #5486, #2617, #3260, #8392, #2001, #6826, #4581, #1115, #4687, #2538, #2887, #113, #6845, #8075, #3078, #7901, #558, #3550, #6956, #946, #5438, #1019, #3154, #106, #5962, #310, #5294, #5905, #3295, #4865, #7001, #8561, #1286, #5824, #5683, #4513, #2526, #2869, #3662, #7090, #7826, #3933, #2819, #6440, #1876, #3464, #8282, #5289, #2715, #7551, #7756, #355, #6058, #3348, #5871, #1985, #6582, #345, #155, #4063, #5928, #7654, #6588, #2266, #1873, #2363, #8439, #5720, #210, #3751, #7706, #5092, #2618, #2851, #8507, #7817, #798, #4908 ) ) ;
#467 = EDGE_LOOP ( 'NONE', ( #8751, #2916, #5405, #5409 ) ) ;
#468 = PLANE ( 'NONE',  #4003 ) ;
#469 = CARTESIAN_POINT ( 'NONE',  ( 5.550000000000003375, 5.000000000000000000, -7.700000000000012612 ) ) ;
#470 = FACE_OUTER_BOUND ( 'NONE', #3772, .T. ) ;
#471 = CARTESIAN_POINT ( 'NONE',  ( -53.00000000000000000, 5.000000000000000000, -0.5000000000000125455 ) ) ;
#472 = PLANE ( 'NONE',  #5222 ) ;
#473 = LINE ( 'NONE', #4470, #7031 ) ;
#474 = VECTOR ( 'NONE', #4118, 1000.000000000000000 ) ;
#475 = CIRCLE ( 'NONE', #1602, 2.374999999999999112 ) ;
#476 = ADVANCED_FACE ( 'NONE', ( #5441 ), #3318, .F. ) ;
#477 = EDGE_CURVE ( 'NONE', #8394, #6154, #5273, .T. ) ;
#478 = VERTEX_POINT ( 'NONE', #8131 ) ;
#479 = ORIENTED_EDGE ( 'NONE', *, *, #4270, .T. ) ;
#480 = AXIS2_PLACEMENT_3D ( 'NONE', #6321, #6899, #6851 ) ;
#481 = VERTEX_POINT ( 'NONE', #7958 ) ;
#482 = DIRECTION ( 'NONE',  ( -2.736911063134409557E-48, 1.000000000000000000, -1.722546424198833760E-16 ) ) ;
#483 = CARTESIAN_POINT ( 'NONE',  ( 6.601619148220884803, 5.000000000000000000, -14.72279025185920354 ) ) ;
#484 = CARTESIAN_POINT ( 'NONE',  ( 49.00000000000000000, 5.000000000000000000, -2.000000000000011990 ) ) ;
#485 = CARTESIAN_POINT ( 'NONE',  ( 2.060699978071043770, 5.000000000000000000, -10.87848338918573177 ) ) ;
#486 = DIRECTION ( 'NONE',  ( 0.7716641037514774260, 2.118406367684484065E-17, 0.6360302752082083177 ) ) ;
#487 = CIRCLE ( 'NONE', #5439, 0.5000000000000000000 ) ;
#488 = EDGE_CURVE ( 'NONE', #3487, #5359, #3276, .T. ) ;
#489 = ORIENTED_EDGE ( 'NONE', *, *, #795, .T. ) ;
#490 = ORIENTED_EDGE ( 'NONE', *, *, #1666, .T. ) ;
#491 = ORIENTED_EDGE ( 'NONE', *, *, #8546, .T. ) ;
#492 = AXIS2_PLACEMENT_3D ( 'NONE', #7898, #2539, #3123 ) ;
#493 = VERTEX_POINT ( 'NONE', #2601 ) ;
#494 = LINE ( 'NONE', #450, #5878 ) ;
#495 = CYLINDRICAL_SURFACE ( 'NONE', #1497, 0.1999999999999996503 ) ;
#496 = DIRECTION ( 'NONE',  ( -0.9474922789871988993, -1.829513973808486622E-18, -0.3197786441581800254 ) ) ;
#497 = FACE_OUTER_BOUND ( 'NONE', #456, .T. ) ;
#498 = VECTOR ( 'NONE', #8311, 1000.000000000000000 ) ;
#499 = ADVANCED_FACE ( 'NONE', ( #4788 ), #5974, .F. ) ;
#500 = ORIENTED_EDGE ( 'NONE', *, *, #298, .F. ) ;
#501 = EDGE_LOOP ( 'NONE', ( #8393, #3585, #4473, #5644 ) ) ;
#502 = PLANE ( 'NONE',  #4464 ) ;
#503 = CARTESIAN_POINT ( 'NONE',  ( 57.00000000000000000, 5.000000000000000000, -7.000000000000013323 ) ) ;
#504 = ORIENTED_EDGE ( 'NONE', *, *, #6820, .F. ) ;
#505 = CARTESIAN_POINT ( 'NONE',  ( -50.30664724830590018, -1.300000000000000266, -2.103695419137131317 ) ) ;
#506 = CARTESIAN_POINT ( 'NONE',  ( -9.175732398095195919, 5.000000000000000000, -2.600000000000012079 ) ) ;
#507 = CIRCLE ( 'NONE', #5189, 0.5000000000000000000 ) ;
#508 = DIRECTION ( 'NONE',  ( 0.000000000000000000, 1.000000000000000000, -1.684476313224375849E-16 ) ) ;
#509 = AXIS2_PLACEMENT_3D ( 'NONE', #5167, #1081, #8520 ) ;
#510 = VERTEX_POINT ( 'NONE', #2071 ) ;
#511 = VERTEX_POINT ( 'NONE', #5362 ) ;
#512 = DIRECTION ( 'NONE',  ( -0.000000000000000000, 1.110223024625156787E-16, 1.000000000000000000 ) ) ;
#513 = EDGE_LOOP ( 'NONE', ( #56, #942, #6385, #954, #4575, #1865, #7145, #8410, #5103, #4643, #3037, #732, #587, #5201, #5255, #1266, #1253, #968, #835, #6098, #2451, #4283, #3583, #7509 ) ) ;
#514 = CARTESIAN_POINT ( 'NONE',  ( -11.49999999999999645, -5.000000000000000000, -15.10000000000001208 ) ) ;
#515 = FILL_AREA_STYLE ('',( #7207 ) ) ;
#516 = CARTESIAN_POINT ( 'NONE',  ( -51.00664724830589591, 0.7000000000000000666, -2.103695419137132205 ) ) ;
#517 = LINE ( 'NONE', #3397, #6772 ) ;
#518 = AXIS2_PLACEMENT_3D ( 'NONE', #3152, #1059, #3195 ) ;
#519 = AXIS2_PLACEMENT_3D ( 'NONE', #7312, #3958, #4752 ) ;
#520 = EDGE_CURVE ( 'NONE', #1361, #5879, #8664, .T. ) ;
#521 = VECTOR ( 'NONE', #4872, 1000.000000000000000 ) ;
#522 = VERTEX_POINT ( 'NONE', #1409 ) ;
#523 = VECTOR ( 'NONE', #4916, 1000.000000000000227 ) ;
#524 = ORIENTED_EDGE ( 'NONE', *, *, #4428, .T. ) ;
#525 = DIRECTION ( 'NONE',  ( -1.000000000000000000, 0.000000000000000000, 0.000000000000000000 ) ) ;
#526 = EDGE_CURVE ( 'NONE', #4195, #2786, #4116, .T. ) ;
#527 = ADVANCED_FACE ( 'NONE', ( #1944 ), #7426, .T. ) ;
#528 = DIRECTION ( 'NONE',  ( 3.009265538105054994E-33, -1.000000000000000000, 1.722546424198833760E-16 ) ) ;
#529 = DIRECTION ( 'NONE',  ( 4.440892098500630106E-16, 5.551115123125782702E-17, -1.000000000000000000 ) ) ;
#530 = CARTESIAN_POINT ( 'NONE',  ( 19.50310462831780356, 5.000000000000000000, -14.90000050758565031 ) ) ;
#531 = CARTESIAN_POINT ( 'NONE',  ( -16.99999999999999289, 5.000000000000000000, -12.20000000000001350 ) ) ;
#532 = VECTOR ( 'NONE', #5034, 1000.000000000000227 ) ;
#533 = VECTOR ( 'NONE', #4579, 1000.000000000000000 ) ;
#534 = EDGE_LOOP ( 'NONE', ( #2549, #6375, #1341, #5766 ) ) ;
#535 = ORIENTED_EDGE ( 'NONE', *, *, #2846, .T. ) ;
#536 = ORIENTED_EDGE ( 'NONE', *, *, #6997, .T. ) ;
#537 = VECTOR ( 'NONE', #844, 1000.000000000000000 ) ;
#538 = EDGE_CURVE ( 'NONE', #8573, #3715, #6016, .T. ) ;
#539 = ORIENTED_EDGE ( 'NONE', *, *, #2937, .F. ) ;
#540 = CARTESIAN_POINT ( 'NONE',  ( 48.38475575860120159, 5.000000000000000000, -1.500000000000012657 ) ) ;
#541 = CARTESIAN_POINT ( 'NONE',  ( -42.79999999999999716, -5.000000000000000000, -3.600000000000011191 ) ) ;
#542 = DIRECTION ( 'NONE',  ( 2.537652627714639929E-16, -1.000000000000000000, 1.110223024625156787E-16 ) ) ;
#543 = DIRECTION ( 'NONE',  ( -1.110223024625159992E-16, -5.551115123125782702E-17, 1.000000000000000000 ) ) ;
#544 = VECTOR ( 'NONE', #7033, 1000.000000000000000 ) ;
#545 = ORIENTED_EDGE ( 'NONE', *, *, #4388, .F. ) ;
#546 = VERTEX_POINT ( 'NONE', #2649 ) ;
#547 = CARTESIAN_POINT ( 'NONE',  ( -47.29999999999999716, 5.000000000000000000, -1.100000000000012523 ) ) ;
#548 = CARTESIAN_POINT ( 'NONE',  ( 19.50310462831780356, 5.000000000000000000, -13.20000000000001172 ) ) ;
#549 = AXIS2_PLACEMENT_3D ( 'NONE', #6459, #3139, #3096 ) ;
#550 = VERTEX_POINT ( 'NONE', #8714 ) ;
#551 = DIRECTION ( 'NONE',  ( 0.2873478855663469944, -5.317003977218519999E-17, 0.9578262852211508749 ) ) ;
#552 = CARTESIAN_POINT ( 'NONE',  ( 49.00000000000000000, -5.000000000000000000, -6.895195053175850575 ) ) ;
#553 = EDGE_CURVE ( 'NONE', #7979, #332, #1363, .T. ) ;
#554 = DIRECTION ( 'NONE',  ( 0.4027386142660198121, 0.000000000000000000, 0.9153150324227643519 ) ) ;
#555 = AXIS2_PLACEMENT_3D ( 'NONE', #3129, #5874, #6496 ) ;
#556 = EDGE_LOOP ( 'NONE', ( #5312, #7457, #2152, #3169 ) ) ;
#557 = EDGE_CURVE ( 'NONE', #6618, #7860, #6723, .T. ) ;
#558 = ORIENTED_EDGE ( 'NONE', *, *, #3364, .F. ) ;
#559 = CARTESIAN_POINT ( 'NONE',  ( 16.99654675138050308, 5.000000000000000000, -11.50000000000001421 ) ) ;
#560 = VERTEX_POINT ( 'NONE', #8761 ) ;
#561 = CARTESIAN_POINT ( 'NONE',  ( -41.29999999999999716, 5.000000000000000000, -4.600000000000012079 ) ) ;
#562 = CARTESIAN_POINT ( 'NONE',  ( 38.60836255635121006, -1.300000000000000266, -4.600000000000011191 ) ) ;
#563 = LINE ( 'NONE', #3270, #4590 ) ;
#564 = EDGE_CURVE ( 'NONE', #2482, #618, #4286, .T. ) ;
#565 = DIRECTION ( 'NONE',  ( 0.9342201547964009700, -1.980065741954672757E-17, 0.3566969335054459567 ) ) ;
#566 = EDGE_LOOP ( 'NONE', ( #5518, #6453, #2577, #972 ) ) ;
#567 = EDGE_CURVE ( 'NONE', #3986, #3028, #7643, .T. ) ;
#568 = EDGE_LOOP ( 'NONE', ( #2992, #3418, #4664, #8211 ) ) ;
#569 = LINE ( 'NONE', #7298, #3167 ) ;
#570 = DIRECTION ( 'NONE',  ( 1.241825468870479899E-16, -3.330669073875466417E-17, -1.000000000000000000 ) ) ;
#571 = DIRECTION ( 'NONE',  ( 0.000000000000000000, 5.721188726109870315E-18, 1.000000000000000000 ) ) ;
#572 = CARTESIAN_POINT ( 'NONE',  ( 38.60836255635121006, -1.300000000000000044, -5.100000000000012079 ) ) ;
#573 = FACE_OUTER_BOUND ( 'NONE', #2309, .T. ) ;
#574 = ADVANCED_FACE ( 'NONE', ( #2115 ), #6981, .F. ) ;
#575 = ORIENTED_EDGE ( 'NONE', *, *, #3134, .T. ) ;
#576 = ORIENTED_EDGE ( 'NONE', *, *, #1521, .T. ) ;
#577 = FACE_OUTER_BOUND ( 'NONE', #5482, .T. ) ;
#578 = VERTEX_POINT ( 'NONE', #776 ) ;
#579 = DIRECTION ( 'NONE',  ( 0.000000000000000000, 1.000000000000000000, -1.110223024625156787E-16 ) ) ;
#580 = CARTESIAN_POINT ( 'NONE',  ( 59.50000000000000711, 3.699999999999999289, -11.90000000000001101 ) ) ;
#581 = DIRECTION ( 'NONE',  ( 0.000000000000000000, 1.000000000000000000, -3.417179958911196873E-16 ) ) ;
#582 = CYLINDRICAL_SURFACE ( 'NONE', #6464, 0.2999999999999999334 ) ;
#583 = EDGE_CURVE ( 'NONE', #2265, #2298, #2903, .T. ) ;
#584 = EDGE_CURVE ( 'NONE', #5359, #1272, #6897, .T. ) ;
#585 = ORIENTED_EDGE ( 'NONE', *, *, #1170, .F. ) ;
#586 = ORIENTED_EDGE ( 'NONE', *, *, #4260, .F. ) ;
#587 = ORIENTED_EDGE ( 'NONE', *, *, #8002, .T. ) ;
#588 = FACE_OUTER_BOUND ( 'NONE', #4174, .T. ) ;
#589 = FACE_OUTER_BOUND ( 'NONE', #7442, .T. ) ;
#590 = VERTEX_POINT ( 'NONE', #2246 ) ;
#591 = DIRECTION ( 'NONE',  ( -1.000000000000000000, 0.000000000000000000, -1.734723475976805517E-15 ) ) ;
#592 = DIRECTION ( 'NONE',  ( 0.4472135954999591489, 4.965068306494542784E-17, -0.8944271909999153003 ) ) ;
#593 = DIRECTION ( 'NONE',  ( 1.736719751170439919E-16, -3.510705240030896601E-16, -1.000000000000000000 ) ) ;
#594 = VERTEX_POINT ( 'NONE', #6939 ) ;
#595 = ORIENTED_EDGE ( 'NONE', *, *, #553, .F. ) ;
#596 = CARTESIAN_POINT ( 'NONE',  ( 4.936726938305878498, 5.000000000000000000, -4.100000000000012079 ) ) ;
#597 = VERTEX_POINT ( 'NONE', #733 ) ;
#598 = LINE ( 'NONE', #3227, #5483 ) ;
#599 = CYLINDRICAL_SURFACE ( 'NONE', #7712, 0.5000000000000004441 ) ;
#600 = FACE_OUTER_BOUND ( 'NONE', #7025, .T. ) ;
#601 = CARTESIAN_POINT ( 'NONE',  ( -16.99999999999999289, 5.000000000000000000, -12.20000000000001350 ) ) ;
#602 = EDGE_CURVE ( 'NONE', #7886, #4985, #6231, .T. ) ;
#603 = ADVANCED_FACE ( 'NONE', ( #4826 ), #864, .F. ) ;
#604 = CIRCLE ( 'NONE', #7391, 0.5000000000000003331 ) ;
#605 = ADVANCED_FACE ( 'NONE', ( #2289 ), #6848, .F. ) ;
#606 = ORIENTED_EDGE ( 'NONE', *, *, #2580, .T. ) ;
#607 = ORIENTED_EDGE ( 'NONE', *, *, #3669, .T. ) ;
#608 = ORIENTED_EDGE ( 'NONE', *, *, #6622, .T. ) ;
#609 = DIRECTION ( 'NONE',  ( -1.000000000000000000, 0.000000000000000000, 0.000000000000000000 ) ) ;
#610 = AXIS2_PLACEMENT_3D ( 'NONE', #6870, #136, #2560 ) ;
#611 = LINE ( 'NONE', #7385, #6692 ) ;
#612 = DIRECTION ( 'NONE',  ( -0.000000000000000000, -1.000000000000000000, 1.722546424198833760E-16 ) ) ;
#613 = DIRECTION ( 'NONE',  ( -0.000000000000000000, -1.000000000000000000, 2.310464132328026570E-16 ) ) ;
#614 = DIRECTION ( 'NONE',  ( -1.642146637880644762E-47, 1.000000000000000000, -1.722546424198833760E-16 ) ) ;
#615 = VECTOR ( 'NONE', #2730, 1000.000000000000114 ) ;
#616 = ORIENTED_EDGE ( 'NONE', *, *, #477, .F. ) ;
#617 = CARTESIAN_POINT ( 'NONE',  ( 26.13942544887510522, -1.300000000000000044, -6.800000000000011369 ) ) ;
#618 = VERTEX_POINT ( 'NONE', #1578 ) ;
#619 = LINE ( 'NONE', #4087, #356 ) ;
#620 = CARTESIAN_POINT ( 'NONE',  ( 15.30203678697560399, 5.000000000000000000, -5.100000000000012079 ) ) ;
#621 = LINE ( 'NONE', #1382, #2774 ) ;
#622 = VECTOR ( 'NONE', #1082, 1000.000000000000000 ) ;
#623 = VERTEX_POINT ( 'NONE', #5613 ) ;
#624 = ORIENTED_EDGE ( 'NONE', *, *, #761, .F. ) ;
#625 = CARTESIAN_POINT ( 'NONE',  ( 42.36220412055560303, -1.300000000000000044, -10.50000000000001243 ) ) ;
#626 = CARTESIAN_POINT ( 'NONE',  ( 8.500000000000003553, 5.000000000000000000, -9.000000000000012434 ) ) ;
#627 = ADVANCED_FACE ( 'NONE', ( #3574 ), #8220, .F. ) ;
#628 = ORIENTED_EDGE ( 'NONE', *, *, #8404, .T. ) ;
#629 = DIRECTION ( 'NONE',  ( 1.000000000000000000, 0.000000000000000000, 0.000000000000000000 ) ) ;
#630 = DIRECTION ( 'NONE',  ( 0.000000000000000000, -5.551115123125782702E-17, 1.000000000000000000 ) ) ;
#631 = EDGE_CURVE ( 'NONE', #1374, #4825, #8309, .T. ) ;
#632 = CARTESIAN_POINT ( 'NONE',  ( -11.49999999999999645, -5.000000000000000000, -16.60000000000001208 ) ) ;
#633 = DIRECTION ( 'NONE',  ( -1.000000000000000000, 7.585201011740483497E-33, -1.366428338000190029E-16 ) ) ;
#634 = VERTEX_POINT ( 'NONE', #5487 ) ;
#635 = CIRCLE ( 'NONE', #5174, 0.2000000000000005107 ) ;
#636 = ORIENTED_EDGE ( 'NONE', *, *, #8181, .F. ) ;
#637 = LINE ( 'NONE', #1847, #1167 ) ;
#638 = ORIENTED_EDGE ( 'NONE', *, *, #55, .T. ) ;
#639 = CARTESIAN_POINT ( 'NONE',  ( 42.36220412055560303, 1.300000000000000044, -10.50000000000001243 ) ) ;
#640 = CARTESIAN_POINT ( 'NONE',  ( -52.00000000000000000, 5.000000000000000000, -7.657919551657052182 ) ) ;
#641 = EDGE_CURVE ( 'NONE', #2769, #3090, #69, .T. ) ;
#642 = CARTESIAN_POINT ( 'NONE',  ( -40.80664724830590018, -1.300000000000000266, -1.603695419137131761 ) ) ;
#643 = CARTESIAN_POINT ( 'NONE',  ( -12.40200270246849890, -5.000000000000000000, -14.83144154612523202 ) ) ;
#644 = AXIS2_PLACEMENT_3D ( 'NONE', #6713, #8121, #2815 ) ;
#645 = VERTEX_POINT ( 'NONE', #6317 ) ;
#646 = ORIENTED_EDGE ( 'NONE', *, *, #6438, .T. ) ;
#647 = VERTEX_POINT ( 'NONE', #2952 ) ;
#648 = CARTESIAN_POINT ( 'NONE',  ( 5.550000000000003375, -5.000000000000000000, -8.500000000000010658 ) ) ;
#649 = AXIS2_PLACEMENT_3D ( 'NONE', #6998, #3635, #5673 ) ;
#650 = VECTOR ( 'NONE', #2883, 1000.000000000000000 ) ;
#651 = CARTESIAN_POINT ( 'NONE',  ( 4.500000000000003553, 1.300000000000000044, -9.000000000000012434 ) ) ;
#652 = LINE ( 'NONE', #6018, #7194 ) ;
#653 = CARTESIAN_POINT ( 'NONE',  ( 9.049699182559423960, 1.300000000000000044, -6.200000000000012612 ) ) ;
#654 = EDGE_CURVE ( 'NONE', #4076, #4452, #6680, .T. ) ;
#655 = LINE ( 'NONE', #7963, #7593 ) ;
#656 = CIRCLE ( 'NONE', #3782, 0.5000000000000004441 ) ;
#657 = CIRCLE ( 'NONE', #2216, 0.9999999999988142818 ) ;
#658 = ORIENTED_EDGE ( 'NONE', *, *, #3555, .F. ) ;
#659 = CARTESIAN_POINT ( 'NONE',  ( 48.50000000000000000, 5.000000000000000000, -2.000000000000011990 ) ) ;
#660 = ORIENTED_EDGE ( 'NONE', *, *, #5864, .F. ) ;
#661 = LINE ( 'NONE', #7436, #8702 ) ;
#662 = ADVANCED_FACE ( 'NONE', ( #1489 ), #4199, .T. ) ;
#663 = AXIS2_PLACEMENT_3D ( 'NONE', #2563, #5278, #5367 ) ;
#664 = FACE_OUTER_BOUND ( 'NONE', #5591, .T. ) ;
#665 = VECTOR ( 'NONE', #2392, 1000.000000000000000 ) ;
#666 = DIRECTION ( 'NONE',  ( 1.000000000000000000, 0.000000000000000000, 0.000000000000000000 ) ) ;
#667 = FACE_OUTER_BOUND ( 'NONE', #3878, .T. ) ;
#668 = VECTOR ( 'NONE', #7636, 1000.000000000000000 ) ;
#669 = VERTEX_POINT ( 'NONE', #825 ) ;
#670 = EDGE_LOOP ( 'NONE', ( #5326, #6711, #6745, #7743 ) ) ;
#671 = CARTESIAN_POINT ( 'NONE',  ( -50.29999999999999716, 1.300000000000000044, -4.600000000000012079 ) ) ;
#672 = CARTESIAN_POINT ( 'NONE',  ( 15.20310462831780463, 5.000000000000000000, -15.70000000000001172 ) ) ;
#673 = ORIENTED_EDGE ( 'NONE', *, *, #5190, .F. ) ;
#674 = DIRECTION ( 'NONE',  ( 1.000000000000000000, 0.000000000000000000, -0.000000000000000000 ) ) ;
#675 = LINE ( 'NONE', #8156, #927 ) ;
#676 = FACE_OUTER_BOUND ( 'NONE', #4704, .T. ) ;
#677 = DIRECTION ( 'NONE',  ( 1.000000000000000000, 0.000000000000000000, 0.000000000000000000 ) ) ;
#678 = AXIS2_PLACEMENT_3D ( 'NONE', #5997, #8649, #6039 ) ;
#679 = EDGE_CURVE ( 'NONE', #5252, #4985, #3536, .T. ) ;
#680 = ORIENTED_EDGE ( 'NONE', *, *, #8640, .T. ) ;
#681 = AXIS2_PLACEMENT_3D ( 'NONE', #1107, #7833, #571 ) ;
#682 = ORIENTED_EDGE ( 'NONE', *, *, #4123, .T. ) ;
#683 = DIRECTION ( 'NONE',  ( 1.000000000000000000, 0.000000000000000000, 0.000000000000000000 ) ) ;
#684 = EDGE_LOOP ( 'NONE', ( #3391, #6117, #2871, #4605 ) ) ;
#685 = DIRECTION ( 'NONE',  ( 0.000000000000000000, 1.000000000000000000, -1.998401444325281576E-16 ) ) ;
#686 = CARTESIAN_POINT ( 'NONE',  ( -44.29999999999999716, 5.000000000000000000, -1.100000000000012523 ) ) ;
#687 = CARTESIAN_POINT ( 'NONE',  ( 57.80000000000000426, 5.000000000000000000, -8.000000000000012434 ) ) ;
#688 = DIRECTION ( 'NONE',  ( 1.000000000000000000, -6.859660045400109581E-33, 0.000000000000000000 ) ) ;
#689 = VECTOR ( 'NONE', #7773, 1000.000000000000000 ) ;
#690 = EDGE_CURVE ( 'NONE', #4244, #4958, #4910, .T. ) ;
#691 = ADVANCED_FACE ( 'NONE', ( #3753 ), #7818, .T. ) ;
#692 = ORIENTED_EDGE ( 'NONE', *, *, #5694, .F. ) ;
#693 = ORIENTED_EDGE ( 'NONE', *, *, #6969, .T. ) ;
#694 = ORIENTED_EDGE ( 'NONE', *, *, #2203, .T. ) ;
#695 = DIRECTION ( 'NONE',  ( -2.736911063134409557E-48, 1.000000000000000000, -1.722546424198833760E-16 ) ) ;
#696 = CIRCLE ( 'NONE', #6076, 0.5000000000000001110 ) ;
#697 = CARTESIAN_POINT ( 'NONE',  ( 19.50118481382170188, 5.000000000000000000, -16.60000000000001208 ) ) ;
#698 = DIRECTION ( 'NONE',  ( 1.000000000000000000, 0.000000000000000000, 1.734723475976805517E-15 ) ) ;
#699 = CARTESIAN_POINT ( 'NONE',  ( 38.41721509500220577, 5.000000000000000000, -5.100000000000012079 ) ) ;
#700 = FACE_OUTER_BOUND ( 'NONE', #3962, .T. ) ;
#701 = AXIS2_PLACEMENT_3D ( 'NONE', #452, #7271, #5247 ) ;
#702 = EDGE_LOOP ( 'NONE', ( #7242, #3015, #4344, #730 ) ) ;
#703 = EDGE_CURVE ( 'NONE', #1432, #2515, #7731, .T. ) ;
#704 = LINE ( 'NONE', #3411, #2022 ) ;
#705 = ORIENTED_EDGE ( 'NONE', *, *, #5829, .T. ) ;
#706 = DIRECTION ( 'NONE',  ( 0.000000000000000000, 0.000000000000000000, 1.000000000000000000 ) ) ;
#707 = CARTESIAN_POINT ( 'NONE',  ( -18.00664724830589591, -5.000000000000000000, -13.27201599930162246 ) ) ;
#708 = CARTESIAN_POINT ( 'NONE',  ( -41.29999999999999716, 1.300000000000000044, -1.500000000000012657 ) ) ;
#709 = EDGE_CURVE ( 'NONE', #2122, #3004, #5224, .T. ) ;
#710 = ADVANCED_FACE ( 'NONE', ( #5094 ), #6455, .F. ) ;
#711 = ORIENTED_EDGE ( 'NONE', *, *, #4946, .T. ) ;
#712 = ORIENTED_EDGE ( 'NONE', *, *, #4001, .T. ) ;
#713 = DIRECTION ( 'NONE',  ( -1.000000000000000000, 0.000000000000000000, 0.000000000000000000 ) ) ;
#714 = DIRECTION ( 'NONE',  ( 0.000000000000000000, 1.000000000000000000, -1.998401444325281576E-16 ) ) ;
#715 = ORIENTED_EDGE ( 'NONE', *, *, #148, .T. ) ;
#716 = CYLINDRICAL_SURFACE ( 'NONE', #4083, 0.5000000000000004441 ) ;
#717 = CYLINDRICAL_SURFACE ( 'NONE', #7300, 1.375000000000001332 ) ;
#718 = CARTESIAN_POINT ( 'NONE',  ( -6.946515026820697436, -5.000000000000000000, -5.600000000000011191 ) ) ;
#719 = CARTESIAN_POINT ( 'NONE',  ( -12.49999999999999645, -5.000000000000000000, -16.80000000000000782 ) ) ;
#720 = ADVANCED_FACE ( 'NONE', ( #2504 ), #468, .F. ) ;
#721 = ORIENTED_EDGE ( 'NONE', *, *, #2007, .T. ) ;
#722 = ORIENTED_EDGE ( 'NONE', *, *, #7602, .F. ) ;
#723 = DIRECTION ( 'NONE',  ( 4.440892098500630106E-16, 5.551115123125782702E-17, -1.000000000000000000 ) ) ;
#724 = ORIENTED_EDGE ( 'NONE', *, *, #5791, .F. ) ;
#725 = DIRECTION ( 'NONE',  ( 0.000000000000000000, -1.000000000000000000, 1.110223024625156787E-16 ) ) ;
#726 = DIRECTION ( 'NONE',  ( 1.000000000000000000, 0.000000000000000000, 0.000000000000000000 ) ) ;
#727 = LINE ( 'NONE', #6761, #42 ) ;
#728 = FACE_OUTER_BOUND ( 'NONE', #3851, .T. ) ;
#729 = CIRCLE ( 'NONE', #1870, 1.000000000000000888 ) ;
#730 = ORIENTED_EDGE ( 'NONE', *, *, #2096, .F. ) ;
#731 = VERTEX_POINT ( 'NONE', #336 ) ;
#732 = ORIENTED_EDGE ( 'NONE', *, *, #2554, .F. ) ;
#733 = CARTESIAN_POINT ( 'NONE',  ( 30.66074696290820256, 1.300000000000000044, -10.50000000000001243 ) ) ;
#734 = FACE_OUTER_BOUND ( 'NONE', #2597, .T. ) ;
#735 = DIRECTION ( 'NONE',  ( -0.3197786441581800809, 1.620537335021908183E-16, 0.9474922789871990103 ) ) ;
#736 = DIRECTION ( 'NONE',  ( -0.9854083480418961427, -9.448380771102327624E-18, 0.1702068964799640094 ) ) ;
#737 = ADVANCED_FACE ( 'NONE', ( #2416 ), #1754, .F. ) ;
#738 = CARTESIAN_POINT ( 'NONE',  ( 6.879871348504614126, -5.000000000000000000, -10.67024128661475224 ) ) ;
#739 = EDGE_CURVE ( 'NONE', #1691, #3796, #4332, .T. ) ;
#740 = VECTOR ( 'NONE', #4653, 1000.000000000000000 ) ;
#741 = DIRECTION ( 'NONE',  ( 0.000000000000000000, 1.000000000000000000, -1.110223024625156787E-16 ) ) ;
#742 = VERTEX_POINT ( 'NONE', #7027 ) ;
#743 = AXIS2_PLACEMENT_3D ( 'NONE', #4411, #458, #323 ) ;
#744 = ORIENTED_EDGE ( 'NONE', *, *, #7077, .T. ) ;
#745 = PLANE ( 'NONE',  #1159 ) ;
#746 = ORIENTED_EDGE ( 'NONE', *, *, #7398, .F. ) ;
#747 = CARTESIAN_POINT ( 'NONE',  ( -18.49999999999999645, 1.300000000000000044, -13.16832058016451334 ) ) ;
#748 = DIRECTION ( 'NONE',  ( 0.8368917562232075502, 0.5473684210526171823, 0.000000000000000000 ) ) ;
#749 = DIRECTION ( 'NONE',  ( 0.000000000000000000, 1.000000000000000000, -1.110223024625156787E-16 ) ) ;
#750 = VECTOR ( 'NONE', #1106, 1000.000000000000000 ) ;
#751 = EDGE_CURVE ( 'NONE', #6246, #4920, #2585, .T. ) ;
#752 = VERTEX_POINT ( 'NONE', #8395 ) ;
#753 = AXIS2_PLACEMENT_3D ( 'NONE', #1573, #3481, #6179 ) ;
#754 = ORIENTED_EDGE ( 'NONE', *, *, #1283, .F. ) ;
#755 = CARTESIAN_POINT ( 'NONE',  ( 30.49654675138050663, -5.000000000000000000, -9.500000000000012434 ) ) ;
#756 = CARTESIAN_POINT ( 'NONE',  ( 15.02122548186990514, 5.000000000000000000, -12.51711493716156376 ) ) ;
#757 = CARTESIAN_POINT ( 'NONE',  ( 4.627874399654833049, -5.000000000000000000, -4.100000000000011191 ) ) ;
#758 = DIRECTION ( 'NONE',  ( -3.552713678800500140E-16, 1.000000000000000000, -1.110223024625156787E-16 ) ) ;
#759 = DIRECTION ( 'NONE',  ( 0.000000000000000000, -1.000000000000000000, 1.110223024625156787E-16 ) ) ;
#760 = CARTESIAN_POINT ( 'NONE',  ( -11.54247580599919765, 5.000000000000000000, -5.600000000000012967 ) ) ;
#761 = EDGE_CURVE ( 'NONE', #2330, #6139, #3041, .T. ) ;
#762 = CIRCLE ( 'NONE', #8405, 0.5000000000000004441 ) ;
#763 = ORIENTED_EDGE ( 'NONE', *, *, #3552, .T. ) ;
#764 = ORIENTED_EDGE ( 'NONE', *, *, #6349, .T. ) ;
#765 = DIRECTION ( 'NONE',  ( 0.000000000000000000, 1.000000000000000000, -1.998401444325281576E-16 ) ) ;
#766 = ORIENTED_EDGE ( 'NONE', *, *, #8214, .F. ) ;
#767 = DIRECTION ( 'NONE',  ( -0.4472135954999591489, -4.965068306494542784E-17, 0.8944271909999153003 ) ) ;
#768 = PLANE ( 'NONE',  #2481 ) ;
#769 = VECTOR ( 'NONE', #4843, 1000.000000000000000 ) ;
#770 = CARTESIAN_POINT ( 'NONE',  ( -19.99999999999999645, -5.000000000000000000, -14.20000000000001172 ) ) ;
#771 = CARTESIAN_POINT ( 'NONE',  ( -8.675732398095195919, 1.300000000000000044, -2.000000000000011990 ) ) ;
#772 = VECTOR ( 'NONE', #8142, 1000.000000000000000 ) ;
#773 = ORIENTED_EDGE ( 'NONE', *, *, #1335, .T. ) ;
#774 = ORIENTED_EDGE ( 'NONE', *, *, #986, .F. ) ;
#775 = VERTEX_POINT ( 'NONE', #3177 ) ;
#776 = CARTESIAN_POINT ( 'NONE',  ( 13.72564358472555313, -4.999999999999999112, -7.186405786944511043 ) ) ;
#777 = PLANE ( 'NONE',  #8303 ) ;
#778 = CARTESIAN_POINT ( 'NONE',  ( 41.88475575860120870, 5.000000000000000000, -0.5000000000000125455 ) ) ;
#779 = CARTESIAN_POINT ( 'NONE',  ( -12.29999999999999538, -5.000000000000000000, -17.60000000000001208 ) ) ;
#780 = CARTESIAN_POINT ( 'NONE',  ( -13.35989813747139365, 5.000000000000000000, -3.600000000000012079 ) ) ;
#781 = VECTOR ( 'NONE', #1402, 1000.000000000000000 ) ;
#782 = CARTESIAN_POINT ( 'NONE',  ( 61.49999999999880629, 7.699999999999999289, -9.932463862565901636 ) ) ;
#783 = EDGE_CURVE ( 'NONE', #1199, #7142, #2435, .T. ) ;
#784 = AXIS2_PLACEMENT_3D ( 'NONE', #7761, #1697, #4404 ) ;
#785 = ADVANCED_FACE ( 'NONE', ( #5880 ), #8528, .F. ) ;
#786 = ORIENTED_EDGE ( 'NONE', *, *, #3830, .T. ) ;
#787 = AXIS2_PLACEMENT_3D ( 'NONE', #8374, #2312, #1514 ) ;
#788 = EDGE_LOOP ( 'NONE', ( #2705, #490, #7742, #5963 ) ) ;
#789 = FACE_OUTER_BOUND ( 'NONE', #8690, .T. ) ;
#790 = ORIENTED_EDGE ( 'NONE', *, *, #3809, .F. ) ;
#791 = DIRECTION ( 'NONE',  ( 1.000000000000000000, -4.105366594701612512E-47, 4.440892098500630106E-16 ) ) ;
#792 = CARTESIAN_POINT ( 'NONE',  ( -15.99999999999999645, 5.000000000000000000, -13.70000000000001172 ) ) ;
#793 = VECTOR ( 'NONE', #8501, 1000.000000000000000 ) ;
#794 = VECTOR ( 'NONE', #8637, 1000.000000000000000 ) ;
#795 = EDGE_CURVE ( 'NONE', #2341, #5924, #5281, .T. ) ;
#796 = EDGE_CURVE ( 'NONE', #4504, #6539, #1043, .T. ) ;
#797 = DIRECTION ( 'NONE',  ( 1.000000000000000000, 0.000000000000000000, -0.000000000000000000 ) ) ;
#798 = ORIENTED_EDGE ( 'NONE', *, *, #7562, .T. ) ;
#799 = VECTOR ( 'NONE', #5940, 1000.000000000000000 ) ;
#800 = ORIENTED_EDGE ( 'NONE', *, *, #5199, .F. ) ;
#801 = FACE_OUTER_BOUND ( 'NONE', #1902, .T. ) ;
#802 = CARTESIAN_POINT ( 'NONE',  ( -47.79999999999999716, 5.000000000000000000, -1.387778780781445676E-14 ) ) ;
#803 = LINE ( 'NONE', #2753, #2087 ) ;
#804 = FACE_OUTER_BOUND ( 'NONE', #5304, .T. ) ;
#805 = CARTESIAN_POINT ( 'NONE',  ( -9.832952333422095847, -5.000000000000000000, -17.37855752436757939 ) ) ;
#806 = CARTESIAN_POINT ( 'NONE',  ( 44.88475575860120159, 5.000000000000000000, -1.387778780781445676E-14 ) ) ;
#807 = AXIS2_PLACEMENT_3D ( 'NONE', #283, #1660, #1034 ) ;
#808 = ORIENTED_EDGE ( 'NONE', *, *, #5059, .F. ) ;
#809 = ORIENTED_EDGE ( 'NONE', *, *, #3347, .F. ) ;
#810 = LINE ( 'NONE', #6220, #1901 ) ;
#811 = EDGE_CURVE ( 'NONE', #4113, #3440, #1711, .T. ) ;
#812 = CARTESIAN_POINT ( 'NONE',  ( -53.00000000000000000, 5.000000000000000000, -8.500000000000021316 ) ) ;
#813 = AXIS2_PLACEMENT_3D ( 'NONE', #5383, #8069, #4719 ) ;
#814 = VERTEX_POINT ( 'NONE', #7863 ) ;
#815 = LINE ( 'NONE', #8120, #3225 ) ;
#816 = DIRECTION ( 'NONE',  ( 0.000000000000000000, 5.551115123125782702E-17, -1.000000000000000000 ) ) ;
#817 = DIRECTION ( 'NONE',  ( -1.000000000000000000, 0.000000000000000000, 0.000000000000000000 ) ) ;
#818 = DIRECTION ( 'NONE',  ( -1.046052730022779945E-15, 5.551115123125782702E-17, -1.000000000000000000 ) ) ;
#819 = VECTOR ( 'NONE', #4250, 1000.000000000000000 ) ;
#820 = EDGE_CURVE ( 'NONE', #7871, #5983, #1136, .T. ) ;
#821 = ORIENTED_EDGE ( 'NONE', *, *, #86, .T. ) ;
#822 = ORIENTED_EDGE ( 'NONE', *, *, #4713, .T. ) ;
#823 = ORIENTED_EDGE ( 'NONE', *, *, #1635, .T. ) ;
#824 = EDGE_CURVE ( 'NONE', #4408, #5165, #3705, .T. ) ;
#825 = CARTESIAN_POINT ( 'NONE',  ( 23.13449612337661421, 1.300000000000000044, -4.000000000000012434 ) ) ;
#826 = LINE ( 'NONE', #3537, #3358 ) ;
#827 = DIRECTION ( 'NONE',  ( -2.736911063134409557E-48, 1.000000000000000000, -1.722546424198833760E-16 ) ) ;
#828 = LINE ( 'NONE', #1582, #112 ) ;
#829 = AXIS2_PLACEMENT_3D ( 'NONE', #4601, #1270, #688 ) ;
#830 = PLANE ( 'NONE',  #7882 ) ;
#831 = DIRECTION ( 'NONE',  ( 1.000000000000000000, -3.036972022989370552E-32, 5.470922428427820252E-16 ) ) ;
#832 = ADVANCED_FACE ( 'NONE', ( #1929 ), #1976, .F. ) ;
#833 = VECTOR ( 'NONE', #1923, 1000.000000000000000 ) ;
#834 = ORIENTED_EDGE ( 'NONE', *, *, #5407, .F. ) ;
#835 = ORIENTED_EDGE ( 'NONE', *, *, #4924, .F. ) ;
#836 = PLANE ( 'NONE',  #6538 ) ;
#837 = ORIENTED_EDGE ( 'NONE', *, *, #1282, .F. ) ;
#838 = PLANE ( 'NONE',  #8438 ) ;
#839 = PLANE ( 'NONE',  #4061 ) ;
#840 = DIRECTION ( 'NONE',  ( 1.235726496974089760E-16, 5.551115123125782702E-17, -1.000000000000000000 ) ) ;
#841 = ORIENTED_EDGE ( 'NONE', *, *, #5970, .T. ) ;
#842 = ORIENTED_EDGE ( 'NONE', *, *, #2642, .T. ) ;
#843 = CARTESIAN_POINT ( 'NONE',  ( -44.29999999999999716, 5.000000000000000000, -1.600000000000012079 ) ) ;
#844 = DIRECTION ( 'NONE',  ( 0.000000000000000000, 5.721188726109673100E-18, 1.000000000000000000 ) ) ;
#845 = DIRECTION ( 'NONE',  ( -1.776356839400249824E-16, 1.000000000000000000, -1.110223024625156787E-16 ) ) ;
#846 = DIRECTION ( 'NONE',  ( 0.000000000000000000, 1.000000000000000000, -1.722546424198833760E-16 ) ) ;
#847 = DIRECTION ( 'NONE',  ( 1.000000000000000000, 0.000000000000000000, -0.000000000000000000 ) ) ;
#848 = EDGE_CURVE ( 'NONE', #7928, #1753, #3976, .T. ) ;
#849 = EDGE_CURVE ( 'NONE', #4545, #1445, #637, .T. ) ;
#850 = UNCERTAINTY_MEASURE_WITH_UNIT (LENGTH_MEASURE( 1.000000000000000082E-05 ), #8556, 'distance_accuracy_value', 'NONE');
#851 = ORIENTED_EDGE ( 'NONE', *, *, #18, .T. ) ;
#852 = ORIENTED_EDGE ( 'NONE', *, *, #8015, .T. ) ;
#853 = CARTESIAN_POINT ( 'NONE',  ( 3.550000000000004263, -5.000000000000000000, -7.700000000000011724 ) ) ;
#854 = DIRECTION ( 'NONE',  ( 1.000000000000000000, -0.000000000000000000, 0.000000000000000000 ) ) ;
#855 = ORIENTED_EDGE ( 'NONE', *, *, #4703, .T. ) ;
#856 = CARTESIAN_POINT ( 'NONE',  ( 44.88475575860120159, -5.000000000000000000, -1.214306433183764966E-14 ) ) ;
#857 = LINE ( 'NONE', #1705, #2908 ) ;
#858 = CARTESIAN_POINT ( 'NONE',  ( -24.99999999999999289, 0.000000000000000000, -5.000000000000012434 ) ) ;
#859 = DIRECTION ( 'NONE',  ( 0.000000000000000000, -1.912050764632212179E-16, -1.000000000000000000 ) ) ;
#860 = ADVANCED_FACE ( 'NONE', ( #12 ), #7373, .T. ) ;
#861 = ORIENTED_EDGE ( 'NONE', *, *, #953, .F. ) ;
#862 = EDGE_LOOP ( 'NONE', ( #348, #8129, #8454, #5150 ) ) ;
#863 = VERTEX_POINT ( 'NONE', #2590 ) ;
#864 = PLANE ( 'NONE',  #1729 ) ;
#865 = DIRECTION ( 'NONE',  ( 0.000000000000000000, 1.000000000000000000, -1.554312234475219798E-16 ) ) ;
#866 = CYLINDRICAL_SURFACE ( 'NONE', #7547, 0.5000000000000004441 ) ;
#867 = LINE ( 'NONE', #6276, #1824 ) ;
#868 = LINE ( 'NONE', #2076, #523 ) ;
#869 = ADVANCED_FACE ( 'NONE', ( #6667 ), #5262, .F. ) ;
#870 = FACE_OUTER_BOUND ( 'NONE', #7670, .T. ) ;
#871 = VECTOR ( 'NONE', #5497, 1000.000000000000000 ) ;
#872 = ADVANCED_FACE ( 'NONE', ( #1886 ), #7949, .F. ) ;
#873 = ORIENTED_EDGE ( 'NONE', *, *, #5776, .F. ) ;
#874 = ORIENTED_EDGE ( 'NONE', *, *, #6849, .F. ) ;
#875 = CARTESIAN_POINT ( 'NONE',  ( 57.80000000000000426, -1.300000000000000044, -12.20000000000001350 ) ) ;
#876 = ORIENTED_EDGE ( 'NONE', *, *, #3313, .F. ) ;
#877 = VECTOR ( 'NONE', #4031, 1000.000000000000000 ) ;
#878 = DIRECTION ( 'NONE',  ( -2.888894916580854874E-32, -1.000000000000000000, 1.722546424198833760E-16 ) ) ;
#879 = LINE ( 'NONE', #4881, #7166 ) ;
#880 = AXIS2_PLACEMENT_3D ( 'NONE', #4854, #6261, #4899 ) ;
#881 = VECTOR ( 'NONE', #2738, 1000.000000000000000 ) ;
#882 = DIRECTION ( 'NONE',  ( 0.000000000000000000, -1.000000000000000000, 5.721188726109870315E-18 ) ) ;
#883 = ORIENTED_EDGE ( 'NONE', *, *, #8104, .F. ) ;
#884 = VERTEX_POINT ( 'NONE', #596 ) ;
#885 = DIRECTION ( 'NONE',  ( 3.851859888774014984E-34, 1.000000000000000000, -1.722546424198833760E-16 ) ) ;
#886 = CARTESIAN_POINT ( 'NONE',  ( -15.99999999999999645, -5.000000000000000000, -13.70000000000000995 ) ) ;
#887 = CARTESIAN_POINT ( 'NONE',  ( 41.38475575860120159, 5.000000000000000000, -1.387778780781445676E-14 ) ) ;
#888 = CIRCLE ( 'NONE', #5573, 1.374999999999999778 ) ;
#889 = AXIS2_PLACEMENT_3D ( 'NONE', #2036, #6649, #8058 ) ;
#890 = DIRECTION ( 'NONE',  ( 1.000000000000000000, 0.000000000000000000, -0.000000000000000000 ) ) ;
#891 = DIRECTION ( 'NONE',  ( 0.000000000000000000, 1.000000000000000000, -1.665334536937734811E-16 ) ) ;
#892 = AXIS2_PLACEMENT_3D ( 'NONE', #4647, #6797, #7336 ) ;
#893 = EDGE_LOOP ( 'NONE', ( #2, #6404, #7968, #8048 ) ) ;
#894 = EDGE_CURVE ( 'NONE', #8151, #6230, #3931, .T. ) ;
#895 = EDGE_CURVE ( 'NONE', #1914, #5578, #5303, .T. ) ;
#896 = EDGE_LOOP ( 'NONE', ( #2114, #4377, #6138, #3973 ) ) ;
#897 = CARTESIAN_POINT ( 'NONE',  ( 44.38475575860120870, 5.000000000000000000, -0.5000000000000125455 ) ) ;
#898 = CARTESIAN_POINT ( 'NONE',  ( 18.01238207896990318, -1.300000000000000266, -1.500000000000011768 ) ) ;
#899 = ORIENTED_EDGE ( 'NONE', *, *, #3219, .F. ) ;
#900 = DIRECTION ( 'NONE',  ( -0.8448161173641048904, 0.000000000000000000, -0.5350567519822910789 ) ) ;
#901 = DIRECTION ( 'NONE',  ( 1.094764425253759933E-47, 1.000000000000000000, -1.722546424198833760E-16 ) ) ;
#902 = CARTESIAN_POINT ( 'NONE',  ( 1.198806130178223794, 5.000000000000000000, -7.500000000000012434 ) ) ;
#903 = CARTESIAN_POINT ( 'NONE',  ( 14.80203678697560399, 5.000000000000000000, -5.600000000000012967 ) ) ;
#904 = AXIS2_PLACEMENT_3D ( 'NONE', #7571, #882, #7526 ) ;
#905 = ORIENTED_EDGE ( 'NONE', *, *, #4253, .T. ) ;
#906 = ORIENTED_EDGE ( 'NONE', *, *, #584, .F. ) ;
#907 = EDGE_CURVE ( 'NONE', #4534, #3439, #5927, .T. ) ;
#908 = AXIS2_PLACEMENT_3D ( 'NONE', #4631, #5459, #2090 ) ;
#909 = ORIENTED_EDGE ( 'NONE', *, *, #4482, .T. ) ;
#910 = CARTESIAN_POINT ( 'NONE',  ( 19.50310462831780356, 5.000000000000000000, -14.90000050758565031 ) ) ;
#911 = LINE ( 'NONE', #70, #8584 ) ;
#912 = DIRECTION ( 'NONE',  ( 2.484315550016849989E-16, -6.451295953902915133E-17, -1.000000000000000000 ) ) ;
#913 = EDGE_CURVE ( 'NONE', #4535, #4907, #7534, .T. ) ;
#914 = DIRECTION ( 'NONE',  ( 0.000000000000000000, -1.000000000000000000, 1.110223024625156787E-16 ) ) ;
#915 = DIRECTION ( 'NONE',  ( 0.000000000000000000, 1.000000000000000000, -1.554312234475219798E-16 ) ) ;
#916 = CARTESIAN_POINT ( 'NONE',  ( 1.198806130178223794, -5.000000000000000000, -7.500000000000011546 ) ) ;
#917 = CARTESIAN_POINT ( 'NONE',  ( 60.49999999999740652, -5.000000000000000000, -9.932463862578003955 ) ) ;
#918 = VECTOR ( 'NONE', #2569, 1000.000000000000000 ) ;
#919 = ORIENTED_EDGE ( 'NONE', *, *, #6790, .T. ) ;
#920 = ORIENTED_EDGE ( 'NONE', *, *, #3398, .F. ) ;
#921 = CARTESIAN_POINT ( 'NONE',  ( -12.21412045636129839, -5.000000000000000000, -14.90000000000001101 ) ) ;
#922 = STYLED_ITEM ( 'NONE', ( #5131 ), #3651 ) ;
#923 = ORIENTED_EDGE ( 'NONE', *, *, #5408, .F. ) ;
#924 = EDGE_CURVE ( 'NONE', #8350, #1374, #5964, .T. ) ;
#925 = CARTESIAN_POINT ( 'NONE',  ( 58.80000000000000426, -5.000000000000000000, -7.792000000000011362 ) ) ;
#926 = CARTESIAN_POINT ( 'NONE',  ( -3.722949016875145123, -1.300000000000000266, -4.600000000000011191 ) ) ;
#927 = VECTOR ( 'NONE', #8743, 1000.000000000000000 ) ;
#928 = DIRECTION ( 'NONE',  ( 1.000000000000000000, 2.736911063134408342E-47, -2.622405595101720017E-16 ) ) ;
#929 = EDGE_CURVE ( 'NONE', #3412, #5924, #4553, .T. ) ;
#930 = ORIENTED_EDGE ( 'NONE', *, *, #2696, .F. ) ;
#931 = ORIENTED_EDGE ( 'NONE', *, *, #7009, .F. ) ;
#932 = DIRECTION ( 'NONE',  ( -1.776356839400249824E-16, 1.000000000000000000, -6.661338147750937763E-17 ) ) ;
#933 = CIRCLE ( 'NONE', #3208, 1.000000000000000000 ) ;
#934 = LINE ( 'NONE', #484, #7613 ) ;
#935 = LINE ( 'NONE', #4309, #5050 ) ;
#936 = VECTOR ( 'NONE', #1288, 1000.000000000000000 ) ;
#937 = DIRECTION ( 'NONE',  ( -1.156482317317871607E-14, 0.000000000000000000, -1.000000000000000000 ) ) ;
#938 = CARTESIAN_POINT ( 'NONE',  ( 57.80000000000000426, -4.999999999999999112, -8.000000000000010658 ) ) ;
#939 = EDGE_CURVE ( 'NONE', #7112, #8727, #1881, .T. ) ;
#940 = VECTOR ( 'NONE', #5979, 1000.000000000000000 ) ;
#941 = AXIS2_PLACEMENT_3D ( 'NONE', #572, #6679, #1947 ) ;
#942 = ORIENTED_EDGE ( 'NONE', *, *, #2154, .T. ) ;
#943 = VERTEX_POINT ( 'NONE', #559 ) ;
#944 = CARTESIAN_POINT ( 'NONE',  ( 15.00310462831780356, -5.000000000000000000, -11.20000000000001172 ) ) ;
#945 = LINE ( 'NONE', #6355, #1593 ) ;
#946 = ORIENTED_EDGE ( 'NONE', *, *, #4684, .T. ) ;
#947 = CARTESIAN_POINT ( 'NONE',  ( -23.01238207896989607, -1.300000000000000266, -5.000000000000011546 ) ) ;
#948 = LINE ( 'NONE', #6358, #1070 ) ;
#949 = CARTESIAN_POINT ( 'NONE',  ( 22.49654675138050308, -5.000000000000000000, -12.20000000000001172 ) ) ;
#950 = DIRECTION ( 'NONE',  ( 0.000000000000000000, 0.000000000000000000, -1.000000000000000000 ) ) ;
#951 = CIRCLE ( 'NONE', #1239, 0.5000000000000004441 ) ;
#952 = AXIS2_PLACEMENT_3D ( 'NONE', #3848, #1762, #7783 ) ;
#953 = EDGE_CURVE ( 'NONE', #8464, #7630, #8040, .T. ) ;
#954 = ORIENTED_EDGE ( 'NONE', *, *, #277, .T. ) ;
#955 = AXIS2_PLACEMENT_3D ( 'NONE', #7063, #5083, #5166 ) ;
#956 = ORIENTED_EDGE ( 'NONE', *, *, #5892, .F. ) ;
#957 = EDGE_LOOP ( 'NONE', ( #2845, #2557, #234, #3198 ) ) ;
#958 = DIRECTION ( 'NONE',  ( 0.000000000000000000, 1.000000000000000000, -1.554312234475219798E-16 ) ) ;
#959 = DIRECTION ( 'NONE',  ( 0.000000000000000000, 9.652227316387442298E-17, -1.000000000000000000 ) ) ;
#960 = DIRECTION ( 'NONE',  ( 0.000000000000000000, -1.000000000000000000, 1.110223024625156787E-16 ) ) ;
#961 = CARTESIAN_POINT ( 'NONE',  ( -9.832952333422095847, 5.000000000000000000, -17.37855752436758294 ) ) ;
#962 = CARTESIAN_POINT ( 'NONE',  ( 61.00000000000000711, -5.000000000000000000, -9.852520022699817304 ) ) ;
#963 = DIRECTION ( 'NONE',  ( 1.000000000000000000, 0.000000000000000000, 0.000000000000000000 ) ) ;
#964 = DIRECTION ( 'NONE',  ( 0.000000000000000000, -1.000000000000000000, 1.110223024625156787E-16 ) ) ;
#965 = EDGE_CURVE ( 'NONE', #6475, #2323, #8076, .T. ) ;
#966 = VECTOR ( 'NONE', #3816, 1000.000000000000000 ) ;
#967 = EDGE_CURVE ( 'NONE', #3028, #6139, #3723, .T. ) ;
#968 = ORIENTED_EDGE ( 'NONE', *, *, #6988, .F. ) ;
#969 = VERTEX_POINT ( 'NONE', #3392 ) ;
#970 = DIRECTION ( 'NONE',  ( 0.000000000000000000, 1.000000000000000000, -1.110223024625156787E-16 ) ) ;
#971 = VECTOR ( 'NONE', #1891, 1000.000000000000227 ) ;
#972 = ORIENTED_EDGE ( 'NONE', *, *, #2149, .T. ) ;
#973 = DIRECTION ( 'NONE',  ( 0.000000000000000000, 1.000000000000000000, -1.722546424198833760E-16 ) ) ;
#974 = CARTESIAN_POINT ( 'NONE',  ( -12.49999999999999645, -5.000000000000000000, -17.60000000000001208 ) ) ;
#975 = CARTESIAN_POINT ( 'NONE',  ( 39.88475575860120159, 5.000000000000000000, -3.600000000000012079 ) ) ;
#976 = VECTOR ( 'NONE', #8289, 1000.000000000000000 ) ;
#977 = ADVANCED_FACE ( 'NONE', ( #6091 ), #1174, .F. ) ;
#978 = ADVANCED_FACE ( 'NONE', ( #4774 ), #8297, .F. ) ;
#979 = DIRECTION ( 'NONE',  ( 1.000000000000000000, 0.000000000000000000, 0.000000000000000000 ) ) ;
#980 = ORIENTED_EDGE ( 'NONE', *, *, #8015, .F. ) ;
#981 = VERTEX_POINT ( 'NONE', #3561 ) ;
#982 = CARTESIAN_POINT ( 'NONE',  ( -11.49999999999999645, 5.000000000000000000, -15.10000000000001208 ) ) ;
#983 = CYLINDRICAL_SURFACE ( 'NONE', #3771, 2.374999999999998668 ) ;
#984 = CARTESIAN_POINT ( 'NONE',  ( 62.00000000000000711, 5.000000000000000000, -9.852520022699820856 ) ) ;
#985 = CARTESIAN_POINT ( 'NONE',  ( 3.550000000000004263, -5.000000000000000000, -8.500000000000010658 ) ) ;
#986 = EDGE_CURVE ( 'NONE', #3992, #1813, #4274, .T. ) ;
#987 = EDGE_CURVE ( 'NONE', #8689, #8197, #2142, .T. ) ;
#988 = ORIENTED_EDGE ( 'NONE', *, *, #6216, .T. ) ;
#989 = EDGE_LOOP ( 'NONE', ( #2918, #3543, #5814, #7919 ) ) ;
#990 = DIRECTION ( 'NONE',  ( 1.756345929696359821E-16, 5.551115123125782702E-17, -1.000000000000000000 ) ) ;
#991 = FACE_OUTER_BOUND ( 'NONE', #269, .T. ) ;
#992 = ORIENTED_EDGE ( 'NONE', *, *, #4439, .F. ) ;
#993 = DIRECTION ( 'NONE',  ( -1.734723475976807094E-15, 0.000000000000000000, 1.000000000000000000 ) ) ;
#994 = DIRECTION ( 'NONE',  ( 1.000000000000000000, 0.000000000000000000, 0.000000000000000000 ) ) ;
#995 = DIRECTION ( 'NONE',  ( 0.6904313878910778302, -4.015664934059697603E-17, 0.7233978840270408606 ) ) ;
#996 = PLANE ( 'NONE',  #3522 ) ;
#997 = ADVANCED_FACE ( 'NONE', ( #4949 ), #3477, .T. ) ;
#998 = EDGE_LOOP ( 'NONE', ( #1362, #8550, #3714, #2591 ) ) ;
#999 = VERTEX_POINT ( 'NONE', #6221 ) ;
#1000 = ORIENTED_EDGE ( 'NONE', *, *, #2213, .F. ) ;
#1001 = CARTESIAN_POINT ( 'NONE',  ( 5.850000000000004086, 5.000000000000000000, -8.500000000000012434 ) ) ;
#1002 = EDGE_CURVE ( 'NONE', #7976, #6700, #2850, .T. ) ;
#1003 = LINE ( 'NONE', #5701, #6327 ) ;
#1004 = LINE ( 'NONE', #7687, #7148 ) ;
#1005 = DIRECTION ( 'NONE',  ( 0.000000000000000000, -1.000000000000000000, 5.721188726109870315E-18 ) ) ;
#1006 = DIRECTION ( 'NONE',  ( -0.000000000000000000, -1.000000000000000000, 4.570658426054217040E-16 ) ) ;
#1007 = CARTESIAN_POINT ( 'NONE',  ( -13.35989813747139365, 5.000000000000000000, -3.100000000000012523 ) ) ;
#1008 = LINE ( 'NONE', #1763, #7732 ) ;
#1009 = VERTEX_POINT ( 'NONE', #5559 ) ;
#1010 = ORIENTED_EDGE ( 'NONE', *, *, #3183, .T. ) ;
#1011 = LINE ( 'NONE', #3813, #8512 ) ;
#1012 = ADVANCED_FACE ( 'NONE', ( #8210 ), #104, .F. ) ;
#1013 = EDGE_CURVE ( 'NONE', #6629, #2344, #1478, .T. ) ;
#1014 = ORIENTED_EDGE ( 'NONE', *, *, #4484, .F. ) ;
#1015 = CYLINDRICAL_SURFACE ( 'NONE', #5009, 0.5000000000000000000 ) ;
#1016 = CARTESIAN_POINT ( 'NONE',  ( 44.88475575860120159, 5.000000000000000000, -0.5000000000000125455 ) ) ;
#1017 = EDGE_CURVE ( 'NONE', #1864, #645, #1434, .T. ) ;
#1018 = FACE_OUTER_BOUND ( 'NONE', #4796, .T. ) ;
#1019 = ORIENTED_EDGE ( 'NONE', *, *, #1276, .T. ) ;
#1020 = ORIENTED_EDGE ( 'NONE', *, *, #3036, .T. ) ;
#1021 = EDGE_CURVE ( 'NONE', #2414, #1304, #2812, .T. ) ;
#1022 = ORIENTED_EDGE ( 'NONE', *, *, #446, .F. ) ;
#1023 = PLANE ( 'NONE',  #6728 ) ;
#1024 = CARTESIAN_POINT ( 'NONE',  ( -51.50664724830589591, -1.300000000000000044, -7.761614970794162183 ) ) ;
#1025 = CARTESIAN_POINT ( 'NONE',  ( 4.436726938305877610, 1.300000000000000044, -4.600000000000012079 ) ) ;
#1026 = DIRECTION ( 'NONE',  ( -2.627434620609104739E-46, -1.000000000000000000, 1.722546424198833760E-16 ) ) ;
#1027 = VECTOR ( 'NONE', #8086, 1000.000000000000000 ) ;
#1028 = EDGE_LOOP ( 'NONE', ( #6454, #4836, #3132, #1854 ) ) ;
#1029 = VECTOR ( 'NONE', #3833, 1000.000000000000114 ) ;
#1030 = VERTEX_POINT ( 'NONE', #1569 ) ;
#1031 = LINE ( 'NONE', #3738, #1198 ) ;
#1032 = CARTESIAN_POINT ( 'NONE',  ( 8.092759126866024388, -5.000000000000000000, -7.642530422886741448 ) ) ;
#1033 = ORIENTED_EDGE ( 'NONE', *, *, #3426, .F. ) ;
#1034 = DIRECTION ( 'NONE',  ( 1.000000000000000000, 0.000000000000000000, 0.000000000000000000 ) ) ;
#1035 = DIRECTION ( 'NONE',  ( 0.000000000000000000, -1.000000000000000000, 1.110223024625156787E-16 ) ) ;
#1036 = CARTESIAN_POINT ( 'NONE',  ( 61.40273861428880764, 3.699999999999999289, -8.937204990287053619 ) ) ;
#1037 = EDGE_CURVE ( 'NONE', #6351, #8727, #6836, .T. ) ;
#1038 = LINE ( 'NONE', #3083, #1968 ) ;
#1039 = AXIS2_PLACEMENT_3D ( 'NONE', #5106, #1768, #439 ) ;
#1040 = ORIENTED_EDGE ( 'NONE', *, *, #5356, .F. ) ;
#1041 = VERTEX_POINT ( 'NONE', #4236 ) ;
#1042 = VERTEX_POINT ( 'NONE', #2185 ) ;
#1043 = LINE ( 'NONE', #4379, #4712 ) ;
#1044 = CARTESIAN_POINT ( 'NONE',  ( 23.13449612337660355, 2.086514688671869955, -4.000000000000012434 ) ) ;
#1045 = CARTESIAN_POINT ( 'NONE',  ( 9.240846643908374958, -1.300000000000000044, -6.200000000000011724 ) ) ;
#1046 = AXIS2_PLACEMENT_3D ( 'NONE', #516, #6458, #5047 ) ;
#1047 = FACE_OUTER_BOUND ( 'NONE', #4254, .T. ) ;
#1048 = DIRECTION ( 'NONE',  ( 0.9875803063351135114, 0.000000000000000000, -0.1571150487351330449 ) ) ;
#1049 = DIRECTION ( 'NONE',  ( 1.061129593503229983E-16, -1.845370703093161790E-16, -1.000000000000000000 ) ) ;
#1050 = FACE_OUTER_BOUND ( 'NONE', #415, .T. ) ;
#1051 = VECTOR ( 'NONE', #8169, 1000.000000000000000 ) ;
#1052 = ORIENTED_EDGE ( 'NONE', *, *, #5087, .T. ) ;
#1053 = VERTEX_POINT ( 'NONE', #812 ) ;
#1054 = ORIENTED_EDGE ( 'NONE', *, *, #4974, .T. ) ;
#1055 = CARTESIAN_POINT ( 'NONE',  ( 18.49654675138050308, -5.000000000000000000, -11.70000000000001172 ) ) ;
#1056 = PLANE ( 'NONE',  #329 ) ;
#1057 = LINE ( 'NONE', #7218, #1380 ) ;
#1058 = CIRCLE ( 'NONE', #201, 1.000000000000000444 ) ;
#1059 = DIRECTION ( 'NONE',  ( 2.613688607452029793E-16, -5.551115123125775307E-18, -1.000000000000000000 ) ) ;
#1060 = EDGE_CURVE ( 'NONE', #3740, #3487, #147, .T. ) ;
#1061 = EDGE_CURVE ( 'NONE', #3545, #4714, #2235, .T. ) ;
#1062 = VERTEX_POINT ( 'NONE', #4186 ) ;
#1063 = CIRCLE ( 'NONE', #5318, 0.1999999999999996503 ) ;
#1064 = ORIENTED_EDGE ( 'NONE', *, *, #967, .T. ) ;
#1065 = EDGE_LOOP ( 'NONE', ( #5655, #5109, #8694, #4851 ) ) ;
#1066 = DIRECTION ( 'NONE',  ( -1.000000000000000000, 5.313607999440783115E-33, -9.572145202509759021E-17 ) ) ;
#1067 = CARTESIAN_POINT ( 'NONE',  ( -40.80664724830590018, -4.999999999999999112, -1.603695419137131761 ) ) ;
#1068 = CARTESIAN_POINT ( 'NONE',  ( 16.69654675138050592, 5.000000000000000000, -11.90000000000001279 ) ) ;
#1069 = DIRECTION ( 'NONE',  ( 1.235726496974089760E-16, 5.551115123125785167E-17, -1.000000000000000000 ) ) ;
#1070 = VECTOR ( 'NONE', #7984, 1000.000000000000000 ) ;
#1071 = EDGE_CURVE ( 'NONE', #2437, #6072, #604, .T. ) ;
#1072 = EDGE_CURVE ( 'NONE', #76, #5775, #2761, .T. ) ;
#1073 = VERTEX_POINT ( 'NONE', #6884 ) ;
#1074 = AXIS2_PLACEMENT_3D ( 'NONE', #8605, #2532, #5248 ) ;
#1075 = VECTOR ( 'NONE', #8112, 1000.000000000000000 ) ;
#1076 = ORIENTED_EDGE ( 'NONE', *, *, #7201, .F. ) ;
#1077 = DIRECTION ( 'NONE',  ( -0.000000000000000000, -1.000000000000000000, 1.710343578476592788E-16 ) ) ;
#1078 = CARTESIAN_POINT ( 'NONE',  ( -26.37499999999999645, 2.961105680461651384E-17, -5.000000000000012434 ) ) ;
#1079 = ORIENTED_EDGE ( 'NONE', *, *, #3631, .F. ) ;
#1080 = LINE ( 'NONE', #2986, #6476 ) ;
#1081 = DIRECTION ( 'NONE',  ( -2.311115933264684940E-32, -1.000000000000000000, 1.722546424198833760E-16 ) ) ;
#1082 = DIRECTION ( 'NONE',  ( 0.000000000000000000, 1.000000000000000000, -1.710343578476592788E-16 ) ) ;
#1083 = FACE_OUTER_BOUND ( 'NONE', #5054, .T. ) ;
#1084 = VECTOR ( 'NONE', #4571, 1000.000000000000000 ) ;
#1085 = EDGE_CURVE ( 'NONE', #981, #6560, #8118, .T. ) ;
#1086 = AXIS2_PLACEMENT_3D ( 'NONE', #128, #2168, #7522 ) ;
#1087 = EDGE_CURVE ( 'NONE', #6637, #4408, #2104, .T. ) ;
#1088 = ORIENTED_EDGE ( 'NONE', *, *, #6115, .F. ) ;
#1089 = ORIENTED_EDGE ( 'NONE', *, *, #3291, .T. ) ;
#1090 = ORIENTED_EDGE ( 'NONE', *, *, #5589, .T. ) ;
#1091 = DIRECTION ( 'NONE',  ( -1.000000000000000000, 0.000000000000000000, 0.000000000000000000 ) ) ;
#1092 = VECTOR ( 'NONE', #5101, 1000.000000000000114 ) ;
#1093 = DIRECTION ( 'NONE',  ( 0.000000000000000000, 1.000000000000000000, -1.776356839400250810E-16 ) ) ;
#1094 = CARTESIAN_POINT ( 'NONE',  ( 41.38475575860120159, 7.000000000000000000, -0.5000000000000125455 ) ) ;
#1095 = VECTOR ( 'NONE', #2465, 1000.000000000000227 ) ;
#1096 = CARTESIAN_POINT ( 'NONE',  ( -9.175732398095195919, 1.300000000000000044, -1.500000000000012657 ) ) ;
#1097 = CARTESIAN_POINT ( 'NONE',  ( 18.10237697133560530, 5.000000000000000000, -14.90000050758565031 ) ) ;
#1098 = LINE ( 'NONE', #8357, #2782 ) ;
#1099 = DIRECTION ( 'NONE',  ( 1.000000000000000000, 0.000000000000000000, 0.000000000000000000 ) ) ;
#1100 = VECTOR ( 'NONE', #1093, 1000.000000000000000 ) ;
#1101 = AXIS2_PLACEMENT_3D ( 'NONE', #98, #7536, #2009 ) ;
#1102 = VERTEX_POINT ( 'NONE', #372 ) ;
#1103 = ORIENTED_EDGE ( 'NONE', *, *, #412, .T. ) ;
#1104 = ORIENTED_EDGE ( 'NONE', *, *, #1548, .F. ) ;
#1105 = PLANE ( 'NONE',  #5691 ) ;
#1106 = DIRECTION ( 'NONE',  ( 0.000000000000000000, 1.000000000000000000, -2.310464132328026570E-16 ) ) ;
#1107 = CARTESIAN_POINT ( 'NONE',  ( 4.500000000000003553, 1.300000000000000044, -9.000000000000012434 ) ) ;
#1108 = CIRCLE ( 'NONE', #4795, 0.5000000000000004441 ) ;
#1109 = DIRECTION ( 'NONE',  ( 0.000000000000000000, -2.310464132328026570E-16, -1.000000000000000000 ) ) ;
#1110 = PLANE ( 'NONE',  #4911 ) ;
#1111 = VERTEX_POINT ( 'NONE', #5823 ) ;
#1112 = VECTOR ( 'NONE', #7386, 1000.000000000000000 ) ;
#1113 = ORIENTED_EDGE ( 'NONE', *, *, #4892, .F. ) ;
#1114 = EDGE_LOOP ( 'NONE', ( #1193, #876, #4444, #8526 ) ) ;
#1115 = ORIENTED_EDGE ( 'NONE', *, *, #2361, .F. ) ;
#1116 = CARTESIAN_POINT ( 'NONE',  ( 13.50203678697557308, 5.000000000000000000, -9.000000000000010658 ) ) ;
#1117 = EDGE_CURVE ( 'NONE', #6160, #1996, #5164, .T. ) ;
#1118 = CARTESIAN_POINT ( 'NONE',  ( 41.38475575860120159, -7.000000000000000888, -1.100000000000010747 ) ) ;
#1119 = CARTESIAN_POINT ( 'NONE',  ( -7.175732398095195919, -5.000000000000000000, -1.600000000000011191 ) ) ;
#1120 = FACE_OUTER_BOUND ( 'NONE', #1114, .T. ) ;
#1121 = AXIS2_PLACEMENT_3D ( 'NONE', #6716, #2638, #8663 ) ;
#1122 = ORIENTED_EDGE ( 'NONE', *, *, #6001, .T. ) ;
#1123 = VECTOR ( 'NONE', #3646, 1000.000000000000114 ) ;
#1124 = ORIENTED_EDGE ( 'NONE', *, *, #3943, .T. ) ;
#1125 = DIRECTION ( 'NONE',  ( 0.000000000000000000, -1.000000000000000000, 1.110223024625156787E-16 ) ) ;
#1126 = CARTESIAN_POINT ( 'NONE',  ( -51.50664724830589591, -5.000000000000000000, -2.103695419137131317 ) ) ;
#1127 = EDGE_CURVE ( 'NONE', #3717, #1691, #1789, .T. ) ;
#1128 = ORIENTED_EDGE ( 'NONE', *, *, #3808, .T. ) ;
#1129 = CARTESIAN_POINT ( 'NONE',  ( -18.00664724830589591, -1.300000000000000044, -10.30369541913713149 ) ) ;
#1130 = CARTESIAN_POINT ( 'NONE',  ( 38.41721509500220577, 1.300000000000000044, -1.500000000000012657 ) ) ;
#1131 = EDGE_CURVE ( 'NONE', #3062, #5461, #945, .T. ) ;
#1132 = LINE ( 'NONE', #1036, #6567 ) ;
#1133 = DIRECTION ( 'NONE',  ( 0.000000000000000000, 5.551115123125782702E-17, -1.000000000000000000 ) ) ;
#1134 = ORIENTED_EDGE ( 'NONE', *, *, #1071, .T. ) ;
#1135 = EDGE_LOOP ( 'NONE', ( #3956, #5126, #8094, #3910 ) ) ;
#1136 = LINE ( 'NONE', #1001, #7525 ) ;
#1137 = DIRECTION ( 'NONE',  ( 1.000000000000000000, 0.000000000000000000, -0.000000000000000000 ) ) ;
#1138 = LINE ( 'NONE', #3269, #7295 ) ;
#1139 = CARTESIAN_POINT ( 'NONE',  ( -49.80664724830590018, 0.7000000000000000666, -4.703695419137131850 ) ) ;
#1140 = CARTESIAN_POINT ( 'NONE',  ( 14.80203678697560399, 5.000000000000000000, -6.300000000000012257 ) ) ;
#1141 = CYLINDRICAL_SURFACE ( 'NONE', #91, 0.5000000000000004441 ) ;
#1142 = ADVANCED_FACE ( 'NONE', ( #991 ), #2365, .F. ) ;
#1143 = LINE ( 'NONE', #3000, #2358 ) ;
#1144 = VERTEX_POINT ( 'NONE', #3076 ) ;
#1145 = ORIENTED_EDGE ( 'NONE', *, *, #1718, .F. ) ;
#1146 = CARTESIAN_POINT ( 'NONE',  ( 2.060699978071043770, -5.000000000000000000, -10.87848338918573177 ) ) ;
#1147 = CARTESIAN_POINT ( 'NONE',  ( 19.50118481382170188, -5.000000000000000000, -17.60000000000001208 ) ) ;
#1148 = DIRECTION ( 'NONE',  ( -5.473822126268819114E-48, 1.000000000000000000, -1.722546424198833760E-16 ) ) ;
#1149 = CARTESIAN_POINT ( 'NONE',  ( 48.38475575860120159, -5.000000000000000000, -1.500000000000011768 ) ) ;
#1150 = FACE_OUTER_BOUND ( 'NONE', #5251, .T. ) ;
#1151 = VERTEX_POINT ( 'NONE', #2450 ) ;
#1152 = ORIENTED_EDGE ( 'NONE', *, *, #2564, .T. ) ;
#1153 = ORIENTED_EDGE ( 'NONE', *, *, #8093, .T. ) ;
#1154 = ORIENTED_EDGE ( 'NONE', *, *, #173, .T. ) ;
#1155 = FACE_OUTER_BOUND ( 'NONE', #4561, .T. ) ;
#1156 = CARTESIAN_POINT ( 'NONE',  ( 23.98761792103010038, -1.300000000000000266, -4.000000000000011546 ) ) ;
#1157 =( LENGTH_UNIT ( ) NAMED_UNIT ( * ) SI_UNIT ( .MILLI., .METRE. ) );
#1158 = DIRECTION ( 'NONE',  ( 1.809252336426179696E-16, 1.000000000000000000, -1.110223024625156787E-16 ) ) ;
#1159 = AXIS2_PLACEMENT_3D ( 'NONE', #3994, #5982, #8096 ) ;
#1160 = ORIENTED_EDGE ( 'NONE', *, *, #1536, .T. ) ;
#1161 = VERTEX_POINT ( 'NONE', #3124 ) ;
#1162 = DIRECTION ( 'NONE',  ( -0.1702068964799630657, -1.685386840250684649E-16, -0.9854083480418963648 ) ) ;
#1163 = LINE ( 'NONE', #1340, #7119 ) ;
#1164 = VERTEX_POINT ( 'NONE', #7144 ) ;
#1165 = CARTESIAN_POINT ( 'NONE',  ( -51.00664724830589591, -1.300000000000000266, -1.603695419137131761 ) ) ;
#1166 = CYLINDRICAL_SURFACE ( 'NONE', #4338, 1.375000000000001332 ) ;
#1167 = VECTOR ( 'NONE', #4688, 1000.000000000000000 ) ;
#1168 = DIRECTION ( 'NONE',  ( 0.000000000000000000, -2.310464132328026570E-16, -1.000000000000000000 ) ) ;
#1169 = EDGE_CURVE ( 'NONE', #5152, #7510, #1609, .T. ) ;
#1170 = EDGE_CURVE ( 'NONE', #3143, #5867, #2407, .T. ) ;
#1171 = VECTOR ( 'NONE', #8067, 1000.000000000000000 ) ;
#1172 = ORIENTED_EDGE ( 'NONE', *, *, #2953, .F. ) ;
#1173 = VERTEX_POINT ( 'NONE', #1126 ) ;
#1174 = PLANE ( 'NONE',  #6684 ) ;
#1175 = ORIENTED_EDGE ( 'NONE', *, *, #5376, .F. ) ;
#1176 = CARTESIAN_POINT ( 'NONE',  ( 9.499699182559423249, 1.300000000000000044, -7.700000000000012612 ) ) ;
#1177 = DIRECTION ( 'NONE',  ( 0.000000000000000000, 1.000000000000000000, -1.443289932012703798E-16 ) ) ;
#1178 = FACE_OUTER_BOUND ( 'NONE', #2101, .T. ) ;
#1179 = FACE_OUTER_BOUND ( 'NONE', #7340, .T. ) ;
#1180 = VECTOR ( 'NONE', #3297, 1000.000000000000000 ) ;
#1181 = EDGE_CURVE ( 'NONE', #6387, #5185, #4318, .T. ) ;
#1182 = ORIENTED_EDGE ( 'NONE', *, *, #6753, .F. ) ;
#1183 = EDGE_LOOP ( 'NONE', ( #10, #2387, #1644, #199 ) ) ;
#1184 = VECTOR ( 'NONE', #5394, 1000.000000000000000 ) ;
#1185 = VERTEX_POINT ( 'NONE', #8476 ) ;
#1186 = EDGE_CURVE ( 'NONE', #546, #2143, #8429, .T. ) ;
#1187 = CARTESIAN_POINT ( 'NONE',  ( 25.62370992587110408, -4.999999999999999112, -12.20000000000001172 ) ) ;
#1188 = FACE_OUTER_BOUND ( 'NONE', #6331, .T. ) ;
#1189 = FACE_OUTER_BOUND ( 'NONE', #5555, .T. ) ;
#1190 = CARTESIAN_POINT ( 'NONE',  ( -3.722949016875145123, -4.999999999999999112, -4.600000000000011191 ) ) ;
#1191 = LINE ( 'NONE', #3819, #793 ) ;
#1192 = VECTOR ( 'NONE', #2972, 1000.000000000000000 ) ;
#1193 = ORIENTED_EDGE ( 'NONE', *, *, #2570, .F. ) ;
#1194 = EDGE_LOOP ( 'NONE', ( #773, #4272, #7587, #1384 ) ) ;
#1195 = EDGE_CURVE ( 'NONE', #7333, #8151, #2984, .T. ) ;
#1196 = EDGE_CURVE ( 'NONE', #8644, #2089, #6552, .T. ) ;
#1197 = ORIENTED_EDGE ( 'NONE', *, *, #4815, .F. ) ;
#1198 = VECTOR ( 'NONE', #1125, 1000.000000000000000 ) ;
#1199 = VERTEX_POINT ( 'NONE', #7719 ) ;
#1200 = CARTESIAN_POINT ( 'NONE',  ( -12.29999999999999538, 5.000000000000000000, -16.80000000000001137 ) ) ;
#1201 = DIRECTION ( 'NONE',  ( 0.000000000000000000, 5.551115123125782702E-17, -1.000000000000000000 ) ) ;
#1202 = CARTESIAN_POINT ( 'NONE',  ( 48.38475575860120159, -7.000000000000000888, -2.000000000000011102 ) ) ;
#1203 = LINE ( 'NONE', #1334, #2206 ) ;
#1204 = EDGE_CURVE ( 'NONE', #6047, #1030, #7674, .T. ) ;
#1205 = CIRCLE ( 'NONE', #3472, 0.5000000000000004441 ) ;
#1206 = VERTEX_POINT ( 'NONE', #5119 ) ;
#1207 = EDGE_CURVE ( 'NONE', #1164, #2089, #5687, .T. ) ;
#1208 = VERTEX_POINT ( 'NONE', #5733 ) ;
#1209 = LINE ( 'NONE', #5213, #8271 ) ;
#1210 = DIRECTION ( 'NONE',  ( 0.000000000000000000, -1.000000000000000000, 1.110223024625156787E-16 ) ) ;
#1211 = VERTEX_POINT ( 'NONE', #3695 ) ;
#1212 = DIRECTION ( 'NONE',  ( 1.000000000000000000, -2.274475173179058661E-31, -2.048665108478530195E-15 ) ) ;
#1213 = DIRECTION ( 'NONE',  ( 0.000000000000000000, 1.000000000000000000, -1.722546424198833760E-16 ) ) ;
#1214 = AXIS2_PLACEMENT_3D ( 'NONE', #5035, #7722, #8300 ) ;
#1215 = FACE_OUTER_BOUND ( 'NONE', #2546, .T. ) ;
#1216 = VECTOR ( 'NONE', #1843, 1000.000000000000000 ) ;
#1217 = ORIENTED_EDGE ( 'NONE', *, *, #2201, .F. ) ;
#1218 = ORIENTED_EDGE ( 'NONE', *, *, #1995, .T. ) ;
#1219 = DIRECTION ( 'NONE',  ( -0.9342201547964009700, 1.980065741954672757E-17, -0.3566969335054459567 ) ) ;
#1220 = ORIENTED_EDGE ( 'NONE', *, *, #7894, .T. ) ;
#1221 = DIRECTION ( 'NONE',  ( 0.000000000000000000, 2.309980164139441487E-16, 1.000000000000000000 ) ) ;
#1222 = DIRECTION ( 'NONE',  ( -0.9981002729656489603, 0.000000000000000000, -0.06161043017133449595 ) ) ;
#1223 = DIRECTION ( 'NONE',  ( -0.000000000000000000, -1.000000000000000000, 1.710343578476592788E-16 ) ) ;
#1224 = LINE ( 'NONE', #1934, #4095 ) ;
#1225 = EDGE_CURVE ( 'NONE', #7966, #6560, #2021, .T. ) ;
#1226 = CIRCLE ( 'NONE', #8285, 0.5000000000000004441 ) ;
#1227 = AXIS2_PLACEMENT_3D ( 'NONE', #1695, #6777, #4709 ) ;
#1228 = VECTOR ( 'NONE', #3444, 1000.000000000000000 ) ;
#1229 = ORIENTED_EDGE ( 'NONE', *, *, #3507, .T. ) ;
#1230 = AXIS2_PLACEMENT_3D ( 'NONE', #5049, #1049, #7738 ) ;
#1231 = ORIENTED_EDGE ( 'NONE', *, *, #8676, .F. ) ;
#1232 = LINE ( 'NONE', #1896, #740 ) ;
#1233 = DIRECTION ( 'NONE',  ( 0.8277894033272508167, 0.000000000000000000, -0.5610389502869780332 ) ) ;
#1234 = FACE_OUTER_BOUND ( 'NONE', #7265, .T. ) ;
#1235 = EDGE_CURVE ( 'NONE', #550, #4113, #3739, .T. ) ;
#1236 = DIRECTION ( 'NONE',  ( 1.000000000000000000, 0.000000000000000000, -0.000000000000000000 ) ) ;
#1237 = EDGE_CURVE ( 'NONE', #8724, #3703, #2322, .T. ) ;
#1238 = CARTESIAN_POINT ( 'NONE',  ( 60.50000000000000711, 3.699999999999999289, -9.932463862578005731 ) ) ;
#1239 = AXIS2_PLACEMENT_3D ( 'NONE', #3527, #5604, #2062 ) ;
#1240 = VECTOR ( 'NONE', #142, 1000.000000000000114 ) ;
#1241 = ORIENTED_EDGE ( 'NONE', *, *, #2297, .F. ) ;
#1242 = ORIENTED_EDGE ( 'NONE', *, *, #3552, .F. ) ;
#1243 = FACE_OUTER_BOUND ( 'NONE', #2349, .T. ) ;
#1244 = CIRCLE ( 'NONE', #6903, 0.9999999999999991118 ) ;
#1245 = ORIENTED_EDGE ( 'NONE', *, *, #4281, .F. ) ;
#1246 = CARTESIAN_POINT ( 'NONE',  ( 17.19654675138050592, 5.000000000000000000, -9.462748503479975426 ) ) ;
#1247 = CARTESIAN_POINT ( 'NONE',  ( -24.99999999999999289, -8.673617379884035472E-16, -1.214306433183764966E-14 ) ) ;
#1248 = SURFACE_STYLE_FILL_AREA ( #7314 ) ;
#1249 = DIRECTION ( 'NONE',  ( -4.163336342344339985E-16, -5.551115123125782702E-17, 1.000000000000000000 ) ) ;
#1250 = AXIS2_PLACEMENT_3D ( 'NONE', #3539, #5575, #6986 ) ;
#1251 = VERTEX_POINT ( 'NONE', #1078 ) ;
#1252 = ORIENTED_EDGE ( 'NONE', *, *, #3217, .T. ) ;
#1253 = ORIENTED_EDGE ( 'NONE', *, *, #1440, .T. ) ;
#1254 = PLANE ( 'NONE',  #4173 ) ;
#1255 = FACE_OUTER_BOUND ( 'NONE', #2717, .T. ) ;
#1256 = AXIS2_PLACEMENT_3D ( 'NONE', #3437, #7545, #1532 ) ;
#1257 = ORIENTED_EDGE ( 'NONE', *, *, #1087, .F. ) ;
#1258 = CARTESIAN_POINT ( 'NONE',  ( -50.79999999999999716, 5.000000000000000000, -4.600000000000012079 ) ) ;
#1259 = LINE ( 'NONE', #7367, #6738 ) ;
#1260 = EDGE_CURVE ( 'NONE', #8343, #3429, #3787, .T. ) ;
#1261 = CARTESIAN_POINT ( 'NONE',  ( 44.88475575860120159, 5.000000000000000000, -1.100000000000012523 ) ) ;
#1262 = AXIS2_PLACEMENT_3D ( 'NONE', #3827, #2978, #3778 ) ;
#1263 = ORIENTED_EDGE ( 'NONE', *, *, #49, .T. ) ;
#1264 = ORIENTED_EDGE ( 'NONE', *, *, #3449, .F. ) ;
#1265 = CARTESIAN_POINT ( 'NONE',  ( -47.79999999999999716, -7.000000000000000888, -1.100000000000010747 ) ) ;
#1266 = ORIENTED_EDGE ( 'NONE', *, *, #7633, .T. ) ;
#1267 = LINE ( 'NONE', #2635, #2230 ) ;
#1268 = DIRECTION ( 'NONE',  ( -1.805559322863034981E-33, -1.000000000000000000, 1.722546424198833760E-16 ) ) ;
#1269 = CARTESIAN_POINT ( 'NONE',  ( 16.99654675138050308, 5.000000000000000000, -11.90000000000001279 ) ) ;
#1270 = DIRECTION ( 'NONE',  ( -1.235726496974089760E-16, -5.551115123125782702E-17, 1.000000000000000000 ) ) ;
#1271 = EDGE_CURVE ( 'NONE', #2123, #1928, #3027, .T. ) ;
#1272 = VERTEX_POINT ( 'NONE', #7277 ) ;
#1273 = ORIENTED_EDGE ( 'NONE', *, *, #5942, .F. ) ;
#1274 = VERTEX_POINT ( 'NONE', #7981 ) ;
#1275 = CARTESIAN_POINT ( 'NONE',  ( 18.50118481382170188, -5.000000000000000000, -16.60000000000001208 ) ) ;
#1276 = EDGE_CURVE ( 'NONE', #3246, #3440, #7899, .T. ) ;
#1277 = DIRECTION ( 'NONE',  ( 0.000000000000000000, 1.000000000000000000, -1.998401444325281576E-16 ) ) ;
#1278 = LINE ( 'NONE', #6809, #6338 ) ;
#1279 = DIRECTION ( 'NONE',  ( 0.000000000000000000, 1.000000000000000000, -1.776356839400250810E-16 ) ) ;
#1280 = DIRECTION ( 'NONE',  ( 0.000000000000000000, 5.721188726109771708E-18, 1.000000000000000000 ) ) ;
#1281 = ORIENTED_EDGE ( 'NONE', *, *, #3508, .F. ) ;
#1282 = EDGE_CURVE ( 'NONE', #1211, #4504, #3336, .T. ) ;
#1283 = EDGE_CURVE ( 'NONE', #4674, #510, #5957, .T. ) ;
#1284 = VERTEX_POINT ( 'NONE', #4050 ) ;
#1285 = LINE ( 'NONE', #5325, #2296 ) ;
#1286 = ORIENTED_EDGE ( 'NONE', *, *, #4929, .T. ) ;
#1287 = DIRECTION ( 'NONE',  ( 2.168404344971012812E-15, 0.000000000000000000, 1.000000000000000000 ) ) ;
#1288 = DIRECTION ( 'NONE',  ( 0.000000000000000000, 5.721188726109870315E-18, 1.000000000000000000 ) ) ;
#1289 = CYLINDRICAL_SURFACE ( 'NONE', #2971, 0.5000000000000004441 ) ;
#1290 = DIRECTION ( 'NONE',  ( 0.000000000000000000, 1.000000000000000000, -1.110223024625156787E-16 ) ) ;
#1291 = VERTEX_POINT ( 'NONE', #6617 ) ;
#1292 = ORIENTED_EDGE ( 'NONE', *, *, #8071, .T. ) ;
#1293 = ORIENTED_EDGE ( 'NONE', *, *, #2192, .F. ) ;
#1294 = LINE ( 'NONE', #7490, #1336 ) ;
#1295 = CARTESIAN_POINT ( 'NONE',  ( 6.050000000000004263, -5.000000000000000000, -10.50000000000001066 ) ) ;
#1296 = EDGE_LOOP ( 'NONE', ( #200, #7275, #6152, #2784 ) ) ;
#1297 = FACE_OUTER_BOUND ( 'NONE', #1296, .T. ) ;
#1298 = DIRECTION ( 'NONE',  ( -1.000000000000000000, 0.000000000000000000, 0.000000000000000000 ) ) ;
#1299 = CARTESIAN_POINT ( 'NONE',  ( -11.64010186252859391, 5.000000000000000000, -4.600000000000012079 ) ) ;
#1300 = CARTESIAN_POINT ( 'NONE',  ( 2.260320032664174139, -5.799999999999999822, -10.86616130315146123 ) ) ;
#1301 = VECTOR ( 'NONE', #8456, 1000.000000000000000 ) ;
#1302 = VERTEX_POINT ( 'NONE', #5916 ) ;
#1303 = VECTOR ( 'NONE', #3488, 1000.000000000000000 ) ;
#1304 = VERTEX_POINT ( 'NONE', #1918 ) ;
#1305 = EDGE_CURVE ( 'NONE', #3486, #1173, #4632, .T. ) ;
#1306 = EDGE_CURVE ( 'NONE', #1361, #6197, #7404, .T. ) ;
#1307 = CARTESIAN_POINT ( 'NONE',  ( -50.30664724830590018, -1.300000000000000266, -4.703695419137130962 ) ) ;
#1308 = ORIENTED_EDGE ( 'NONE', *, *, #7152, .F. ) ;
#1309 = DIRECTION ( 'NONE',  ( -0.000000000000000000, -1.000000000000000000, 1.710343578476591802E-16 ) ) ;
#1310 = CARTESIAN_POINT ( 'NONE',  ( 44.38475575860120870, 5.000000000000000000, -1.100000000000012523 ) ) ;
#1311 = DIRECTION ( 'NONE',  ( -1.000000000000000000, 0.000000000000000000, 0.000000000000000000 ) ) ;
#1312 = CARTESIAN_POINT ( 'NONE',  ( 57.80000000000000426, -1.300000000000000044, -12.20000000000001350 ) ) ;
#1313 = VECTOR ( 'NONE', #2941, 1000.000000000000000 ) ;
#1314 = EDGE_CURVE ( 'NONE', #2413, #647, #8647, .T. ) ;
#1315 = ORIENTED_EDGE ( 'NONE', *, *, #7763, .T. ) ;
#1316 = ORIENTED_EDGE ( 'NONE', *, *, #2523, .T. ) ;
#1317 = ORIENTED_EDGE ( 'NONE', *, *, #306, .F. ) ;
#1318 = EDGE_CURVE ( 'NONE', #8359, #7630, #1163, .T. ) ;
#1319 = CARTESIAN_POINT ( 'NONE',  ( 13.23545475066548427, -5.000000000000000000, -7.700000000000011724 ) ) ;
#1320 = VECTOR ( 'NONE', #4345, 1000.000000000000000 ) ;
#1321 = FACE_OUTER_BOUND ( 'NONE', #66, .T. ) ;
#1322 = VECTOR ( 'NONE', #3953, 1000.000000000000000 ) ;
#1323 = CARTESIAN_POINT ( 'NONE',  ( 49.00000000000000000, 5.000000000000000000, -6.895195053175852351 ) ) ;
#1324 = CARTESIAN_POINT ( 'NONE',  ( 4.436726938305877610, 5.000000000000000000, -4.100000000000012079 ) ) ;
#1325 = FACE_OUTER_BOUND ( 'NONE', #4144, .T. ) ;
#1326 = AXIS2_PLACEMENT_3D ( 'NONE', #1448, #3708, #5747 ) ;
#1327 = ORIENTED_EDGE ( 'NONE', *, *, #1822, .F. ) ;
#1328 = CARTESIAN_POINT ( 'NONE',  ( 15.23397045891460344, -5.000000000000000000, -10.23582630183478059 ) ) ;
#1329 = ORIENTED_EDGE ( 'NONE', *, *, #4081, .T. ) ;
#1330 = CARTESIAN_POINT ( 'NONE',  ( 44.88475575860120159, -5.000000000000000000, -1.214306433183764966E-14 ) ) ;
#1331 = DIRECTION ( 'NONE',  ( -1.000000000000000000, 0.000000000000000000, 0.000000000000000000 ) ) ;
#1332 = AXIS2_PLACEMENT_3D ( 'NONE', #2326, #4458, #5169 ) ;
#1333 = FILL_AREA_STYLE_COLOUR ( '', #131 ) ;
#1334 = CARTESIAN_POINT ( 'NONE',  ( 4.936726938305877610, 1.300000000000000044, -1.500000000000012657 ) ) ;
#1335 = EDGE_CURVE ( 'NONE', #5972, #4076, #3922, .T. ) ;
#1336 = VECTOR ( 'NONE', #4007, 1000.000000000000000 ) ;
#1337 = ORIENTED_EDGE ( 'NONE', *, *, #4132, .T. ) ;
#1338 = ORIENTED_EDGE ( 'NONE', *, *, #939, .F. ) ;
#1339 = LINE ( 'NONE', #4049, #8122 ) ;
#1340 = CARTESIAN_POINT ( 'NONE',  ( -50.30664724830590018, -4.999999999999999112, -2.103695419137131317 ) ) ;
#1341 = ORIENTED_EDGE ( 'NONE', *, *, #761, .T. ) ;
#1342 = LINE ( 'NONE', #4053, #105 ) ;
#1343 = CARTESIAN_POINT ( 'NONE',  ( 3.250000000000003553, 5.000000000000000000, -8.700000000000013500 ) ) ;
#1344 = LINE ( 'NONE', #3263, #7765 ) ;
#1345 = CARTESIAN_POINT ( 'NONE',  ( 4.936726938305878498, 1.300000000000000044, -4.100000000000012079 ) ) ;
#1346 = ADVANCED_FACE ( 'NONE', ( #1255 ), #6572, .F. ) ;
#1347 = EDGE_CURVE ( 'NONE', #4773, #7059, #5870, .T. ) ;
#1348 = VECTOR ( 'NONE', #3413, 1000.000000000000000 ) ;
#1349 = ORIENTED_EDGE ( 'NONE', *, *, #4548, .F. ) ;
#1350 = CIRCLE ( 'NONE', #2193, 0.1999999999999998723 ) ;
#1351 = ORIENTED_EDGE ( 'NONE', *, *, #254, .T. ) ;
#1352 = DIRECTION ( 'NONE',  ( 0.000000000000000000, -1.000000000000000000, 1.110223024625156787E-16 ) ) ;
#1353 = ORIENTED_EDGE ( 'NONE', *, *, #7987, .T. ) ;
#1354 = DIRECTION ( 'NONE',  ( 9.601928861622979962E-16, 1.000000000000000000, -5.911187455436646521E-16 ) ) ;
#1355 = CARTESIAN_POINT ( 'NONE',  ( 0.1152194902426838530, 5.000000000000000000, -6.200000000000012612 ) ) ;
#1356 = LINE ( 'NONE', #1403, #339 ) ;
#1357 = LINE ( 'NONE', #4069, #5503 ) ;
#1358 = ADVANCED_FACE ( 'NONE', ( #589 ), #5214, .F. ) ;
#1359 = ADVANCED_FACE ( 'NONE', ( #2493 ), #2579, .T. ) ;
#1360 = ORIENTED_EDGE ( 'NONE', *, *, #5840, .F. ) ;
#1361 = VERTEX_POINT ( 'NONE', #2540 ) ;
#1362 = ORIENTED_EDGE ( 'NONE', *, *, #7556, .F. ) ;
#1363 = LINE ( 'NONE', #1319, #877 ) ;
#1364 = AXIS2_PLACEMENT_3D ( 'NONE', #4931, #3506, #7616 ) ;
#1365 = AXIS2_PLACEMENT_3D ( 'NONE', #506, #1213, #5873 ) ;
#1366 = LINE ( 'NONE', #2777, #3874 ) ;
#1367 = LINE ( 'NONE', #2731, #4798 ) ;
#1368 = CARTESIAN_POINT ( 'NONE',  ( 61.40273861426240387, -5.000000000000000000, -8.937204990281482964 ) ) ;
#1369 = ADVANCED_FACE ( 'NONE', ( #5338 ), #8031, .F. ) ;
#1370 = CARTESIAN_POINT ( 'NONE',  ( -11.64010186252859391, -5.000000000000000000, -4.600000000000011191 ) ) ;
#1371 = EDGE_CURVE ( 'NONE', #4562, #7764, #40, .T. ) ;
#1372 = VECTOR ( 'NONE', #5137, 1000.000000000000000 ) ;
#1373 = AXIS2_PLACEMENT_3D ( 'NONE', #8324, #6909, #3504 ) ;
#1374 = VERTEX_POINT ( 'NONE', #548 ) ;
#1375 = CARTESIAN_POINT ( 'NONE',  ( 5.850000000000004086, -5.000000000000000000, -8.500000000000010658 ) ) ;
#1376 = ORIENTED_EDGE ( 'NONE', *, *, #3193, .T. ) ;
#1377 = CARTESIAN_POINT ( 'NONE',  ( 62.00000000000000711, -5.000000000000000000, -9.200000000000004619 ) ) ;
#1378 = VECTOR ( 'NONE', #2861, 1000.000000000000000 ) ;
#1379 = PLANE ( 'NONE',  #6741 ) ;
#1380 = VECTOR ( 'NONE', #7127, 1000.000000000000000 ) ;
#1381 = SHAPE_DEFINITION_REPRESENTATION ( #8348, #3087 ) ;
#1382 = CARTESIAN_POINT ( 'NONE',  ( 3.550000000000004263, 5.000000000000000000, -7.700000000000012612 ) ) ;
#1383 = CIRCLE ( 'NONE', #6334, 1.000000000000000000 ) ;
#1384 = ORIENTED_EDGE ( 'NONE', *, *, #2483, .T. ) ;
#1385 = ORIENTED_EDGE ( 'NONE', *, *, #965, .T. ) ;
#1386 = DIRECTION ( 'NONE',  ( 3.600723323108635112E-17, 1.000000000000000000, -1.110223024625156787E-16 ) ) ;
#1387 = CARTESIAN_POINT ( 'NONE',  ( 21.94142744032280490, 5.000000000000000000, -5.100000000000012079 ) ) ;
#1388 = ORIENTED_EDGE ( 'NONE', *, *, #446, .T. ) ;
#1389 = PLANE ( 'NONE',  #5923 ) ;
#1390 = PLANE ( 'NONE',  #3629 ) ;
#1391 = CARTESIAN_POINT ( 'NONE',  ( 18.10118481382170330, -5.000000000000000000, -16.30000000000001137 ) ) ;
#1392 = CARTESIAN_POINT ( 'NONE',  ( -12.29999999999999538, 5.000000000000000000, -17.80000000000001492 ) ) ;
#1393 = CIRCLE ( 'NONE', #2520, 0.9999999999999996669 ) ;
#1394 = ORIENTED_EDGE ( 'NONE', *, *, #1347, .T. ) ;
#1395 = EDGE_CURVE ( 'NONE', #6290, #5056, #3259, .T. ) ;
#1396 = AXIS2_PLACEMENT_3D ( 'NONE', #7066, #4460, #8481 ) ;
#1397 = ADVANCED_FACE ( 'NONE', ( #2621 ), #1686, .F. ) ;
#1398 = ORIENTED_EDGE ( 'NONE', *, *, #440, .T. ) ;
#1399 = DIRECTION ( 'NONE',  ( 6.162975822039179362E-33, -1.000000000000000000, 1.722546424198833760E-16 ) ) ;
#1400 = ORIENTED_EDGE ( 'NONE', *, *, #7283, .T. ) ;
#1401 = DIRECTION ( 'NONE',  ( 0.000000000000000000, 1.000000000000000000, -2.886579864025406611E-16 ) ) ;
#1402 = DIRECTION ( 'NONE',  ( 0.000000000000000000, 1.000000000000000000, -1.554312234475219798E-16 ) ) ;
#1403 = CARTESIAN_POINT ( 'NONE',  ( -11.39999999999999680, -5.000000000000000000, -12.08548524598517204 ) ) ;
#1404 = DIRECTION ( 'NONE',  ( 0.000000000000000000, 5.551115123125782702E-17, -1.000000000000000000 ) ) ;
#1405 = AXIS2_PLACEMENT_3D ( 'NONE', #4228, #4811, #4940 ) ;
#1406 = ORIENTED_EDGE ( 'NONE', *, *, #6435, .F. ) ;
#1407 = ORIENTED_EDGE ( 'NONE', *, *, #4681, .T. ) ;
#1408 = ORIENTED_EDGE ( 'NONE', *, *, #8002, .F. ) ;
#1409 = CARTESIAN_POINT ( 'NONE',  ( -3.914096478224096121, 5.000000000000000000, -4.600000000000012079 ) ) ;
#1410 = AXIS2_PLACEMENT_3D ( 'NONE', #1068, #4360, #937 ) ;
#1411 = DIRECTION ( 'NONE',  ( 1.000000000000000000, -6.859660045400109581E-33, 0.000000000000000000 ) ) ;
#1412 = PLANE ( 'NONE',  #5290 ) ;
#1413 = CARTESIAN_POINT ( 'NONE',  ( 16.69654675138050592, 5.000000000000000000, -11.50000000000001421 ) ) ;
#1414 = DIRECTION ( 'NONE',  ( 6.344131569286609683E-17, 1.110223024625153212E-17, -1.000000000000000000 ) ) ;
#1415 = DIRECTION ( 'NONE',  ( 0.000000000000000000, 1.000000000000000000, -1.110223024625156787E-16 ) ) ;
#1416 = VERTEX_POINT ( 'NONE', #3678 ) ;
#1417 = FACE_OUTER_BOUND ( 'NONE', #467, .T. ) ;
#1418 = VERTEX_POINT ( 'NONE', #756 ) ;
#1419 = LINE ( 'NONE', #2996, #5037 ) ;
#1420 = EDGE_CURVE ( 'NONE', #8148, #8699, #5149, .T. ) ;
#1421 = CARTESIAN_POINT ( 'NONE',  ( 18.49654675138050308, -5.000000000000000000, -7.300000000000011369 ) ) ;
#1422 = DIRECTION ( 'NONE',  ( 0.000000000000000000, 0.000000000000000000, -1.000000000000000000 ) ) ;
#1423 = ORIENTED_EDGE ( 'NONE', *, *, #3131, .T. ) ;
#1424 = ORIENTED_EDGE ( 'NONE', *, *, #6832, .F. ) ;
#1425 = DIRECTION ( 'NONE',  ( 1.000000000000000000, 1.642146637880645005E-47, 1.446520659731139800E-16 ) ) ;
#1426 = CARTESIAN_POINT ( 'NONE',  ( 19.50118481382170188, 5.000000000000000000, -16.60000000000001208 ) ) ;
#1427 = ORIENTED_EDGE ( 'NONE', *, *, #5727, .T. ) ;
#1428 = CARTESIAN_POINT ( 'NONE',  ( 3.404267601904844120, -5.000000000000000000, -3.600000000000011191 ) ) ;
#1429 = CARTESIAN_POINT ( 'NONE',  ( 9.049699182559423960, 1.300000000000000044, -6.200000000000012612 ) ) ;
#1430 = DIRECTION ( 'NONE',  ( 0.000000000000000000, -5.721188726109870315E-18, -1.000000000000000000 ) ) ;
#1431 = DIRECTION ( 'NONE',  ( -1.000000000000000000, 0.000000000000000000, 0.000000000000000000 ) ) ;
#1432 = VERTEX_POINT ( 'NONE', #7747 ) ;
#1433 = VERTEX_POINT ( 'NONE', #1426 ) ;
#1434 = LINE ( 'NONE', #57, #4012 ) ;
#1435 = ORIENTED_EDGE ( 'NONE', *, *, #7602, .T. ) ;
#1436 = DIRECTION ( 'NONE',  ( 5.491829497270609767E-49, -1.554312234475219798E-16, -1.000000000000000000 ) ) ;
#1437 = LINE ( 'NONE', #640, #5887 ) ;
#1438 = CYLINDRICAL_SURFACE ( 'NONE', #4880, 1.375000000000001332 ) ;
#1439 = DIRECTION ( 'NONE',  ( -1.235726496974089760E-16, 1.110223024625156787E-16, 1.000000000000000000 ) ) ;
#1440 = EDGE_CURVE ( 'NONE', #8607, #6255, #5714, .T. ) ;
#1441 = ADVANCED_FACE ( 'NONE', ( #6163 ), #4395, .F. ) ;
#1442 = CIRCLE ( 'NONE', #8103, 1.375000000000001332 ) ;
#1443 = VERTEX_POINT ( 'NONE', #6381 ) ;
#1444 = ORIENTED_EDGE ( 'NONE', *, *, #1002, .F. ) ;
#1445 = VERTEX_POINT ( 'NONE', #1387 ) ;
#1446 = DIRECTION ( 'NONE',  ( 9.092735664415690030E-18, 1.000000000000000000, -1.110223024625156787E-16 ) ) ;
#1447 = DIRECTION ( 'NONE',  ( 0.000000000000000000, 1.000000000000000000, -1.722546424198833760E-16 ) ) ;
#1448 = CARTESIAN_POINT ( 'NONE',  ( -24.99999999999999289, 0.000000000000000000, -5.000000000000012434 ) ) ;
#1449 = DIRECTION ( 'NONE',  ( -1.235726496974089760E-16, -5.551115123125785167E-17, 1.000000000000000000 ) ) ;
#1450 = PLANE ( 'NONE',  #4919 ) ;
#1451 = AXIS2_PLACEMENT_3D ( 'NONE', #2689, #5399, #6676 ) ;
#1452 = DIRECTION ( 'NONE',  ( 4.379057701015055291E-47, 1.000000000000000000, -1.722546424198833760E-16 ) ) ;
#1453 = ADVANCED_FACE ( 'NONE', ( #4177 ), #94, .F. ) ;
#1454 = EDGE_CURVE ( 'NONE', #2928, #4671, #4136, .T. ) ;
#1455 = ORIENTED_EDGE ( 'NONE', *, *, #1642, .F. ) ;
#1456 = ORIENTED_EDGE ( 'NONE', *, *, #2714, .F. ) ;
#1457 = CYLINDRICAL_SURFACE ( 'NONE', #6111, 0.5000000000000004441 ) ;
#1458 = ORIENTED_EDGE ( 'NONE', *, *, #4793, .F. ) ;
#1459 = DIRECTION ( 'NONE',  ( -0.000000000000000000, -1.000000000000000000, 1.722546424198833760E-16 ) ) ;
#1460 = DIRECTION ( 'NONE',  ( -0.05704979053851259169, -5.542074213016205629E-17, 0.9983713344239767418 ) ) ;
#1461 = AXIS2_PLACEMENT_3D ( 'NONE', #6082, #303, #5061 ) ;
#1462 = EDGE_CURVE ( 'NONE', #289, #1682, #6825, .T. ) ;
#1463 = DIRECTION ( 'NONE',  ( 0.000000000000000000, 1.000000000000000000, -1.110223024625156787E-16 ) ) ;
#1464 = ORIENTED_EDGE ( 'NONE', *, *, #894, .F. ) ;
#1465 = AXIS2_PLACEMENT_3D ( 'NONE', #2199, #2956, #1541 ) ;
#1466 = ORIENTED_EDGE ( 'NONE', *, *, #5585, .F. ) ;
#1467 = CARTESIAN_POINT ( 'NONE',  ( 42.51929380825580296, -1.300000000000000044, -6.800000000000011369 ) ) ;
#1468 = CARTESIAN_POINT ( 'NONE',  ( 13.72564358472555313, -5.000000000000000000, -7.186405786944511043 ) ) ;
#1469 = CARTESIAN_POINT ( 'NONE',  ( 15.00310462831780356, -5.000000000000000000, -12.20000000000001172 ) ) ;
#1470 = CARTESIAN_POINT ( 'NONE',  ( 15.30203678697560399, -5.000000000000000000, -5.600000000000011191 ) ) ;
#1471 = CARTESIAN_POINT ( 'NONE',  ( -52.00000000000000000, 5.000000000000000000, -7.657919551657052182 ) ) ;
#1472 = DIRECTION ( 'NONE',  ( 0.000000000000000000, -4.478999290696416848E-17, -1.000000000000000000 ) ) ;
#1473 = EDGE_CURVE ( 'NONE', #5890, #4487, #6210, .T. ) ;
#1474 = AXIS2_PLACEMENT_3D ( 'NONE', #62, #2895, #2765 ) ;
#1475 = VERTEX_POINT ( 'NONE', #8109 ) ;
#1476 = ORIENTED_EDGE ( 'NONE', *, *, #2044, .T. ) ;
#1477 = CARTESIAN_POINT ( 'NONE',  ( 15.90118481382170401, -5.000000000000000000, -17.60000000000001208 ) ) ;
#1478 = LINE ( 'NONE', #4817, #319 ) ;
#1479 = ORIENTED_EDGE ( 'NONE', *, *, #7248, .F. ) ;
#1480 = DIRECTION ( 'NONE',  ( -0.000000000000000000, 1.110223024625156787E-16, 1.000000000000000000 ) ) ;
#1481 = DIRECTION ( 'NONE',  ( -1.000000000000000000, 0.000000000000000000, 0.000000000000000000 ) ) ;
#1482 = VECTOR ( 'NONE', #7530, 1000.000000000000000 ) ;
#1483 = DIRECTION ( 'NONE',  ( -1.000000000000000000, 5.729819063262475259E-33, -1.032192439928369921E-16 ) ) ;
#1484 = DIRECTION ( 'NONE',  ( -0.000000000000000000, -1.000000000000000000, 2.310464132328026570E-16 ) ) ;
#1485 = VECTOR ( 'NONE', #1805, 1000.000000000000000 ) ;
#1486 = ORIENTED_EDGE ( 'NONE', *, *, #1072, .T. ) ;
#1487 = ORIENTED_EDGE ( 'NONE', *, *, #330, .F. ) ;
#1488 = ORIENTED_EDGE ( 'NONE', *, *, #3400, .T. ) ;
#1489 = FACE_OUTER_BOUND ( 'NONE', #2962, .T. ) ;
#1490 = DIRECTION ( 'NONE',  ( 0.000000000000000000, 1.000000000000000000, -1.998401444325281576E-16 ) ) ;
#1491 = DIRECTION ( 'NONE',  ( 0.000000000000000000, 0.000000000000000000, -1.000000000000000000 ) ) ;
#1492 = DIRECTION ( 'NONE',  ( -2.736911063134409557E-48, 1.000000000000000000, -1.722546424198833760E-16 ) ) ;
#1493 = DIRECTION ( 'NONE',  ( 1.000000000000000000, 3.944304526105036256E-32, 1.184237892933500047E-15 ) ) ;
#1494 = CIRCLE ( 'NONE', #5324, 0.5000000000000004441 ) ;
#1495 = DIRECTION ( 'NONE',  ( -5.380986103007300739E-43, 1.000000000000000000, -2.040948913532473835E-16 ) ) ;
#1496 = ORIENTED_EDGE ( 'NONE', *, *, #820, .F. ) ;
#1497 = AXIS2_PLACEMENT_3D ( 'NONE', #7184, #7889, #3116 ) ;
#1498 = EDGE_LOOP ( 'NONE', ( #4618, #4432, #1090, #2163 ) ) ;
#1499 = DIRECTION ( 'NONE',  ( -0.000000000000000000, -1.000000000000000000, 1.744636181553817632E-16 ) ) ;
#1500 = EDGE_CURVE ( 'NONE', #6645, #2491, #4094, .T. ) ;
#1501 = ADVANCED_FACE ( 'NONE', ( #2345 ), #5013, .T. ) ;
#1502 = ORIENTED_EDGE ( 'NONE', *, *, #4323, .F. ) ;
#1503 = DIRECTION ( 'NONE',  ( -0.9474922789871988993, 1.775128067639131365E-17, -0.3197786441581800254 ) ) ;
#1504 = FACE_BOUND ( 'NONE', #4153, .T. ) ;
#1505 = AXIS2_PLACEMENT_3D ( 'NONE', #7486, #39, #1422 ) ;
#1506 = AXIS2_PLACEMENT_3D ( 'NONE', #4216, #6335, #8277 ) ;
#1507 = DIRECTION ( 'NONE',  ( 0.4776825782638354223, 0.8785325004934165793, 0.000000000000000000 ) ) ;
#1508 = ORIENTED_EDGE ( 'NONE', *, *, #557, .F. ) ;
#1509 = AXIS2_PLACEMENT_3D ( 'NONE', #7644, #8177, #1540 ) ;
#1510 = AXIS2_PLACEMENT_3D ( 'NONE', #7879, #1687, #3817 ) ;
#1511 = ORIENTED_EDGE ( 'NONE', *, *, #3894, .T. ) ;
#1512 = DIRECTION ( 'NONE',  ( -8.673617379884051249E-15, 0.000000000000000000, 1.000000000000000000 ) ) ;
#1513 = DIRECTION ( 'NONE',  ( 0.000000000000000000, 1.000000000000000000, -1.998401444325281576E-16 ) ) ;
#1514 = DIRECTION ( 'NONE',  ( -0.9887155042247663950, 4.336808689942013792E-16, 0.1498053794279960715 ) ) ;
#1515 = EDGE_CURVE ( 'NONE', #1251, #5678, #888, .T. ) ;
#1516 = LINE ( 'NONE', #2884, #6640 ) ;
#1517 = DIRECTION ( 'NONE',  ( -0.000000000000000000, -1.000000000000000000, 2.310464132328026570E-16 ) ) ;
#1518 = AXIS2_PLACEMENT_3D ( 'NONE', #5045, #7733, #8488 ) ;
#1519 = AXIS2_PLACEMENT_3D ( 'NONE', #3647, #5026, #4361 ) ;
#1520 = EDGE_LOOP ( 'NONE', ( #411, #4275, #5197, #4572 ) ) ;
#1521 = EDGE_CURVE ( 'NONE', #8151, #7849, #3420, .T. ) ;
#1522 = EDGE_CURVE ( 'NONE', #578, #7979, #2798, .T. ) ;
#1523 = EDGE_LOOP ( 'NONE', ( #8463, #919, #5261, #7381 ) ) ;
#1524 = CARTESIAN_POINT ( 'NONE',  ( 4.500000000000003553, -5.000000000000000000, -5.100000000000012079 ) ) ;
#1525 = DIRECTION ( 'NONE',  ( 0.000000000000000000, 5.551115123125782702E-17, -1.000000000000000000 ) ) ;
#1526 = VECTOR ( 'NONE', #7279, 1000.000000000000000 ) ;
#1527 = ORIENTED_EDGE ( 'NONE', *, *, #6390, .F. ) ;
#1528 = PLANE ( 'NONE',  #4354 ) ;
#1529 = CARTESIAN_POINT ( 'NONE',  ( -13.29649445451299528, -1.300000000000000266, -3.203695419137131406 ) ) ;
#1530 = CARTESIAN_POINT ( 'NONE',  ( 13.72564358472555313, -1.300000000000000266, -4.000000000000011546 ) ) ;
#1531 = EDGE_CURVE ( 'NONE', #4816, #7180, #7447, .T. ) ;
#1532 = DIRECTION ( 'NONE',  ( -0.000000000000000000, -1.000000000000000000, 1.710343578476592788E-16 ) ) ;
#1533 = VECTOR ( 'NONE', #6505, 1000.000000000000000 ) ;
#1534 = ORIENTED_EDGE ( 'NONE', *, *, #230, .T. ) ;
#1535 = ORIENTED_EDGE ( 'NONE', *, *, #2217, .F. ) ;
#1536 = EDGE_CURVE ( 'NONE', #3545, #8205, #4844, .T. ) ;
#1537 = EDGE_CURVE ( 'NONE', #645, #4842, #4807, .T. ) ;
#1538 = ORIENTED_EDGE ( 'NONE', *, *, #4894, .T. ) ;
#1539 = DIRECTION ( 'NONE',  ( 0.9887155042247666170, -2.562186687259205196E-17, -0.1498053794279949336 ) ) ;
#1540 = DIRECTION ( 'NONE',  ( 0.000000000000000000, 5.721188726109870315E-18, 1.000000000000000000 ) ) ;
#1541 = DIRECTION ( 'NONE',  ( 0.000000000000000000, 5.551115123125782702E-17, -1.000000000000000000 ) ) ;
#1542 = DIRECTION ( 'NONE',  ( 0.000000000000000000, 1.000000000000000000, -1.998401444325281576E-16 ) ) ;
#1543 = VECTOR ( 'NONE', #7209, 1000.000000000000000 ) ;
#1544 = LINE ( 'NONE', #916, #6751 ) ;
#1545 = DIRECTION ( 'NONE',  ( -0.000000000000000000, 1.110223024625156787E-16, 1.000000000000000000 ) ) ;
#1546 = AXIS2_PLACEMENT_3D ( 'NONE', #7408, #4682, #8744 ) ;
#1547 = ORIENTED_EDGE ( 'NONE', *, *, #2262, .F. ) ;
#1548 = EDGE_CURVE ( 'NONE', #6200, #436, #8678, .T. ) ;
#1549 = ORIENTED_EDGE ( 'NONE', *, *, #3455, .T. ) ;
#1550 = LINE ( 'NONE', #7519, #2854 ) ;
#1551 = VERTEX_POINT ( 'NONE', #5760 ) ;
#1552 = DIRECTION ( 'NONE',  ( -1.235726496974089760E-16, -5.551115123125790098E-17, 1.000000000000000000 ) ) ;
#1553 = LINE ( 'NONE', #5632, #2913 ) ;
#1554 = MECHANICAL_DESIGN_GEOMETRIC_PRESENTATION_REPRESENTATION (  '', ( #1982 ), #5245 ) ;
#1555 = EDGE_CURVE ( 'NONE', #1893, #324, #4437, .T. ) ;
#1556 = ADVANCED_FACE ( 'NONE', ( #1188 ), #8498, .F. ) ;
#1557 = DIRECTION ( 'NONE',  ( 0.000000000000000000, 1.000000000000000000, -1.110223024625156787E-16 ) ) ;
#1558 = VERTEX_POINT ( 'NONE', #5274 ) ;
#1559 = ORIENTED_EDGE ( 'NONE', *, *, #8390, .T. ) ;
#1560 = CARTESIAN_POINT ( 'NONE',  ( -51.50664724830589591, -5.000000000000000000, -7.761614970794161295 ) ) ;
#1561 = PLANE ( 'NONE',  #4363 ) ;
#1562 = CYLINDRICAL_SURFACE ( 'NONE', #787, 0.5000000000000004441 ) ;
#1563 = CARTESIAN_POINT ( 'NONE',  ( -44.29999999999999716, -5.000000000000000000, -1.600000000000011191 ) ) ;
#1564 = CARTESIAN_POINT ( 'NONE',  ( -9.832952333422095847, -5.000000000000000000, -17.37855752436757939 ) ) ;
#1565 = ADVANCED_FACE ( 'NONE', ( #2474 ), #8458, .F. ) ;
#1566 = ORIENTED_EDGE ( 'NONE', *, *, #8269, .F. ) ;
#1567 = ORIENTED_EDGE ( 'NONE', *, *, #5675, .F. ) ;
#1568 = PLANE ( 'NONE',  #2045 ) ;
#1569 = CARTESIAN_POINT ( 'NONE',  ( -12.62881736675329414, 5.000000000000000000, -5.450194620572022863 ) ) ;
#1570 = ORIENTED_EDGE ( 'NONE', *, *, #1522, .T. ) ;
#1571 = CARTESIAN_POINT ( 'NONE',  ( -2.364096478224085640, 1.300000000000000044, -7.700000000000012612 ) ) ;
#1572 = LINE ( 'NONE', #6224, #7570 ) ;
#1573 = CARTESIAN_POINT ( 'NONE',  ( 48.38475575860120159, 5.000000000000000000, -2.000000000000011990 ) ) ;
#1574 = LINE ( 'NONE', #4150, #2389 ) ;
#1575 = ORIENTED_EDGE ( 'NONE', *, *, #2043, .F. ) ;
#1576 = VERTEX_POINT ( 'NONE', #7877 ) ;
#1577 = EDGE_LOOP ( 'NONE', ( #5128, #2891, #4091, #2600 ) ) ;
#1578 = CARTESIAN_POINT ( 'NONE',  ( 1.198806130178223794, -5.000000000000000000, -7.500000000000011546 ) ) ;
#1579 = CARTESIAN_POINT ( 'NONE',  ( -41.30664724830590018, -1.300000000000000044, -5.203695419137131850 ) ) ;
#1580 = LINE ( 'NONE', #2335, #772 ) ;
#1581 = LINE ( 'NONE', #6370, #6843 ) ;
#1582 = CARTESIAN_POINT ( 'NONE',  ( -7.175732398095195919, 5.000000000000000000, -3.600000000000012079 ) ) ;
#1583 = CARTESIAN_POINT ( 'NONE',  ( 17.99654675138050308, 5.000000000000000000, -6.800000000000012257 ) ) ;
#1584 = DIRECTION ( 'NONE',  ( -5.782411586589358033E-15, 0.000000000000000000, 1.000000000000000000 ) ) ;
#1585 = CIRCLE ( 'NONE', #4278, 0.1999999999999991229 ) ;
#1586 = ORIENTED_EDGE ( 'NONE', *, *, #5147, .F. ) ;
#1587 = ORIENTED_EDGE ( 'NONE', *, *, #6044, .T. ) ;
#1588 = DIRECTION ( 'NONE',  ( 0.000000000000000000, -5.551115123125782702E-17, 1.000000000000000000 ) ) ;
#1589 = VERTEX_POINT ( 'NONE', #5895 ) ;
#1590 = VECTOR ( 'NONE', #958, 1000.000000000000000 ) ;
#1591 = CARTESIAN_POINT ( 'NONE',  ( 16.99654675138050308, -5.000000000000000000, -11.50000000000001243 ) ) ;
#1592 = FACE_OUTER_BOUND ( 'NONE', #7520, .T. ) ;
#1593 = VECTOR ( 'NONE', #6442, 1000.000000000000000 ) ;
#1594 = DIRECTION ( 'NONE',  ( 0.4472135954999579277, 4.965068306494545866E-17, -0.8944271909999158554 ) ) ;
#1595 = ORIENTED_EDGE ( 'NONE', *, *, #7823, .T. ) ;
#1596 = VERTEX_POINT ( 'NONE', #8542 ) ;
#1597 = DIRECTION ( 'NONE',  ( 0.3865026114433370297, -2.130914065663251576E-16, -0.9222883124855701942 ) ) ;
#1598 = ADVANCED_FACE ( 'NONE', ( #4566 ), #5191, .F. ) ;
#1599 = FACE_OUTER_BOUND ( 'NONE', #7051, .T. ) ;
#1600 = PLANE ( 'NONE',  #3060 ) ;
#1601 = VECTOR ( 'NONE', #4742, 1000.000000000000000 ) ;
#1602 = AXIS2_PLACEMENT_3D ( 'NONE', #8274, #4298, #7697 ) ;
#1603 = DIRECTION ( 'NONE',  ( 0.8944271909999156334, 0.000000000000000000, 0.4472135954999582608 ) ) ;
#1604 = DIRECTION ( 'NONE',  ( 0.000000000000000000, 1.000000000000000000, -1.554312234475219798E-16 ) ) ;
#1605 = VECTOR ( 'NONE', #2816, 1000.000000000000000 ) ;
#1606 = EDGE_LOOP ( 'NONE', ( #8494, #8259, #5066, #5709 ) ) ;
#1607 = ORIENTED_EDGE ( 'NONE', *, *, #4994, .F. ) ;
#1608 = CARTESIAN_POINT ( 'NONE',  ( 5.127874399654840154, -1.300000000000000266, -1.500000000000011768 ) ) ;
#1609 = LINE ( 'NONE', #7851, #5004 ) ;
#1610 = EDGE_CURVE ( 'NONE', #133, #6393, #1817, .T. ) ;
#1611 = ORIENTED_EDGE ( 'NONE', *, *, #1061, .T. ) ;
#1612 = CARTESIAN_POINT ( 'NONE',  ( 2.114267601904844085, -5.000000000000000000, -1.214306433183764966E-14 ) ) ;
#1613 = FACE_OUTER_BOUND ( 'NONE', #6603, .T. ) ;
#1614 = ADVANCED_FACE ( 'NONE', ( #7791 ), #3720, .F. ) ;
#1615 = DIRECTION ( 'NONE',  ( -2.220446049250309876E-16, 1.998401444325281576E-16, 1.000000000000000000 ) ) ;
#1616 = CARTESIAN_POINT ( 'NONE',  ( -12.29999999999999538, -5.000000000000000000, -16.60000000000001208 ) ) ;
#1617 = VECTOR ( 'NONE', #8296, 1000.000000000000000 ) ;
#1618 = ORIENTED_EDGE ( 'NONE', *, *, #4923, .F. ) ;
#1619 = ORIENTED_EDGE ( 'NONE', *, *, #1237, .T. ) ;
#1620 = VECTOR ( 'NONE', #5779, 1000.000000000000000 ) ;
#1621 = ORIENTED_EDGE ( 'NONE', *, *, #3981, .T. ) ;
#1622 = DIRECTION ( 'NONE',  ( 1.000000000000000000, -0.000000000000000000, 0.000000000000000000 ) ) ;
#1623 = CARTESIAN_POINT ( 'NONE',  ( 18.99654675138050308, -5.000000000000000000, -12.20000000000001172 ) ) ;
#1624 = CARTESIAN_POINT ( 'NONE',  ( 1.614267601904844085, 5.000000000000000000, -1.100000000000012523 ) ) ;
#1625 = ADVANCED_FACE ( 'NONE', ( #2427 ), #1056, .F. ) ;
#1626 = LINE ( 'NONE', #118, #6565 ) ;
#1627 = DIRECTION ( 'NONE',  ( 2.368475785867000094E-15, -5.721188726109870315E-18, -1.000000000000000000 ) ) ;
#1628 = CARTESIAN_POINT ( 'NONE',  ( 22.00000000000000711, 0.000000000000000000, -1.500000000000012657 ) ) ;
#1629 = EDGE_CURVE ( 'NONE', #8372, #8085, #397, .T. ) ;
#1630 = CARTESIAN_POINT ( 'NONE',  ( 5.127874399654833049, -1.300000000000000266, -1.500000000000011768 ) ) ;
#1631 = AXIS2_PLACEMENT_3D ( 'NONE', #5204, #1646, #6563 ) ;
#1632 = ORIENTED_EDGE ( 'NONE', *, *, #5172, .F. ) ;
#1633 = ORIENTED_EDGE ( 'NONE', *, *, #1207, .F. ) ;
#1634 = DIRECTION ( 'NONE',  ( 0.000000000000000000, 5.551115123125782702E-17, -1.000000000000000000 ) ) ;
#1635 = EDGE_CURVE ( 'NONE', #6559, #7510, #6553, .T. ) ;
#1636 = AXIS2_PLACEMENT_3D ( 'NONE', #8433, #2893, #284 ) ;
#1637 = VERTEX_POINT ( 'NONE', #7126 ) ;
#1638 = CARTESIAN_POINT ( 'NONE',  ( -18.00664724830589591, -1.299999999999999600, -13.27201599930162246 ) ) ;
#1639 = DIRECTION ( 'NONE',  ( -0.8448161173641028920, 0.000000000000000000, -0.5350567519822941875 ) ) ;
#1640 = CARTESIAN_POINT ( 'NONE',  ( 13.72564358472555313, -1.300000000000000044, -7.186405786944511931 ) ) ;
#1641 = AXIS2_PLACEMENT_3D ( 'NONE', #1343, #2800, #7326 ) ;
#1642 = EDGE_CURVE ( 'NONE', #4977, #669, #7216, .T. ) ;
#1643 = LINE ( 'NONE', #6244, #196 ) ;
#1644 = ORIENTED_EDGE ( 'NONE', *, *, #1883, .F. ) ;
#1645 = VERTEX_POINT ( 'NONE', #8628 ) ;
#1646 = DIRECTION ( 'NONE',  ( -1.751623080406019977E-46, 1.000000000000000000, -1.722546424198833760E-16 ) ) ;
#1647 = VECTOR ( 'NONE', #5898, 1000.000000000000114 ) ;
#1648 = CARTESIAN_POINT ( 'NONE',  ( 25.62370992587110408, -4.999999999999999112, -12.20000000000001172 ) ) ;
#1649 = VECTOR ( 'NONE', #8061, 1000.000000000000000 ) ;
#1650 = DIRECTION ( 'NONE',  ( -1.000000000000000000, 3.284293275761290010E-47, -6.661338147750940229E-16 ) ) ;
#1651 = CARTESIAN_POINT ( 'NONE',  ( 3.550000000000004263, -5.000000000000000000, -7.700000000000011724 ) ) ;
#1652 = ADVANCED_FACE ( 'NONE', ( #7832 ), #1015, .T. ) ;
#1653 = CIRCLE ( 'NONE', #3497, 1.000000000000000000 ) ;
#1654 = VECTOR ( 'NONE', #7962, 1000.000000000000000 ) ;
#1655 = ORIENTED_EDGE ( 'NONE', *, *, #679, .F. ) ;
#1656 = EDGE_LOOP ( 'NONE', ( #6908, #4943, #6686, #2568, #21, #2386, #8029, #2762, #2566, #6697, #1621, #2273, #5369, #711, #1549, #4947, #1486, #1908 ) ) ;
#1657 = DIRECTION ( 'NONE',  ( -1.235726496974089760E-16, 1.110223024625156787E-16, 1.000000000000000000 ) ) ;
#1658 = CARTESIAN_POINT ( 'NONE',  ( -53.00000000000000000, -5.000000000000000000, -0.5000000000000108802 ) ) ;
#1659 = EDGE_LOOP ( 'NONE', ( #7501, #22 ) ) ;
#1660 = DIRECTION ( 'NONE',  ( -0.000000000000000000, -1.000000000000000000, 1.722546424198833760E-16 ) ) ;
#1661 = DIRECTION ( 'NONE',  ( 0.9796000826835731257, 1.115534919126398898E-17, -0.2009569058438570588 ) ) ;
#1662 = CARTESIAN_POINT ( 'NONE',  ( 5.127874399654833049, -1.300000000000000266, -4.100000000000011191 ) ) ;
#1663 = CARTESIAN_POINT ( 'NONE',  ( -49.80664724830590018, -4.999999999999999112, -5.203695419137130962 ) ) ;
#1664 = AXIS2_PLACEMENT_3D ( 'NONE', #7416, #3888, #5226 ) ;
#1665 = VECTOR ( 'NONE', #2979, 1000.000000000000000 ) ;
#1666 = EDGE_CURVE ( 'NONE', #6200, #6176, #6976, .T. ) ;
#1667 = ADVANCED_FACE ( 'NONE', ( #8589 ), #3189, .T. ) ;
#1668 = ORIENTED_EDGE ( 'NONE', *, *, #2276, .T. ) ;
#1669 = VECTOR ( 'NONE', #7625, 1000.000000000000000 ) ;
#1670 = EDGE_LOOP ( 'NONE', ( #8513, #906, #5611, #5877 ) ) ;
#1671 = ORIENTED_EDGE ( 'NONE', *, *, #4111, .T. ) ;
#1672 = DIRECTION ( 'NONE',  ( 1.000000000000000000, -1.330041198023168472E-32, 2.395989217521819845E-16 ) ) ;
#1673 = CARTESIAN_POINT ( 'NONE',  ( -50.79999999999999716, 1.300000000000000044, -4.600000000000012079 ) ) ;
#1674 = DIRECTION ( 'NONE',  ( 0.000000000000000000, 0.000000000000000000, -1.000000000000000000 ) ) ;
#1675 = LINE ( 'NONE', #1890, #8398 ) ;
#1676 = LINE ( 'NONE', #8448, #7893 ) ;
#1677 = CARTESIAN_POINT ( 'NONE',  ( 7.050000000000004263, -5.000000000000000000, -10.70514178121887205 ) ) ;
#1678 = DIRECTION ( 'NONE',  ( -1.000000000000000000, 1.738690325255026654E-32, -3.132146040372489812E-16 ) ) ;
#1679 = AXIS2_PLACEMENT_3D ( 'NONE', #2691, #4079, #7302 ) ;
#1680 = ORIENTED_EDGE ( 'NONE', *, *, #5249, .F. ) ;
#1681 = EDGE_CURVE ( 'NONE', #7445, #8260, #3312, .T. ) ;
#1682 = VERTEX_POINT ( 'NONE', #4654 ) ;
#1683 = DIRECTION ( 'NONE',  ( -1.000000000000000000, 0.000000000000000000, 0.000000000000000000 ) ) ;
#1684 = VECTOR ( 'NONE', #7505, 1000.000000000000000 ) ;
#1685 = VERTEX_POINT ( 'NONE', #6767 ) ;
#1686 = PLANE ( 'NONE',  #1461 ) ;
#1687 = DIRECTION ( 'NONE',  ( 0.000000000000000000, 3.330669073875466417E-17, 1.000000000000000000 ) ) ;
#1688 = DIRECTION ( 'NONE',  ( -0.1571150487351319625, 5.482171973798043071E-17, -0.9875803063351137334 ) ) ;
#1689 = VECTOR ( 'NONE', #4589, 1000.000000000000000 ) ;
#1690 = ORIENTED_EDGE ( 'NONE', *, *, #3130, .F. ) ;
#1691 = VERTEX_POINT ( 'NONE', #3988 ) ;
#1692 = ORIENTED_EDGE ( 'NONE', *, *, #2935, .T. ) ;
#1693 = DIRECTION ( 'NONE',  ( 0.7088405959659699329, -7.271796784210197824E-17, -0.7053687046577900022 ) ) ;
#1694 = PRESENTATION_LAYER_ASSIGNMENT (  '', '', ( #1982 ) ) ;
#1695 = CARTESIAN_POINT ( 'NONE',  ( -11.64010186252859391, 5.000000000000000000, -5.600000000000012967 ) ) ;
#1696 = FACE_OUTER_BOUND ( 'NONE', #6314, .T. ) ;
#1697 = DIRECTION ( 'NONE',  ( -1.235726496974089760E-16, -5.551115123125782702E-17, 1.000000000000000000 ) ) ;
#1698 = EDGE_CURVE ( 'NONE', #5279, #3293, #182, .T. ) ;
#1699 = ORIENTED_EDGE ( 'NONE', *, *, #1905, .F. ) ;
#1700 = VERTEX_POINT ( 'NONE', #6017 ) ;
#1701 = DIRECTION ( 'NONE',  ( 0.1324155033982729879, -5.502233652185222539E-17, 0.9911942970274708609 ) ) ;
#1702 = CARTESIAN_POINT ( 'NONE',  ( 30.66074696290820256, -1.300000000000000044, -10.50000000000001243 ) ) ;
#1703 = ORIENTED_EDGE ( 'NONE', *, *, #6270, .F. ) ;
#1704 = LINE ( 'NONE', #3697, #6624 ) ;
#1705 = CARTESIAN_POINT ( 'NONE',  ( -13.29649445451299528, -1.300000000000000266, -3.203695419137131406 ) ) ;
#1706 = DIRECTION ( 'NONE',  ( 0.000000000000000000, 0.000000000000000000, 1.000000000000000000 ) ) ;
#1707 = CARTESIAN_POINT ( 'NONE',  ( -53.00000000000000000, 5.000000000000000000, -8.500000000000021316 ) ) ;
#1708 = ORIENTED_EDGE ( 'NONE', *, *, #5250, .F. ) ;
#1709 = ORIENTED_EDGE ( 'NONE', *, *, #3196, .T. ) ;
#1710 = VERTEX_POINT ( 'NONE', #8051 ) ;
#1711 = LINE ( 'NONE', #7070, #2013 ) ;
#1712 = CARTESIAN_POINT ( 'NONE',  ( 48.38475575860120159, 5.000000000000000000, -1.500000000000012657 ) ) ;
#1713 = DIRECTION ( 'NONE',  ( -0.000000000000000000, -1.000000000000000000, 2.310464132328026570E-16 ) ) ;
#1714 = CARTESIAN_POINT ( 'NONE',  ( -3.914096478224096121, 1.300000000000000044, -4.600000000000012079 ) ) ;
#1715 = FACE_OUTER_BOUND ( 'NONE', #5803, .T. ) ;
#1716 = EDGE_CURVE ( 'NONE', #7333, #3200, #3363, .T. ) ;
#1717 = DIRECTION ( 'NONE',  ( 2.164791624658180133E-16, -1.000000000000000000, 1.110223024625156787E-16 ) ) ;
#1718 = EDGE_CURVE ( 'NONE', #2445, #1433, #2074, .T. ) ;
#1719 = LINE ( 'NONE', #4386, #8443 ) ;
#1720 = ORIENTED_EDGE ( 'NONE', *, *, #1335, .F. ) ;
#1721 = ORIENTED_EDGE ( 'NONE', *, *, #7075, .T. ) ;
#1722 = LINE ( 'NONE', #5846, #8370 ) ;
#1723 = CARTESIAN_POINT ( 'NONE',  ( -15.99999999999999645, -5.000000000000000000, -12.20000000000001172 ) ) ;
#1724 = ADVANCED_FACE ( 'NONE', ( #3405 ), #4789, .F. ) ;
#1725 = DIRECTION ( 'NONE',  ( -0.3566969335054460122, 1.597837442639432953E-16, 0.9342201547964010810 ) ) ;
#1726 = ADVANCED_FACE ( 'NONE', ( #6102 ), #1412, .T. ) ;
#1727 = CARTESIAN_POINT ( 'NONE',  ( 21.85900423674030080, -5.000000000000000000, -5.000000000000011546 ) ) ;
#1728 = ORIENTED_EDGE ( 'NONE', *, *, #2096, .T. ) ;
#1729 = AXIS2_PLACEMENT_3D ( 'NONE', #5531, #1622, #6142 ) ;
#1730 = EDGE_LOOP ( 'NONE', ( #6463, #1064, #624, #3433 ) ) ;
#1731 = ORIENTED_EDGE ( 'NONE', *, *, #7023, .F. ) ;
#1732 = DIRECTION ( 'NONE',  ( -0.9875803063351138444, 1.744327446208471443E-17, 0.1571150487351319902 ) ) ;
#1733 = FACE_OUTER_BOUND ( 'NONE', #459, .T. ) ;
#1734 = EDGE_CURVE ( 'NONE', #6792, #3074, #6724, .T. ) ;
#1735 = LINE ( 'NONE', #7185, #1123 ) ;
#1736 = LINE ( 'NONE', #5115, #3059 ) ;
#1737 = VECTOR ( 'NONE', #1210, 1000.000000000000000 ) ;
#1738 = EDGE_CURVE ( 'NONE', #332, #6121, #1989, .T. ) ;
#1739 = APPLICATION_CONTEXT ( 'automotive_design' ) ;
#1740 = VERTEX_POINT ( 'NONE', #5975 ) ;
#1741 = VECTOR ( 'NONE', #349, 1000.000000000000000 ) ;
#1742 = ORIENTED_EDGE ( 'NONE', *, *, #5134, .T. ) ;
#1743 = FACE_OUTER_BOUND ( 'NONE', #4263, .T. ) ;
#1744 = DIRECTION ( 'NONE',  ( 8.758115402030110583E-47, 1.000000000000000000, -1.722546424198833760E-16 ) ) ;
#1745 = ORIENTED_EDGE ( 'NONE', *, *, #5093, .T. ) ;
#1746 = DIRECTION ( 'NONE',  ( 0.000000000000000000, -1.000000000000000000, 1.110223024625156787E-16 ) ) ;
#1747 = LINE ( 'NONE', #8613, #7153 ) ;
#1748 = CARTESIAN_POINT ( 'NONE',  ( -41.30664724830590018, -5.000000000000000000, -4.703695419137130962 ) ) ;
#1749 = CYLINDRICAL_SURFACE ( 'NONE', #5645, 0.2999999999999999334 ) ;
#1750 = EDGE_CURVE ( 'NONE', #3824, #6992, #611, .T. ) ;
#1751 = ORIENTED_EDGE ( 'NONE', *, *, #4210, .T. ) ;
#1752 = EDGE_LOOP ( 'NONE', ( #5473, #6947, #5788, #8084 ) ) ;
#1753 = VERTEX_POINT ( 'NONE', #5314 ) ;
#1754 = PLANE ( 'NONE',  #317 ) ;
#1755 = CARTESIAN_POINT ( 'NONE',  ( -26.37499999999999645, 2.961105680461562021E-17, -1.231297672517158647E-14 ) ) ;
#1756 = LINE ( 'NONE', #5967, #1485 ) ;
#1757 = ADVANCED_FACE ( 'NONE', ( #1321 ), #6808, .T. ) ;
#1758 = EDGE_CURVE ( 'NONE', #427, #3062, #8672, .T. ) ;
#1759 = VECTOR ( 'NONE', #4382, 1000.000000000000227 ) ;
#1760 = LINE ( 'NONE', #2418, #4164 ) ;
#1761 = CARTESIAN_POINT ( 'NONE',  ( 5.550000000000003375, -5.000000000000000000, -7.700000000000011724 ) ) ;
#1762 = DIRECTION ( 'NONE',  ( -2.085265571911930049E-48, 3.330669073875466417E-17, 1.000000000000000000 ) ) ;
#1763 = CARTESIAN_POINT ( 'NONE',  ( 1.614267601904844085, -5.000000000000000000, -0.5000000000000108802 ) ) ;
#1764 = VECTOR ( 'NONE', #5563, 1000.000000000000000 ) ;
#1765 = ORIENTED_EDGE ( 'NONE', *, *, #6958, .F. ) ;
#1766 = ORIENTED_EDGE ( 'NONE', *, *, #2255, .F. ) ;
#1767 = LINE ( 'NONE', #4393, #6977 ) ;
#1768 = DIRECTION ( 'NONE',  ( 1.000000000000000000, 8.772927363469281926E-32, 2.633983493671260459E-15 ) ) ;
#1769 = CARTESIAN_POINT ( 'NONE',  ( 23.98761792103010038, 1.300000000000000044, -4.000000000000012434 ) ) ;
#1770 = DIRECTION ( 'NONE',  ( 0.000000000000000000, -5.551115123125782702E-17, 1.000000000000000000 ) ) ;
#1771 = AXIS2_PLACEMENT_3D ( 'NONE', #1467, #1597, #6162 ) ;
#1772 = CARTESIAN_POINT ( 'NONE',  ( -12.62881736675329414, -5.000000000000000000, -5.450194620572021087 ) ) ;
#1773 = EDGE_LOOP ( 'NONE', ( #2697, #5371, #5934, #1655 ) ) ;
#1774 = ADVANCED_FACE ( 'NONE', ( #4032 ), #3446, .T. ) ;
#1775 = ADVANCED_FACE ( 'NONE', ( #8763 ), #7427, .F. ) ;
#1776 = ORIENTED_EDGE ( 'NONE', *, *, #1235, .F. ) ;
#1777 = VECTOR ( 'NONE', #2352, 1000.000000000000000 ) ;
#1778 = ORIENTED_EDGE ( 'NONE', *, *, #8291, .T. ) ;
#1779 = EDGE_LOOP ( 'NONE', ( #2648, #8575, #694, #545, #7042, #1709, #5668, #2612, #7079 ) ) ;
#1780 = DIRECTION ( 'NONE',  ( 1.747871584314795121E-32, -1.000000000000000000, 1.722546424198833760E-16 ) ) ;
#1781 = CARTESIAN_POINT ( 'NONE',  ( 15.00310462831780356, 5.000000000000000000, -10.52775174886009246 ) ) ;
#1782 = CARTESIAN_POINT ( 'NONE',  ( 17.19654675138050592, -5.000000000000000000, -8.606646647154743590 ) ) ;
#1783 = DIRECTION ( 'NONE',  ( 0.000000000000000000, 1.000000000000000000, -1.110223024625156787E-16 ) ) ;
#1784 = ORIENTED_EDGE ( 'NONE', *, *, #739, .F. ) ;
#1785 = VECTOR ( 'NONE', #3960, 1000.000000000000000 ) ;
#1786 = CIRCLE ( 'NONE', #8139, 0.5000000000000004441 ) ;
#1787 = ORIENTED_EDGE ( 'NONE', *, *, #5376, .T. ) ;
#1788 = CARTESIAN_POINT ( 'NONE',  ( 13.53449612337661456, 1.300000000000000044, -4.000000000000012434 ) ) ;
#1789 = LINE ( 'NONE', #4454, #8525 ) ;
#1790 = ORIENTED_EDGE ( 'NONE', *, *, #1017, .F. ) ;
#1791 = CARTESIAN_POINT ( 'NONE',  ( -0.3347805097573159916, 1.300000000000000044, -7.700000000000012612 ) ) ;
#1792 = CARTESIAN_POINT ( 'NONE',  ( 0.1152194902426838530, 1.300000000000000044, -6.200000000000012612 ) ) ;
#1793 = LINE ( 'NONE', #3791, #7134 ) ;
#1794 = PLANE ( 'NONE',  #8332 ) ;
#1795 = VECTOR ( 'NONE', #8183, 1000.000000000000000 ) ;
#1796 = AXIS2_PLACEMENT_3D ( 'NONE', #5205, #3913, #1829 ) ;
#1797 = EDGE_CURVE ( 'NONE', #1983, #7979, #2028, .T. ) ;
#1798 = EDGE_CURVE ( 'NONE', #8248, #522, #1366, .T. ) ;
#1799 = ORIENTED_EDGE ( 'NONE', *, *, #6690, .F. ) ;
#1800 = ORIENTED_EDGE ( 'NONE', *, *, #4954, .F. ) ;
#1801 = EDGE_CURVE ( 'NONE', #4104, #114, #6128, .T. ) ;
#1802 = DIRECTION ( 'NONE',  ( 1.000000000000000000, 0.000000000000000000, 1.734723475976805517E-15 ) ) ;
#1803 = VECTOR ( 'NONE', #6583, 1000.000000000000000 ) ;
#1804 = DIRECTION ( 'NONE',  ( 0.000000000000000000, 1.000000000000000000, -1.554312234475219798E-16 ) ) ;
#1805 = DIRECTION ( 'NONE',  ( 1.000000000000000000, 3.286920438420881793E-32, -5.921189464667500234E-16 ) ) ;
#1806 = VECTOR ( 'NONE', #5100, 1000.000000000000000 ) ;
#1807 = CARTESIAN_POINT ( 'NONE',  ( -41.79999999999999716, 1.300000000000000044, -5.100000000000012079 ) ) ;
#1808 = LINE ( 'NONE', #4518, #1543 ) ;
#1809 = LINE ( 'NONE', #8401, #2221 ) ;
#1810 = DIRECTION ( 'NONE',  ( -1.000000000000000000, 1.379593671770062908E-32, -2.485255018442539872E-16 ) ) ;
#1811 = VECTOR ( 'NONE', #959, 1000.000000000000000 ) ;
#1812 = EDGE_CURVE ( 'NONE', #2122, #6519, #3445, .T. ) ;
#1813 = VERTEX_POINT ( 'NONE', #4828 ) ;
#1814 = EDGE_LOOP ( 'NONE', ( #6161, #2985, #7141, #6739 ) ) ;
#1815 = ORIENTED_EDGE ( 'NONE', *, *, #3862, .T. ) ;
#1816 = FACE_OUTER_BOUND ( 'NONE', #4787, .T. ) ;
#1817 = LINE ( 'NONE', #3237, #4582 ) ;
#1818 = DIRECTION ( 'NONE',  ( -1.000000000000000000, 9.320190279076214157E-33, -1.678976218714790288E-16 ) ) ;
#1819 = CIRCLE ( 'NONE', #813, 0.5000000000000000000 ) ;
#1820 = FACE_OUTER_BOUND ( 'NONE', #998, .T. ) ;
#1821 = CARTESIAN_POINT ( 'NONE',  ( 1.614267601904844085, -5.000000000000000000, -0.5000000000000108802 ) ) ;
#1822 = EDGE_CURVE ( 'NONE', #3439, #1682, #1626, .T. ) ;
#1823 = ORIENTED_EDGE ( 'NONE', *, *, #2276, .F. ) ;
#1824 = VECTOR ( 'NONE', #2118, 1000.000000000000000 ) ;
#1825 = EDGE_LOOP ( 'NONE', ( #746, #4005, #8381, #4486 ) ) ;
#1826 = ORIENTED_EDGE ( 'NONE', *, *, #3374, .F. ) ;
#1827 = ORIENTED_EDGE ( 'NONE', *, *, #824, .F. ) ;
#1828 = DIRECTION ( 'NONE',  ( 0.000000000000000000, 0.000000000000000000, -1.000000000000000000 ) ) ;
#1829 = DIRECTION ( 'NONE',  ( 1.253477608447759722E-16, 5.551115123125782702E-17, -1.000000000000000000 ) ) ;
#1830 = DIRECTION ( 'NONE',  ( 0.000000000000000000, -1.000000000000000000, 1.110223024625156787E-16 ) ) ;
#1831 = DIRECTION ( 'NONE',  ( 0.3197786441581800809, -1.630488002868534180E-16, -0.9474922789871990103 ) ) ;
#1832 = EDGE_CURVE ( 'NONE', #863, #5388, #3451, .T. ) ;
#1833 = CIRCLE ( 'NONE', #2671, 1.375000000000000000 ) ;
#1834 = ADVANCED_FACE ( 'NONE', ( #7032 ), #866, .T. ) ;
#1835 = ADVANCED_FACE ( 'NONE', ( #6985 ), #3622, .F. ) ;
#1836 = ORIENTED_EDGE ( 'NONE', *, *, #7667, .F. ) ;
#1837 = AXIS2_PLACEMENT_3D ( 'NONE', #97, #5464, #8157 ) ;
#1838 = VERTEX_POINT ( 'NONE', #294 ) ;
#1839 = CARTESIAN_POINT ( 'NONE',  ( 13.23545475066548427, -1.300000000000000044, -7.700000000000012612 ) ) ;
#1840 = CARTESIAN_POINT ( 'NONE',  ( 6.839679967335843713, -5.799999999999999822, -10.86616130315146123 ) ) ;
#1841 = ORIENTED_EDGE ( 'NONE', *, *, #564, .T. ) ;
#1842 = CARTESIAN_POINT ( 'NONE',  ( -11.54247580599919765, -5.000000000000000000, -4.600000000000011191 ) ) ;
#1843 = DIRECTION ( 'NONE',  ( 1.000000000000000000, -1.297468594113504545E-32, 2.337311630789800155E-16 ) ) ;
#1844 = LINE ( 'NONE', #4549, #5799 ) ;
#1845 = ORIENTED_EDGE ( 'NONE', *, *, #6514, .T. ) ;
#1846 = VERTEX_POINT ( 'NONE', #961 ) ;
#1847 = CARTESIAN_POINT ( 'NONE',  ( 15.30203678697560399, 5.000000000000000000, -5.100000000000012079 ) ) ;
#1848 = VERTEX_POINT ( 'NONE', #3667 ) ;
#1849 = LINE ( 'NONE', #4555, #5349 ) ;
#1850 = CARTESIAN_POINT ( 'NONE',  ( -52.00000000000000000, 1.300000000000000044, -7.657919551657042412 ) ) ;
#1851 = CARTESIAN_POINT ( 'NONE',  ( 15.20310462831780463, -5.000000000000000000, -15.70000000000001172 ) ) ;
#1852 = CARTESIAN_POINT ( 'NONE',  ( 41.88475575860120870, 5.000000000000000000, -1.100000000000012523 ) ) ;
#1853 = ORIENTED_EDGE ( 'NONE', *, *, #1195, .F. ) ;
#1854 = ORIENTED_EDGE ( 'NONE', *, *, #2629, .F. ) ;
#1855 = LINE ( 'NONE', #7876, #6954 ) ;
#1856 = DIRECTION ( 'NONE',  ( -5.473822126268819114E-48, 1.000000000000000000, -1.722546424198833760E-16 ) ) ;
#1857 = CARTESIAN_POINT ( 'NONE',  ( 59.50000000000000711, 3.699999999999999289, -10.90000000000001279 ) ) ;
#1858 = DIRECTION ( 'NONE',  ( 0.000000000000000000, 1.000000000000000000, -2.886579864025406611E-16 ) ) ;
#1859 = EDGE_CURVE ( 'NONE', #5440, #134, #5617, .T. ) ;
#1860 = CARTESIAN_POINT ( 'NONE',  ( -5.123606797749975073, 5.000000000000000000, -5.152786404500052875 ) ) ;
#1861 = ADVANCED_FACE ( 'NONE', ( #2250 ), #5574, .T. ) ;
#1862 = ORIENTED_EDGE ( 'NONE', *, *, #4190, .F. ) ;
#1863 = VERTEX_POINT ( 'NONE', #4204 ) ;
#1864 = VERTEX_POINT ( 'NONE', #3492 ) ;
#1865 = ORIENTED_EDGE ( 'NONE', *, *, #7368, .T. ) ;
#1866 = DIRECTION ( 'NONE',  ( 1.069961080215129965E-32, 1.000000000000000000, -1.722546424198834746E-16 ) ) ;
#1867 = FACE_OUTER_BOUND ( 'NONE', #3967, .T. ) ;
#1868 =( NAMED_UNIT ( * ) SI_UNIT ( $, .STERADIAN. ) SOLID_ANGLE_UNIT ( ) );
#1869 = CARTESIAN_POINT ( 'NONE',  ( 39.88475575860120159, 5.000000000000000000, -1.600000000000012079 ) ) ;
#1870 = AXIS2_PLACEMENT_3D ( 'NONE', #8588, #8409, #3853 ) ;
#1871 = ORIENTED_EDGE ( 'NONE', *, *, #1758, .F. ) ;
#1872 = EDGE_CURVE ( 'NONE', #7957, #1813, #3538, .T. ) ;
#1873 = ORIENTED_EDGE ( 'NONE', *, *, #5268, .F. ) ;
#1874 = DIRECTION ( 'NONE',  ( 1.110223024625159992E-16, 5.551115123125782702E-17, -1.000000000000000000 ) ) ;
#1875 = DIRECTION ( 'NONE',  ( 0.3865026114433358639, -2.130914065663252562E-16, -0.9222883124855707493 ) ) ;
#1876 = ORIENTED_EDGE ( 'NONE', *, *, #2228, .T. ) ;
#1877 = PLANE ( 'NONE',  #7328 ) ;
#1878 = DIRECTION ( 'NONE',  ( 0.000000000000000000, 0.000000000000000000, -1.000000000000000000 ) ) ;
#1879 = VECTOR ( 'NONE', #2773, 1000.000000000000000 ) ;
#1880 = DIRECTION ( 'NONE',  ( -1.000000000000000000, 0.000000000000000000, 0.000000000000000000 ) ) ;
#1881 = CIRCLE ( 'NONE', #6414, 0.5000000000000004441 ) ;
#1882 = ORIENTED_EDGE ( 'NONE', *, *, #4162, .T. ) ;
#1883 = EDGE_CURVE ( 'NONE', #7928, #597, #1581, .T. ) ;
#1884 = ADVANCED_FACE ( 'NONE', ( #5662 ), #7603, .F. ) ;
#1885 = ORIENTED_EDGE ( 'NONE', *, *, #3374, .T. ) ;
#1886 = FACE_OUTER_BOUND ( 'NONE', #896, .T. ) ;
#1887 = ORIENTED_EDGE ( 'NONE', *, *, #7481, .F. ) ;
#1888 = CARTESIAN_POINT ( 'NONE',  ( -20.09767825600929925, 1.300000000000000044, -13.16832058016451334 ) ) ;
#1889 = CYLINDRICAL_SURFACE ( 'NONE', #6158, 0.5000000000000004441 ) ;
#1890 = CARTESIAN_POINT ( 'NONE',  ( 57.00000000000000000, -5.000000000000000000, -7.000000000000011546 ) ) ;
#1891 = DIRECTION ( 'NONE',  ( 0.9342201547964009700, -1.980065741954672757E-17, 0.3566969335054459567 ) ) ;
#1892 = AXIS2_PLACEMENT_3D ( 'NONE', #4698, #6677, #1945 ) ;
#1893 = VERTEX_POINT ( 'NONE', #4289 ) ;
#1894 = VECTOR ( 'NONE', #3756, 1000.000000000000000 ) ;
#1895 = VERTEX_POINT ( 'NONE', #6191 ) ;
#1896 = CARTESIAN_POINT ( 'NONE',  ( 19.50310462831780356, -5.000000000000000000, -14.90000050758565031 ) ) ;
#1897 = CARTESIAN_POINT ( 'NONE',  ( -12.49999999999999645, -5.000000000000000000, -17.80000000000001137 ) ) ;
#1898 = CARTESIAN_POINT ( 'NONE',  ( 16.69654675138050592, -5.000000000000000000, -11.20000000000001172 ) ) ;
#1899 = CARTESIAN_POINT ( 'NONE',  ( -16.99999999999999289, 5.000000000000000000, -11.20000000000001172 ) ) ;
#1900 = CARTESIAN_POINT ( 'NONE',  ( 6.050000000000004263, 5.000000000000000000, -8.700000000000013500 ) ) ;
#1901 = VECTOR ( 'NONE', #3605, 1000.000000000000000 ) ;
#1902 = EDGE_LOOP ( 'NONE', ( #7564, #8127, #4245, #585 ) ) ;
#1903 = VERTEX_POINT ( 'NONE', #778 ) ;
#1904 = ADVANCED_FACE ( 'NONE', ( #8265 ), #4869, .F. ) ;
#1905 = EDGE_CURVE ( 'NONE', #1813, #1445, #4249, .T. ) ;
#1906 = CARTESIAN_POINT ( 'NONE',  ( 5.127874399654833049, -4.999999999999999112, -1.500000000000011768 ) ) ;
#1907 = VECTOR ( 'NONE', #932, 1000.000000000000000 ) ;
#1908 = ORIENTED_EDGE ( 'NONE', *, *, #3905, .T. ) ;
#1909 = FACE_OUTER_BOUND ( 'NONE', #556, .T. ) ;
#1910 = DIRECTION ( 'NONE',  ( -0.000000000000000000, -1.000000000000000000, 1.722546424198833760E-16 ) ) ;
#1911 = FACE_OUTER_BOUND ( 'NONE', #6752, .T. ) ;
#1912 = LINE ( 'NONE', #6433, #4905 ) ;
#1913 = VECTOR ( 'NONE', #1713, 1000.000000000000000 ) ;
#1914 = VERTEX_POINT ( 'NONE', #2117 ) ;
#1915 = ORIENTED_EDGE ( 'NONE', *, *, #4873, .T. ) ;
#1916 = EDGE_LOOP ( 'NONE', ( #5636, #2037, #7231, #4353 ) ) ;
#1917 = DIRECTION ( 'NONE',  ( 0.000000000000000000, 5.721188726109870315E-18, 1.000000000000000000 ) ) ;
#1918 = CARTESIAN_POINT ( 'NONE',  ( 5.127874399654833049, -1.300000000000000266, -1.500000000000011768 ) ) ;
#1919 = ORIENTED_EDGE ( 'NONE', *, *, #894, .T. ) ;
#1920 = LINE ( 'NONE', #6532, #6056 ) ;
#1921 = CARTESIAN_POINT ( 'NONE',  ( 18.99654675138050308, -5.000000000000000000, -12.20000000000001172 ) ) ;
#1922 = AXIS2_PLACEMENT_3D ( 'NONE', #6308, #4371, #994 ) ;
#1923 = DIRECTION ( 'NONE',  ( -0.000000000000000000, -1.000000000000000000, 1.710343578476592788E-16 ) ) ;
#1924 = EDGE_CURVE ( 'NONE', #3785, #3004, #6984, .T. ) ;
#1925 = CIRCLE ( 'NONE', #392, 1.000000000000000444 ) ;
#1926 = VECTOR ( 'NONE', #2486, 1000.000000000000000 ) ;
#1927 = ORIENTED_EDGE ( 'NONE', *, *, #265, .T. ) ;
#1928 = VERTEX_POINT ( 'NONE', #205 ) ;
#1929 = FACE_OUTER_BOUND ( 'NONE', #3941, .T. ) ;
#1930 = ORIENTED_EDGE ( 'NONE', *, *, #2981, .F. ) ;
#1931 = LINE ( 'NONE', #3978, #7455 ) ;
#1932 = PLANE ( 'NONE',  #8279 ) ;
#1933 = DIRECTION ( 'NONE',  ( -0.3427922693738828519, -5.374548941324580702E-18, -0.9394112305361816961 ) ) ;
#1934 = CARTESIAN_POINT ( 'NONE',  ( 49.00000000000000000, 5.000000000000000000, -6.895195053175852351 ) ) ;
#1935 = AXIS2_PLACEMENT_3D ( 'NONE', #2304, #8234, #8325 ) ;
#1936 = EDGE_CURVE ( 'NONE', #8607, #2167, #2292, .T. ) ;
#1937 = ADVANCED_FACE ( 'NONE', ( #2824 ), #7513, .T. ) ;
#1938 = ADVANCED_FACE ( 'NONE', ( #8447 ), #3230, .T. ) ;
#1939 = ORIENTED_EDGE ( 'NONE', *, *, #8654, .F. ) ;
#1940 = VECTOR ( 'NONE', #8221, 1000.000000000000000 ) ;
#1941 = VERTEX_POINT ( 'NONE', #4425 ) ;
#1942 = AXIS2_PLACEMENT_3D ( 'NONE', #780, #8180, #2119 ) ;
#1943 = VERTEX_POINT ( 'NONE', #1096 ) ;
#1944 = FACE_OUTER_BOUND ( 'NONE', #2576, .T. ) ;
#1945 = DIRECTION ( 'NONE',  ( 1.000000000000000000, 0.000000000000000000, 0.000000000000000000 ) ) ;
#1946 = DIRECTION ( 'NONE',  ( 0.000000000000000000, 1.000000000000000000, -1.710343578476592788E-16 ) ) ;
#1947 = DIRECTION ( 'NONE',  ( 0.000000000000000000, 5.551115123125782702E-17, -1.000000000000000000 ) ) ;
#1948 = LINE ( 'NONE', #4660, #5614 ) ;
#1949 = VECTOR ( 'NONE', #3741, 1000.000000000000000 ) ;
#1950 = EDGE_CURVE ( 'NONE', #634, #8097, #1760, .T. ) ;
#1951 = AXIS2_PLACEMENT_3D ( 'NONE', #2513, #6704, #633 ) ;
#1952 = ORIENTED_EDGE ( 'NONE', *, *, #4374, .T. ) ;
#1953 = VERTEX_POINT ( 'NONE', #6411 ) ;
#1954 = PLANE ( 'NONE',  #3151 ) ;
#1955 = CIRCLE ( 'NONE', #3939, 0.5000000000000004441 ) ;
#1956 = ORIENTED_EDGE ( 'NONE', *, *, #2391, .T. ) ;
#1957 = DIRECTION ( 'NONE',  ( 7.105427357601010142E-16, 1.110223024625157526E-17, 1.000000000000000000 ) ) ;
#1958 = DIRECTION ( 'NONE',  ( 0.000000000000000000, 5.721188726109673100E-18, 1.000000000000000000 ) ) ;
#1959 =( NAMED_UNIT ( * ) PLANE_ANGLE_UNIT ( ) SI_UNIT ( $, .RADIAN. ) );
#1960 = DIRECTION ( 'NONE',  ( 1.710569414459004727E-47, 1.000000000000000000, -1.722546424198833760E-16 ) ) ;
#1961 = EDGE_CURVE ( 'NONE', #7695, #2050, #3044, .T. ) ;
#1962 = VECTOR ( 'NONE', #915, 1000.000000000000000 ) ;
#1963 = EDGE_LOOP ( 'NONE', ( #380, #7062, #8187, #3165 ) ) ;
#1964 = ORIENTED_EDGE ( 'NONE', *, *, #8291, .F. ) ;
#1965 = ORIENTED_EDGE ( 'NONE', *, *, #7040, .F. ) ;
#1966 = CARTESIAN_POINT ( 'NONE',  ( 4.500000000000003553, 3.699999999999999289, -9.000000000000012434 ) ) ;
#1967 = DIRECTION ( 'NONE',  ( 2.864064337535220222E-16, 1.000000000000000000, -1.110223024625156787E-16 ) ) ;
#1968 = VECTOR ( 'NONE', #2370, 1000.000000000000000 ) ;
#1969 = VERTEX_POINT ( 'NONE', #2381 ) ;
#1970 = DIRECTION ( 'NONE',  ( 0.4472135954999579277, -5.117186761474827667E-18, -0.8944271909999158554 ) ) ;
#1971 = FACE_OUTER_BOUND ( 'NONE', #3704, .T. ) ;
#1972 = PLANE ( 'NONE',  #6362 ) ;
#1973 = DIRECTION ( 'NONE',  ( -1.000000000000000000, 0.000000000000000000, 0.000000000000000000 ) ) ;
#1974 = ORIENTED_EDGE ( 'NONE', *, *, #3443, .T. ) ;
#1975 = ORIENTED_EDGE ( 'NONE', *, *, #5893, .F. ) ;
#1976 = PLANE ( 'NONE',  #3155 ) ;
#1977 = ORIENTED_EDGE ( 'NONE', *, *, #6284, .T. ) ;
#1978 = LINE ( 'NONE', #3351, #5911 ) ;
#1979 = DIRECTION ( 'NONE',  ( 0.000000000000000000, 0.000000000000000000, -1.000000000000000000 ) ) ;
#1980 = LINE ( 'NONE', #642, #2174 ) ;
#1981 = CARTESIAN_POINT ( 'NONE',  ( -11.49999999999999645, -5.000000000000000000, -15.10000000000001208 ) ) ;
#1982 = STYLED_ITEM ( 'NONE', ( #3959 ), #3087 ) ;
#1983 = VERTEX_POINT ( 'NONE', #3891 ) ;
#1984 = ORIENTED_EDGE ( 'NONE', *, *, #7472, .T. ) ;
#1985 = ORIENTED_EDGE ( 'NONE', *, *, #4224, .F. ) ;
#1986 = CARTESIAN_POINT ( 'NONE',  ( -18.49999999999999645, 1.300000000000000044, -13.16832058016451334 ) ) ;
#1987 = EDGE_CURVE ( 'NONE', #6936, #3545, #7781, .T. ) ;
#1988 = ADVANCED_FACE ( 'NONE', ( #3181 ), #7073, .T. ) ;
#1989 = LINE ( 'NONE', #5363, #615 ) ;
#1990 = CARTESIAN_POINT ( 'NONE',  ( 3.350000000000004086, 5.000000000000000000, -7.700000000000012612 ) ) ;
#1991 = DIRECTION ( 'NONE',  ( -0.000000000000000000, -1.000000000000000000, 2.258729601823596636E-16 ) ) ;
#1992 = CARTESIAN_POINT ( 'NONE',  ( 41.88475575860120870, 5.000000000000000000, -1.100000000000012523 ) ) ;
#1993 = ORIENTED_EDGE ( 'NONE', *, *, #6349, .F. ) ;
#1994 = CARTESIAN_POINT ( 'NONE',  ( 3.250000000000003553, -5.000000000000000000, -8.500000000000010658 ) ) ;
#1995 = EDGE_CURVE ( 'NONE', #8047, #8699, #7913, .T. ) ;
#1996 = VERTEX_POINT ( 'NONE', #7116 ) ;
#1997 = DIRECTION ( 'NONE',  ( -0.000000000000000000, -1.000000000000000000, 1.722546424198833760E-16 ) ) ;
#1998 = DIRECTION ( 'NONE',  ( 0.000000000000000000, 1.000000000000000000, -5.721188726109870315E-18 ) ) ;
#1999 = CARTESIAN_POINT ( 'NONE',  ( 4.936726938305877610, 1.300000000000000044, -1.500000000000012657 ) ) ;
#2000 = ORIENTED_EDGE ( 'NONE', *, *, #6326, .F. ) ;
#2001 = ORIENTED_EDGE ( 'NONE', *, *, #2431, .T. ) ;
#2002 = CARTESIAN_POINT ( 'NONE',  ( -12.49999999999999645, -5.000000000000000000, -15.10000000000001208 ) ) ;
#2003 = DIRECTION ( 'NONE',  ( 0.000000000000000000, -1.710343578476592788E-16, -1.000000000000000000 ) ) ;
#2004 = VERTEX_POINT ( 'NONE', #5797 ) ;
#2005 = LINE ( 'NONE', #5295, #5633 ) ;
#2006 = DIRECTION ( 'NONE',  ( 0.000000000000000000, -1.710343578476592788E-16, -1.000000000000000000 ) ) ;
#2007 = EDGE_CURVE ( 'NONE', #8625, #2093, #8578, .T. ) ;
#2008 = DIRECTION ( 'NONE',  ( 0.3448701326883939489, 5.210556484464589454E-17, -0.9386504096731058677 ) ) ;
#2009 = DIRECTION ( 'NONE',  ( -0.8368917562232075502, -0.5473684210526171823, 0.000000000000000000 ) ) ;
#2010 = AXIS2_PLACEMENT_3D ( 'NONE', #5891, #5804, #3147 ) ;
#2011 = ORIENTED_EDGE ( 'NONE', *, *, #7170, .T. ) ;
#2012 = ADVANCED_FACE ( 'NONE', ( #1047 ), #2336, .F. ) ;
#2013 = VECTOR ( 'NONE', #8574, 1000.000000000000000 ) ;
#2014 = ORIENTED_EDGE ( 'NONE', *, *, #5631, .F. ) ;
#2015 = CARTESIAN_POINT ( 'NONE',  ( 18.49654675138050308, -5.000000000000000000, -7.300000000000011369 ) ) ;
#2016 = ORIENTED_EDGE ( 'NONE', *, *, #2423, .F. ) ;
#2017 = DIRECTION ( 'NONE',  ( 1.000000000000000000, 0.000000000000000000, 0.000000000000000000 ) ) ;
#2018 = CARTESIAN_POINT ( 'NONE',  ( 1.614267601904844085, -5.000000000000000000, -1.100000000000010747 ) ) ;
#2019 = CARTESIAN_POINT ( 'NONE',  ( -47.29999999999999716, -5.000000000000000000, -1.100000000000010747 ) ) ;
#2020 = LINE ( 'NONE', #643, #6497 ) ;
#2021 = CIRCLE ( 'NONE', #6965, 0.5000000000000004441 ) ;
#2022 = VECTOR ( 'NONE', #3326, 1000.000000000000000 ) ;
#2023 = ORIENTED_EDGE ( 'NONE', *, *, #5619, .T. ) ;
#2024 = EDGE_LOOP ( 'NONE', ( #724, #2795, #5902, #6892 ) ) ;
#2025 = ORIENTED_EDGE ( 'NONE', *, *, #5032, .F. ) ;
#2026 = DIRECTION ( 'NONE',  ( 1.000000000000000000, 0.000000000000000000, 3.469446951953611033E-15 ) ) ;
#2027 = AXIS2_PLACEMENT_3D ( 'NONE', #1723, #3854, #3055 ) ;
#2028 = LINE ( 'NONE', #71, #1601 ) ;
#2029 = VECTOR ( 'NONE', #2166, 1000.000000000000000 ) ;
#2030 = FACE_OUTER_BOUND ( 'NONE', #1194, .T. ) ;
#2031 = CARTESIAN_POINT ( 'NONE',  ( -19.99999999999999645, -5.000000000000000000, -14.20000000000001172 ) ) ;
#2032 = DIRECTION ( 'NONE',  ( 0.000000000000000000, 0.000000000000000000, -1.000000000000000000 ) ) ;
#2033 = VECTOR ( 'NONE', #1311, 1000.000000000000000 ) ;
#2034 = ORIENTED_EDGE ( 'NONE', *, *, #5643, .T. ) ;
#2035 = EDGE_CURVE ( 'NONE', #215, #4452, #387, .T. ) ;
#2036 = CARTESIAN_POINT ( 'NONE',  ( -16.49999999999999645, -6.999999999999999112, -13.70000000000000995 ) ) ;
#2037 = ORIENTED_EDGE ( 'NONE', *, *, #8202, .F. ) ;
#2038 = LINE ( 'NONE', #540, #1348 ) ;
#2039 = CARTESIAN_POINT ( 'NONE',  ( 13.50203678697557308, -5.000000000000000000, -8.500000000000010658 ) ) ;
#2040 = CIRCLE ( 'NONE', #6990, 0.5000000000000073275 ) ;
#2041 = DIRECTION ( 'NONE',  ( 0.000000000000000000, 0.000000000000000000, 1.000000000000000000 ) ) ;
#2042 = CARTESIAN_POINT ( 'NONE',  ( 57.80000000000000426, 1.300000000000000044, -8.000000000000012434 ) ) ;
#2043 = EDGE_CURVE ( 'NONE', #2122, #2413, #7820, .T. ) ;
#2044 = EDGE_CURVE ( 'NONE', #478, #1589, #5227, .T. ) ;
#2045 = AXIS2_PLACEMENT_3D ( 'NONE', #944, #5519, #8209 ) ;
#2046 = VERTEX_POINT ( 'NONE', #4517 ) ;
#2047 = VERTEX_POINT ( 'NONE', #3138 ) ;
#2048 = DIRECTION ( 'NONE',  ( -1.000000000000000000, 0.000000000000000000, 0.000000000000000000 ) ) ;
#2049 = DIRECTION ( 'NONE',  ( 0.000000000000000000, 1.000000000000000000, -1.110223024625156787E-16 ) ) ;
#2050 = VERTEX_POINT ( 'NONE', #5835 ) ;
#2051 = DIRECTION ( 'NONE',  ( 0.000000000000000000, -1.000000000000000000, 1.110223024625156787E-16 ) ) ;
#2052 = LINE ( 'NONE', #6040, #3205 ) ;
#2053 = PLANE ( 'NONE',  #4531 ) ;
#2054 = DIRECTION ( 'NONE',  ( -1.000000000000000000, 0.000000000000000000, 0.000000000000000000 ) ) ;
#2055 = VECTOR ( 'NONE', #1693, 1000.000000000000000 ) ;
#2056 = ADVANCED_FACE ( 'NONE', ( #8531 ), #2463, .F. ) ;
#2057 = ORIENTED_EDGE ( 'NONE', *, *, #4497, .T. ) ;
#2058 = VECTOR ( 'NONE', #6134, 1000.000000000000000 ) ;
#2059 = ORIENTED_EDGE ( 'NONE', *, *, #143, .T. ) ;
#2060 = CARTESIAN_POINT ( 'NONE',  ( -44.79999999999999005, -5.000000000000000000, -1.214306433183764966E-14 ) ) ;
#2061 = ORIENTED_EDGE ( 'NONE', *, *, #703, .T. ) ;
#2062 = DIRECTION ( 'NONE',  ( 1.000000000000000000, 0.000000000000000000, 0.000000000000000000 ) ) ;
#2063 = CARTESIAN_POINT ( 'NONE',  ( 46.38475575860120159, 5.000000000000000000, -3.600000000000012079 ) ) ;
#2064 = DIRECTION ( 'NONE',  ( 0.000000000000000000, 1.000000000000000000, -1.110223024625156787E-16 ) ) ;
#2065 = DIRECTION ( 'NONE',  ( 0.000000000000000000, 1.000000000000000000, -1.875894076090781792E-16 ) ) ;
#2066 = AXIS2_PLACEMENT_3D ( 'NONE', #6493, #4414, #1035 ) ;
#2067 = ADVANCED_FACE ( 'NONE', ( #1178 ), #7208, .T. ) ;
#2068 = ORIENTED_EDGE ( 'NONE', *, *, #3576, .T. ) ;
#2069 = ORIENTED_EDGE ( 'NONE', *, *, #6173, .F. ) ;
#2070 = EDGE_LOOP ( 'NONE', ( #988, #5539, #3054 ) ) ;
#2071 = CARTESIAN_POINT ( 'NONE',  ( 57.00000000000000000, 5.000000000000000000, -7.000000000000013323 ) ) ;
#2072 = CIRCLE ( 'NONE', #1935, 0.5000000000000000000 ) ;
#2073 = AXIS2_PLACEMENT_3D ( 'NONE', #5582, #1552, #748 ) ;
#2074 = LINE ( 'NONE', #697, #7680 ) ;
#2075 = DIRECTION ( 'NONE',  ( 0.000000000000000000, 1.000000000000000000, -1.554312234475219798E-16 ) ) ;
#2076 = CARTESIAN_POINT ( 'NONE',  ( 42.36220412055560303, 5.000000000000000000, -10.50000000000001243 ) ) ;
#2077 = FACE_OUTER_BOUND ( 'NONE', #3153, .T. ) ;
#2078 = VECTOR ( 'NONE', #4248, 1000.000000000000000 ) ;
#2079 = ORIENTED_EDGE ( 'NONE', *, *, #7506, .F. ) ;
#2080 = LINE ( 'NONE', #3371, #5848 ) ;
#2081 = VERTEX_POINT ( 'NONE', #7736 ) ;
#2082 = CARTESIAN_POINT ( 'NONE',  ( 18.49654675138050308, 5.000000000000000000, -7.300000000000013145 ) ) ;
#2083 = AXIS2_PLACEMENT_3D ( 'NONE', #3706, #292, #3801 ) ;
#2084 = LINE ( 'NONE', #707, #3068 ) ;
#2085 = VECTOR ( 'NONE', #847, 1000.000000000000000 ) ;
#2086 = LINE ( 'NONE', #2702, #8437 ) ;
#2087 = VECTOR ( 'NONE', #3516, 1000.000000000000000 ) ;
#2088 = ORIENTED_EDGE ( 'NONE', *, *, #4196, .F. ) ;
#2089 = VERTEX_POINT ( 'NONE', #471 ) ;
#2090 = DIRECTION ( 'NONE',  ( 0.000000000000000000, -1.000000000000000000, 1.110223024625156787E-16 ) ) ;
#2091 = CARTESIAN_POINT ( 'NONE',  ( 13.50203678697557308, -5.000000000000000000, -9.000000000000008882 ) ) ;
#2092 = EDGE_CURVE ( 'NONE', #2332, #510, #1675, .T. ) ;
#2093 = VERTEX_POINT ( 'NONE', #4731 ) ;
#2094 = FACE_OUTER_BOUND ( 'NONE', #466, .T. ) ;
#2095 = CARTESIAN_POINT ( 'NONE',  ( -6.018033988749897034, -5.000000000000000000, -4.600000000000011191 ) ) ;
#2096 = EDGE_CURVE ( 'NONE', #6290, #6439, #8080, .T. ) ;
#2097 = LINE ( 'NONE', #2179, #4670 ) ;
#2098 = CARTESIAN_POINT ( 'NONE',  ( 46.57590321995009930, -1.300000000000000044, -5.100000000000012079 ) ) ;
#2099 = AXIS2_PLACEMENT_3D ( 'NONE', #8590, #2428, #8543 ) ;
#2100 = EDGE_CURVE ( 'NONE', #6280, #5496, #1980, .T. ) ;
#2101 = EDGE_LOOP ( 'NONE', ( #5917, #5263, #861, #4342 ) ) ;
#2102 = VECTOR ( 'NONE', #6412, 1000.000000000000000 ) ;
#2103 = VERTEX_POINT ( 'NONE', #8708 ) ;
#2104 = LINE ( 'NONE', #5520, #3580 ) ;
#2105 = ORIENTED_EDGE ( 'NONE', *, *, #7618, .F. ) ;
#2106 = DIRECTION ( 'NONE',  ( -0.000000000000000000, -1.000000000000000000, 1.722546424198831788E-16 ) ) ;
#2107 = DIRECTION ( 'NONE',  ( -0.3865026114433358639, 1.638313151782659261E-16, 0.9222883124855707493 ) ) ;
#2108 = ADVANCED_FACE ( 'NONE', ( #600 ), #5931, .F. ) ;
#2109 = PLANE ( 'NONE',  #6274 ) ;
#2110 = FACE_OUTER_BOUND ( 'NONE', #5522, .T. ) ;
#2111 = AXIS2_PLACEMENT_3D ( 'NONE', #1782, #6391, #408 ) ;
#2112 = ORIENTED_EDGE ( 'NONE', *, *, #7802, .F. ) ;
#2113 = ORIENTED_EDGE ( 'NONE', *, *, #3012, .T. ) ;
#2114 = ORIENTED_EDGE ( 'NONE', *, *, #3672, .F. ) ;
#2115 = FACE_OUTER_BOUND ( 'NONE', #2024, .T. ) ;
#2116 = CARTESIAN_POINT ( 'NONE',  ( 58.79999999994040394, -5.000000000000000000, -10.94606079824844969 ) ) ;
#2117 = CARTESIAN_POINT ( 'NONE',  ( 48.90992059245890289, -1.300000000000000044, -8.000000000000012434 ) ) ;
#2118 = DIRECTION ( 'NONE',  ( 0.000000000000000000, 5.551115123125782702E-17, -1.000000000000000000 ) ) ;
#2119 = DIRECTION ( 'NONE',  ( -0.9887155042247666170, 0.000000000000000000, 0.1498053794279952389 ) ) ;
#2120 = EDGE_CURVE ( 'NONE', #8047, #522, #7996, .T. ) ;
#2121 = DIRECTION ( 'NONE',  ( -1.000000000000000000, 0.000000000000000000, 0.000000000000000000 ) ) ;
#2122 = VERTEX_POINT ( 'NONE', #2019 ) ;
#2123 = VERTEX_POINT ( 'NONE', #16 ) ;
#2124 = DIRECTION ( 'NONE',  ( 0.000000000000000000, -1.000000000000000000, 1.110223024625156787E-16 ) ) ;
#2125 = EDGE_CURVE ( 'NONE', #3487, #6804, #2637, .T. ) ;
#2126 = EDGE_CURVE ( 'NONE', #6034, #4106, #5968, .T. ) ;
#2127 = ORIENTED_EDGE ( 'NONE', *, *, #8757, .T. ) ;
#2128 = CARTESIAN_POINT ( 'NONE',  ( 2.050000000000004263, -5.000000000000000000, -10.70514178121887205 ) ) ;
#2129 = CARTESIAN_POINT ( 'NONE',  ( -0.1436330484083760406, -1.300000000000000044, -7.700000000000012612 ) ) ;
#2130 = LINE ( 'NONE', #6914, #8115 ) ;
#2131 = EDGE_LOOP ( 'NONE', ( #5187, #7566, #8323, #6269 ) ) ;
#2132 = ORIENTED_EDGE ( 'NONE', *, *, #8160, .T. ) ;
#2133 = CARTESIAN_POINT ( 'NONE',  ( -5.123606797749975073, -5.000000000000000000, -5.152786404500051098 ) ) ;
#2134 = DIRECTION ( 'NONE',  ( 0.000000000000000000, 6.451295953902915133E-17, 1.000000000000000000 ) ) ;
#2135 = CARTESIAN_POINT ( 'NONE',  ( 1.614267601904844085, -5.000000000000000000, -1.600000000000011191 ) ) ;
#2136 = CARTESIAN_POINT ( 'NONE',  ( 39.88475575860120159, 5.000000000000000000, -1.600000000000012079 ) ) ;
#2137 = FACE_OUTER_BOUND ( 'NONE', #3016, .T. ) ;
#2138 = DIRECTION ( 'NONE',  ( -3.611202097191209946E-47, -1.000000000000000000, 1.722546424198833760E-16 ) ) ;
#2139 = VERTEX_POINT ( 'NONE', #3937 ) ;
#2140 = ORIENTED_EDGE ( 'NONE', *, *, #8642, .F. ) ;
#2141 = FACE_OUTER_BOUND ( 'NONE', #7121, .T. ) ;
#2142 = LINE ( 'NONE', #7540, #2587 ) ;
#2143 = VERTEX_POINT ( 'NONE', #3396 ) ;
#2144 = LINE ( 'NONE', #5523, #5767 ) ;
#2145 = DIRECTION ( 'NONE',  ( -0.000000000000000000, -1.000000000000000000, 1.722546424198833760E-16 ) ) ;
#2146 = FACE_OUTER_BOUND ( 'NONE', #3661, .T. ) ;
#2147 = PLANE ( 'NONE',  #2958 ) ;
#2148 = EDGE_CURVE ( 'NONE', #2902, #5152, #6633, .T. ) ;
#2149 = EDGE_CURVE ( 'NONE', #4142, #578, #563, .T. ) ;
#2150 = AXIS2_PLACEMENT_3D ( 'NONE', #2517, #2426, #3102 ) ;
#2151 = VERTEX_POINT ( 'NONE', #8662 ) ;
#2152 = ORIENTED_EDGE ( 'NONE', *, *, #4390, .T. ) ;
#2153 = ORIENTED_EDGE ( 'NONE', *, *, #1276, .F. ) ;
#2154 = EDGE_CURVE ( 'NONE', #6475, #5722, #727, .T. ) ;
#2155 = DIRECTION ( 'NONE',  ( 0.000000000000000000, -5.551115123125782702E-17, 1.000000000000000000 ) ) ;
#2156 = DIRECTION ( 'NONE',  ( 1.000000000000000000, -2.189528850507526673E-47, 9.565929548174890324E-16 ) ) ;
#2157 = DIRECTION ( 'NONE',  ( 0.9474922789871988993, -1.775128067639131365E-17, 0.3197786441581800254 ) ) ;
#2158 = CARTESIAN_POINT ( 'NONE',  ( -44.29999999999999716, -5.000000000000000000, -1.214306433183764966E-14 ) ) ;
#2159 = CARTESIAN_POINT ( 'NONE',  ( 16.99654675138050308, -5.000000000000000000, -11.90000000000001101 ) ) ;
#2160 = VECTOR ( 'NONE', #291, 1000.000000000000114 ) ;
#2161 = LINE ( 'NONE', #6147, #521 ) ;
#2162 = EDGE_CURVE ( 'NONE', #3062, #3523, #1356, .T. ) ;
#2163 = ORIENTED_EDGE ( 'NONE', *, *, #7077, .F. ) ;
#2164 = VECTOR ( 'NONE', #5293, 1000.000000000000227 ) ;
#2165 = ORIENTED_EDGE ( 'NONE', *, *, #4162, .F. ) ;
#2166 = DIRECTION ( 'NONE',  ( -1.000000000000000000, 8.210733189403225025E-48, -1.648126062685149934E-16 ) ) ;
#2167 = VERTEX_POINT ( 'NONE', #4778 ) ;
#2168 = DIRECTION ( 'NONE',  ( -4.440892098500630106E-16, 1.110223024625156787E-16, 1.000000000000000000 ) ) ;
#2169 = CARTESIAN_POINT ( 'NONE',  ( -42.79999999999999716, 5.000000000000000000, -3.600000000000012079 ) ) ;
#2170 = EDGE_CURVE ( 'NONE', #4195, #7182, #3980, .T. ) ;
#2171 = DIRECTION ( 'NONE',  ( 0.000000000000000000, 0.000000000000000000, -1.000000000000000000 ) ) ;
#2172 = ADVANCED_FACE ( 'NONE', ( #4068 ), #2722, .F. ) ;
#2173 = ORIENTED_EDGE ( 'NONE', *, *, #2497, .T. ) ;
#2174 = VECTOR ( 'NONE', #4109, 1000.000000000000000 ) ;
#2175 = ORIENTED_EDGE ( 'NONE', *, *, #8457, .T. ) ;
#2176 = CARTESIAN_POINT ( 'NONE',  ( -24.55208817832079760, 1.300000000000000044, -5.000000000000012434 ) ) ;
#2177 = DIRECTION ( 'NONE',  ( 0.000000000000000000, 0.000000000000000000, -1.000000000000000000 ) ) ;
#2178 = DIRECTION ( 'NONE',  ( 0.000000000000000000, 0.000000000000000000, 1.000000000000000000 ) ) ;
#2179 = CARTESIAN_POINT ( 'NONE',  ( -44.79999999999999005, -5.000000000000000000, -0.5000000000000108802 ) ) ;
#2180 = LINE ( 'NONE', #1564, #6613 ) ;
#2181 = AXIS2_PLACEMENT_3D ( 'NONE', #1748, #7149, #5085 ) ;
#2182 = ORIENTED_EDGE ( 'NONE', *, *, #1204, .F. ) ;
#2183 = ORIENTED_EDGE ( 'NONE', *, *, #7226, .T. ) ;
#2184 = CARTESIAN_POINT ( 'NONE',  ( 18.10118481382170330, -5.000000000000000000, -16.30000000000001137 ) ) ;
#2185 = CARTESIAN_POINT ( 'NONE',  ( 5.750000000000004441, 5.000000000000000000, -7.500000000000012434 ) ) ;
#2186 = VERTEX_POINT ( 'NONE', #1269 ) ;
#2187 = PLANE ( 'NONE',  #4073 ) ;
#2188 = CARTESIAN_POINT ( 'NONE',  ( 3.404267601904844120, -5.000000000000000000, -1.600000000000011191 ) ) ;
#2189 = AXIS2_PLACEMENT_3D ( 'NONE', #189, #236, #280 ) ;
#2190 = LINE ( 'NONE', #902, #4024 ) ;
#2191 = FACE_OUTER_BOUND ( 'NONE', #2631, .T. ) ;
#2192 = EDGE_CURVE ( 'NONE', #6835, #7675, #6671, .T. ) ;
#2193 = AXIS2_PLACEMENT_3D ( 'NONE', #3775, #7052, #7757 ) ;
#2194 = ORIENTED_EDGE ( 'NONE', *, *, #7714, .T. ) ;
#2195 = ORIENTED_EDGE ( 'NONE', *, *, #3972, .F. ) ;
#2196 = ORIENTED_EDGE ( 'NONE', *, *, #4281, .T. ) ;
#2197 = DIRECTION ( 'NONE',  ( 1.000000000000000000, -2.136563267185620662E-32, 3.848890213580260278E-16 ) ) ;
#2198 = CARTESIAN_POINT ( 'NONE',  ( 13.50203678697557308, 5.000000000000000000, -9.000000000000010658 ) ) ;
#2199 = CARTESIAN_POINT ( 'NONE',  ( 16.99654675138050308, -5.000000000000000000, -11.20000000000001172 ) ) ;
#2200 = DIRECTION ( 'NONE',  ( -0.000000000000000000, -1.000000000000000000, 1.998401444325281576E-16 ) ) ;
#2201 = EDGE_CURVE ( 'NONE', #1302, #4823, #7953, .T. ) ;
#2202 = DIRECTION ( 'NONE',  ( -1.000000000000000000, 7.673919167170306600E-33, -1.382410380069579992E-16 ) ) ;
#2203 = EDGE_CURVE ( 'NONE', #6764, #7907, #5434, .T. ) ;
#2204 = CIRCLE ( 'NONE', #644, 0.1999999999999996503 ) ;
#2205 = CARTESIAN_POINT ( 'NONE',  ( 15.32073688219710306, 5.000000000000000000, -12.20000000000001350 ) ) ;
#2206 = VECTOR ( 'NONE', #4669, 1000.000000000000000 ) ;
#2207 = ORIENTED_EDGE ( 'NONE', *, *, #3691, .F. ) ;
#2208 = AXIS2_PLACEMENT_3D ( 'NONE', #3731, #6480, #8603 ) ;
#2209 = ORIENTED_EDGE ( 'NONE', *, *, #4602, .T. ) ;
#2210 = CARTESIAN_POINT ( 'NONE',  ( -5.385732398095166573, 5.000000000000000000, -0.5000000000000125455 ) ) ;
#2211 = ORIENTED_EDGE ( 'NONE', *, *, #7892, .F. ) ;
#2212 = LINE ( 'NONE', #1591, #7726 ) ;
#2213 = EDGE_CURVE ( 'NONE', #1251, #6638, #6715, .T. ) ;
#2214 = CYLINDRICAL_SURFACE ( 'NONE', #2353, 0.5000000000000004441 ) ;
#2215 = VECTOR ( 'NONE', #3859, 1000.000000000000000 ) ;
#2216 = AXIS2_PLACEMENT_3D ( 'NONE', #3857, #8545, #5062 ) ;
#2217 = EDGE_CURVE ( 'NONE', #5570, #511, #2875, .T. ) ;
#2218 = CARTESIAN_POINT ( 'NONE',  ( 22.00000000000000711, -8.673617379884035472E-16, -1.214306433183764966E-14 ) ) ;
#2219 = EDGE_LOOP ( 'NONE', ( #445, #8065, #1464, #576 ) ) ;
#2220 = AXIS2_PLACEMENT_3D ( 'NONE', #2290, #1447, #5615 ) ;
#2221 = VECTOR ( 'NONE', #4385, 1000.000000000000000 ) ;
#2222 = ORIENTED_EDGE ( 'NONE', *, *, #5686, .F. ) ;
#2223 = DIRECTION ( 'NONE',  ( 1.449703124636599735E-16, -6.451295953902915133E-17, -1.000000000000000000 ) ) ;
#2224 = LINE ( 'NONE', #8240, #537 ) ;
#2225 = CARTESIAN_POINT ( 'NONE',  ( 39.88475575860120159, -5.000000000000000000, -3.600000000000011191 ) ) ;
#2226 = CARTESIAN_POINT ( 'NONE',  ( 0.3063669515916333519, -1.300000000000000044, -6.200000000000011724 ) ) ;
#2227 = LINE ( 'NONE', #7711, #3483 ) ;
#2228 = EDGE_CURVE ( 'NONE', #5590, #2482, #2190, .T. ) ;
#2229 = ADVANCED_FACE ( 'NONE', ( #7018 ), #2109, .F. ) ;
#2230 = VECTOR ( 'NONE', #2507, 1000.000000000000000 ) ;
#2231 = CIRCLE ( 'NONE', #784, 1.375000000000001332 ) ;
#2232 = ORIENTED_EDGE ( 'NONE', *, *, #1181, .F. ) ;
#2233 = EDGE_LOOP ( 'NONE', ( #8587, #6894, #3875, #3512, #7195, #7982 ) ) ;
#2234 = DIRECTION ( 'NONE',  ( 8.552847072295028499E-48, -1.000000000000000000, 1.722546424198833760E-16 ) ) ;
#2235 = LINE ( 'NONE', #8164, #5422 ) ;
#2236 = CIRCLE ( 'NONE', #6757, 0.3000000000000003220 ) ;
#2237 = VERTEX_POINT ( 'NONE', #6840 ) ;
#2238 = CARTESIAN_POINT ( 'NONE',  ( -12.29999999999999538, -5.000000000000000000, -17.80000000000001137 ) ) ;
#2239 = FACE_OUTER_BOUND ( 'NONE', #7425, .T. ) ;
#2240 = DIRECTION ( 'NONE',  ( 4.376737942742260047E-16, -4.500904153885760764E-18, -1.000000000000000000 ) ) ;
#2241 = LINE ( 'NONE', #6889, #7617 ) ;
#2242 = VECTOR ( 'NONE', #5048, 1000.000000000000000 ) ;
#2243 = ORIENTED_EDGE ( 'NONE', *, *, #3324, .F. ) ;
#2244 = EDGE_LOOP ( 'NONE', ( #1720, #4271, #8477, #2516 ) ) ;
#2245 = VERTEX_POINT ( 'NONE', #4821 ) ;
#2246 = CARTESIAN_POINT ( 'NONE',  ( -49.29999999999999716, -5.000000000000000000, -1.600000000000011191 ) ) ;
#2247 = DIRECTION ( 'NONE',  ( -1.235726496974089760E-16, -5.551115123125782702E-17, 1.000000000000000000 ) ) ;
#2248 = CARTESIAN_POINT ( 'NONE',  ( 57.80000000000000426, 1.300000000000000044, -12.20000000000001350 ) ) ;
#2249 = ADVANCED_FACE ( 'NONE', ( #5606 ), #4903, .F. ) ;
#2250 = FACE_OUTER_BOUND ( 'NONE', #7705, .T. ) ;
#2251 = DIRECTION ( 'NONE',  ( -3.009265538105025230E-33, 1.000000000000000000, -1.722546424198833760E-16 ) ) ;
#2252 = VECTOR ( 'NONE', #7107, 1000.000000000000000 ) ;
#2253 = PLANE ( 'NONE',  #5912 ) ;
#2254 = DIRECTION ( 'NONE',  ( 0.000000000000000000, 5.721188726109870315E-18, 1.000000000000000000 ) ) ;
#2255 = EDGE_CURVE ( 'NONE', #1710, #79, #7544, .T. ) ;
#2256 = ORIENTED_EDGE ( 'NONE', *, *, #6350, .T. ) ;
#2257 = VERTEX_POINT ( 'NONE', #4953 ) ;
#2258 = DIRECTION ( 'NONE',  ( 0.000000000000000000, 1.000000000000000000, -1.110223024625156787E-16 ) ) ;
#2259 = ORIENTED_EDGE ( 'NONE', *, *, #7187, .T. ) ;
#2260 = CARTESIAN_POINT ( 'NONE',  ( 50.00000000000000000, 5.000000000000000000, -7.000000000000013323 ) ) ;
#2261 = LINE ( 'NONE', #6910, #7581 ) ;
#2262 = EDGE_CURVE ( 'NONE', #1111, #4376, #6932, .T. ) ;
#2263 = EDGE_CURVE ( 'NONE', #114, #6200, #6888, .T. ) ;
#2264 = CARTESIAN_POINT ( 'NONE',  ( -5.885732398095194995, -5.000000000000000000, -1.100000000000010747 ) ) ;
#2265 = VERTEX_POINT ( 'NONE', #7638 ) ;
#2266 = ORIENTED_EDGE ( 'NONE', *, *, #2760, .T. ) ;
#2267 = CARTESIAN_POINT ( 'NONE',  ( -25.44791182167919530, -1.300000000000000266, -5.000000000000011546 ) ) ;
#2268 = DIRECTION ( 'NONE',  ( -1.915130657014580261E-15, -4.500904153885760764E-18, -1.000000000000000000 ) ) ;
#2269 = DIRECTION ( 'NONE',  ( -1.000000000000000000, 0.000000000000000000, 0.000000000000000000 ) ) ;
#2270 = CARTESIAN_POINT ( 'NONE',  ( 5.550000000000003375, -5.000000000000000000, -8.500000000000010658 ) ) ;
#2271 = DIRECTION ( 'NONE',  ( 0.000000000000000000, 2.997602166487921870E-16, 1.000000000000000000 ) ) ;
#2272 = EDGE_CURVE ( 'NONE', #7796, #6627, #7270, .T. ) ;
#2273 = ORIENTED_EDGE ( 'NONE', *, *, #2692, .T. ) ;
#2274 = ORIENTED_EDGE ( 'NONE', *, *, #8145, .F. ) ;
#2275 = CARTESIAN_POINT ( 'NONE',  ( 49.00000000000000000, -5.000000000000000000, -6.895195053175850575 ) ) ;
#2276 = EDGE_CURVE ( 'NONE', #594, #731, #109, .T. ) ;
#2277 = CARTESIAN_POINT ( 'NONE',  ( 3.404267601904844120, -5.000000000000000000, -3.600000000000011191 ) ) ;
#2278 = ORIENTED_EDGE ( 'NONE', *, *, #811, .T. ) ;
#2279 = DIRECTION ( 'NONE',  ( -1.000000000000000000, 0.000000000000000000, 3.469446951953611033E-15 ) ) ;
#2280 = DIRECTION ( 'NONE',  ( 1.281026566875180017E-16, 5.551115123125782702E-17, -1.000000000000000000 ) ) ;
#2281 = CARTESIAN_POINT ( 'NONE',  ( 41.38475575860120159, -5.000000000000000000, -0.5000000000000108802 ) ) ;
#2282 = CARTESIAN_POINT ( 'NONE',  ( -11.54247580599919765, -5.000000000000000000, -5.600000000000011191 ) ) ;
#2283 = EDGE_CURVE ( 'NONE', #191, #8057, #6974, .T. ) ;
#2284 = EDGE_CURVE ( 'NONE', #6792, #2366, #6309, .T. ) ;
#2285 = ORIENTED_EDGE ( 'NONE', *, *, #1237, .F. ) ;
#2286 = ORIENTED_EDGE ( 'NONE', *, *, #231, .F. ) ;
#2287 = ORIENTED_EDGE ( 'NONE', *, *, #2170, .F. ) ;
#2288 = ADVANCED_FACE ( 'NONE', ( #2146 ), #1438, .F. ) ;
#2289 = FACE_OUTER_BOUND ( 'NONE', #7640, .T. ) ;
#2290 = CARTESIAN_POINT ( 'NONE',  ( 44.88475575860120159, -5.000000000000000000, -0.5000000000000108802 ) ) ;
#2291 = DIRECTION ( 'NONE',  ( 0.000000000000000000, 0.000000000000000000, -1.000000000000000000 ) ) ;
#2292 = LINE ( 'NONE', #2905, #5156 ) ;
#2293 = CARTESIAN_POINT ( 'NONE',  ( -49.29999999999999716, -5.000000000000000000, -1.600000000000011191 ) ) ;
#2294 = CARTESIAN_POINT ( 'NONE',  ( -2.172949016875136419, -1.300000000000000044, -7.700000000000012612 ) ) ;
#2295 = CARTESIAN_POINT ( 'NONE',  ( 23.13449612337660355, 1.300000000000000044, -4.000000000000012434 ) ) ;
#2296 = VECTOR ( 'NONE', #78, 1000.000000000000114 ) ;
#2297 = EDGE_CURVE ( 'NONE', #5578, #6387, #4191, .T. ) ;
#2298 = VERTEX_POINT ( 'NONE', #3611 ) ;
#2299 = ORIENTED_EDGE ( 'NONE', *, *, #7084, .T. ) ;
#2300 = LINE ( 'NONE', #301, #871 ) ;
#2301 = EDGE_LOOP ( 'NONE', ( #8012, #124, #4878, #1731 ) ) ;
#2302 = DIRECTION ( 'NONE',  ( 0.000000000000000000, 5.721188726109870315E-18, 1.000000000000000000 ) ) ;
#2303 = FACE_OUTER_BOUND ( 'NONE', #2699, .T. ) ;
#2304 = CARTESIAN_POINT ( 'NONE',  ( -5.885732398095194995, 5.000000000000000000, -0.5000000000000125455 ) ) ;
#2305 = EDGE_CURVE ( 'NONE', #6387, #4501, #2946, .T. ) ;
#2306 = EDGE_CURVE ( 'NONE', #4573, #2151, #762, .T. ) ;
#2307 = VECTOR ( 'NONE', #5381, 1000.000000000000000 ) ;
#2308 = DIRECTION ( 'NONE',  ( -1.000000000000000000, 0.000000000000000000, 0.000000000000000000 ) ) ;
#2309 = EDGE_LOOP ( 'NONE', ( #909, #3337, #992, #7413 ) ) ;
#2310 = EDGE_LOOP ( 'NONE', ( #4369, #1511, #7635, #608, #4875, #4168, #8518, #2837, #2982, #1252, #3908, #1570, #5260, #2320, #7449, #3911, #5646, #3051, #7097 ) ) ;
#2311 = CARTESIAN_POINT ( 'NONE',  ( -7.175732398095195919, -5.000000000000000000, -3.600000000000011191 ) ) ;
#2312 = DIRECTION ( 'NONE',  ( 4.613913868572080666E-16, 1.000000000000000000, -3.417179958911196873E-16 ) ) ;
#2313 = AXIS2_PLACEMENT_3D ( 'NONE', #8178, #7301, #1233 ) ;
#2314 = CARTESIAN_POINT ( 'NONE',  ( 6.801239202814014284, -5.000000000000000000, -14.73511233789347230 ) ) ;
#2315 = LINE ( 'NONE', #8244, #8026 ) ;
#2316 = EDGE_CURVE ( 'NONE', #1161, #4137, #7694, .T. ) ;
#2317 = EDGE_CURVE ( 'NONE', #1589, #742, #7504, .T. ) ;
#2318 = EDGE_CURVE ( 'NONE', #8394, #5888, #2607, .T. ) ;
#2319 = ORIENTED_EDGE ( 'NONE', *, *, #913, .F. ) ;
#2320 = ORIENTED_EDGE ( 'NONE', *, *, #1738, .T. ) ;
#2321 = PLANE ( 'NONE',  #4746 ) ;
#2322 = LINE ( 'NONE', #5031, #8095 ) ;
#2323 = VERTEX_POINT ( 'NONE', #2454 ) ;
#2324 = DIRECTION ( 'NONE',  ( 0.000000000000000000, -1.000000000000000000, 6.167905692361988450E-17 ) ) ;
#2325 = PLANE ( 'NONE',  #3909 ) ;
#2326 = CARTESIAN_POINT ( 'NONE',  ( -41.30664724830590018, -1.300000000000000266, -4.703695419137130962 ) ) ;
#2327 = CARTESIAN_POINT ( 'NONE',  ( 15.30310462831780427, -6.200000000000000178, -10.52775174886009069 ) ) ;
#2328 = AXIS2_PLACEMENT_3D ( 'NONE', #5692, #7856, #5038 ) ;
#2329 = ORIENTED_EDGE ( 'NONE', *, *, #218, .T. ) ;
#2330 = VERTEX_POINT ( 'NONE', #5738 ) ;
#2331 = AXIS2_PLACEMENT_3D ( 'NONE', #7403, #4758, #1386 ) ;
#2332 = VERTEX_POINT ( 'NONE', #8387 ) ;
#2333 = DIRECTION ( 'NONE',  ( 0.000000000000000000, -1.998401444325281576E-16, -1.000000000000000000 ) ) ;
#2334 = PLANE ( 'NONE',  #1518 ) ;
#2335 = CARTESIAN_POINT ( 'NONE',  ( 30.66074696290820256, 5.000000000000000000, -10.50000000000001243 ) ) ;
#2336 = CYLINDRICAL_SURFACE ( 'NONE', #1046, 0.5000000000000004441 ) ;
#2337 = PLANE ( 'NONE',  #6907 ) ;
#2338 = PLANE ( 'NONE',  #6043 ) ;
#2339 = LINE ( 'NONE', #3141, #6181 ) ;
#2340 = VECTOR ( 'NONE', #312, 1000.000000000000000 ) ;
#2341 = VERTEX_POINT ( 'NONE', #421 ) ;
#2342 = ORIENTED_EDGE ( 'NONE', *, *, #4667, .T. ) ;
#2343 = DIRECTION ( 'NONE',  ( 0.000000000000000000, -2.489498125257403382E-17, 1.000000000000000000 ) ) ;
#2344 = VERTEX_POINT ( 'NONE', #8480 ) ;
#2345 = FACE_OUTER_BOUND ( 'NONE', #3390, .T. ) ;
#2346 = FACE_OUTER_BOUND ( 'NONE', #5711, .T. ) ;
#2347 = CARTESIAN_POINT ( 'NONE',  ( 26.13942544887510522, -1.300000000000000044, -6.800000000000011369 ) ) ;
#2348 = VECTOR ( 'NONE', #758, 1000.000000000000000 ) ;
#2349 = EDGE_LOOP ( 'NONE', ( #5901, #3812, #8186, #5240 ) ) ;
#2350 = ORIENTED_EDGE ( 'NONE', *, *, #5190, .T. ) ;
#2351 = ORIENTED_EDGE ( 'NONE', *, *, #3718, .F. ) ;
#2352 = DIRECTION ( 'NONE',  ( -1.000000000000000000, 3.822000509791722989E-32, -6.885104028683139761E-16 ) ) ;
#2353 = AXIS2_PLACEMENT_3D ( 'NONE', #7702, #4218, #3010 ) ;
#2354 = CARTESIAN_POINT ( 'NONE',  ( -49.80664724830590018, -4.999999999999999112, -5.203695419137130962 ) ) ;
#2355 = AXIS2_PLACEMENT_3D ( 'NONE', #5014, #1459, #3589 ) ;
#2356 = DIRECTION ( 'NONE',  ( -1.776356839400249824E-16, 1.000000000000000000, -1.776356839400250810E-16 ) ) ;
#2357 = FACE_OUTER_BOUND ( 'NONE', #4554, .T. ) ;
#2358 = VECTOR ( 'NONE', #3673, 1000.000000000000000 ) ;
#2359 = VECTOR ( 'NONE', #5620, 1000.000000000000000 ) ;
#2360 = ORIENTED_EDGE ( 'NONE', *, *, #7410, .T. ) ;
#2361 = EDGE_CURVE ( 'NONE', #6228, #1418, #4461, .T. ) ;
#2362 = EDGE_CURVE ( 'NONE', #6475, #8328, #6009, .T. ) ;
#2363 = ORIENTED_EDGE ( 'NONE', *, *, #6945, .T. ) ;
#2364 = LINE ( 'NONE', #4410, #5171 ) ;
#2365 = CYLINDRICAL_SURFACE ( 'NONE', #4580, 0.5000000000000004441 ) ;
#2366 = VERTEX_POINT ( 'NONE', #4415 ) ;
#2367 = DIRECTION ( 'NONE',  ( -0.06161043017132643990, -5.540569519655588834E-17, 0.9981002729656495154 ) ) ;
#2368 = DIRECTION ( 'NONE',  ( 0.000000000000000000, 0.000000000000000000, 1.000000000000000000 ) ) ;
#2369 = DIRECTION ( 'NONE',  ( -0.9854083480418963648, 2.621281922045528393E-18, 0.1702068964799630657 ) ) ;
#2370 = DIRECTION ( 'NONE',  ( 1.000000000000000000, 6.573840876841759206E-32, -7.298429501691750311E-48 ) ) ;
#2371 = VECTOR ( 'NONE', #7146, 1000.000000000000000 ) ;
#2372 = VECTOR ( 'NONE', #7846, 1000.000000000000000 ) ;
#2373 = ORIENTED_EDGE ( 'NONE', *, *, #8181, .T. ) ;
#2374 = EDGE_CURVE ( 'NONE', #7614, #2323, #5020, .T. ) ;
#2375 = AXIS2_PLACEMENT_3D ( 'NONE', #6444, #2452, #2279 ) ;
#2376 = ORIENTED_EDGE ( 'NONE', *, *, #4390, .F. ) ;
#2377 = ORIENTED_EDGE ( 'NONE', *, *, #986, .T. ) ;
#2378 = CARTESIAN_POINT ( 'NONE',  ( -42.79999999999999716, -5.000000000000000000, -3.600000000000011191 ) ) ;
#2379 = DIRECTION ( 'NONE',  ( -1.000000000000000000, 0.000000000000000000, 0.000000000000000000 ) ) ;
#2380 = CARTESIAN_POINT ( 'NONE',  ( 0.6000000000000041966, -5.000000000000000000, -9.000000000000008882 ) ) ;
#2381 = CARTESIAN_POINT ( 'NONE',  ( -12.40200270246849890, 5.000000000000000000, -14.83144154612523202 ) ) ;
#2382 = DIRECTION ( 'NONE',  ( 1.000000000000000000, -0.000000000000000000, 0.000000000000000000 ) ) ;
#2383 = CARTESIAN_POINT ( 'NONE',  ( 22.49654675138050308, -5.000000000000000000, -12.20000000000001172 ) ) ;
#2384 = CARTESIAN_POINT ( 'NONE',  ( 15.30203678697560399, -5.000000000000000000, -5.100000000000012079 ) ) ;
#2385 = AXIS2_PLACEMENT_3D ( 'NONE', #962, #7690, #161 ) ;
#2386 = ORIENTED_EDGE ( 'NONE', *, *, #7787, .T. ) ;
#2387 = ORIENTED_EDGE ( 'NONE', *, *, #6705, .F. ) ;
#2388 = DIRECTION ( 'NONE',  ( 0.000000000000000000, -1.000000000000000000, -6.661338147750930368E-17 ) ) ;
#2389 = VECTOR ( 'NONE', #110, 1000.000000000000000 ) ;
#2390 = DIRECTION ( 'NONE',  ( 1.000000000000000000, 0.000000000000000000, -0.000000000000000000 ) ) ;
#2391 = EDGE_CURVE ( 'NONE', #5042, #1284, #3128, .T. ) ;
#2392 = DIRECTION ( 'NONE',  ( -1.000000000000000000, -9.860761315262649757E-32, 1.094764425253763823E-47 ) ) ;
#2393 = LINE ( 'NONE', #3109, #7305 ) ;
#2394 = AXIS2_PLACEMENT_3D ( 'NONE', #2270, #1650, #7800 ) ;
#2395 = ORIENTED_EDGE ( 'NONE', *, *, #2297, .T. ) ;
#2396 = EDGE_CURVE ( 'NONE', #4689, #4006, #1793, .T. ) ;
#2397 = EDGE_LOOP ( 'NONE', ( #2329, #7808, #53, #3729 ) ) ;
#2398 = ORIENTED_EDGE ( 'NONE', *, *, #6329, .F. ) ;
#2399 = CARTESIAN_POINT ( 'NONE',  ( 25.94827798752610803, 5.000000000000000000, -6.800000000000012257 ) ) ;
#2400 = EDGE_CURVE ( 'NONE', #4212, #6573, #5785, .T. ) ;
#2401 = DIRECTION ( 'NONE',  ( 0.000000000000000000, -5.551115123125782702E-17, 1.000000000000000000 ) ) ;
#2402 = PLANE ( 'NONE',  #6211 ) ;
#2403 = DIRECTION ( 'NONE',  ( 0.000000000000000000, -5.551115123125782702E-17, 1.000000000000000000 ) ) ;
#2404 = EDGE_LOOP ( 'NONE', ( #7797, #7319, #6708, #5914 ) ) ;
#2405 = ORIENTED_EDGE ( 'NONE', *, *, #4713, .F. ) ;
#2406 = LINE ( 'NONE', #5118, #5310 ) ;
#2407 = LINE ( 'NONE', #281, #7255 ) ;
#2408 = ORIENTED_EDGE ( 'NONE', *, *, #965, .F. ) ;
#2409 = CARTESIAN_POINT ( 'NONE',  ( 9.499699182559423249, 1.300000000000000044, -7.700000000000012612 ) ) ;
#2410 = FACE_OUTER_BOUND ( 'NONE', #1773, .T. ) ;
#2411 = CARTESIAN_POINT ( 'NONE',  ( -13.92994906873569505, 5.000000000000000000, -11.20000000000001172 ) ) ;
#2412 = CARTESIAN_POINT ( 'NONE',  ( 18.10237697133560530, 5.000000000000000000, -14.90000050758565031 ) ) ;
#2413 = VERTEX_POINT ( 'NONE', #6495 ) ;
#2414 = VERTEX_POINT ( 'NONE', #4372 ) ;
#2415 = ORIENTED_EDGE ( 'NONE', *, *, #2162, .T. ) ;
#2416 = FACE_OUTER_BOUND ( 'NONE', #7956, .T. ) ;
#2417 = CARTESIAN_POINT ( 'NONE',  ( 13.72564358472555313, -1.300000000000000266, -4.000000000000011546 ) ) ;
#2418 = CARTESIAN_POINT ( 'NONE',  ( 61.40273861426600632, 3.699999999999999289, -8.937204990277056282 ) ) ;
#2419 = CARTESIAN_POINT ( 'NONE',  ( -13.92994906873569505, -7.000000000000000000, -10.70000000000001172 ) ) ;
#2420 = DIRECTION ( 'NONE',  ( 0.000000000000000000, -1.000000000000000000, 1.110223024625156787E-16 ) ) ;
#2421 = DIRECTION ( 'NONE',  ( 0.000000000000000000, 1.000000000000000000, -1.776356839400250810E-16 ) ) ;
#2422 = ADVANCED_FACE ( 'NONE', ( #7723 ), #5827, .F. ) ;
#2423 = EDGE_CURVE ( 'NONE', #221, #8097, #1132, .T. ) ;
#2424 = ORIENTED_EDGE ( 'NONE', *, *, #5220, .T. ) ;
#2425 = ORIENTED_EDGE ( 'NONE', *, *, #1117, .F. ) ;
#2426 = DIRECTION ( 'NONE',  ( -1.235726496974089760E-16, -5.551115123125782702E-17, 1.000000000000000000 ) ) ;
#2427 = FACE_OUTER_BOUND ( 'NONE', #2397, .T. ) ;
#2428 = DIRECTION ( 'NONE',  ( 1.088978830774749920E-16, -5.551115123125782702E-17, 1.000000000000000000 ) ) ;
#2429 = PLANE ( 'NONE',  #244 ) ;
#2430 = DIRECTION ( 'NONE',  ( 0.000000000000000000, 5.551115123125782702E-17, -1.000000000000000000 ) ) ;
#2431 = EDGE_CURVE ( 'NONE', #1941, #5890, #8435, .T. ) ;
#2432 = EDGE_CURVE ( 'NONE', #4907, #3558, #7065, .T. ) ;
#2433 = ORIENTED_EDGE ( 'NONE', *, *, #3752, .T. ) ;
#2434 = ORIENTED_EDGE ( 'NONE', *, *, #4046, .F. ) ;
#2435 = CIRCLE ( 'NONE', #8521, 0.4999999999999995559 ) ;
#2436 = ORIENTED_EDGE ( 'NONE', *, *, #7786, .F. ) ;
#2437 = VERTEX_POINT ( 'NONE', #2411 ) ;
#2438 = CYLINDRICAL_SURFACE ( 'NONE', #3332, 2.655556028328019735 ) ;
#2439 = CARTESIAN_POINT ( 'NONE',  ( -16.49999999999999645, 5.000000000000000000, -12.20000000000001350 ) ) ;
#2440 = PLANE ( 'NONE',  #2394 ) ;
#2441 = DIRECTION ( 'NONE',  ( 0.9981002729656495154, 0.000000000000000000, -0.06161043017132585703 ) ) ;
#2442 = EDGE_CURVE ( 'NONE', #373, #2047, #3743, .T. ) ;
#2443 = EDGE_CURVE ( 'NONE', #2139, #1576, #286, .T. ) ;
#2444 = VECTOR ( 'NONE', #3224, 1000.000000000000000 ) ;
#2445 = VERTEX_POINT ( 'NONE', #3700 ) ;
#2446 = AXIS2_PLACEMENT_3D ( 'NONE', #1897, #7083, #2390 ) ;
#2447 = ORIENTED_EDGE ( 'NONE', *, *, #6270, .T. ) ;
#2448 = DIRECTION ( 'NONE',  ( 0.000000000000000000, 1.000000000000000000, -2.220446049250318751E-17 ) ) ;
#2449 = VECTOR ( 'NONE', #3454, 1000.000000000000000 ) ;
#2450 = CARTESIAN_POINT ( 'NONE',  ( 17.18083427030600419, -5.000000000000000000, -8.307058399824374106 ) ) ;
#2451 = ORIENTED_EDGE ( 'NONE', *, *, #5589, .F. ) ;
#2452 = DIRECTION ( 'NONE',  ( 3.065340390710534620E-46, 1.000000000000000000, -1.722546424198833760E-16 ) ) ;
#2453 = CARTESIAN_POINT ( 'NONE',  ( 23.37500000000000711, -9.432032562425159227E-33, -5.000000000000012434 ) ) ;
#2454 = CARTESIAN_POINT ( 'NONE',  ( -41.30664724830590018, -4.999999999999999112, -5.203695419137130962 ) ) ;
#2455 = PLANE ( 'NONE',  #1396 ) ;
#2456 = VECTOR ( 'NONE', #5652, 1000.000000000000114 ) ;
#2457 = ORIENTED_EDGE ( 'NONE', *, *, #2092, .T. ) ;
#2458 = ORIENTED_EDGE ( 'NONE', *, *, #5315, .T. ) ;
#2459 = CARTESIAN_POINT ( 'NONE',  ( -47.29999999999999716, -5.000000000000000000, -1.100000000000010747 ) ) ;
#2460 = DIRECTION ( 'NONE',  ( -0.2873478855663469944, -5.317003977218519999E-17, 0.9578262852211508749 ) ) ;
#2461 = DIRECTION ( 'NONE',  ( 0.000000000000000000, 8.872236988727116752E-17, 1.000000000000000000 ) ) ;
#2462 = AXIS2_PLACEMENT_3D ( 'NONE', #2794, #2308, #1557 ) ;
#2463 = PLANE ( 'NONE',  #3174 ) ;
#2464 = CARTESIAN_POINT ( 'NONE',  ( 50.00000000000000000, -5.000000000000000000, -7.000000000000011546 ) ) ;
#2465 = DIRECTION ( 'NONE',  ( -0.9730848234177041922, -1.318432101928813694E-18, -0.2304472313440440456 ) ) ;
#2466 = DIRECTION ( 'NONE',  ( 0.000000000000000000, 1.000000000000000000, -1.110223024625156787E-16 ) ) ;
#2467 = AXIS2_PLACEMENT_3D ( 'NONE', #8198, #223, #6342 ) ;
#2468 = ORIENTED_EDGE ( 'NONE', *, *, #364, .F. ) ;
#2469 = ORIENTED_EDGE ( 'NONE', *, *, #795, .F. ) ;
#2470 = ORIENTED_EDGE ( 'NONE', *, *, #8524, .F. ) ;
#2471 = DIRECTION ( 'NONE',  ( -1.235726496974089760E-16, 1.110223024625156787E-16, 1.000000000000000000 ) ) ;
#2472 = EDGE_CURVE ( 'NONE', #3740, #4084, #4738, .T. ) ;
#2473 = EDGE_CURVE ( 'NONE', #1053, #1302, #3031, .T. ) ;
#2474 = FACE_OUTER_BOUND ( 'NONE', #238, .T. ) ;
#2475 = CARTESIAN_POINT ( 'NONE',  ( -18.00664724830589591, -1.300000000000000044, -9.803695419137133271 ) ) ;
#2476 = PLANE ( 'NONE',  #4202 ) ;
#2477 = AXIS2_PLACEMENT_3D ( 'NONE', #7969, #1997, #706 ) ;
#2478 = CARTESIAN_POINT ( 'NONE',  ( 7.901193869821793392, 5.000000000000000000, -7.500000000000012434 ) ) ;
#2479 = ORIENTED_EDGE ( 'NONE', *, *, #7472, .F. ) ;
#2480 = VERTEX_POINT ( 'NONE', #7658 ) ;
#2481 = AXIS2_PLACEMENT_3D ( 'NONE', #3309, #2107, #4857 ) ;
#2482 = VERTEX_POINT ( 'NONE', #5676 ) ;
#2483 = EDGE_CURVE ( 'NONE', #981, #5972, #3323, .T. ) ;
#2484 = ORIENTED_EDGE ( 'NONE', *, *, #6173, .T. ) ;
#2485 = CARTESIAN_POINT ( 'NONE',  ( -9.899999999999995026, -5.000000000000000000, -17.80000000000001137 ) ) ;
#2486 = DIRECTION ( 'NONE',  ( -4.934324553889579913E-16, -5.551115123125782702E-17, 1.000000000000000000 ) ) ;
#2487 = CARTESIAN_POINT ( 'NONE',  ( 6.601619148220884803, -5.399999999999999467, -14.72279025185920176 ) ) ;
#2488 = ORIENTED_EDGE ( 'NONE', *, *, #4358, .T. ) ;
#2489 = VECTOR ( 'NONE', #6202, 1000.000000000000000 ) ;
#2490 = VECTOR ( 'NONE', #4054, 1000.000000000000000 ) ;
#2491 = VERTEX_POINT ( 'NONE', #3510 ) ;
#2492 = PLANE ( 'NONE',  #5446 ) ;
#2493 = FACE_OUTER_BOUND ( 'NONE', #862, .T. ) ;
#2494 = ORIENTED_EDGE ( 'NONE', *, *, #2442, .F. ) ;
#2495 = DIRECTION ( 'NONE',  ( 0.000000000000000000, 1.000000000000000000, -1.722546424198833760E-16 ) ) ;
#2496 = CARTESIAN_POINT ( 'NONE',  ( -51.50664724830589591, -4.999999999999999112, -7.761614970794161295 ) ) ;
#2497 = EDGE_CURVE ( 'NONE', #5185, #4551, #2130, .T. ) ;
#2498 = LINE ( 'NONE', #1663, #4526 ) ;
#2499 = AXIS2_PLACEMENT_3D ( 'NONE', #782, #1495, #7516 ) ;
#2500 = AXIS2_PLACEMENT_3D ( 'NONE', #172, #878, #1639 ) ;
#2501 = EDGE_LOOP ( 'NONE', ( #855, #2667, #437, #6949 ) ) ;
#2502 = EDGE_CURVE ( 'NONE', #3663, #308, #4305, .T. ) ;
#2503 = EDGE_LOOP ( 'NONE', ( #1974, #4465, #6570, #177 ) ) ;
#2504 = FACE_OUTER_BOUND ( 'NONE', #6929, .T. ) ;
#2505 = VECTOR ( 'NONE', #7289, 1000.000000000000000 ) ;
#2506 = ORIENTED_EDGE ( 'NONE', *, *, #7758, .T. ) ;
#2507 = DIRECTION ( 'NONE',  ( 0.000000000000000000, 1.000000000000000000, -1.998401444325281576E-16 ) ) ;
#2508 = CARTESIAN_POINT ( 'NONE',  ( 42.51929380825580296, -1.300000000000000044, -6.800000000000011369 ) ) ;
#2509 = CIRCLE ( 'NONE', #4499, 0.1999999999999996503 ) ;
#2510 = DIRECTION ( 'NONE',  ( 0.000000000000000000, -1.000000000000000000, 1.110223024625156540E-16 ) ) ;
#2511 = ADVANCED_FACE ( 'NONE', ( #8369 ), #6206, .F. ) ;
#2512 = CARTESIAN_POINT ( 'NONE',  ( 23.98761792103010038, -1.300000000000000266, -1.500000000000011768 ) ) ;
#2513 = CARTESIAN_POINT ( 'NONE',  ( 46.38475575860120159, -5.000000000000000000, -3.600000000000011191 ) ) ;
#2514 = VECTOR ( 'NONE', #1513, 1000.000000000000000 ) ;
#2515 = VERTEX_POINT ( 'NONE', #8281 ) ;
#2516 = ORIENTED_EDGE ( 'NONE', *, *, #5970, .F. ) ;
#2517 = CARTESIAN_POINT ( 'NONE',  ( 22.00000000000000711, 0.000000000000000000, -4.000000000000012434 ) ) ;
#2518 = DIRECTION ( 'NONE',  ( 0.000000000000000000, 1.000000000000000000, -1.427429603089486840E-16 ) ) ;
#2519 = FACE_OUTER_BOUND ( 'NONE', #2541, .T. ) ;
#2520 = AXIS2_PLACEMENT_3D ( 'NONE', #7217, #5236, #4265 ) ;
#2521 = DIRECTION ( 'NONE',  ( -3.284293275761290010E-46, 1.000000000000000000, -1.722546424198833760E-16 ) ) ;
#2522 = DIRECTION ( 'NONE',  ( -0.000000000000000000, -1.000000000000000000, 1.427429603089486840E-16 ) ) ;
#2523 = EDGE_CURVE ( 'NONE', #3410, #2366, #268, .T. ) ;
#2524 = EDGE_LOOP ( 'NONE', ( #4785, #5332, #3122, #2632 ) ) ;
#2525 = CIRCLE ( 'NONE', #555, 0.5000000000000000000 ) ;
#2526 = ORIENTED_EDGE ( 'NONE', *, *, #7023, .T. ) ;
#2527 = ORIENTED_EDGE ( 'NONE', *, *, #1859, .T. ) ;
#2528 = ORIENTED_EDGE ( 'NONE', *, *, #6001, .F. ) ;
#2529 = LINE ( 'NONE', #982, #7285 ) ;
#2530 = CARTESIAN_POINT ( 'NONE',  ( -44.29999999999999716, -5.000000000000000000, -1.214306433183764966E-14 ) ) ;
#2531 = CARTESIAN_POINT ( 'NONE',  ( -50.29999999999999716, 5.000000000000000000, -5.100000000000012079 ) ) ;
#2532 = DIRECTION ( 'NONE',  ( 0.000000000000000000, 1.000000000000000000, -1.110223024625156787E-16 ) ) ;
#2533 = AXIS2_PLACEMENT_3D ( 'NONE', #2626, #3387, #554 ) ;
#2534 = ADVANCED_FACE ( 'NONE', ( #4840 ), #4883, .F. ) ;
#2535 = EDGE_CURVE ( 'NONE', #6151, #8549, #4261, .T. ) ;
#2536 = ADVANCED_FACE ( 'NONE', ( #7703 ), #6866, .T. ) ;
#2537 = ORIENTED_EDGE ( 'NONE', *, *, #7088, .F. ) ;
#2538 = ORIENTED_EDGE ( 'NONE', *, *, #8597, .F. ) ;
#2539 = DIRECTION ( 'NONE',  ( -0.3197786441581800809, 2.189146926257659589E-16, 0.9474922789871990103 ) ) ;
#2540 = CARTESIAN_POINT ( 'NONE',  ( 15.23397045891460344, 5.000000000000000000, -10.23582630183478237 ) ) ;
#2541 = EDGE_LOOP ( 'NONE', ( #418, #5810, #2974, #1742, #5600, #1337, #7921, #3588 ) ) ;
#2542 = CARTESIAN_POINT ( 'NONE',  ( 57.80000000000000426, 1.300000000000000044, -12.20000000000001350 ) ) ;
#2543 = LINE ( 'NONE', #4588, #3340 ) ;
#2544 = DIRECTION ( 'NONE',  ( -0.000000000000000000, -1.000000000000000000, 3.510705240030896601E-16 ) ) ;
#2545 = EDGE_CURVE ( 'NONE', #6629, #5272, #5866, .T. ) ;
#2546 = EDGE_LOOP ( 'NONE', ( #7284, #3693, #4316, #1327 ) ) ;
#2547 = ORIENTED_EDGE ( 'NONE', *, *, #4051, .F. ) ;
#2548 = DIRECTION ( 'NONE',  ( -1.000000000000000000, 0.000000000000000000, 0.000000000000000000 ) ) ;
#2549 = ORIENTED_EDGE ( 'NONE', *, *, #7338, .F. ) ;
#2550 = FACE_OUTER_BOUND ( 'NONE', #403, .T. ) ;
#2551 = CARTESIAN_POINT ( 'NONE',  ( -24.55208817832079760, -1.300000000000000266, -5.000000000000011546 ) ) ;
#2552 = CARTESIAN_POINT ( 'NONE',  ( -18.49999999999999645, 1.300000000000000044, -13.16832058016451334 ) ) ;
#2553 = CARTESIAN_POINT ( 'NONE',  ( 6.050000000000004263, -5.000000000000000000, -8.700000000000011724 ) ) ;
#2554 = EDGE_CURVE ( 'NONE', #6602, #7068, #4029, .T. ) ;
#2555 = EDGE_CURVE ( 'NONE', #1211, #8616, #1643, .T. ) ;
#2556 = ORIENTED_EDGE ( 'NONE', *, *, #3496, .T. ) ;
#2557 = ORIENTED_EDGE ( 'NONE', *, *, #5377, .F. ) ;
#2558 = ORIENTED_EDGE ( 'NONE', *, *, #4565, .T. ) ;
#2559 = DIRECTION ( 'NONE',  ( 1.235726496974089760E-16, 5.551115123125782702E-17, -1.000000000000000000 ) ) ;
#2560 = DIRECTION ( 'NONE',  ( -0.8448161173641048904, 0.000000000000000000, -0.5350567519822910789 ) ) ;
#2561 = CARTESIAN_POINT ( 'NONE',  ( -18.00664724830589591, -1.300000000000000044, -10.30369541913713149 ) ) ;
#2562 = DIRECTION ( 'NONE',  ( 1.000000000000000000, 0.000000000000000000, -0.000000000000000000 ) ) ;
#2563 = CARTESIAN_POINT ( 'NONE',  ( 5.750000000000004441, -5.800000000000000711, -7.700000000000011724 ) ) ;
#2564 = EDGE_CURVE ( 'NONE', #7788, #1596, #5504, .T. ) ;
#2565 = EDGE_LOOP ( 'NONE', ( #6966, #6004, #2408, #7179 ) ) ;
#2566 = ORIENTED_EDGE ( 'NONE', *, *, #2443, .T. ) ;
#2567 = ORIENTED_EDGE ( 'NONE', *, *, #1207, .T. ) ;
#2568 = ORIENTED_EDGE ( 'NONE', *, *, #6205, .T. ) ;
#2569 = DIRECTION ( 'NONE',  ( 1.000000000000000000, 0.000000000000000000, -0.000000000000000000 ) ) ;
#2570 = EDGE_CURVE ( 'NONE', #7082, #3410, #4933, .T. ) ;
#2571 = CARTESIAN_POINT ( 'NONE',  ( 57.80000000000000426, -1.300000000000000044, -12.20000000000001350 ) ) ;
#2572 = DIRECTION ( 'NONE',  ( 1.000000000000000000, 1.408680187894667965E-32, 2.537652627714639929E-16 ) ) ;
#2573 = DIRECTION ( 'NONE',  ( -1.000000000000000000, 0.000000000000000000, 0.000000000000000000 ) ) ;
#2574 = CIRCLE ( 'NONE', #3858, 0.5000000000000073275 ) ;
#2575 = ORIENTED_EDGE ( 'NONE', *, *, #3400, .F. ) ;
#2576 = EDGE_LOOP ( 'NONE', ( #821, #4596, #3063, #2679 ) ) ;
#2577 = ORIENTED_EDGE ( 'NONE', *, *, #8130, .F. ) ;
#2578 = PLANE ( 'NONE',  #7986 ) ;
#2579 = CYLINDRICAL_SURFACE ( 'NONE', #2596, 0.2000000000000006772 ) ;
#2580 = EDGE_CURVE ( 'NONE', #1691, #511, #7620, .T. ) ;
#2581 = ORIENTED_EDGE ( 'NONE', *, *, #6595, .F. ) ;
#2582 = DIRECTION ( 'NONE',  ( -1.000000000000000000, 0.000000000000000000, 0.000000000000000000 ) ) ;
#2583 = PLANE ( 'NONE',  #6024 ) ;
#2584 = EDGE_CURVE ( 'NONE', #2093, #6700, #2040, .T. ) ;
#2585 = CIRCLE ( 'NONE', #6547, 1.000000000012160273 ) ;
#2586 = FACE_OUTER_BOUND ( 'NONE', #7238, .T. ) ;
#2587 = VECTOR ( 'NONE', #1525, 1000.000000000000000 ) ;
#2588 = ORIENTED_EDGE ( 'NONE', *, *, #709, .T. ) ;
#2589 = EDGE_LOOP ( 'NONE', ( #7372, #1398 ) ) ;
#2590 = CARTESIAN_POINT ( 'NONE',  ( 39.10836255635121006, -4.999999999999999112, -5.100000000000012079 ) ) ;
#2591 = ORIENTED_EDGE ( 'NONE', *, *, #7130, .T. ) ;
#2592 = DIRECTION ( 'NONE',  ( -1.000000000000000000, 0.000000000000000000, 0.000000000000000000 ) ) ;
#2593 = PLANE ( 'NONE',  #5040 ) ;
#2594 = DIRECTION ( 'NONE',  ( 1.000000000000000000, -0.000000000000000000, 0.000000000000000000 ) ) ;
#2595 = FACE_OUTER_BOUND ( 'NONE', #3431, .T. ) ;
#2596 = AXIS2_PLACEMENT_3D ( 'NONE', #1840, #4676, #7233 ) ;
#2597 = EDGE_LOOP ( 'NONE', ( #1245, #4463, #3839, #6896 ) ) ;
#2598 = ORIENTED_EDGE ( 'NONE', *, *, #6350, .F. ) ;
#2599 = VECTOR ( 'NONE', #8222, 1000.000000000000000 ) ;
#2600 = ORIENTED_EDGE ( 'NONE', *, *, #2746, .T. ) ;
#2601 = CARTESIAN_POINT ( 'NONE',  ( 42.17779029743370245, -5.000000000000000000, -8.200000000000011724 ) ) ;
#2602 = CARTESIAN_POINT ( 'NONE',  ( 3.404267601904844120, -5.000000000000000000, -3.600000000000011191 ) ) ;
#2603 = CARTESIAN_POINT ( 'NONE',  ( -42.79999999999999716, -5.000000000000000000, -1.600000000000011191 ) ) ;
#2604 = LINE ( 'NONE', #8134, #386 ) ;
#2605 = ADVANCED_FACE ( 'NONE', ( #2924 ), #8327, .F. ) ;
#2606 = CARTESIAN_POINT ( 'NONE',  ( -6.946515026820697436, -5.000000000000000000, -4.600000000000011191 ) ) ;
#2607 = CIRCLE ( 'NONE', #1474, 0.5000000000000004441 ) ;
#2608 = ORIENTED_EDGE ( 'NONE', *, *, #4929, .F. ) ;
#2609 = ORIENTED_EDGE ( 'NONE', *, *, #7715, .F. ) ;
#2610 = CYLINDRICAL_SURFACE ( 'NONE', #889, 0.5000000000000004441 ) ;
#2611 = VECTOR ( 'NONE', #4264, 1000.000000000000000 ) ;
#2612 = ORIENTED_EDGE ( 'NONE', *, *, #4892, .T. ) ;
#2613 = LINE ( 'NONE', #4577, #6446 ) ;
#2614 = DIRECTION ( 'NONE',  ( 0.000000000000000000, 5.551115123125782702E-17, -1.000000000000000000 ) ) ;
#2615 = CARTESIAN_POINT ( 'NONE',  ( -13.92994906873569505, -5.000000000000000000, -10.70000000000001172 ) ) ;
#2616 = VECTOR ( 'NONE', #2461, 1000.000000000000000 ) ;
#2617 = ORIENTED_EDGE ( 'NONE', *, *, #8322, .T. ) ;
#2618 = ORIENTED_EDGE ( 'NONE', *, *, #8258, .F. ) ;
#2619 = ORIENTED_EDGE ( 'NONE', *, *, #520, .T. ) ;
#2620 = LINE ( 'NONE', #2750, #3601 ) ;
#2621 = FACE_OUTER_BOUND ( 'NONE', #2524, .T. ) ;
#2622 = ORIENTED_EDGE ( 'NONE', *, *, #7252, .T. ) ;
#2623 = DIRECTION ( 'NONE',  ( 1.642146637880644762E-47, -1.000000000000000000, 1.722546424198833760E-16 ) ) ;
#2624 = CARTESIAN_POINT ( 'NONE',  ( -5.885732398095194995, 5.000000000000000000, -1.600000000000012079 ) ) ;
#2625 = PRESENTATION_LAYER_ASSIGNMENT (  '', '', ( #922 ) ) ;
#2626 = CARTESIAN_POINT ( 'NONE',  ( 61.00000000000000711, -9.000000000000001776, -9.852520022699817304 ) ) ;
#2627 = EDGE_CURVE ( 'NONE', #3473, #1941, #87, .T. ) ;
#2628 = AXIS2_PLACEMENT_3D ( 'NONE', #2844, #1069, #3779 ) ;
#2629 = EDGE_CURVE ( 'NONE', #2050, #5890, #3638, .T. ) ;
#2630 = VECTOR ( 'NONE', #592, 1000.000000000000000 ) ;
#2631 = EDGE_LOOP ( 'NONE', ( #646, #7482 ) ) ;
#2632 = ORIENTED_EDGE ( 'NONE', *, *, #5087, .F. ) ;
#2633 = DIRECTION ( 'NONE',  ( 0.000000000000000000, 0.000000000000000000, -1.000000000000000000 ) ) ;
#2634 = VERTEX_POINT ( 'NONE', #6304 ) ;
#2635 = CARTESIAN_POINT ( 'NONE',  ( 18.10237697133560530, -5.000000000000000000, -14.90000050758565031 ) ) ;
#2636 = CARTESIAN_POINT ( 'NONE',  ( 46.38475575860120159, -5.000000000000000000, -1.600000000000011191 ) ) ;
#2637 = LINE ( 'NONE', #2552, #3592 ) ;
#2638 = DIRECTION ( 'NONE',  ( 1.000000000000000000, -0.000000000000000000, 0.000000000000000000 ) ) ;
#2639 = VECTOR ( 'NONE', #5329, 1000.000000000000000 ) ;
#2640 = CIRCLE ( 'NONE', #2355, 0.5000000000000000000 ) ;
#2641 = EDGE_CURVE ( 'NONE', #3412, #4686, #487, .T. ) ;
#2642 = EDGE_CURVE ( 'NONE', #814, #1558, #4185, .T. ) ;
#2643 = ORIENTED_EDGE ( 'NONE', *, *, #1536, .F. ) ;
#2644 = AXIS2_PLACEMENT_3D ( 'NONE', #390, #7825, #5752 ) ;
#2645 = EDGE_LOOP ( 'NONE', ( #2195, #6443, #2925, #3112 ) ) ;
#2646 = CIRCLE ( 'NONE', #3641, 0.5000000000000004441 ) ;
#2647 = EDGE_CURVE ( 'NONE', #6151, #5983, #2744, .T. ) ;
#2648 = ORIENTED_EDGE ( 'NONE', *, *, #783, .F. ) ;
#2649 = CARTESIAN_POINT ( 'NONE',  ( -50.80664724830590018, -1.300000000000000266, -1.603695419137131761 ) ) ;
#2650 = DIRECTION ( 'NONE',  ( -1.000000000000000000, 6.893516140529686860E-33, -1.241825468870479899E-16 ) ) ;
#2651 = CARTESIAN_POINT ( 'NONE',  ( -10.32674248658969596, -5.000000000000000000, -17.80000000000001137 ) ) ;
#2652 = LINE ( 'NONE', #6019, #8304 ) ;
#2653 = PLANE ( 'NONE',  #4200 ) ;
#2654 = VECTOR ( 'NONE', #2403, 1000.000000000000000 ) ;
#2655 = ORIENTED_EDGE ( 'NONE', *, *, #7009, .T. ) ;
#2656 = EDGE_CURVE ( 'NONE', #6804, #1208, #4898, .T. ) ;
#2657 = LINE ( 'NONE', #6732, #8673 ) ;
#2658 = CIRCLE ( 'NONE', #4932, 0.5000000000000004441 ) ;
#2659 = ORIENTED_EDGE ( 'NONE', *, *, #8232, .F. ) ;
#2660 = FACE_OUTER_BOUND ( 'NONE', #3950, .T. ) ;
#2661 = PLANE ( 'NONE',  #7021 ) ;
#2662 = CARTESIAN_POINT ( 'NONE',  ( 30.49654675138050663, -5.000000000000000000, -9.500000000000012434 ) ) ;
#2663 = LINE ( 'NONE', #2129, #1785 ) ;
#2664 = AXIS2_PLACEMENT_3D ( 'NONE', #6768, #4119, #698 ) ;
#2665 = EDGE_CURVE ( 'NONE', #6034, #1009, #810, .T. ) ;
#2666 = ADVANCED_FACE ( 'NONE', ( #146 ), #5685, .T. ) ;
#2667 = ORIENTED_EDGE ( 'NONE', *, *, #6325, .T. ) ;
#2668 = EDGE_LOOP ( 'NONE', ( #883, #3607, #837, #7948 ) ) ;
#2669 = CYLINDRICAL_SURFACE ( 'NONE', #3895, 0.5000000000000004441 ) ;
#2670 = DIRECTION ( 'NONE',  ( 0.9887155042247666170, -1.663173814536677689E-17, -0.1498053794279949336 ) ) ;
#2671 = AXIS2_PLACEMENT_3D ( 'NONE', #432, #5098, #3804 ) ;
#2672 = ORIENTED_EDGE ( 'NONE', *, *, #1924, .F. ) ;
#2673 = CARTESIAN_POINT ( 'NONE',  ( 0.6000000000000041966, 5.000000000000000000, -9.000000000000010658 ) ) ;
#2674 = FACE_OUTER_BOUND ( 'NONE', #8771, .T. ) ;
#2675 = DIRECTION ( 'NONE',  ( 0.000000000000000000, 1.000000000000000000, -1.110223024625156787E-16 ) ) ;
#2676 = DIRECTION ( 'NONE',  ( 1.000000000000000000, 0.000000000000000000, 0.000000000000000000 ) ) ;
#2677 = VECTOR ( 'NONE', #3518, 1000.000000000000000 ) ;
#2678 = ORIENTED_EDGE ( 'NONE', *, *, #7561, .T. ) ;
#2679 = ORIENTED_EDGE ( 'NONE', *, *, #5754, .T. ) ;
#2680 = CARTESIAN_POINT ( 'NONE',  ( 19.50310462831780356, 5.000000000000000000, -13.20000000000001172 ) ) ;
#2681 = VERTEX_POINT ( 'NONE', #4317 ) ;
#2682 = LINE ( 'NONE', #4690, #4215 ) ;
#2683 = DIRECTION ( 'NONE',  ( 0.9911942970274708609, 0.000000000000000000, -0.1324155033982729879 ) ) ;
#2684 = CARTESIAN_POINT ( 'NONE',  ( 46.38475575860120159, 1.300000000000000044, -5.100000000000012079 ) ) ;
#2685 = CARTESIAN_POINT ( 'NONE',  ( 13.72564358472555313, -4.999999999999999112, -4.000000000000011546 ) ) ;
#2686 = EDGE_LOOP ( 'NONE', ( #8599, #8538, #2991, #7039 ) ) ;
#2687 = ORIENTED_EDGE ( 'NONE', *, *, #3303, .T. ) ;
#2688 = ORIENTED_EDGE ( 'NONE', *, *, #7568, .T. ) ;
#2689 = CARTESIAN_POINT ( 'NONE',  ( -42.79999999999999716, -5.000000000000000000, -3.600000000000011191 ) ) ;
#2690 = CARTESIAN_POINT ( 'NONE',  ( 1.614267601904844085, -5.000000000000000000, -1.214306433183764966E-14 ) ) ;
#2691 = CARTESIAN_POINT ( 'NONE',  ( -50.79999999999999716, 1.300000000000000044, -1.500000000000012657 ) ) ;
#2692 = EDGE_CURVE ( 'NONE', #2344, #3156, #8382, .T. ) ;
#2693 = LINE ( 'NONE', #1190, #6328 ) ;
#2694 = EDGE_CURVE ( 'NONE', #1304, #102, #4366, .T. ) ;
#2695 = FACE_OUTER_BOUND ( 'NONE', #3369, .T. ) ;
#2696 = EDGE_CURVE ( 'NONE', #1304, #4907, #5558, .T. ) ;
#2697 = ORIENTED_EDGE ( 'NONE', *, *, #5728, .T. ) ;
#2698 = CARTESIAN_POINT ( 'NONE',  ( -42.79999999999999716, -5.000000000000000000, -1.600000000000011191 ) ) ;
#2699 = EDGE_LOOP ( 'NONE', ( #2488, #5868, #444, #7050 ) ) ;
#2700 = DIRECTION ( 'NONE',  ( 1.000000000000000000, 3.944304526105063625E-32, -7.105427357601010142E-16 ) ) ;
#2701 = CARTESIAN_POINT ( 'NONE',  ( 14.80203678697560399, -5.000000000000000000, -6.300000000000011369 ) ) ;
#2702 = CARTESIAN_POINT ( 'NONE',  ( 23.37500000000000711, -9.432032562425159227E-33, -5.000000000000012434 ) ) ;
#2703 = ADVANCED_FACE ( 'NONE', ( #7585 ), #2321, .T. ) ;
#2704 = ORIENTED_EDGE ( 'NONE', *, *, #8053, .F. ) ;
#2705 = ORIENTED_EDGE ( 'NONE', *, *, #2263, .T. ) ;
#2706 = CARTESIAN_POINT ( 'NONE',  ( -20.09767825600929925, 1.300000000000000044, -13.16832058016451334 ) ) ;
#2707 = DIRECTION ( 'NONE',  ( 1.000000000000000000, 0.000000000000000000, 0.000000000000000000 ) ) ;
#2708 = EDGE_LOOP ( 'NONE', ( #1559, #3175, #7341, #4540 ) ) ;
#2709 = DIRECTION ( 'NONE',  ( 1.000000000000000000, 0.000000000000000000, -0.000000000000000000 ) ) ;
#2710 = LINE ( 'NONE', #3386, #1075 ) ;
#2711 = FACE_OUTER_BOUND ( 'NONE', #7351, .T. ) ;
#2712 = DIRECTION ( 'NONE',  ( 0.000000000000000000, 5.551115123125782702E-17, -1.000000000000000000 ) ) ;
#2713 = VECTOR ( 'NONE', #7041, 1000.000000000000000 ) ;
#2714 = EDGE_CURVE ( 'NONE', #6121, #1710, #7013, .T. ) ;
#2715 = ORIENTED_EDGE ( 'NONE', *, *, #3398, .T. ) ;
#2716 = AXIS2_PLACEMENT_3D ( 'NONE', #4741, #3942, #4697 ) ;
#2717 = EDGE_LOOP ( 'NONE', ( #3737, #7155, #3834, #5992 ) ) ;
#2718 = DIRECTION ( 'NONE',  ( 0.000000000000000000, 1.000000000000000000, -1.744636181553817632E-16 ) ) ;
#2719 = ORIENTED_EDGE ( 'NONE', *, *, #8567, .T. ) ;
#2720 = DIRECTION ( 'NONE',  ( -0.8368917562231984464, -0.5473684210526310601, 1.826024711554533667E-16 ) ) ;
#2721 = CYLINDRICAL_SURFACE ( 'NONE', #8424, 1.000000000000000222 ) ;
#2722 = PLANE ( 'NONE',  #892 ) ;
#2723 = DIRECTION ( 'NONE',  ( 1.000000000000000000, 1.075109716588967856E-31, -1.936745487604990079E-15 ) ) ;
#2724 = VECTOR ( 'NONE', #7061, 1000.000000000000000 ) ;
#2725 = ORIENTED_EDGE ( 'NONE', *, *, #6706, .T. ) ;
#2726 = ORIENTED_EDGE ( 'NONE', *, *, #2805, .F. ) ;
#2727 = EDGE_LOOP ( 'NONE', ( #6709, #6239, #2458, #3476 ) ) ;
#2728 = DIRECTION ( 'NONE',  ( -1.000000000000000000, 0.000000000000000000, 0.000000000000000000 ) ) ;
#2729 = ADVANCED_FACE ( 'NONE', ( #2811 ), #1568, .F. ) ;
#2730 = DIRECTION ( 'NONE',  ( -0.2873478855663391118, -2.384506741380322965E-17, 0.9578262852211533174 ) ) ;
#2731 = CARTESIAN_POINT ( 'NONE',  ( 15.30203678697560399, -5.000000000000000000, -6.800000000000010481 ) ) ;
#2732 = CARTESIAN_POINT ( 'NONE',  ( -13.35989813747139365, 1.300000000000000044, -3.600000000000012079 ) ) ;
#2733 = CARTESIAN_POINT ( 'NONE',  ( 9.240846643908374958, -4.999999999999999112, -6.200000000000010836 ) ) ;
#2734 = VECTOR ( 'NONE', #6585, 1000.000000000000000 ) ;
#2735 = ADVANCED_FACE ( 'NONE', ( #2141 ), #4234, .F. ) ;
#2736 = EDGE_CURVE ( 'NONE', #5471, #2480, #6927, .T. ) ;
#2737 = VERTEX_POINT ( 'NONE', #897 ) ;
#2738 = DIRECTION ( 'NONE',  ( -1.000000000000000000, 5.800447832507438297E-33, -1.044915787882500012E-16 ) ) ;
#2739 = ORIENTED_EDGE ( 'NONE', *, *, #6935, .F. ) ;
#2740 = ADVANCED_FACE ( 'NONE', ( #7539 ), #6260, .F. ) ;
#2741 = DIRECTION ( 'NONE',  ( -2.736911063134434789E-46, -1.000000000000000000, 1.722546424198833760E-16 ) ) ;
#2742 = PRODUCT_RELATED_PRODUCT_CATEGORY ( 'part', '', ( #2898 ) ) ;
#2743 = DIRECTION ( 'NONE',  ( 1.000000000000000000, 0.000000000000000000, -0.000000000000000000 ) ) ;
#2744 = CIRCLE ( 'NONE', #3890, 0.2000000000000005107 ) ;
#2745 = DIRECTION ( 'NONE',  ( 0.000000000000000000, 1.000000000000000000, -1.720845688168992933E-16 ) ) ;
#2746 = EDGE_CURVE ( 'NONE', #6262, #7610, #5647, .T. ) ;
#2747 = VECTOR ( 'NONE', #5417, 1000.000000000000000 ) ;
#2748 = ORIENTED_EDGE ( 'NONE', *, *, #5400, .T. ) ;
#2749 = VERTEX_POINT ( 'NONE', #7673 ) ;
#2750 = CARTESIAN_POINT ( 'NONE',  ( 50.00000000000000000, 5.000000000000000000, -7.000000000000013323 ) ) ;
#2751 = DIRECTION ( 'NONE',  ( 0.000000000000000000, 1.000000000000000000, -1.110223024625156787E-16 ) ) ;
#2752 = VERTEX_POINT ( 'NONE', #3832 ) ;
#2753 = CARTESIAN_POINT ( 'NONE',  ( -50.80664724830590018, -1.300000000000000266, -1.603695419137131761 ) ) ;
#2754 = PLANE ( 'NONE',  #6874 ) ;
#2755 = DIRECTION ( 'NONE',  ( 1.000000000000000000, 0.000000000000000000, -0.000000000000000000 ) ) ;
#2756 = DIRECTION ( 'NONE',  ( 0.000000000000000000, 1.000000000000000000, -1.110223024625156787E-16 ) ) ;
#2757 = AXIS2_PLACEMENT_3D ( 'NONE', #8354, #6410, #2291 ) ;
#2758 = ORIENTED_EDGE ( 'NONE', *, *, #2213, .T. ) ;
#2759 = ORIENTED_EDGE ( 'NONE', *, *, #1440, .F. ) ;
#2760 = EDGE_CURVE ( 'NONE', #5461, #4455, #5915, .T. ) ;
#2761 = LINE ( 'NONE', #6928, #4862 ) ;
#2762 = ORIENTED_EDGE ( 'NONE', *, *, #7786, .T. ) ;
#2763 = CARTESIAN_POINT ( 'NONE',  ( -44.79999999999999005, -5.000000000000000000, -1.600000000000011191 ) ) ;
#2764 = DIRECTION ( 'NONE',  ( 0.000000000000000000, 1.000000000000000000, -1.998401444325281576E-16 ) ) ;
#2765 = DIRECTION ( 'NONE',  ( 1.000000000000000000, 0.000000000000000000, 0.000000000000000000 ) ) ;
#2766 = CARTESIAN_POINT ( 'NONE',  ( 19.50118481382170188, -4.999999999999999112, -16.60000000000001208 ) ) ;
#2767 = CIRCLE ( 'NONE', #8571, 0.1999999999999987899 ) ;
#2768 = EDGE_CURVE ( 'NONE', #1144, #8560, #2364, .T. ) ;
#2769 = VERTEX_POINT ( 'NONE', #321 ) ;
#2770 = ORIENTED_EDGE ( 'NONE', *, *, #2545, .T. ) ;
#2771 = ORIENTED_EDGE ( 'NONE', *, *, #4667, .F. ) ;
#2772 = ADVANCED_FACE ( 'NONE', ( #7806 ), #6529, .F. ) ;
#2773 = DIRECTION ( 'NONE',  ( 0.000000000000000000, -5.551115123125782702E-17, 1.000000000000000000 ) ) ;
#2774 = VECTOR ( 'NONE', #1249, 1000.000000000000000 ) ;
#2775 = CARTESIAN_POINT ( 'NONE',  ( 21.94142744032280490, -5.000000000000000000, -5.100000000000012079 ) ) ;
#2776 = CIRCLE ( 'NONE', #1506, 0.5000000000000004441 ) ;
#2777 = CARTESIAN_POINT ( 'NONE',  ( -3.914096478224096121, 5.000000000000000000, -4.600000000000012079 ) ) ;
#2778 = CARTESIAN_POINT ( 'NONE',  ( -24.99999999999999289, 0.000000000000000000, -5.000000000000012434 ) ) ;
#2779 = CARTESIAN_POINT ( 'NONE',  ( 48.50000000000000000, -5.000000000000000000, -1.500000000000011768 ) ) ;
#2780 = DIRECTION ( 'NONE',  ( 0.000000000000000000, 1.000000000000000000, -1.998401444325281576E-16 ) ) ;
#2781 = VECTOR ( 'NONE', #8310, 1000.000000000000000 ) ;
#2782 = VECTOR ( 'NONE', #2420, 1000.000000000000000 ) ;
#2783 = ORIENTED_EDGE ( 'NONE', *, *, #5839, .F. ) ;
#2784 = ORIENTED_EDGE ( 'NONE', *, *, #3893, .T. ) ;
#2785 = LINE ( 'NONE', #4705, #5410 ) ;
#2786 = VERTEX_POINT ( 'NONE', #3166 ) ;
#2787 = CYLINDRICAL_SURFACE ( 'NONE', #2757, 0.5000000000000004441 ) ;
#2788 = AXIS2_PLACEMENT_3D ( 'NONE', #5561, #8252, #6263 ) ;
#2789 = LINE ( 'NONE', #216, #3777 ) ;
#2790 = VECTOR ( 'NONE', #1472, 1000.000000000000000 ) ;
#2791 = LINE ( 'NONE', #1999, #7725 ) ;
#2792 = ADVANCED_FACE ( 'NONE', ( #6571 ), #5253, .F. ) ;
#2793 = AXIS2_PLACEMENT_3D ( 'NONE', #5256, #7983, #591 ) ;
#2794 = CARTESIAN_POINT ( 'NONE',  ( 14.80203678697560399, -5.000000000000000000, -6.800000000000010481 ) ) ;
#2795 = ORIENTED_EDGE ( 'NONE', *, *, #7294, .F. ) ;
#2796 = ORIENTED_EDGE ( 'NONE', *, *, #6727, .F. ) ;
#2797 = CARTESIAN_POINT ( 'NONE',  ( 41.38475575860120159, 5.000000000000000000, -1.600000000000012079 ) ) ;
#2798 = LINE ( 'NONE', #1468, #4015 ) ;
#2799 = DIRECTION ( 'NONE',  ( 5.473822126268819114E-48, 1.000000000000000000, -1.722546424198833760E-16 ) ) ;
#2800 = DIRECTION ( 'NONE',  ( -0.000000000000000000, -1.000000000000000000, 1.722546424198833760E-16 ) ) ;
#2801 = CARTESIAN_POINT ( 'NONE',  ( -50.30664724830590018, -1.300000000000000266, -4.703695419137130962 ) ) ;
#2802 = CARTESIAN_POINT ( 'NONE',  ( 48.50000000000000000, -5.000000000000000000, -1.500000000000011768 ) ) ;
#2803 = ADVANCED_FACE ( 'NONE', ( #3026 ), #8609, .F. ) ;
#2804 = AXIS2_PLACEMENT_3D ( 'NONE', #1413, #5976, #5364 ) ;
#2805 = EDGE_CURVE ( 'NONE', #6604, #4855, #3876, .T. ) ;
#2806 = EDGE_CURVE ( 'NONE', #6764, #6614, #1031, .T. ) ;
#2807 = ADVANCED_FACE ( 'NONE', ( #7939 ), #502, .F. ) ;
#2808 = ORIENTED_EDGE ( 'NONE', *, *, #631, .F. ) ;
#2809 = VECTOR ( 'NONE', #2947, 1000.000000000000000 ) ;
#2810 = VERTEX_POINT ( 'NONE', #5163 ) ;
#2811 = FACE_OUTER_BOUND ( 'NONE', #2131, .T. ) ;
#2812 = LINE ( 'NONE', #898, #5142 ) ;
#2813 = ORIENTED_EDGE ( 'NONE', *, *, #4754, .F. ) ;
#2814 = LINE ( 'NONE', #1571, #7740 ) ;
#2815 = DIRECTION ( 'NONE',  ( -1.000000000000000000, 0.000000000000000000, 0.000000000000000000 ) ) ;
#2816 = DIRECTION ( 'NONE',  ( 0.000000000000000000, 1.000000000000000000, -1.998401444325281576E-16 ) ) ;
#2817 = LINE ( 'NONE', #6136, #6912 ) ;
#2818 = AXIS2_PLACEMENT_3D ( 'NONE', #5922, #1168, #8035 ) ;
#2819 = ORIENTED_EDGE ( 'NONE', *, *, #5694, .T. ) ;
#2820 = ORIENTED_EDGE ( 'NONE', *, *, #3272, .F. ) ;
#2821 = ORIENTED_EDGE ( 'NONE', *, *, #7763, .F. ) ;
#2822 = CARTESIAN_POINT ( 'NONE',  ( 49.50000000000000000, 5.000000000000000000, -1.387778780781445676E-14 ) ) ;
#2823 = PLANE ( 'NONE',  #1509 ) ;
#2824 = FACE_OUTER_BOUND ( 'NONE', #2727, .T. ) ;
#2825 = DIRECTION ( 'NONE',  ( 1.000000000000000000, -1.379593671770062908E-32, 2.485255018442539872E-16 ) ) ;
#2826 = DIRECTION ( 'NONE',  ( 0.000000000000000000, 1.000000000000000000, -1.722546424198833760E-16 ) ) ;
#2827 = ADVANCED_FACE ( 'NONE', ( #1743 ), #2492, .F. ) ;
#2828 = CARTESIAN_POINT ( 'NONE',  ( -15.99999999999999645, -5.000000000000000000, -12.70000000000001172 ) ) ;
#2829 = ORIENTED_EDGE ( 'NONE', *, *, #1235, .T. ) ;
#2830 = ORIENTED_EDGE ( 'NONE', *, *, #8368, .T. ) ;
#2831 = DIRECTION ( 'NONE',  ( 1.000000000000000000, 0.000000000000000000, -0.000000000000000000 ) ) ;
#2832 = EDGE_LOOP ( 'NONE', ( #3315, #6880 ) ) ;
#2833 = LINE ( 'NONE', #925, #8582 ) ;
#2834 = EDGE_CURVE ( 'NONE', #2103, #7769, #1209, .T. ) ;
#2835 = FACE_OUTER_BOUND ( 'NONE', #566, .T. ) ;
#2836 = DIRECTION ( 'NONE',  ( 1.000000000000000000, -0.000000000000000000, 0.000000000000000000 ) ) ;
#2837 = ORIENTED_EDGE ( 'NONE', *, *, #2981, .T. ) ;
#2838 = ORIENTED_EDGE ( 'NONE', *, *, #7668, .F. ) ;
#2839 = DIRECTION ( 'NONE',  ( -1.776356839400249824E-16, -1.000000000000000000, 1.110223024625156787E-16 ) ) ;
#2840 = DIRECTION ( 'NONE',  ( 1.000000000000000000, 0.000000000000000000, -0.000000000000000000 ) ) ;
#2841 = DIRECTION ( 'NONE',  ( 4.111937128241314745E-17, 1.000000000000000000, -1.110223024625157033E-16 ) ) ;
#2842 = DIRECTION ( 'NONE',  ( 0.000000000000000000, 0.000000000000000000, -1.000000000000000000 ) ) ;
#2843 = FACE_OUTER_BOUND ( 'NONE', #1065, .T. ) ;
#2844 = CARTESIAN_POINT ( 'NONE',  ( -24.99999999999999289, 0.000000000000000000, -5.000000000000012434 ) ) ;
#2845 = ORIENTED_EDGE ( 'NONE', *, *, #1186, .T. ) ;
#2846 = EDGE_CURVE ( 'NONE', #2634, #7082, #7192, .T. ) ;
#2847 = EDGE_CURVE ( 'NONE', #999, #4935, #7767, .T. ) ;
#2848 = VERTEX_POINT ( 'NONE', #4502 ) ;
#2849 = CARTESIAN_POINT ( 'NONE',  ( -53.00000000000000000, -5.000000000000000000, -1.214306433183764966E-14 ) ) ;
#2850 = LINE ( 'NONE', #4145, #2865 ) ;
#2851 = ORIENTED_EDGE ( 'NONE', *, *, #8465, .T. ) ;
#2852 = LINE ( 'NONE', #8167, #8452 ) ;
#2853 = LINE ( 'NONE', #4990, #4896 ) ;
#2854 = VECTOR ( 'NONE', #4256, 1000.000000000000000 ) ;
#2855 = CARTESIAN_POINT ( 'NONE',  ( -24.55208817832079760, 1.300000000000000044, -5.000000000000012434 ) ) ;
#2856 = LINE ( 'NONE', #7639, #1684 ) ;
#2857 = ORIENTED_EDGE ( 'NONE', *, *, #67, .T. ) ;
#2858 = ORIENTED_EDGE ( 'NONE', *, *, #6860, .F. ) ;
#2859 = ORIENTED_EDGE ( 'NONE', *, *, #1698, .F. ) ;
#2860 = DIRECTION ( 'NONE',  ( 0.000000000000000000, -1.000000000000000000, 1.110223024625156787E-16 ) ) ;
#2861 = DIRECTION ( 'NONE',  ( 0.000000000000000000, 5.721188726109870315E-18, 1.000000000000000000 ) ) ;
#2862 = DIRECTION ( 'NONE',  ( 0.000000000000000000, -1.000000000000000000, 1.110223024625156787E-16 ) ) ;
#2863 = LINE ( 'NONE', #6371, #4657 ) ;
#2864 = DIRECTION ( 'NONE',  ( 1.184237892933500047E-15, 5.551115123125782702E-17, -1.000000000000000000 ) ) ;
#2865 = VECTOR ( 'NONE', #2890, 1000.000000000000000 ) ;
#2866 = CARTESIAN_POINT ( 'NONE',  ( -44.29999999999999716, 5.000000000000000000, -1.600000000000012079 ) ) ;
#2867 = ORIENTED_EDGE ( 'NONE', *, *, #3981, .F. ) ;
#2868 = VECTOR ( 'NONE', #7473, 999.9999999999998863 ) ;
#2869 = ORIENTED_EDGE ( 'NONE', *, *, #3566, .F. ) ;
#2870 = DIRECTION ( 'NONE',  ( -1.000000000000000000, 0.000000000000000000, 0.000000000000000000 ) ) ;
#2871 = ORIENTED_EDGE ( 'NONE', *, *, #2834, .T. ) ;
#2872 = EDGE_CURVE ( 'NONE', #6050, #8611, #4453, .T. ) ;
#2873 = DIRECTION ( 'NONE',  ( 0.06161043017132653704, 5.540569519655588834E-17, -0.9981002729656495154 ) ) ;
#2874 = CARTESIAN_POINT ( 'NONE',  ( 4.500000000000003553, -5.000000000000000000, -9.000000000000010658 ) ) ;
#2875 = CIRCLE ( 'NONE', #8106, 0.2999999999999999334 ) ;
#2876 = CARTESIAN_POINT ( 'NONE',  ( 30.49654675138050663, 5.000000000000000000, -9.500000000000012434 ) ) ;
#2877 = ORIENTED_EDGE ( 'NONE', *, *, #6386, .T. ) ;
#2878 = VECTOR ( 'NONE', #8236, 1000.000000000000000 ) ;
#2879 = EDGE_LOOP ( 'NONE', ( #6303, #8540, #4065, #1871 ) ) ;
#2880 = PLANE ( 'NONE',  #7847 ) ;
#2881 = EDGE_CURVE ( 'NONE', #6938, #4842, #4542, .T. ) ;
#2882 = DIRECTION ( 'NONE',  ( 0.9983713344239766307, -6.333799100589962695E-19, 0.05704979053851278598 ) ) ;
#2883 = DIRECTION ( 'NONE',  ( 0.000000000000000000, -5.721188726109870315E-18, -1.000000000000000000 ) ) ;
#2884 = CARTESIAN_POINT ( 'NONE',  ( 5.750000000000004441, 5.000000000000000000, -7.500000000000012434 ) ) ;
#2885 = CARTESIAN_POINT ( 'NONE',  ( 38.60836255635121006, -4.999999999999999112, -4.600000000000011191 ) ) ;
#2886 = VECTOR ( 'NONE', #3658, 1000.000000000000000 ) ;
#2887 = ORIENTED_EDGE ( 'NONE', *, *, #3469, .T. ) ;
#2888 = VERTEX_POINT ( 'NONE', #3075 ) ;
#2889 = CARTESIAN_POINT ( 'NONE',  ( 5.127874399654833049, -1.300000000000000266, -1.500000000000011768 ) ) ;
#2890 = DIRECTION ( 'NONE',  ( 0.000000000000000000, 1.000000000000000000, -1.110223024625156787E-16 ) ) ;
#2891 = ORIENTED_EDGE ( 'NONE', *, *, #2284, .F. ) ;
#2892 = DIRECTION ( 'NONE',  ( -0.9578262852211508749, 4.949700727834061158E-17, 0.2873478855663469944 ) ) ;
#2893 = DIRECTION ( 'NONE',  ( 1.000000000000000000, -0.000000000000000000, 0.000000000000000000 ) ) ;
#2894 = VECTOR ( 'NONE', #2448, 1000.000000000000000 ) ;
#2895 = DIRECTION ( 'NONE',  ( -0.000000000000000000, -1.000000000000000000, 1.722546424198833760E-16 ) ) ;
#2896 = LINE ( 'NONE', #4110, #3660 ) ;
#2897 = EDGE_CURVE ( 'NONE', #7508, #3293, #7232, .T. ) ;
#2898 = PRODUCT ( 'Bracket DRG-03', 'Bracket DRG-03', '', ( #3376 ) ) ;
#2899 = AXIS2_PLACEMENT_3D ( 'NONE', #8445, #3666, #4800 ) ;
#2900 = ORIENTED_EDGE ( 'NONE', *, *, #2694, .T. ) ;
#2901 = ORIENTED_EDGE ( 'NONE', *, *, #3602, .F. ) ;
#2902 = VERTEX_POINT ( 'NONE', #8475 ) ;
#2903 = LINE ( 'NONE', #4247, #1303 ) ;
#2904 = LINE ( 'NONE', #3575, #2078 ) ;
#2905 = CARTESIAN_POINT ( 'NONE',  ( -8.182379646400995910, -1.300000000000000266, -1.603695419137131761 ) ) ;
#2906 = CARTESIAN_POINT ( 'NONE',  ( 9.049699182559423960, 5.000000000000000000, -6.200000000000012612 ) ) ;
#2907 = DIRECTION ( 'NONE',  ( 0.000000000000000000, 0.000000000000000000, -1.000000000000000000 ) ) ;
#2908 = VECTOR ( 'NONE', #2945, 1000.000000000000000 ) ;
#2909 = CARTESIAN_POINT ( 'NONE',  ( -15.21979627494279441, 1.300000000000000044, -9.700000000000011724 ) ) ;
#2910 = EDGE_CURVE ( 'NONE', #3983, #76, #2406, .T. ) ;
#2911 = EDGE_CURVE ( 'NONE', #6351, #6539, #7418, .T. ) ;
#2912 = ADVANCED_FACE ( 'NONE', ( #3965 ), #1254, .T. ) ;
#2913 = VECTOR ( 'NONE', #4259, 1000.000000000000000 ) ;
#2914 = ORIENTED_EDGE ( 'NONE', *, *, #231, .T. ) ;
#2915 = VECTOR ( 'NONE', #3215, 1000.000000000000000 ) ;
#2916 = ORIENTED_EDGE ( 'NONE', *, *, #2162, .F. ) ;
#2917 = LINE ( 'NONE', #5627, #7241 ) ;
#2918 = ORIENTED_EDGE ( 'NONE', *, *, #1037, .T. ) ;
#2919 = DIRECTION ( 'NONE',  ( -1.235726496974089760E-16, -5.551115123125788865E-17, 1.000000000000000000 ) ) ;
#2920 = DIRECTION ( 'NONE',  ( 1.000000000000000000, -0.000000000000000000, 0.000000000000000000 ) ) ;
#2921 = VECTOR ( 'NONE', #6508, 1000.000000000000000 ) ;
#2922 = VECTOR ( 'NONE', #1858, 1000.000000000000000 ) ;
#2923 = EDGE_CURVE ( 'NONE', #4246, #4674, #2620, .T. ) ;
#2924 = FACE_OUTER_BOUND ( 'NONE', #4728, .T. ) ;
#2925 = ORIENTED_EDGE ( 'NONE', *, *, #4615, .F. ) ;
#2926 = AXIS2_PLACEMENT_3D ( 'NONE', #2763, #1480, #3608 ) ;
#2927 = VECTOR ( 'NONE', #2202, 1000.000000000000000 ) ;
#2928 = VERTEX_POINT ( 'NONE', #3257 ) ;
#2929 = DIRECTION ( 'NONE',  ( -1.000000000000000000, 8.047468939212930244E-33, -1.449703124636599735E-16 ) ) ;
#2930 = DIRECTION ( 'NONE',  ( 0.000000000000000000, 0.000000000000000000, 1.000000000000000000 ) ) ;
#2931 = CARTESIAN_POINT ( 'NONE',  ( 4.436726938305877610, -0.7000000000000000666, -4.100000000000012079 ) ) ;
#2932 = FACE_OUTER_BOUND ( 'NONE', #957, .T. ) ;
#2933 = CARTESIAN_POINT ( 'NONE',  ( 8.092759126866024388, -5.000000000000000000, -7.642530422886741448 ) ) ;
#2934 = ADVANCED_FACE ( 'NONE', ( #7446, #588 ), #3419, .T. ) ;
#2935 = EDGE_CURVE ( 'NONE', #3717, #5879, #3296, .T. ) ;
#2936 = AXIS2_PLACEMENT_3D ( 'NONE', #6122, #3467, #4809 ) ;
#2937 = EDGE_CURVE ( 'NONE', #3685, #6380, #5380, .T. ) ;
#2938 = ORIENTED_EDGE ( 'NONE', *, *, #7556, .T. ) ;
#2939 = ORIENTED_EDGE ( 'NONE', *, *, #5051, .F. ) ;
#2940 = DIRECTION ( 'NONE',  ( 0.7088405959659689337, 3.915582883805507349E-17, -0.7053687046577910014 ) ) ;
#2941 = DIRECTION ( 'NONE',  ( 0.000000000000000000, 1.000000000000000000, -2.310464132328026570E-16 ) ) ;
#2942 = VECTOR ( 'NONE', #4138, 1000.000000000000000 ) ;
#2943 = ORIENTED_EDGE ( 'NONE', *, *, #6337, .F. ) ;
#2944 = DIRECTION ( 'NONE',  ( 0.2009569058438638867, 0.000000000000000000, 0.9796000826835717934 ) ) ;
#2945 = DIRECTION ( 'NONE',  ( 1.000000000000000000, 0.000000000000000000, -0.000000000000000000 ) ) ;
#2946 = LINE ( 'NONE', #4279, #1051 ) ;
#2947 = DIRECTION ( 'NONE',  ( 0.000000000000000000, 1.000000000000000000, -2.886579864025406611E-16 ) ) ;
#2948 = VECTOR ( 'NONE', #2825, 1000.000000000000000 ) ;
#2949 = ORIENTED_EDGE ( 'NONE', *, *, #4459, .T. ) ;
#2950 = EDGE_LOOP ( 'NONE', ( #8668, #6301, #1424, #7110 ) ) ;
#2951 = ORIENTED_EDGE ( 'NONE', *, *, #4754, .T. ) ;
#2952 = CARTESIAN_POINT ( 'NONE',  ( -47.29999999999999716, 5.000000000000000000, -0.5000000000000125455 ) ) ;
#2953 = EDGE_CURVE ( 'NONE', #6804, #1144, #8108, .T. ) ;
#2954 = LINE ( 'NONE', #6898, #7176 ) ;
#2955 = CARTESIAN_POINT ( 'NONE',  ( 18.50118481382170188, -5.000000000000000000, -17.60000000000001208 ) ) ;
#2956 = DIRECTION ( 'NONE',  ( 1.000000000000000000, -0.000000000000000000, 0.000000000000000000 ) ) ;
#2957 = FACE_OUTER_BOUND ( 'NONE', #7234, .T. ) ;
#2958 = AXIS2_PLACEMENT_3D ( 'NONE', #8170, #1439, #4904 ) ;
#2959 = LINE ( 'NONE', #6146, #3783 ) ;
#2960 = CARTESIAN_POINT ( 'NONE',  ( 20.62500000000000355, 2.961105680461646454E-17, -5.000000000000012434 ) ) ;
#2961 = AXIS2_PLACEMENT_3D ( 'NONE', #718, #4140, #6214 ) ;
#2962 = EDGE_LOOP ( 'NONE', ( #1633, #4398, #7492, #144 ) ) ;
#2963 = ORIENTED_EDGE ( 'NONE', *, *, #7355, .T. ) ;
#2964 = DIRECTION ( 'NONE',  ( 1.000000000000000000, -0.000000000000000000, 0.000000000000000000 ) ) ;
#2965 = ADVANCED_FACE ( 'NONE', ( #7363 ), #7322, .F. ) ;
#2966 = EDGE_CURVE ( 'NONE', #8644, #2491, #6783, .T. ) ;
#2967 = ORIENTED_EDGE ( 'NONE', *, *, #1995, .F. ) ;
#2968 = CARTESIAN_POINT ( 'NONE',  ( 41.38475575860120159, -5.000000000000000000, -1.214306433183764966E-14 ) ) ;
#2969 = ADVANCED_FACE ( 'NONE', ( #6698 ), #2578, .F. ) ;
#2970 = FACE_OUTER_BOUND ( 'NONE', #7262, .T. ) ;
#2971 = AXIS2_PLACEMENT_3D ( 'NONE', #3870, #581, #3251 ) ;
#2972 = DIRECTION ( 'NONE',  ( 1.000000000000000000, -1.450888635596852990E-32, 2.613688607452029793E-16 ) ) ;
#2973 = ORIENTED_EDGE ( 'NONE', *, *, #5356, .T. ) ;
#2974 = ORIENTED_EDGE ( 'NONE', *, *, #8145, .T. ) ;
#2975 = LINE ( 'NONE', #2176, #769 ) ;
#2976 = DIRECTION ( 'NONE',  ( 1.000000000000000000, 0.000000000000000000, 0.000000000000000000 ) ) ;
#2977 = EDGE_CURVE ( 'NONE', #3824, #7333, #1294, .T. ) ;
#2978 = DIRECTION ( 'NONE',  ( -2.369228698641220007E-16, 1.776356839400250810E-16, 1.000000000000000000 ) ) ;
#2979 = DIRECTION ( 'NONE',  ( 0.000000000000000000, 1.000000000000000000, -1.998401444325281576E-16 ) ) ;
#2980 = ORIENTED_EDGE ( 'NONE', *, *, #4814, .F. ) ;
#2981 = EDGE_CURVE ( 'NONE', #4340, #1895, #8646, .T. ) ;
#2982 = ORIENTED_EDGE ( 'NONE', *, *, #6159, .T. ) ;
#2983 = CARTESIAN_POINT ( 'NONE',  ( 9.240846643908374958, -5.000000000000000000, -6.200000000000010836 ) ) ;
#2984 = LINE ( 'NONE', #2277, #5287 ) ;
#2985 = ORIENTED_EDGE ( 'NONE', *, *, #5268, .T. ) ;
#2986 = CARTESIAN_POINT ( 'NONE',  ( 2.060699978071043770, 5.000000000000000000, -10.87848338918573177 ) ) ;
#2987 = DIRECTION ( 'NONE',  ( 0.000000000000000000, -2.297869044915326016E-17, -1.000000000000000000 ) ) ;
#2988 = DIRECTION ( 'NONE',  ( -1.000000000000000000, -7.043400939473379512E-33, -2.537652627714639929E-16 ) ) ;
#2989 = ADVANCED_FACE ( 'NONE', ( #4093 ), #2669, .F. ) ;
#2990 = CARTESIAN_POINT ( 'NONE',  ( 62.00000000000000711, 5.000000000000000000, -13.20000000000001172 ) ) ;
#2991 = ORIENTED_EDGE ( 'NONE', *, *, #3752, .F. ) ;
#2992 = ORIENTED_EDGE ( 'NONE', *, *, #538, .F. ) ;
#2993 = EDGE_LOOP ( 'NONE', ( #6186, #381, #8227, #1104 ) ) ;
#2994 = DIRECTION ( 'NONE',  ( 0.000000000000000000, 5.551115123125782702E-17, -1.000000000000000000 ) ) ;
#2995 = CARTESIAN_POINT ( 'NONE',  ( 15.30203678697560399, -5.000000000000000000, -6.800000000000010481 ) ) ;
#2996 = CARTESIAN_POINT ( 'NONE',  ( 60.50000000000000711, -5.000000000000000000, -9.932463862578003955 ) ) ;
#2997 = DIRECTION ( 'NONE',  ( -0.1702068964799630657, -1.094023036653953381E-16, -0.9854083480418963648 ) ) ;
#2998 = DIRECTION ( 'NONE',  ( 1.694818351060774940E-32, -1.000000000000000000, 1.722546424198833760E-16 ) ) ;
#2999 = CARTESIAN_POINT ( 'NONE',  ( -49.29999999999999716, -5.000000000000000000, -3.600000000000011191 ) ) ;
#3000 = CARTESIAN_POINT ( 'NONE',  ( -16.49999999999999645, -5.000000000000000000, -12.20000000000001172 ) ) ;
#3001 = AXIS2_PLACEMENT_3D ( 'NONE', #7215, #6766, #2026 ) ;
#3002 = ORIENTED_EDGE ( 'NONE', *, *, #5674, .T. ) ;
#3003 = ADVANCED_FACE ( 'NONE', ( #4806 ), #4716, .F. ) ;
#3004 = VERTEX_POINT ( 'NONE', #547 ) ;
#3005 = FACE_OUTER_BOUND ( 'NONE', #2070, .T. ) ;
#3006 = ORIENTED_EDGE ( 'NONE', *, *, #3614, .F. ) ;
#3007 = AXIS2_PLACEMENT_3D ( 'NONE', #6806, #2860, #8176 ) ;
#3008 = CARTESIAN_POINT ( 'NONE',  ( 46.57590321995009930, -1.300000000000000044, -5.100000000000012079 ) ) ;
#3009 = CARTESIAN_POINT ( 'NONE',  ( 15.02122548186990514, -5.000000000000000000, -12.51711493716156198 ) ) ;
#3010 = DIRECTION ( 'NONE',  ( 0.000000000000000000, 0.000000000000000000, -1.000000000000000000 ) ) ;
#3011 = EDGE_CURVE ( 'NONE', #1943, #5506, #1339, .T. ) ;
#3012 = EDGE_CURVE ( 'NONE', #623, #7942, #6743, .T. ) ;
#3013 = VECTOR ( 'NONE', #5780, 1000.000000000000114 ) ;
#3014 = ORIENTED_EDGE ( 'NONE', *, *, #3121, .T. ) ;
#3015 = ORIENTED_EDGE ( 'NONE', *, *, #6406, .F. ) ;
#3016 = EDGE_LOOP ( 'NONE', ( #6486, #1152, #4489 ) ) ;
#3017 = LINE ( 'NONE', #7224, #3903 ) ;
#3018 = DIRECTION ( 'NONE',  ( 0.000000000000000000, 1.000000000000000000, -1.110223024625156787E-16 ) ) ;
#3019 = AXIS2_PLACEMENT_3D ( 'NONE', #7923, #1856, #7256 ) ;
#3020 = DIRECTION ( 'NONE',  ( 0.9887155042247670611, 0.000000000000000000, -0.1498053794279918527 ) ) ;
#3021 = DIRECTION ( 'NONE',  ( 1.000000000000000000, 0.000000000000000000, 0.000000000000000000 ) ) ;
#3022 = EDGE_CURVE ( 'NONE', #3040, #5211, #7282, .T. ) ;
#3023 = ADVANCED_FACE ( 'NONE', ( #5549 ), #3643, .F. ) ;
#3024 = ORIENTED_EDGE ( 'NONE', *, *, #4406, .F. ) ;
#3025 = ORIENTED_EDGE ( 'NONE', *, *, #4510, .F. ) ;
#3026 = FACE_OUTER_BOUND ( 'NONE', #5280, .T. ) ;
#3027 = LINE ( 'NONE', #6744, #7671 ) ;
#3028 = VERTEX_POINT ( 'NONE', #2797 ) ;
#3029 = DIRECTION ( 'NONE',  ( 0.9854083480418963648, -4.268778066843829820E-18, -0.1702068964799630657 ) ) ;
#3030 = LINE ( 'NONE', #8386, #4327 ) ;
#3031 = LINE ( 'NONE', #7106, #8688 ) ;
#3032 = LINE ( 'NONE', #5170, #5654 ) ;
#3033 = VECTOR ( 'NONE', #2940, 1000.000000000000000 ) ;
#3034 = EDGE_CURVE ( 'NONE', #2848, #6208, #5637, .T. ) ;
#3035 = ADVANCED_FACE ( 'NONE', ( #8239 ), #4307, .F. ) ;
#3036 = EDGE_CURVE ( 'NONE', #1161, #6023, #4887, .T. ) ;
#3037 = ORIENTED_EDGE ( 'NONE', *, *, #4702, .T. ) ;
#3038 = EDGE_LOOP ( 'NONE', ( #2196, #575, #3233, #4524 ) ) ;
#3039 = AXIS2_PLACEMENT_3D ( 'NONE', #6957, #4979, #1512 ) ;
#3040 = VERTEX_POINT ( 'NONE', #271 ) ;
#3041 = LINE ( 'NONE', #3800, #28 ) ;
#3042 = LINE ( 'NONE', #5745, #1100 ) ;
#3043 = CARTESIAN_POINT ( 'NONE',  ( 30.49654675138050663, 5.000000000000000000, -9.500000000000012434 ) ) ;
#3044 = LINE ( 'NONE', #1851, #1759 ) ;
#3045 = DIRECTION ( 'NONE',  ( -1.203706215242021998E-32, 1.000000000000000000, -1.722546424198833760E-16 ) ) ;
#3046 = FACE_OUTER_BOUND ( 'NONE', #259, .T. ) ;
#3047 = CARTESIAN_POINT ( 'NONE',  ( -5.385732398095166573, -5.000000000000000000, -1.600000000000011191 ) ) ;
#3048 = EDGE_CURVE ( 'NONE', #742, #6340, #2975, .T. ) ;
#3049 = VECTOR ( 'NONE', #6457, 1000.000000000000000 ) ;
#3050 = VERTEX_POINT ( 'NONE', #7003 ) ;
#3051 = ORIENTED_EDGE ( 'NONE', *, *, #3672, .T. ) ;
#3052 = CARTESIAN_POINT ( 'NONE',  ( 13.72564358472555313, -1.300000000000000266, -4.000000000000011546 ) ) ;
#3053 = VECTOR ( 'NONE', #8213, 1000.000000000000000 ) ;
#3054 = ORIENTED_EDGE ( 'NONE', *, *, #4026, .T. ) ;
#3055 = DIRECTION ( 'NONE',  ( -0.000000000000000000, -1.000000000000000000, 1.554312234475219798E-16 ) ) ;
#3056 = EDGE_CURVE ( 'NONE', #2341, #6955, #5507, .T. ) ;
#3057 = CARTESIAN_POINT ( 'NONE',  ( -17.50664724830589591, 0.7000000000000000666, -10.30369541913713327 ) ) ;
#3058 = DIRECTION ( 'NONE',  ( 0.000000000000000000, 0.000000000000000000, 1.000000000000000000 ) ) ;
#3059 = VECTOR ( 'NONE', #5158, 1000.000000000000000 ) ;
#3060 = AXIS2_PLACEMENT_3D ( 'NONE', #7005, #6344, #273 ) ;
#3061 = ORIENTED_EDGE ( 'NONE', *, *, #85, .T. ) ;
#3062 = VERTEX_POINT ( 'NONE', #6869 ) ;
#3063 = ORIENTED_EDGE ( 'NONE', *, *, #4358, .F. ) ;
#3064 = FACE_OUTER_BOUND ( 'NONE', #2993, .T. ) ;
#3065 = ADVANCED_FACE ( 'NONE', ( #8373 ), #4225, .F. ) ;
#3066 = VECTOR ( 'NONE', #7431, 1000.000000000000000 ) ;
#3067 = CARTESIAN_POINT ( 'NONE',  ( 3.050000000000004263, 5.000000000000000000, -8.700000000000013500 ) ) ;
#3068 = VECTOR ( 'NONE', #1331, 1000.000000000000000 ) ;
#3069 = CYLINDRICAL_SURFACE ( 'NONE', #5375, 0.5000000000000004441 ) ;
#3070 = CARTESIAN_POINT ( 'NONE',  ( 16.99654675138050308, -5.000000000000000000, -11.50000000000001243 ) ) ;
#3071 = VECTOR ( 'NONE', #4293, 1000.000000000000000 ) ;
#3072 = VECTOR ( 'NONE', #6235, 1000.000000000000114 ) ;
#3073 = EDGE_LOOP ( 'NONE', ( #1338, #4096, #7776, #7839, #2299, #1376, #448, #8283, #8485, #290, #2061, #8166, #6452, #8262, #1882, #6291, #7848, #1915, #5944, #8645 ) ) ;
#3074 = VERTEX_POINT ( 'NONE', #755 ) ;
#3075 = CARTESIAN_POINT ( 'NONE',  ( -8.182379646400995910, -1.300000000000000266, -3.203695419137131406 ) ) ;
#3076 = CARTESIAN_POINT ( 'NONE',  ( -52.00000000000000000, 1.300000000000000044, -7.657919551657042412 ) ) ;
#3077 = EDGE_CURVE ( 'NONE', #5678, #3677, #4176, .T. ) ;
#3078 = ORIENTED_EDGE ( 'NONE', *, *, #520, .F. ) ;
#3079 = FACE_OUTER_BOUND ( 'NONE', #5415, .T. ) ;
#3080 = DIRECTION ( 'NONE',  ( -1.000000000000000000, 0.000000000000000000, 0.000000000000000000 ) ) ;
#3081 = EDGE_CURVE ( 'NONE', #550, #1291, #6719, .T. ) ;
#3082 = DIRECTION ( 'NONE',  ( 1.000000000000000000, -0.000000000000000000, 0.000000000000000000 ) ) ;
#3083 = CARTESIAN_POINT ( 'NONE',  ( 44.88475575860120159, -5.000000000000000000, -1.600000000000011191 ) ) ;
#3084 = AXIS2_PLACEMENT_3D ( 'NONE', #4505, #7016, #2944 ) ;
#3085 = AXIS2_PLACEMENT_3D ( 'NONE', #4181, #2138, #677 ) ;
#3086 = ADVANCED_FACE ( 'NONE', ( #6918, #801 ), #3465, .T. ) ;
#3087 = ADVANCED_BREP_SHAPE_REPRESENTATION ( 'Bracket DRG-03', ( #3651, #4673 ), #5516 ) ;
#3088 = VERTEX_POINT ( 'NONE', #6824 ) ;
#3089 = VECTOR ( 'NONE', #7325, 1000.000000000000000 ) ;
#3090 = VERTEX_POINT ( 'NONE', #8284 ) ;
#3091 = ORIENTED_EDGE ( 'NONE', *, *, #3056, .F. ) ;
#3092 = DIRECTION ( 'NONE',  ( 0.1702068964799640371, 5.470115183269754271E-18, 0.9854083480418962537 ) ) ;
#3093 = PLANE ( 'NONE',  #3503 ) ;
#3094 = DIRECTION ( 'NONE',  ( -1.000000000000000000, 1.232595164407829167E-32, -2.220446049250309876E-16 ) ) ;
#3095 = CARTESIAN_POINT ( 'NONE',  ( -5.385732398095166573, 5.000000000000000000, -1.100000000000012523 ) ) ;
#3096 = DIRECTION ( 'NONE',  ( -1.000000000000000000, 1.297468594113504545E-32, -2.337311630789800155E-16 ) ) ;
#3097 = FACE_OUTER_BOUND ( 'NONE', #1520, .T. ) ;
#3098 = CARTESIAN_POINT ( 'NONE',  ( -50.29999999999999716, 1.300000000000000044, -5.100000000000012079 ) ) ;
#3099 = CIRCLE ( 'NONE', #4230, 0.2000000000000006772 ) ;
#3100 = VERTEX_POINT ( 'NONE', #3514 ) ;
#3101 = ORIENTED_EDGE ( 'NONE', *, *, #2473, .T. ) ;
#3102 = DIRECTION ( 'NONE',  ( -1.000000000000000000, 1.224646799147350495E-16, 0.000000000000000000 ) ) ;
#3103 = AXIS2_PLACEMENT_3D ( 'NONE', #5564, #6266, #1484 ) ;
#3104 = ADVANCED_FACE ( 'NONE', ( #6209 ), #6292, .F. ) ;
#3105 = DIRECTION ( 'NONE',  ( 0.9981002729656489603, 0.000000000000000000, -0.06161043017133449595 ) ) ;
#3106 = DIRECTION ( 'NONE',  ( -0.000000000000000000, -1.000000000000000000, 1.554312234475219798E-16 ) ) ;
#3107 = DIRECTION ( 'NONE',  ( -1.000000000000000000, -7.135639618189136539E-33, 1.285442557021069747E-16 ) ) ;
#3108 = ADVANCED_FACE ( 'NONE', ( #4936 ), #2880, .F. ) ;
#3109 = CARTESIAN_POINT ( 'NONE',  ( -51.50664724830589591, -1.300000000000000044, -7.761614970794162183 ) ) ;
#3110 = AXIS2_PLACEMENT_3D ( 'NONE', #1202, #1830, #7227 ) ;
#3111 = ORIENTED_EDGE ( 'NONE', *, *, #5494, .T. ) ;
#3112 = ORIENTED_EDGE ( 'NONE', *, *, #6386, .F. ) ;
#3113 = EDGE_LOOP ( 'NONE', ( #4038, #7307, #5981, #3559 ) ) ;
#3114 = ORIENTED_EDGE ( 'NONE', *, *, #7580, .T. ) ;
#3115 = DIRECTION ( 'NONE',  ( 6.471124613141129982E-32, 1.000000000000000000, -1.722546424198833760E-16 ) ) ;
#3116 = DIRECTION ( 'NONE',  ( 0.000000000000000000, 0.000000000000000000, 1.000000000000000000 ) ) ;
#3117 = CARTESIAN_POINT ( 'NONE',  ( -15.21979627494279441, 1.300000000000000044, -9.200000000000015277 ) ) ;
#3118 = CYLINDRICAL_SURFACE ( 'NONE', #368, 0.1999999999999997613 ) ;
#3119 = EDGE_CURVE ( 'NONE', #4006, #1173, #7623, .T. ) ;
#3120 = ORIENTED_EDGE ( 'NONE', *, *, #3581, .T. ) ;
#3121 = EDGE_CURVE ( 'NONE', #6247, #308, #3596, .T. ) ;
#3122 = ORIENTED_EDGE ( 'NONE', *, *, #6597, .F. ) ;
#3123 = DIRECTION ( 'NONE',  ( -0.000000000000000000, -1.000000000000000000, 2.310464132328022626E-16 ) ) ;
#3124 = CARTESIAN_POINT ( 'NONE',  ( -5.123606797749975073, -5.000000000000000000, -5.152786404500051098 ) ) ;
#3125 = EDGE_LOOP ( 'NONE', ( #2770, #4500, #8273, #6522, #6917 ) ) ;
#3126 = LINE ( 'NONE', #325, #7607 ) ;
#3127 = DIRECTION ( 'NONE',  ( 1.000000000000000000, -6.859660045400109581E-33, 0.000000000000000000 ) ) ;
#3128 = LINE ( 'NONE', #376, #622 ) ;
#3129 = CARTESIAN_POINT ( 'NONE',  ( -50.80664724830590018, -5.000000000000000000, -2.103695419137131317 ) ) ;
#3130 = EDGE_CURVE ( 'NONE', #1983, #4142, #3825, .T. ) ;
#3131 = EDGE_CURVE ( 'NONE', #1969, #7374, #4040, .T. ) ;
#3132 = ORIENTED_EDGE ( 'NONE', *, *, #1473, .F. ) ;
#3133 = VERTEX_POINT ( 'NONE', #7798 ) ;
#3134 = EDGE_CURVE ( 'NONE', #2265, #6023, #1058, .T. ) ;
#3135 = CARTESIAN_POINT ( 'NONE',  ( 4.627874399654833049, 0.7000000000000000666, -4.100000000000012079 ) ) ;
#3136 = CARTESIAN_POINT ( 'NONE',  ( -16.99999999999999289, -5.000000000000000000, -12.20000000000001172 ) ) ;
#3137 = DIRECTION ( 'NONE',  ( -6.018531076210110330E-34, 1.000000000000000000, -1.722546424198833760E-16 ) ) ;
#3138 = CARTESIAN_POINT ( 'NONE',  ( -0.1436330484083760406, -1.300000000000000044, -7.700000000000012612 ) ) ;
#3139 = DIRECTION ( 'NONE',  ( 2.337311630789800155E-16, 5.551115123125782702E-17, -1.000000000000000000 ) ) ;
#3140 = LINE ( 'NONE', #5837, #1806 ) ;
#3141 = CARTESIAN_POINT ( 'NONE',  ( 13.04430728931654393, 1.300000000000000044, -7.700000000000012612 ) ) ;
#3142 = EDGE_CURVE ( 'NONE', #7886, #3822, #5876, .T. ) ;
#3143 = VERTEX_POINT ( 'NONE', #5071 ) ;
#3144 = EDGE_LOOP ( 'NONE', ( #5231, #4613, #5028, #7804 ) ) ;
#3145 = EDGE_CURVE ( 'NONE', #3785, #6219, #3017, .T. ) ;
#3146 = ORIENTED_EDGE ( 'NONE', *, *, #5134, .F. ) ;
#3147 = DIRECTION ( 'NONE',  ( 0.000000000000000000, 0.000000000000000000, -1.000000000000000000 ) ) ;
#3148 = DIRECTION ( 'NONE',  ( -1.000000000000000000, 7.585201011740483223E-32, -1.366428338000189980E-15 ) ) ;
#3149 = CARTESIAN_POINT ( 'NONE',  ( -15.99999999999999645, -5.000000000000000000, -14.20000000000001172 ) ) ;
#3150 = LINE ( 'NONE', #3009, #4629 ) ;
#3151 = AXIS2_PLACEMENT_3D ( 'NONE', #2698, #3284, #32 ) ;
#3152 = CARTESIAN_POINT ( 'NONE',  ( 42.17779029743370245, -5.000000000000000000, -9.500000000000005329 ) ) ;
#3153 = EDGE_LOOP ( 'NONE', ( #2567, #2659, #3101, #1845 ) ) ;
#3154 = ORIENTED_EDGE ( 'NONE', *, *, #3272, .T. ) ;
#3155 = AXIS2_PLACEMENT_3D ( 'NONE', #4064, #2548, #7414 ) ;
#3156 = VERTEX_POINT ( 'NONE', #2399 ) ;
#3157 = ORIENTED_EDGE ( 'NONE', *, *, #3970, .F. ) ;
#3158 = CARTESIAN_POINT ( 'NONE',  ( 2.114267601904844085, 5.000000000000000000, -1.600000000000012079 ) ) ;
#3159 = CARTESIAN_POINT ( 'NONE',  ( 5.750000000000004441, -5.000000000000000000, -7.500000000000011546 ) ) ;
#3160 = SURFACE_SIDE_STYLE ('',( #1248 ) ) ;
#3161 = CARTESIAN_POINT ( 'NONE',  ( -7.175732398095195919, 5.000000000000000000, -1.600000000000012079 ) ) ;
#3162 = VECTOR ( 'NONE', #3432, 1000.000000000000000 ) ;
#3163 = EDGE_LOOP ( 'NONE', ( #500, #5447, #6038, #5350, #5845, #6498, #2127, #3810, #2939, #5008, #1607, #7661, #1566, #5943, #1502, #899, #4462, #3359, #4233, #5973, #3993 ) ) ;
#3164 = AXIS2_PLACEMENT_3D ( 'NONE', #483, #528, #3105 ) ;
#3165 = ORIENTED_EDGE ( 'NONE', *, *, #3614, .T. ) ;
#3166 = CARTESIAN_POINT ( 'NONE',  ( -13.29649445451299528, -1.300000000000000266, -3.203695419137131406 ) ) ;
#3167 = VECTOR ( 'NONE', #7470, 1000.000000000000000 ) ;
#3168 = CARTESIAN_POINT ( 'NONE',  ( 17.26568092078370498, 5.000000000000000000, -9.754673950505285518 ) ) ;
#3169 = ORIENTED_EDGE ( 'NONE', *, *, #8482, .F. ) ;
#3170 = CARTESIAN_POINT ( 'NONE',  ( -51.50664724830589591, -1.300000000000000266, -1.603695419137131761 ) ) ;
#3171 = DIRECTION ( 'NONE',  ( -0.000000000000000000, -1.000000000000000000, 1.620670392268906790E-16 ) ) ;
#3172 = FACE_OUTER_BOUND ( 'NONE', #8217, .T. ) ;
#3173 = EDGE_CURVE ( 'NONE', #3100, #8573, #5154, .T. ) ;
#3174 = AXIS2_PLACEMENT_3D ( 'NONE', #5180, #7866, #2510 ) ;
#3175 = ORIENTED_EDGE ( 'NONE', *, *, #849, .T. ) ;
#3176 = ORIENTED_EDGE ( 'NONE', *, *, #1859, .F. ) ;
#3177 = CARTESIAN_POINT ( 'NONE',  ( -8.675732398095195919, 5.000000000000000000, -2.000000000000011990 ) ) ;
#3178 = CARTESIAN_POINT ( 'NONE',  ( 19.50118481382170188, -5.000000000000000000, -16.60000000000001208 ) ) ;
#3179 = CARTESIAN_POINT ( 'NONE',  ( -7.175732398095195919, -5.000000000000000000, -1.600000000000011191 ) ) ;
#3180 = VECTOR ( 'NONE', #6883, 1000.000000000000000 ) ;
#3181 = FACE_OUTER_BOUND ( 'NONE', #6782, .T. ) ;
#3182 = CARTESIAN_POINT ( 'NONE',  ( -50.30664724830590018, -1.300000000000000044, -5.203695419137131850 ) ) ;
#3183 = EDGE_CURVE ( 'NONE', #618, #5990, #1350, .T. ) ;
#3184 = LINE ( 'NONE', #2294, #3498 ) ;
#3185 = VECTOR ( 'NONE', #3652, 1000.000000000000000 ) ;
#3186 = ORIENTED_EDGE ( 'NONE', *, *, #5718, .F. ) ;
#3187 = ORIENTED_EDGE ( 'NONE', *, *, #3048, .F. ) ;
#3188 = CARTESIAN_POINT ( 'NONE',  ( 20.62500000000000355, 2.961105680461562021E-17, -1.231297672517158647E-14 ) ) ;
#3189 = CYLINDRICAL_SURFACE ( 'NONE', #7123, 0.5000000000000004441 ) ;
#3190 = LINE ( 'NONE', #6343, #966 ) ;
#3191 = ADVANCED_FACE ( 'NONE', ( #1155 ), #4490, .F. ) ;
#3192 = LINE ( 'NONE', #442, #6879 ) ;
#3193 = EDGE_CURVE ( 'NONE', #1208, #5359, #494, .T. ) ;
#3194 = VECTOR ( 'NONE', #8397, 1000.000000000000000 ) ;
#3195 = DIRECTION ( 'NONE',  ( -1.000000000000000000, 1.450888635596852990E-32, -2.613688607452029793E-16 ) ) ;
#3196 = EDGE_CURVE ( 'NONE', #7788, #6046, #8467, .T. ) ;
#3197 = EDGE_LOOP ( 'NONE', ( #6980, #5232, #3655, #2377 ) ) ;
#3198 = ORIENTED_EDGE ( 'NONE', *, *, #7368, .F. ) ;
#3199 = VECTOR ( 'NONE', #7865, 1000.000000000000000 ) ;
#3200 = VERTEX_POINT ( 'NONE', #4401 ) ;
#3201 = ORIENTED_EDGE ( 'NONE', *, *, #5544, .T. ) ;
#3202 = DIRECTION ( 'NONE',  ( 1.000000000000000000, 0.000000000000000000, -0.000000000000000000 ) ) ;
#3203 = LINE ( 'NONE', #360, #8005 ) ;
#3204 = LINE ( 'NONE', #3252, #5749 ) ;
#3205 = VECTOR ( 'NONE', #8034, 1000.000000000000000 ) ;
#3206 = EDGE_CURVE ( 'NONE', #6992, #4686, #5770, .T. ) ;
#3207 = VERTEX_POINT ( 'NONE', #5859 ) ;
#3208 = AXIS2_PLACEMENT_3D ( 'NONE', #4794, #614, #3408 ) ;
#3209 = VECTOR ( 'NONE', #6028, 1000.000000000000000 ) ;
#3210 = ORIENTED_EDGE ( 'NONE', *, *, #2305, .F. ) ;
#3211 = CARTESIAN_POINT ( 'NONE',  ( -15.99999999999999645, -5.000000000000000000, -13.70000000000000995 ) ) ;
#3212 = CARTESIAN_POINT ( 'NONE',  ( -52.00000000000000000, 1.300000000000000044, -1.500000000000012657 ) ) ;
#3213 = VERTEX_POINT ( 'NONE', #8602 ) ;
#3214 = LINE ( 'NONE', #505, #5075 ) ;
#3215 = DIRECTION ( 'NONE',  ( 0.000000000000000000, 1.000000000000000000, -2.886579864025406611E-16 ) ) ;
#3216 = EDGE_CURVE ( 'NONE', #5427, #7253, #2529, .T. ) ;
#3217 = EDGE_CURVE ( 'NONE', #2245, #7977, #6430, .T. ) ;
#3218 = CARTESIAN_POINT ( 'NONE',  ( 19.50310462831780356, -5.000000000000000000, -13.20000000000000995 ) ) ;
#3219 = EDGE_CURVE ( 'NONE', #1863, #6333, #7136, .T. ) ;
#3220 = CIRCLE ( 'NONE', #2220, 0.5000000000000000000 ) ;
#3221 = VECTOR ( 'NONE', #3448, 1000.000000000000000 ) ;
#3222 = ORIENTED_EDGE ( 'NONE', *, *, #2306, .T. ) ;
#3223 = ORIENTED_EDGE ( 'NONE', *, *, #24, .T. ) ;
#3224 = DIRECTION ( 'NONE',  ( 1.480297366166879989E-15, -5.551115123125782702E-17, 1.000000000000000000 ) ) ;
#3225 = VECTOR ( 'NONE', #6177, 1000.000000000000000 ) ;
#3226 = ORIENTED_EDGE ( 'NONE', *, *, #6434, .F. ) ;
#3227 = CARTESIAN_POINT ( 'NONE',  ( -18.49999999999999645, 1.300000000000000044, -10.20000000000001172 ) ) ;
#3228 = CARTESIAN_POINT ( 'NONE',  ( -2.172949016875136419, -4.999999999999999112, -7.700000000000011724 ) ) ;
#3229 = VECTOR ( 'NONE', #6253, 1000.000000000000114 ) ;
#3230 = PLANE ( 'NONE',  #8685 ) ;
#3231 = CARTESIAN_POINT ( 'NONE',  ( -18.49999999999999645, 1.300000000000000044, -9.700000000000011724 ) ) ;
#3232 = AXIS2_PLACEMENT_3D ( 'NONE', #2475, #2268, #5896 ) ;
#3233 = ORIENTED_EDGE ( 'NONE', *, *, #3036, .F. ) ;
#3234 = ORIENTED_EDGE ( 'NONE', *, *, #6802, .F. ) ;
#3235 = ORIENTED_EDGE ( 'NONE', *, *, #7715, .T. ) ;
#3236 = CARTESIAN_POINT ( 'NONE',  ( 3.250000000000003553, -5.800000000000000711, -8.700000000000011724 ) ) ;
#3237 = CARTESIAN_POINT ( 'NONE',  ( 2.294822524279354070, -5.000000000000000000, -14.67131159421719211 ) ) ;
#3238 = DIRECTION ( 'NONE',  ( 0.000000000000000000, 0.000000000000000000, -1.000000000000000000 ) ) ;
#3239 = CIRCLE ( 'NONE', #7752, 0.5000000000000000000 ) ;
#3240 = LINE ( 'NONE', #7349, #1654 ) ;
#3241 = CARTESIAN_POINT ( 'NONE',  ( 1.614267601904844085, 5.000000000000000000, -0.5000000000000125455 ) ) ;
#3242 = ORIENTED_EDGE ( 'NONE', *, *, #1872, .T. ) ;
#3243 = ADVANCED_FACE ( 'NONE', ( #7092 ), #1023, .F. ) ;
#3244 = VECTOR ( 'NONE', #2723, 1000.000000000000000 ) ;
#3245 = ADVANCED_FACE ( 'NONE', ( #3064 ), #2438, .T. ) ;
#3246 = VERTEX_POINT ( 'NONE', #1116 ) ;
#3247 = ORIENTED_EDGE ( 'NONE', *, *, #4894, .F. ) ;
#3248 = ORIENTED_EDGE ( 'NONE', *, *, #7936, .T. ) ;
#3249 = DIRECTION ( 'NONE',  ( 1.387778780781445676E-14, 0.000000000000000000, 1.000000000000000000 ) ) ;
#3250 = CARTESIAN_POINT ( 'NONE',  ( 48.50000000000000000, -5.000000000000000000, -2.000000000000011102 ) ) ;
#3251 = DIRECTION ( 'NONE',  ( 0.000000000000000000, -2.168404344971006896E-16, -1.000000000000000000 ) ) ;
#3252 = CARTESIAN_POINT ( 'NONE',  ( 61.40273861426600632, 5.000000000000000000, -8.937204990277056282 ) ) ;
#3253 = VECTOR ( 'NONE', #5073, 1000.000000000000000 ) ;
#3254 = VERTEX_POINT ( 'NONE', #8554 ) ;
#3255 = ORIENTED_EDGE ( 'NONE', *, *, #1531, .F. ) ;
#3256 = ORIENTED_EDGE ( 'NONE', *, *, #6425, .F. ) ;
#3257 = CARTESIAN_POINT ( 'NONE',  ( 13.50203678697557308, -5.000000000000000000, -9.000000000000008882 ) ) ;
#3258 = EDGE_CURVE ( 'NONE', #6937, #7886, #4751, .T. ) ;
#3259 = LINE ( 'NONE', #6659, #1180 ) ;
#3260 = ORIENTED_EDGE ( 'NONE', *, *, #1718, .T. ) ;
#3261 = PLANE ( 'NONE',  #678 ) ;
#3262 = LINE ( 'NONE', #7944, #1216 ) ;
#3263 = CARTESIAN_POINT ( 'NONE',  ( -44.79999999999999005, -5.000000000000000000, -1.100000000000010747 ) ) ;
#3264 = ORIENTED_EDGE ( 'NONE', *, *, #2656, .F. ) ;
#3265 = ORIENTED_EDGE ( 'NONE', *, *, #3781, .T. ) ;
#3266 = DIRECTION ( 'NONE',  ( 0.000000000000000000, 1.000000000000000000, -1.998401444325281576E-16 ) ) ;
#3267 = ORIENTED_EDGE ( 'NONE', *, *, #5078, .F. ) ;
#3268 = DIRECTION ( 'NONE',  ( 1.000000000000000000, -1.455687282144374656E-32, 2.622333080573350311E-16 ) ) ;
#3269 = CARTESIAN_POINT ( 'NONE',  ( 13.50203678697557308, -5.000000000000000000, -9.000000000000008882 ) ) ;
#3270 = CARTESIAN_POINT ( 'NONE',  ( 13.72564358472555313, -1.300000000000000044, -7.186405786944511931 ) ) ;
#3271 = CARTESIAN_POINT ( 'NONE',  ( -47.29999999999999716, 5.000000000000000000, -1.100000000000012523 ) ) ;
#3272 = EDGE_CURVE ( 'NONE', #3440, #4725, #619, .T. ) ;
#3273 = ORIENTED_EDGE ( 'NONE', *, *, #3443, .F. ) ;
#3274 = ORIENTED_EDGE ( 'NONE', *, *, #2966, .T. ) ;
#3275 = VERTEX_POINT ( 'NONE', #8683 ) ;
#3276 = LINE ( 'NONE', #1986, #7105 ) ;
#3277 = DIRECTION ( 'NONE',  ( -0.000000000000000000, -1.000000000000000000, 1.710343578476592788E-16 ) ) ;
#3278 = LINE ( 'NONE', #4655, #5498 ) ;
#3279 = CARTESIAN_POINT ( 'NONE',  ( 46.38475575860120159, 5.000000000000000000, -5.100000000000012079 ) ) ;
#3280 = LINE ( 'NONE', #7388, #940 ) ;
#3281 = EDGE_CURVE ( 'NONE', #8598, #3090, #635, .T. ) ;
#3282 = ORIENTED_EDGE ( 'NONE', *, *, #5754, .F. ) ;
#3283 = ORIENTED_EDGE ( 'NONE', *, *, #602, .F. ) ;
#3284 = DIRECTION ( 'NONE',  ( 1.000000000000000000, -0.000000000000000000, 0.000000000000000000 ) ) ;
#3285 = ORIENTED_EDGE ( 'NONE', *, *, #3290, .T. ) ;
#3286 = CARTESIAN_POINT ( 'NONE',  ( 42.32814634690690525, 5.000000000000000000, -6.800000000000012257 ) ) ;
#3287 = LINE ( 'NONE', #4801, #5055 ) ;
#3288 = LINE ( 'NONE', #2662, #7629 ) ;
#3289 = LINE ( 'NONE', #6818, #83 ) ;
#3290 = EDGE_CURVE ( 'NONE', #4925, #5382, #6605, .T. ) ;
#3291 = EDGE_CURVE ( 'NONE', #1551, #1943, #4749, .T. ) ;
#3292 = VECTOR ( 'NONE', #3362, 1000.000000000000000 ) ;
#3293 = VERTEX_POINT ( 'NONE', #6776 ) ;
#3294 = EDGE_LOOP ( 'NONE', ( #3402, #8028, #5162, #3642 ) ) ;
#3295 = ORIENTED_EDGE ( 'NONE', *, *, #2647, .F. ) ;
#3296 = LINE ( 'NONE', #5993, #2747 ) ;
#3297 = DIRECTION ( 'NONE',  ( 0.000000000000000000, 1.000000000000000000, -3.510705240030896601E-16 ) ) ;
#3298 = EDGE_LOOP ( 'NONE', ( #2319, #3248, #2360, #8247, #5, #2175, #4737, #7133, #8041, #8107, #1668, #1242, #7548, #5336 ) ) ;
#3299 = DIRECTION ( 'NONE',  ( 0.000000000000000000, 1.000000000000000000, -1.110223024625156787E-16 ) ) ;
#3300 = LINE ( 'NONE', #5998, #6592 ) ;
#3301 = CARTESIAN_POINT ( 'NONE',  ( 3.529377692776864528, -5.000000000000000000, -12.95038905019667297 ) ) ;
#3302 = ADVANCED_FACE ( 'NONE', ( #1909 ), #6734, .F. ) ;
#3303 = EDGE_CURVE ( 'NONE', #1637, #6627, #2038, .T. ) ;
#3304 = ORIENTED_EDGE ( 'NONE', *, *, #4734, .T. ) ;
#3305 = ORIENTED_EDGE ( 'NONE', *, *, #3449, .T. ) ;
#3306 = DIRECTION ( 'NONE',  ( -8.881784197001250351E-16, 5.721188726109870315E-18, 1.000000000000000000 ) ) ;
#3307 = EDGE_LOOP ( 'NONE', ( #6815, #3417, #1799, #3317 ) ) ;
#3308 = PLANE ( 'NONE',  #243 ) ;
#3309 = CARTESIAN_POINT ( 'NONE',  ( 42.17779029743370245, -5.000000000000000000, -8.200000000000011724 ) ) ;
#3310 = CARTESIAN_POINT ( 'NONE',  ( 46.38475575860120159, -5.000000000000000000, -1.600000000000011191 ) ) ;
#3311 = LINE ( 'NONE', #5932, #3244 ) ;
#3312 = CIRCLE ( 'NONE', #3019, 0.1999999999999987899 ) ;
#3313 = EDGE_CURVE ( 'NONE', #4212, #7082, #5947, .T. ) ;
#3314 = VERTEX_POINT ( 'NONE', #3957 ) ;
#3315 = ORIENTED_EDGE ( 'NONE', *, *, #6311, .T. ) ;
#3316 = VECTOR ( 'NONE', #8355, 1000.000000000000227 ) ;
#3317 = ORIENTED_EDGE ( 'NONE', *, *, #8524, .T. ) ;
#3318 = PLANE ( 'NONE',  #1451 ) ;
#3319 = CARTESIAN_POINT ( 'NONE',  ( -10.55128150897169625, -5.000000000000000000, -5.732415503398281764 ) ) ;
#3320 = CARTESIAN_POINT ( 'NONE',  ( 30.66074696290820256, 1.300000000000000044, -10.50000000000001243 ) ) ;
#3321 = LINE ( 'NONE', #3279, #7735 ) ;
#3322 = DIRECTION ( 'NONE',  ( -1.235726496974089760E-16, 1.110223024625156787E-16, 1.000000000000000000 ) ) ;
#3323 = CIRCLE ( 'NONE', #8261, 0.5000000000000000000 ) ;
#3324 = EDGE_CURVE ( 'NONE', #8197, #1374, #661, .T. ) ;
#3325 = ORIENTED_EDGE ( 'NONE', *, *, #5377, .T. ) ;
#3326 = DIRECTION ( 'NONE',  ( 1.000000000000000000, 2.189528850507526673E-47, 1.377020805736630122E-15 ) ) ;
#3327 = VECTOR ( 'NONE', #1701, 999.9999999999998863 ) ;
#3328 = EDGE_LOOP ( 'NONE', ( #7938, #2468, #3628, #5560 ) ) ;
#3329 = DIRECTION ( 'NONE',  ( -0.4027386142660172030, -1.575115926860978626E-16, -0.9153150324227655732 ) ) ;
#3330 = LINE ( 'NONE', #4043, #3209 ) ;
#3331 = LINE ( 'NONE', #4045, #8010 ) ;
#3332 = AXIS2_PLACEMENT_3D ( 'NONE', #7843, #1780, #7183 ) ;
#3333 = ORIENTED_EDGE ( 'NONE', *, *, #7084, .F. ) ;
#3334 = VERTEX_POINT ( 'NONE', #3286 ) ;
#3335 = CARTESIAN_POINT ( 'NONE',  ( 42.51929380825580296, -5.000000000000000000, -6.800000000000010481 ) ) ;
#3336 = LINE ( 'NONE', #3212, #3872 ) ;
#3337 = ORIENTED_EDGE ( 'NONE', *, *, #3691, .T. ) ;
#3338 = DIRECTION ( 'NONE',  ( 2.139922160430245219E-33, 1.000000000000000000, -1.722546424198833760E-16 ) ) ;
#3339 = CARTESIAN_POINT ( 'NONE',  ( -14.29649445451299705, -1.300000000000000044, -9.803695419137138600 ) ) ;
#3340 = VECTOR ( 'NONE', #3171, 1000.000000000000000 ) ;
#3341 = PLANE ( 'NONE',  #1546 ) ;
#3342 = CYLINDRICAL_SURFACE ( 'NONE', #6460, 1.000000000000000000 ) ;
#3343 = VECTOR ( 'NONE', #6864, 1000.000000000000000 ) ;
#3344 = VECTOR ( 'NONE', #8555, 1000.000000000000000 ) ;
#3345 = ORIENTED_EDGE ( 'NONE', *, *, #6329, .T. ) ;
#3346 = ADVANCED_FACE ( 'NONE', ( #2660 ), #7357, .F. ) ;
#3347 = EDGE_CURVE ( 'NONE', #3439, #2004, #4893, .T. ) ;
#3348 = ORIENTED_EDGE ( 'NONE', *, *, #7906, .F. ) ;
#3349 = DIRECTION ( 'NONE',  ( 0.000000000000000000, 1.000000000000000000, -2.310464132328026570E-16 ) ) ;
#3350 = VERTEX_POINT ( 'NONE', #7310 ) ;
#3351 = CARTESIAN_POINT ( 'NONE',  ( 21.94142744032280490, -5.000000000000000000, -5.100000000000012079 ) ) ;
#3352 = FACE_OUTER_BOUND ( 'NONE', #3764, .T. ) ;
#3353 = CARTESIAN_POINT ( 'NONE',  ( 38.60836255635121006, -1.300000000000000266, -1.500000000000011768 ) ) ;
#3354 = LINE ( 'NONE', #2553, #5230 ) ;
#3355 = AXIS2_PLACEMENT_3D ( 'NONE', #5502, #6075, #4803 ) ;
#3356 = CIRCLE ( 'NONE', #8293, 0.5000000000000000000 ) ;
#3357 = EDGE_LOOP ( 'NONE', ( #6013, #4876, #6867, #6847 ) ) ;
#3358 = VECTOR ( 'NONE', #6982, 1000.000000000000000 ) ;
#3359 = ORIENTED_EDGE ( 'NONE', *, *, #101, .T. ) ;
#3360 = VECTOR ( 'NONE', #3107, 1000.000000000000000 ) ;
#3361 = ORIENTED_EDGE ( 'NONE', *, *, #2361, .T. ) ;
#3362 = DIRECTION ( 'NONE',  ( -8.326672684688670109E-16, 5.721188726109771708E-18, 1.000000000000000000 ) ) ;
#3363 = LINE ( 'NONE', #2602, #474 ) ;
#3364 = EDGE_CURVE ( 'NONE', #8338, #6197, #214, .T. ) ;
#3365 = DIRECTION ( 'NONE',  ( 0.9796000826835731257, -1.115534919126398898E-17, 0.2009569058438570588 ) ) ;
#3366 = LINE ( 'NONE', #7429, #6608 ) ;
#3367 = FACE_OUTER_BOUND ( 'NONE', #684, .T. ) ;
#3368 = VECTOR ( 'NONE', #6051, 1000.000000000000000 ) ;
#3369 = EDGE_LOOP ( 'NONE', ( #7518, #7458, #2783, #3831 ) ) ;
#3370 = EDGE_CURVE ( 'NONE', #7795, #8644, #36, .T. ) ;
#3371 = CARTESIAN_POINT ( 'NONE',  ( -14.29649445451299705, -4.999999999999999112, -9.803695419137138600 ) ) ;
#3372 = ORIENTED_EDGE ( 'NONE', *, *, #3532, .T. ) ;
#3373 = DIRECTION ( 'NONE',  ( 1.387778780781445922E-16, -1.000000000000000000, 1.110223024625156787E-16 ) ) ;
#3374 = EDGE_CURVE ( 'NONE', #8699, #8248, #6073, .T. ) ;
#3375 = DIRECTION ( 'NONE',  ( -1.268826313857319964E-16, 1.554312234475219798E-16, 1.000000000000000000 ) ) ;
#3376 = PRODUCT_CONTEXT ( 'NONE', #6437, 'mechanical' ) ;
#3377 = DIRECTION ( 'NONE',  ( 0.000000000000000000, -1.000000000000000000, 1.110223024625156787E-16 ) ) ;
#3378 = CIRCLE ( 'NONE', #3520, 0.2000000000000000944 ) ;
#3379 = ORIENTED_EDGE ( 'NONE', *, *, #7226, .F. ) ;
#3380 = EDGE_LOOP ( 'NONE', ( #7875, #3264, #8679, #8617 ) ) ;
#3381 = DIRECTION ( 'NONE',  ( -0.9854083480418963648, -9.448380771102275239E-18, 0.1702068964799630657 ) ) ;
#3382 = CARTESIAN_POINT ( 'NONE',  ( 4.436726938305877610, 1.300000000000000044, -4.100000000000012079 ) ) ;
#3383 = VECTOR ( 'NONE', #818, 1000.000000000000000 ) ;
#3384 = ORIENTED_EDGE ( 'NONE', *, *, #5159, .F. ) ;
#3385 = FACE_BOUND ( 'NONE', #2832, .T. ) ;
#3386 = CARTESIAN_POINT ( 'NONE',  ( 19.50310462831780356, -5.000000000000000000, -14.90000050758565031 ) ) ;
#3387 = DIRECTION ( 'NONE',  ( 3.019858152799185380E-31, 1.000000000000000000, -2.220446049250308644E-16 ) ) ;
#3388 = DIRECTION ( 'NONE',  ( 0.000000000000000000, 1.000000000000000000, -1.110223024625156787E-16 ) ) ;
#3389 = CIRCLE ( 'NONE', #2111, 0.3000000000000003220 ) ;
#3390 = EDGE_LOOP ( 'NONE', ( #263, #1476, #1407, #8001 ) ) ;
#3391 = ORIENTED_EDGE ( 'NONE', *, *, #8368, .F. ) ;
#3392 = CARTESIAN_POINT ( 'NONE',  ( 47.88475575860120159, 5.000000000000000000, -5.475791404463042689 ) ) ;
#3393 = ORIENTED_EDGE ( 'NONE', *, *, #265, .F. ) ;
#3394 = CARTESIAN_POINT ( 'NONE',  ( 3.550000000000004263, -5.000000000000000000, -7.700000000000011724 ) ) ;
#3395 = LINE ( 'NONE', #15, #4477 ) ;
#3396 = CARTESIAN_POINT ( 'NONE',  ( -50.80664724830590018, -4.999999999999999112, -1.603695419137131761 ) ) ;
#3397 = CARTESIAN_POINT ( 'NONE',  ( 47.88475575860120159, 5.000000000000000000, -5.475791404463042689 ) ) ;
#3398 = EDGE_CURVE ( 'NONE', #186, #6023, #2613, .T. ) ;
#3399 = EDGE_CURVE ( 'NONE', #5471, #43, #1063, .T. ) ;
#3400 = EDGE_CURVE ( 'NONE', #5125, #8350, #3997, .T. ) ;
#3401 = ORIENTED_EDGE ( 'NONE', *, *, #4861, .T. ) ;
#3402 = ORIENTED_EDGE ( 'NONE', *, *, #7590, .F. ) ;
#3403 = VERTEX_POINT ( 'NONE', #8728 ) ;
#3404 = CARTESIAN_POINT ( 'NONE',  ( -24.99999999999999289, -8.673617379884035472E-16, -1.214306433183764966E-14 ) ) ;
#3405 = FACE_OUTER_BOUND ( 'NONE', #7583, .T. ) ;
#3406 = CARTESIAN_POINT ( 'NONE',  ( 42.36220412055560303, -4.999999999999999112, -10.50000000000001066 ) ) ;
#3407 = PLANE ( 'NONE',  #7594 ) ;
#3408 = DIRECTION ( 'NONE',  ( 1.000000000000000000, 0.000000000000000000, 0.000000000000000000 ) ) ;
#3409 = EDGE_CURVE ( 'NONE', #7221, #186, #5372, .T. ) ;
#3410 = VERTEX_POINT ( 'NONE', #3043 ) ;
#3411 = CARTESIAN_POINT ( 'NONE',  ( -7.175732398095195919, -5.000000000000000000, -1.600000000000011191 ) ) ;
#3412 = VERTEX_POINT ( 'NONE', #1624 ) ;
#3413 = DIRECTION ( 'NONE',  ( -1.000000000000000000, 0.000000000000000000, 0.000000000000000000 ) ) ;
#3414 = FACE_OUTER_BOUND ( 'NONE', #670, .T. ) ;
#3415 = LINE ( 'NONE', #6114, #5755 ) ;
#3416 = EDGE_CURVE ( 'NONE', #1111, #6121, #5746, .T. ) ;
#3417 = ORIENTED_EDGE ( 'NONE', *, *, #8159, .T. ) ;
#3418 = ORIENTED_EDGE ( 'NONE', *, *, #3173, .F. ) ;
#3419 = PLANE ( 'NONE',  #908 ) ;
#3420 = LINE ( 'NONE', #7699, #8246 ) ;
#3421 = ORIENTED_EDGE ( 'NONE', *, *, #4565, .F. ) ;
#3422 = FACE_BOUND ( 'NONE', #4652, .T. ) ;
#3423 = FACE_OUTER_BOUND ( 'NONE', #5151, .T. ) ;
#3424 = CARTESIAN_POINT ( 'NONE',  ( 4.500000000000003553, -5.000000000000000000, -4.000000000000011546 ) ) ;
#3425 = FACE_OUTER_BOUND ( 'NONE', #5499, .T. ) ;
#3426 = EDGE_CURVE ( 'NONE', #4113, #2928, #4381, .T. ) ;
#3427 = AXIS2_PLACEMENT_3D ( 'NONE', #3052, #5759, #1683 ) ;
#3428 = EDGE_CURVE ( 'NONE', #6246, #2752, #1419, .T. ) ;
#3429 = VERTEX_POINT ( 'NONE', #5500 ) ;
#3430 = AXIS2_PLACEMENT_3D ( 'NONE', #1265, #2718, #7243 ) ;
#3431 = EDGE_LOOP ( 'NONE', ( #3784, #1423, #6485, #715 ) ) ;
#3432 = DIRECTION ( 'NONE',  ( 0.000000000000000000, 5.721188726109968923E-18, 1.000000000000000000 ) ) ;
#3433 = ORIENTED_EDGE ( 'NONE', *, *, #7546, .T. ) ;
#3434 = CARTESIAN_POINT ( 'NONE',  ( 4.936726938305877610, 1.300000000000000044, -4.100000000000012079 ) ) ;
#3435 = CARTESIAN_POINT ( 'NONE',  ( -16.99999999999999289, -5.000000000000000000, -11.20000000000001172 ) ) ;
#3436 = DIRECTION ( 'NONE',  ( 1.000000000000000000, -1.094764425253763337E-47, 1.243737540058359950E-15 ) ) ;
#3437 = CARTESIAN_POINT ( 'NONE',  ( 48.90992059245890289, 1.300000000000000044, -8.000000000000012434 ) ) ;
#3438 = AXIS2_PLACEMENT_3D ( 'NONE', #8619, #6756, #683 ) ;
#3439 = VERTEX_POINT ( 'NONE', #2082 ) ;
#3440 = VERTEX_POINT ( 'NONE', #251 ) ;
#3441 = ORIENTED_EDGE ( 'NONE', *, *, #6820, .T. ) ;
#3442 = DIRECTION ( 'NONE',  ( 0.000000000000000000, 1.000000000000000000, -1.110223024625156787E-16 ) ) ;
#3443 = EDGE_CURVE ( 'NONE', #4775, #7796, #4334, .T. ) ;
#3444 = DIRECTION ( 'NONE',  ( 0.000000000000000000, 5.551115123125782702E-17, -1.000000000000000000 ) ) ;
#3445 = CIRCLE ( 'NONE', #6833, 0.5000000000000000000 ) ;
#3446 = PLANE ( 'NONE',  #5426 ) ;
#3447 = CARTESIAN_POINT ( 'NONE',  ( 3.050000000000004263, 5.000000000000000000, -10.50000000000001243 ) ) ;
#3448 = DIRECTION ( 'NONE',  ( 1.000000000000000000, -9.148937511389287537E-33, 1.648126062685149934E-16 ) ) ;
#3449 = EDGE_CURVE ( 'NONE', #7927, #320, #1580, .T. ) ;
#3450 = DIRECTION ( 'NONE',  ( 0.000000000000000000, 1.000000000000000000, -1.110223024625156787E-16 ) ) ;
#3451 = CIRCLE ( 'NONE', #6002, 0.5000000000000004441 ) ;
#3452 = ORIENTED_EDGE ( 'NONE', *, *, #2502, .F. ) ;
#3453 = ORIENTED_EDGE ( 'NONE', *, *, #1635, .F. ) ;
#3454 = DIRECTION ( 'NONE',  ( -0.000000000000000000, -1.000000000000000000, 3.510705240030896601E-16 ) ) ;
#3455 = EDGE_CURVE ( 'NONE', #1009, #4855, #3458, .T. ) ;
#3456 = ADVANCED_FACE ( 'NONE', ( #4127 ), #6319, .F. ) ;
#3457 = ORIENTED_EDGE ( 'NONE', *, *, #5408, .T. ) ;
#3458 = LINE ( 'NONE', #6983, #498 ) ;
#3459 = LINE ( 'NONE', #6156, #7444 ) ;
#3460 = AXIS2_PLACEMENT_3D ( 'NONE', #4991, #152, #6135 ) ;
#3461 = DIRECTION ( 'NONE',  ( 1.000000000000000000, -6.889671656929607355E-33, 1.241132908274129898E-16 ) ) ;
#3462 = VECTOR ( 'NONE', #7632, 1000.000000000000000 ) ;
#3463 = ORIENTED_EDGE ( 'NONE', *, *, #3469, .F. ) ;
#3464 = ORIENTED_EDGE ( 'NONE', *, *, #4557, .F. ) ;
#3465 = PLANE ( 'NONE',  #6436 ) ;
#3466 = DIRECTION ( 'NONE',  ( -1.235726496974089760E-16, -5.551115123125782702E-17, 1.000000000000000000 ) ) ;
#3467 = DIRECTION ( 'NONE',  ( 0.000000000000000000, 1.000000000000000000, -5.721188726109870315E-18 ) ) ;
#3468 = CARTESIAN_POINT ( 'NONE',  ( -26.98761792103009682, 1.300000000000000044, -1.500000000000012657 ) ) ;
#3469 = EDGE_CURVE ( 'NONE', #2186, #943, #7072, .T. ) ;
#3470 = CARTESIAN_POINT ( 'NONE',  ( -8.182379646400995910, -1.300000000000000266, -3.203695419137131406 ) ) ;
#3471 = DIRECTION ( 'NONE',  ( -6.162975822039169783E-33, 1.000000000000000000, -1.722546424198832774E-16 ) ) ;
#3472 = AXIS2_PLACEMENT_3D ( 'NONE', #6369, #6816, #1674 ) ;
#3473 = VERTEX_POINT ( 'NONE', #2955 ) ;
#3474 = ADVANCED_FACE ( 'NONE', ( #5660 ), #2787, .T. ) ;
#3475 = VECTOR ( 'NONE', #7417, 1000.000000000000000 ) ;
#3476 = ORIENTED_EDGE ( 'NONE', *, *, #6988, .T. ) ;
#3477 = PLANE ( 'NONE',  #8671 ) ;
#3478 = ORIENTED_EDGE ( 'NONE', *, *, #6088, .T. ) ;
#3479 = CARTESIAN_POINT ( 'NONE',  ( 0.6000000000000041966, -5.000000000000000000, -9.000000000000008882 ) ) ;
#3480 = CARTESIAN_POINT ( 'NONE',  ( -11.54247580599919765, -9.000000000000001776, -5.600000000000011191 ) ) ;
#3481 = DIRECTION ( 'NONE',  ( 0.000000000000000000, 1.000000000000000000, -1.722546424198833760E-16 ) ) ;
#3482 = DIRECTION ( 'NONE',  ( 1.000000000000000000, 0.000000000000000000, -0.000000000000000000 ) ) ;
#3483 = VECTOR ( 'NONE', #4941, 1000.000000000000000 ) ;
#3484 = VECTOR ( 'NONE', #6123, 1000.000000000000000 ) ;
#3485 = EDGE_LOOP ( 'NONE', ( #7947, #6222, #6994, #8712 ) ) ;
#3486 = VERTEX_POINT ( 'NONE', #5702 ) ;
#3487 = VERTEX_POINT ( 'NONE', #747 ) ;
#3488 = DIRECTION ( 'NONE',  ( -1.000000000000000000, 5.310157618162963815E-32, -9.565929548174929767E-16 ) ) ;
#3489 = AXIS2_PLACEMENT_3D ( 'NONE', #1727, #486, #3769 ) ;
#3490 = DIRECTION ( 'NONE',  ( 0.000000000000000000, 0.000000000000000000, 1.000000000000000000 ) ) ;
#3491 = VECTOR ( 'NONE', #7045, 1000.000000000000000 ) ;
#3492 = CARTESIAN_POINT ( 'NONE',  ( -19.60432550431519516, -1.299999999999999600, -13.27201599930162246 ) ) ;
#3493 = DIRECTION ( 'NONE',  ( -0.3257540521302635939, 0.9454545454545730809, 0.000000000000000000 ) ) ;
#3494 = DIRECTION ( 'NONE',  ( 0.000000000000000000, -1.000000000000000000, 1.110223024625156787E-16 ) ) ;
#3495 = CARTESIAN_POINT ( 'NONE',  ( -49.29999999999999716, 5.000000000000000000, -1.600000000000012079 ) ) ;
#3496 = EDGE_CURVE ( 'NONE', #1645, #4841, #7704, .T. ) ;
#3497 = AXIS2_PLACEMENT_3D ( 'NONE', #8402, #7784, #1099 ) ;
#3498 = VECTOR ( 'NONE', #5003, 1000.000000000000000 ) ;
#3499 = ORIENTED_EDGE ( 'NONE', *, *, #6621, .F. ) ;
#3500 = ORIENTED_EDGE ( 'NONE', *, *, #3258, .F. ) ;
#3501 = CARTESIAN_POINT ( 'NONE',  ( -12.21412045636129839, -5.000000000000000000, -15.10000000000001208 ) ) ;
#3502 = EDGE_LOOP ( 'NONE', ( #754, #7024, #8068, #2457 ) ) ;
#3503 = AXIS2_PLACEMENT_3D ( 'NONE', #5794, #7864, #5130 ) ;
#3504 = DIRECTION ( 'NONE',  ( -0.000000000000000000, -1.000000000000000000, 1.998401444325281576E-16 ) ) ;
#3505 = AXIS2_PLACEMENT_3D ( 'NONE', #6127, #1431, #2756 ) ;
#3506 = DIRECTION ( 'NONE',  ( 0.000000000000000000, -5.551115123125782702E-17, 1.000000000000000000 ) ) ;
#3507 = EDGE_CURVE ( 'NONE', #7142, #863, #1004, .T. ) ;
#3508 = EDGE_CURVE ( 'NONE', #7976, #8625, #1205, .T. ) ;
#3509 = VECTOR ( 'NONE', #1970, 1000.000000000000000 ) ;
#3510 = CARTESIAN_POINT ( 'NONE',  ( -47.79999999999999716, 5.000000000000000000, -1.387778780781445676E-14 ) ) ;
#3511 = ADVANCED_FACE ( 'NONE', ( #4962 ), #7030, .T. ) ;
#3512 = ORIENTED_EDGE ( 'NONE', *, *, #7378, .F. ) ;
#3513 = EDGE_LOOP ( 'NONE', ( #5926, #7965, #1040, #2000 ) ) ;
#3514 = CARTESIAN_POINT ( 'NONE',  ( 44.38475575860120870, -5.000000000000000000, -0.5000000000000108802 ) ) ;
#3515 = CARTESIAN_POINT ( 'NONE',  ( 18.49654675138050308, -5.000000000000000000, -11.70000000000001172 ) ) ;
#3516 = DIRECTION ( 'NONE',  ( -1.000000000000000000, 0.000000000000000000, 0.000000000000000000 ) ) ;
#3517 = FACE_OUTER_BOUND ( 'NONE', #5079, .T. ) ;
#3518 = DIRECTION ( 'NONE',  ( 0.000000000000000000, 1.000000000000000000, -2.886579864025406611E-16 ) ) ;
#3519 = LINE ( 'NONE', #6215, #1240 ) ;
#3520 = AXIS2_PLACEMENT_3D ( 'NONE', #1990, #5443, #6725 ) ;
#3521 = EDGE_LOOP ( 'NONE', ( #3542, #524, #1088, #8363 ) ) ;
#3522 = AXIS2_PLACEMENT_3D ( 'NONE', #3838, #8569, #287 ) ;
#3523 = VERTEX_POINT ( 'NONE', #5046 ) ;
#3524 = CARTESIAN_POINT ( 'NONE',  ( -20.09767825600929925, 1.300000000000000044, -13.16832058016451334 ) ) ;
#3525 = CARTESIAN_POINT ( 'NONE',  ( -18.49999999999999645, 1.300000000000000044, -10.20000000000001172 ) ) ;
#3526 = ORIENTED_EDGE ( 'NONE', *, *, #3818, .F. ) ;
#3527 = CARTESIAN_POINT ( 'NONE',  ( -9.175732398095195919, 5.000000000000000000, -2.000000000000011990 ) ) ;
#3528 = FACE_OUTER_BOUND ( 'NONE', #7124, .T. ) ;
#3529 = CARTESIAN_POINT ( 'NONE',  ( -0.3347805097573159916, 1.300000000000000044, -7.700000000000012612 ) ) ;
#3530 = DIRECTION ( 'NONE',  ( 0.000000000000000000, -1.424786214935622162E-15, -1.000000000000000000 ) ) ;
#3531 = VECTOR ( 'NONE', #4267, 1000.000000000000000 ) ;
#3532 = EDGE_CURVE ( 'NONE', #1928, #7221, #338, .T. ) ;
#3533 = ORIENTED_EDGE ( 'NONE', *, *, #1087, .T. ) ;
#3534 = VERTEX_POINT ( 'NONE', #5096 ) ;
#3535 = ORIENTED_EDGE ( 'NONE', *, *, #6717, .T. ) ;
#3536 = LINE ( 'NONE', #8263, #6819 ) ;
#3537 = CARTESIAN_POINT ( 'NONE',  ( -11.49999999999999645, 5.000000000000000000, -16.60000000000001208 ) ) ;
#3538 = LINE ( 'NONE', #4914, #2599 ) ;
#3539 = CARTESIAN_POINT ( 'NONE',  ( 47.38475575860120159, -7.000000000000000000, -5.475791404463040912 ) ) ;
#3540 = CARTESIAN_POINT ( 'NONE',  ( 57.00000000000000000, -5.000000000000000000, -7.000000000000011546 ) ) ;
#3541 = DIRECTION ( 'NONE',  ( 0.000000000000000000, 1.000000000000000000, -1.110223024625156787E-16 ) ) ;
#3542 = ORIENTED_EDGE ( 'NONE', *, *, #1204, .T. ) ;
#3543 = ORIENTED_EDGE ( 'NONE', *, *, #54, .F. ) ;
#3544 = LINE ( 'NONE', #261, #5853 ) ;
#3545 = VERTEX_POINT ( 'NONE', #7780 ) ;
#3546 = PLANE ( 'NONE',  #1086 ) ;
#3547 = DIRECTION ( 'NONE',  ( 0.000000000000000000, 0.000000000000000000, -1.000000000000000000 ) ) ;
#3548 = CARTESIAN_POINT ( 'NONE',  ( 6.050000000000004263, 5.000000000000000000, -10.50000000000001243 ) ) ;
#3549 = ORIENTED_EDGE ( 'NONE', *, *, #6150, .F. ) ;
#3550 = ORIENTED_EDGE ( 'NONE', *, *, #212, .T. ) ;
#3551 = CARTESIAN_POINT ( 'NONE',  ( 6.050000000000004263, -5.000000000000000000, -8.500000000000010658 ) ) ;
#3552 = EDGE_CURVE ( 'NONE', #2414, #731, #7115, .T. ) ;
#3553 = FACE_BOUND ( 'NONE', #8474, .T. ) ;
#3554 = CYLINDRICAL_SURFACE ( 'NONE', #8288, 0.5000000000000004441 ) ;
#3555 = EDGE_CURVE ( 'NONE', #4671, #1151, #385, .T. ) ;
#3556 = DIRECTION ( 'NONE',  ( 1.000000000000000000, 0.000000000000000000, 0.000000000000000000 ) ) ;
#3557 = CARTESIAN_POINT ( 'NONE',  ( 46.57590321995009930, -4.999999999999999112, -5.100000000000012079 ) ) ;
#3558 = VERTEX_POINT ( 'NONE', #7160 ) ;
#3559 = ORIENTED_EDGE ( 'NONE', *, *, #5051, .T. ) ;
#3560 = CARTESIAN_POINT ( 'NONE',  ( 15.00310462831780356, -5.000000000000000000, -10.29050025234005084 ) ) ;
#3561 = CARTESIAN_POINT ( 'NONE',  ( -5.385732398095166573, -5.000000000000000000, -1.100000000000010747 ) ) ;
#3562 = EDGE_CURVE ( 'NONE', #590, #6519, #1756, .T. ) ;
#3563 = ORIENTED_EDGE ( 'NONE', *, *, #2627, .F. ) ;
#3564 = DIRECTION ( 'NONE',  ( 0.000000000000000000, -5.551115123125782702E-17, 1.000000000000000000 ) ) ;
#3565 = LINE ( 'NONE', #6887, #6450 ) ;
#3566 = EDGE_CURVE ( 'NONE', #8601, #4772, #7855, .T. ) ;
#3567 = VECTOR ( 'NONE', #2388, 1000.000000000000000 ) ;
#3568 = DIRECTION ( 'NONE',  ( 3.503246160812039955E-46, 1.000000000000000000, -1.722546424198833760E-16 ) ) ;
#3569 = LINE ( 'NONE', #4192, #3383 ) ;
#3570 = VECTOR ( 'NONE', #2155, 1000.000000000000000 ) ;
#3571 = ORIENTED_EDGE ( 'NONE', *, *, #8071, .F. ) ;
#3572 = ORIENTED_EDGE ( 'NONE', *, *, #4439, .T. ) ;
#3573 = ORIENTED_EDGE ( 'NONE', *, *, #1924, .T. ) ;
#3574 = FACE_OUTER_BOUND ( 'NONE', #3294, .T. ) ;
#3575 = CARTESIAN_POINT ( 'NONE',  ( -9.175732398095195919, 5.000000000000000000, -3.100000000000012523 ) ) ;
#3576 = EDGE_CURVE ( 'NONE', #1144, #1211, #6542, .T. ) ;
#3577 = DIRECTION ( 'NONE',  ( -0.000000000000000000, -1.000000000000000000, 1.722546424198833760E-16 ) ) ;
#3578 = LINE ( 'NONE', #2906, #2948 ) ;
#3579 = CARTESIAN_POINT ( 'NONE',  ( 5.750000000000004441, 5.000000000000000000, -7.700000000000012612 ) ) ;
#3580 = VECTOR ( 'NONE', #7500, 1000.000000000000000 ) ;
#3581 = EDGE_CURVE ( 'NONE', #3088, #6197, #8661, .T. ) ;
#3582 = CARTESIAN_POINT ( 'NONE',  ( 49.00000000000000000, -5.000000000000000000, -6.895195053175850575 ) ) ;
#3583 = ORIENTED_EDGE ( 'NONE', *, *, #4815, .T. ) ;
#3584 = AXIS2_PLACEMENT_3D ( 'NONE', #5508, #7043, #2707 ) ;
#3585 = ORIENTED_EDGE ( 'NONE', *, *, #7857, .F. ) ;
#3586 = DIRECTION ( 'NONE',  ( 1.000000000000000000, -0.000000000000000000, 0.000000000000000000 ) ) ;
#3587 = ADVANCED_FACE ( 'NONE', ( #470 ), #1889, .T. ) ;
#3588 = ORIENTED_EDGE ( 'NONE', *, *, #4026, .F. ) ;
#3589 = DIRECTION ( 'NONE',  ( -1.387778780781445676E-14, 0.000000000000000000, 1.000000000000000000 ) ) ;
#3590 = ADVANCED_FACE ( 'NONE', ( #6631 ), #2593, .F. ) ;
#3591 = DIRECTION ( 'NONE',  ( 0.000000000000000000, 5.721188726109870315E-18, 1.000000000000000000 ) ) ;
#3592 = VECTOR ( 'NONE', #8123, 1000.000000000000000 ) ;
#3593 = DIRECTION ( 'NONE',  ( -1.000000000000000000, 0.000000000000000000, 0.000000000000000000 ) ) ;
#3594 = ORIENTED_EDGE ( 'NONE', *, *, #3077, .T. ) ;
#3595 = ORIENTED_EDGE ( 'NONE', *, *, #5454, .F. ) ;
#3596 = LINE ( 'NONE', #5112, #8698 ) ;
#3597 = CARTESIAN_POINT ( 'NONE',  ( 3.529377692776864528, 5.000000000000000000, -12.95038905019667297 ) ) ;
#3598 = CARTESIAN_POINT ( 'NONE',  ( 2.325479355399663994, -5.000000000000000000, -14.76600085857938183 ) ) ;
#3599 = DIRECTION ( 'NONE',  ( 1.000000000000000000, -9.320190279076214157E-33, 1.678976218714790288E-16 ) ) ;
#3600 = PLANE ( 'NONE',  #3770 ) ;
#3601 = VECTOR ( 'NONE', #4675, 1000.000000000000000 ) ;
#3602 = EDGE_CURVE ( 'NONE', #1199, #6764, #7952, .T. ) ;
#3603 = ORIENTED_EDGE ( 'NONE', *, *, #277, .F. ) ;
#3604 = ORIENTED_EDGE ( 'NONE', *, *, #5865, .F. ) ;
#3605 = DIRECTION ( 'NONE',  ( 0.000000000000000000, 1.000000000000000000, -2.310464132328026570E-16 ) ) ;
#3606 = DIRECTION ( 'NONE',  ( 0.000000000000000000, 5.551115123125782702E-17, -1.000000000000000000 ) ) ;
#3607 = ORIENTED_EDGE ( 'NONE', *, *, #7693, .F. ) ;
#3608 = DIRECTION ( 'NONE',  ( 0.000000000000000000, -1.000000000000000000, 1.110223024625156787E-16 ) ) ;
#3609 = DIRECTION ( 'NONE',  ( -0.000000000000000000, -1.000000000000000000, 2.910584686179466762E-16 ) ) ;
#3610 = AXIS2_PLACEMENT_3D ( 'NONE', #1377, #3329, #3373 ) ;
#3611 = CARTESIAN_POINT ( 'NONE',  ( -6.946515026820697436, 5.000000000000000000, -4.600000000000012079 ) ) ;
#3612 = CARTESIAN_POINT ( 'NONE',  ( 7.901193869821793392, -5.000000000000000000, -7.500000000000011546 ) ) ;
#3613 = ADVANCED_FACE ( 'NONE', ( #4516 ), #1932, .F. ) ;
#3614 = EDGE_CURVE ( 'NONE', #2237, #133, #7008, .T. ) ;
#3615 = AXIS2_PLACEMENT_3D ( 'NONE', #3925, #4457, #1878 ) ;
#3616 = ORIENTED_EDGE ( 'NONE', *, *, #3893, .F. ) ;
#3617 = ORIENTED_EDGE ( 'NONE', *, *, #3081, .F. ) ;
#3618 = ORIENTED_EDGE ( 'NONE', *, *, #4976, .T. ) ;
#3619 = DIRECTION ( 'NONE',  ( 0.000000000000000000, 5.551115123125782702E-17, -1.000000000000000000 ) ) ;
#3620 = DIRECTION ( 'NONE',  ( -3.700743415417190112E-16, 1.110223024625156787E-16, 1.000000000000000000 ) ) ;
#3621 = CARTESIAN_POINT ( 'NONE',  ( 16.99654675138050308, 5.000000000000000000, -11.50000000000001421 ) ) ;
#3622 = PLANE ( 'NONE',  #480 ) ;
#3623 = LINE ( 'NONE', #6322, #1533 ) ;
#3624 = DIRECTION ( 'NONE',  ( 1.000000000000000000, 2.463219956820967507E-47, 1.032192439928369921E-16 ) ) ;
#3625 = AXIS2_PLACEMENT_3D ( 'NONE', #6213, #3018, #2178 ) ;
#3626 = CARTESIAN_POINT ( 'NONE',  ( 6.767177028886333545, 5.000000000000000000, -14.83499804191660232 ) ) ;
#3627 = VECTOR ( 'NONE', #7751, 1000.000000000000114 ) ;
#3628 = ORIENTED_EDGE ( 'NONE', *, *, #2126, .F. ) ;
#3629 = AXIS2_PLACEMENT_3D ( 'NONE', #6662, #2006, #4011 ) ;
#3630 = ORIENTED_EDGE ( 'NONE', *, *, #3121, .F. ) ;
#3631 = EDGE_CURVE ( 'NONE', #6268, #4340, #7335, .T. ) ;
#3632 = DIRECTION ( 'NONE',  ( 1.000000000000000000, 0.000000000000000000, -0.000000000000000000 ) ) ;
#3633 = ORIENTED_EDGE ( 'NONE', *, *, #7264, .T. ) ;
#3634 = LINE ( 'NONE', #7700, #4341 ) ;
#3635 = DIRECTION ( 'NONE',  ( -1.224646799147350002E-16, 1.722546424198833760E-16, 1.000000000000000000 ) ) ;
#3636 = VECTOR ( 'NONE', #5801, 1000.000000000000000 ) ;
#3637 = VECTOR ( 'NONE', #5285, 1000.000000000000000 ) ;
#3638 = LINE ( 'NONE', #1477, #3180 ) ;
#3639 = ORIENTED_EDGE ( 'NONE', *, *, #4882, .F. ) ;
#3640 = VECTOR ( 'NONE', #5095, 1000.000000000000114 ) ;
#3641 = AXIS2_PLACEMENT_3D ( 'NONE', #5491, #4206, #2907 ) ;
#3642 = ORIENTED_EDGE ( 'NONE', *, *, #5058, .F. ) ;
#3643 = PLANE ( 'NONE',  #1771 ) ;
#3644 = LINE ( 'NONE', #3901, #7044 ) ;
#3645 = LINE ( 'NONE', #1648, #4763 ) ;
#3646 = DIRECTION ( 'NONE',  ( 0.3427922693738828519, -5.214779888663599295E-17, 0.9394112305361816961 ) ) ;
#3647 = CARTESIAN_POINT ( 'NONE',  ( 17.19654675138050592, -6.200000000000000178, -8.606646647154743590 ) ) ;
#3648 = VECTOR ( 'NONE', #2051, 1000.000000000000000 ) ;
#3649 = ORIENTED_EDGE ( 'NONE', *, *, #3943, .F. ) ;
#3650 = ORIENTED_EDGE ( 'NONE', *, *, #2897, .T. ) ;
#3651 = MANIFOLD_SOLID_BREP ( 'Body-Move/Copy1', #3724 ) ;
#3652 = DIRECTION ( 'NONE',  ( 0.000000000000000000, 1.000000000000000000, -1.998401444325281576E-16 ) ) ;
#3653 = CARTESIAN_POINT ( 'NONE',  ( 3.550000000000004263, 5.000000000000000000, -8.500000000000012434 ) ) ;
#3654 = VECTOR ( 'NONE', #3365, 1000.000000000000114 ) ;
#3655 = ORIENTED_EDGE ( 'NONE', *, *, #101, .F. ) ;
#3656 = CARTESIAN_POINT ( 'NONE',  ( 3.404267601904844120, 5.000000000000000000, -1.600000000000012079 ) ) ;
#3657 = CARTESIAN_POINT ( 'NONE',  ( 5.127874399654833049, -4.999999999999999112, -4.100000000000011191 ) ) ;
#3658 = DIRECTION ( 'NONE',  ( 0.000000000000000000, -1.000000000000000000, 1.110223024625156787E-16 ) ) ;
#3659 = DIRECTION ( 'NONE',  ( -1.000000000000000000, 0.000000000000000000, 0.000000000000000000 ) ) ;
#3660 = VECTOR ( 'NONE', #859, 1000.000000000000000 ) ;
#3661 = EDGE_LOOP ( 'NONE', ( #1000, #2609, #6758, #3421, #1619, #7026 ) ) ;
#3662 = ORIENTED_EDGE ( 'NONE', *, *, #7609, .T. ) ;
#3663 = VERTEX_POINT ( 'NONE', #8530 ) ;
#3664 = DIRECTION ( 'NONE',  ( 0.000000000000000000, 1.000000000000000000, -1.998401444325281576E-16 ) ) ;
#3665 = FACE_OUTER_BOUND ( 'NONE', #568, .T. ) ;
#3666 = DIRECTION ( 'NONE',  ( 0.000000000000000000, 1.000000000000000000, -4.758098676964958187E-17 ) ) ;
#3667 = CARTESIAN_POINT ( 'NONE',  ( 59.50000000001880096, -5.000000000000000000, -11.89999999994018154 ) ) ;
#3668 = DIRECTION ( 'NONE',  ( 0.000000000000000000, 1.000000000000000000, -1.998401444325281576E-16 ) ) ;
#3669 = EDGE_CURVE ( 'NONE', #2928, #3246, #1138, .T. ) ;
#3670 = VECTOR ( 'NONE', #8651, 1000.000000000000000 ) ;
#3671 = FACE_OUTER_BOUND ( 'NONE', #58, .T. ) ;
#3672 = EDGE_CURVE ( 'NONE', #6394, #3350, #3889, .T. ) ;
#3673 = DIRECTION ( 'NONE',  ( 0.000000000000000000, 1.000000000000000000, -1.998401444325281576E-16 ) ) ;
#3674 = ORIENTED_EDGE ( 'NONE', *, *, #2120, .T. ) ;
#3675 = ORIENTED_EDGE ( 'NONE', *, *, #1750, .T. ) ;
#3676 = LINE ( 'NONE', #6377, #7659 ) ;
#3677 = VERTEX_POINT ( 'NONE', #2551 ) ;
#3678 = CARTESIAN_POINT ( 'NONE',  ( 1.007240873133993908, 5.000000000000000000, -7.642530422886743224 ) ) ;
#3679 = DIRECTION ( 'NONE',  ( -0.000000000000000000, -1.000000000000000000, 2.263701491768176707E-16 ) ) ;
#3680 = ADVANCED_FACE ( 'NONE', ( #6008 ), #768, .F. ) ;
#3681 = DIRECTION ( 'NONE',  ( 0.000000000000000000, 1.000000000000000000, -3.510705240030896601E-16 ) ) ;
#3682 = EDGE_CURVE ( 'NONE', #8616, #8560, #1437, .T. ) ;
#3683 = CARTESIAN_POINT ( 'NONE',  ( -5.399999999999996803, -5.000000000000000000, -4.600000000000011191 ) ) ;
#3684 = VERTEX_POINT ( 'NONE', #1355 ) ;
#3685 = VERTEX_POINT ( 'NONE', #3435 ) ;
#3686 = DIRECTION ( 'NONE',  ( -2.368475785867000094E-15, -5.551115123125782702E-17, 1.000000000000000000 ) ) ;
#3687 = LINE ( 'NONE', #5639, #5894 ) ;
#3688 = CARTESIAN_POINT ( 'NONE',  ( -12.29999999999999538, 5.000000000000000000, -16.60000000000001208 ) ) ;
#3689 = CARTESIAN_POINT ( 'NONE',  ( -9.175732398095195919, 1.300000000000000044, -2.600000000000012079 ) ) ;
#3690 = EDGE_CURVE ( 'NONE', #8502, #6722, #3395, .T. ) ;
#3691 = EDGE_CURVE ( 'NONE', #1848, #2752, #7430, .T. ) ;
#3692 = ORIENTED_EDGE ( 'NONE', *, *, #913, .T. ) ;
#3693 = ORIENTED_EDGE ( 'NONE', *, *, #4203, .F. ) ;
#3694 = DIRECTION ( 'NONE',  ( 0.000000000000000000, 0.000000000000000000, 1.000000000000000000 ) ) ;
#3695 = CARTESIAN_POINT ( 'NONE',  ( -52.00000000000000000, 1.300000000000000044, -1.500000000000012657 ) ) ;
#3696 = ORIENTED_EDGE ( 'NONE', *, *, #2910, .T. ) ;
#3697 = CARTESIAN_POINT ( 'NONE',  ( -16.99999999999999289, 5.000000000000000000, -11.20000000000001172 ) ) ;
#3698 = CARTESIAN_POINT ( 'NONE',  ( 5.750000000000004441, -5.000000000000000000, -7.500000000000011546 ) ) ;
#3699 = ADVANCED_FACE ( 'NONE', ( #6839 ), #2721, .F. ) ;
#3700 = CARTESIAN_POINT ( 'NONE',  ( 19.50118481382170188, 5.000000000000000000, -16.30000000000001137 ) ) ;
#3701 = LINE ( 'NONE', #5039, #4232 ) ;
#3702 = EDGE_LOOP ( 'NONE', ( #288, #6660, #1273, #3526 ) ) ;
#3703 = VERTEX_POINT ( 'NONE', #4108 ) ;
#3704 = EDGE_LOOP ( 'NONE', ( #595, #8527, #1014, #3917 ) ) ;
#3705 = LINE ( 'NONE', #2378, #7109 ) ;
#3706 = CARTESIAN_POINT ( 'NONE',  ( 44.38475575860120870, -5.000000000000000000, -1.214306433183764966E-14 ) ) ;
#3707 = CARTESIAN_POINT ( 'NONE',  ( 47.38475575860120159, -5.000000000000000000, -5.475791404463041800 ) ) ;
#3708 = DIRECTION ( 'NONE',  ( -1.235726496974089760E-16, -5.551115123125782702E-17, 1.000000000000000000 ) ) ;
#3709 = FACE_OUTER_BOUND ( 'NONE', #4715, .T. ) ;
#3710 = CARTESIAN_POINT ( 'NONE',  ( 41.88475575860120870, -5.000000000000000000, -1.600000000000011191 ) ) ;
#3711 = LINE ( 'NONE', #7078, #90 ) ;
#3712 = CIRCLE ( 'NONE', #5414, 0.5000000000000004441 ) ;
#3713 = ADVANCED_FACE ( 'NONE', ( #3352 ), #4189, .F. ) ;
#3714 = ORIENTED_EDGE ( 'NONE', *, *, #895, .F. ) ;
#3715 = VERTEX_POINT ( 'NONE', #1310 ) ;
#3716 = DIRECTION ( 'NONE',  ( -1.000000000000000000, 0.000000000000000000, 0.000000000000000000 ) ) ;
#3717 = VERTEX_POINT ( 'NONE', #8043 ) ;
#3718 = EDGE_CURVE ( 'NONE', #3403, #7860, #2204, .T. ) ;
#3719 = AXIS2_PLACEMENT_3D ( 'NONE', #7511, #1539, #1446 ) ;
#3720 = PLANE ( 'NONE',  #2027 ) ;
#3721 = DIRECTION ( 'NONE',  ( -1.000000000000000000, 0.000000000000000000, 3.469446951953611033E-15 ) ) ;
#3722 = CARTESIAN_POINT ( 'NONE',  ( 8.050000000000004263, -5.000000000000000000, -7.500000000000011546 ) ) ;
#3723 = CIRCLE ( 'NONE', #3438, 0.5000000000000004441 ) ;
#3724 = CLOSED_SHELL ( 'NONE', ( #5300, #7978, #4059, #4209, #8701, #710, #8718, #1757, #1142, #7840, #4235, #5886, #4422, #3474, #2067, #4219, #2012, #662, #1861, #860, #3511, #1834, #5666, #3955, #8184, #8055, #4740, #7895, #7346, #34, #691, #8700, #7619, #6174, #1652, #3699, #6952, #8615, #7086, #8360, #4352, #6106, #1441, #1988, #1359, #5621, #7316, #5259, #527, #5819, #6718, #8257, #1012, #5481, #3855, #426, #5952, #2989, #1667, #163, #7681, #3747, #3587, #4407, #6300, #8280, #5179, #6373, #6124, #6183, #8403, #6077, #2172, #5007, #8092, #7524, #354, #4314, #4544, #1501, #1774, #997, #2536, #1937, #6203, #8544, #1938, #363, #6451, #2288, #4055, #8483, #6691, #4160, #3003, #2229, #3845, #8768, #4417, #3243, #2534, #7830, #1369, #3108, #6257, #7918, #3840, #3713, #8000, #5269, #1884, #140, #869, #7558, #8195, #8098, #6934, #605, #8329, #1346, #1625, #6666, #8191, #2422, #3456, #2772, #2792, #7239, #4792, #2969, #1724, #4767, #2108, #3841, #4474, #7507, #5789, #5006, #7861, #8653, #7188, #2803, #737, #7230, #7399, #574, #6104, #4769, #4124, #3680, #8641, #5999, #2703, #2511, #627, #8391, #5089, #5661, #6067, #3944, #1556, #285, #7104, #4939, #3023, #1453, #4860, #6256, #6217, #6149, #872, #1358, #4389, #8378, #8137, #4130, #2827, #5875, #1726, #6536, #8570, #4624, #785, #1565, #5920, #8367, #7344, #6924, #1904, #2729, #2735, #8434, #603, #6494, #5345, #4324, #5995, #3302, #8665, #3104, #977, #5145, #2056, #3245, #4591, #499, #4656, #3590, #7452, #1397, #6875, #5921, #2605, #6402, #3191, #1598, #154, #3035, #5076, #2965, #137, #4405, #5168, #5588, #4496, #8339, #1614, #7448, #2249, #720, #6097, #2666, #1835, #5198, #8270, #476, #111, #6915, #978, #3086, #6299, #3613, #3065, #7441, #2807, #7293, #1775, #2934, #5136, #8558, #832, #5267, #6636, #4659, #6587, #4025, #5469, #5023, #7268, #198, #8024, #2740, #2912, #5904, #3346 ) ) ;
#3725 = EDGE_CURVE ( 'NONE', #7795, #6645, #5352, .T. ) ;
#3726 = EDGE_CURVE ( 'NONE', #8174, #6208, #507, .T. ) ;
#3727 = ORIENTED_EDGE ( 'NONE', *, *, #7187, .F. ) ;
#3728 = VERTEX_POINT ( 'NONE', #4820 ) ;
#3729 = ORIENTED_EDGE ( 'NONE', *, *, #6293, .F. ) ;
#3730 = CARTESIAN_POINT ( 'NONE',  ( 44.38475575860120870, -5.000000000000000000, -0.5000000000000108802 ) ) ;
#3731 = CARTESIAN_POINT ( 'NONE',  ( -0.1436330484083760406, -1.300000000000000044, -7.700000000000012612 ) ) ;
#3732 = AXIS2_PLACEMENT_3D ( 'NONE', #5418, #3466, #5671 ) ;
#3733 = DIRECTION ( 'NONE',  ( 9.868649107779168700E-17, -1.000000000000000000, 1.110223024625156787E-16 ) ) ;
#3734 = LINE ( 'NONE', #5818, #2654 ) ;
#3735 = AXIS2_PLACEMENT_3D ( 'NONE', #160, #2997, #2862 ) ;
#3736 = ORIENTED_EDGE ( 'NONE', *, *, #6070, .T. ) ;
#3737 = ORIENTED_EDGE ( 'NONE', *, *, #4923, .T. ) ;
#3738 = CARTESIAN_POINT ( 'NONE',  ( 38.60836255635121006, -1.300000000000000266, -1.500000000000011768 ) ) ;
#3739 = LINE ( 'NONE', #1032, #3013 ) ;
#3740 = VERTEX_POINT ( 'NONE', #7463 ) ;
#3741 = DIRECTION ( 'NONE',  ( 0.000000000000000000, 1.000000000000000000, -1.998401444325281576E-16 ) ) ;
#3742 = CARTESIAN_POINT ( 'NONE',  ( 49.00000000000000000, -5.000000000000000000, -2.000000000000011102 ) ) ;
#3743 = LINE ( 'NONE', #7812, #5721 ) ;
#3744 = DIRECTION ( 'NONE',  ( 0.000000000000000000, 1.000000000000000000, -1.826495943738160617E-16 ) ) ;
#3745 = VECTOR ( 'NONE', #6999, 1000.000000000000000 ) ;
#3746 = EDGE_CURVE ( 'NONE', #5881, #6722, #6052, .T. ) ;
#3747 = ADVANCED_FACE ( 'NONE', ( #8753 ), #599, .T. ) ;
#3748 = EDGE_LOOP ( 'NONE', ( #6823, #449, #1547, #4122 ) ) ;
#3749 = ORIENTED_EDGE ( 'NONE', *, *, #8214, .T. ) ;
#3750 = AXIS2_PLACEMENT_3D ( 'NONE', #3551, #135, #6248 ) ;
#3751 = ORIENTED_EDGE ( 'NONE', *, *, #7088, .T. ) ;
#3752 = EDGE_CURVE ( 'NONE', #6835, #8502, #4777, .T. ) ;
#3753 = FACE_OUTER_BOUND ( 'NONE', #77, .T. ) ;
#3754 = LINE ( 'NONE', #2417, #391 ) ;
#3755 = CARTESIAN_POINT ( 'NONE',  ( 20.01238207896990318, -1.300000000000000266, -4.000000000000011546 ) ) ;
#3756 = DIRECTION ( 'NONE',  ( 1.000000000000000000, -1.180813055601659319E-32, 2.127163694880739873E-16 ) ) ;
#3757 = LINE ( 'NONE', #8400, #2102 ) ;
#3758 = CARTESIAN_POINT ( 'NONE',  ( 62.00000000000000711, -5.000000000000000000, -13.20000000000000995 ) ) ;
#3759 = CARTESIAN_POINT ( 'NONE',  ( 62.00000000000000711, -5.000000000000000000, -9.852520022699815527 ) ) ;
#3760 = AXIS2_PLACEMENT_3D ( 'NONE', #5178, #1268, #7995 ) ;
#3761 = EDGE_CURVE ( 'NONE', #4639, #8632, #7376, .T. ) ;
#3762 = ORIENTED_EDGE ( 'NONE', *, *, #2523, .F. ) ;
#3763 = ORIENTED_EDGE ( 'NONE', *, *, #1812, .T. ) ;
#3764 = EDGE_LOOP ( 'NONE', ( #7190, #4319, #8417, #6341 ) ) ;
#3765 = CARTESIAN_POINT ( 'NONE',  ( -44.79999999999999005, -5.000000000000000000, -0.5000000000000108802 ) ) ;
#3766 = VECTOR ( 'NONE', #5651, 1000.000000000000000 ) ;
#3767 = CARTESIAN_POINT ( 'NONE',  ( 2.114267601904844085, -7.000000000000000888, -0.5000000000000108802 ) ) ;
#3768 = DIRECTION ( 'NONE',  ( -0.000000000000000000, -1.000000000000000000, 1.710343578476592788E-16 ) ) ;
#3769 = DIRECTION ( 'NONE',  ( 0.6360302752082082067, 4.283596276308128753E-17, -0.7716641037514773149 ) ) ;
#3770 = AXIS2_PLACEMENT_3D ( 'NONE', #6297, #229, #7007 ) ;
#3771 = AXIS2_PLACEMENT_3D ( 'NONE', #4846, #8334, #181 ) ;
#3772 = EDGE_LOOP ( 'NONE', ( #4223, #3222, #4593, #2622 ) ) ;
#3773 = ORIENTED_EDGE ( 'NONE', *, *, #307, .F. ) ;
#3774 = ORIENTED_EDGE ( 'NONE', *, *, #1420, .T. ) ;
#3775 = CARTESIAN_POINT ( 'NONE',  ( 1.198806130178223794, -5.000000000000000000, -7.700000000000011724 ) ) ;
#3776 = DIRECTION ( 'NONE',  ( 0.000000000000000000, -5.551115123125782702E-17, 1.000000000000000000 ) ) ;
#3777 = VECTOR ( 'NONE', #4971, 1000.000000000000000 ) ;
#3778 = DIRECTION ( 'NONE',  ( -0.000000000000000000, -1.000000000000000000, 1.776356839400250810E-16 ) ) ;
#3779 = DIRECTION ( 'NONE',  ( -0.3257540521302635939, 0.9454545454545730809, 0.000000000000000000 ) ) ;
#3780 = EDGE_CURVE ( 'NONE', #4231, #3412, #8168, .T. ) ;
#3781 = EDGE_CURVE ( 'NONE', #7713, #3986, #4730, .T. ) ;
#3782 = AXIS2_PLACEMENT_3D ( 'NONE', #4339, #1452, #75 ) ;
#3783 = VECTOR ( 'NONE', #8224, 1000.000000000000000 ) ;
#3784 = ORIENTED_EDGE ( 'NONE', *, *, #7945, .T. ) ;
#3785 = VERTEX_POINT ( 'NONE', #4067 ) ;
#3786 = CARTESIAN_POINT ( 'NONE',  ( -10.55128150897169625, 5.000000000000000000, -5.732415503398282652 ) ) ;
#3787 = LINE ( 'NONE', #6488, #2724 ) ;
#3788 = ORIENTED_EDGE ( 'NONE', *, *, #1282, .T. ) ;
#3789 = DIRECTION ( 'NONE',  ( 6.021204338895700296E-47, -1.000000000000000000, 1.722546424198833760E-16 ) ) ;
#3790 = LINE ( 'NONE', #5217, #7011 ) ;
#3791 = CARTESIAN_POINT ( 'NONE',  ( -19.60432550431519516, -4.999999999999999112, -13.27201599930162246 ) ) ;
#3792 = CARTESIAN_POINT ( 'NONE',  ( 44.88475575860120159, -7.000000000000000888, -0.5000000000000108802 ) ) ;
#3793 = VECTOR ( 'NONE', #6133, 1000.000000000000000 ) ;
#3794 = EDGE_CURVE ( 'NONE', #8502, #4284, #6760, .T. ) ;
#3795 = VECTOR ( 'NONE', #1783, 1000.000000000000000 ) ;
#3796 = VERTEX_POINT ( 'NONE', #193 ) ;
#3797 = CIRCLE ( 'NONE', #955, 1.375000000000000000 ) ;
#3798 = VERTEX_POINT ( 'NONE', #5690 ) ;
#3799 = ORIENTED_EDGE ( 'NONE', *, *, #5387, .F. ) ;
#3800 = CARTESIAN_POINT ( 'NONE',  ( 41.88475575860120870, -5.000000000000000000, -1.100000000000010747 ) ) ;
#3801 = DIRECTION ( 'NONE',  ( 0.000000000000000000, 5.551115123125782702E-17, -1.000000000000000000 ) ) ;
#3802 = DIRECTION ( 'NONE',  ( 2.220446049250309876E-16, -1.110223024625157526E-17, -1.000000000000000000 ) ) ;
#3803 = DIRECTION ( 'NONE',  ( 0.000000000000000000, 5.721188726110067531E-18, 1.000000000000000000 ) ) ;
#3804 = DIRECTION ( 'NONE',  ( 0.3257540521303342040, -0.9454545454545488781, 0.000000000000000000 ) ) ;
#3805 = DIRECTION ( 'NONE',  ( 2.220446049250309876E-16, 1.110223024625153212E-17, -1.000000000000000000 ) ) ;
#3806 = DIRECTION ( 'NONE',  ( 0.000000000000000000, 1.000000000000000000, -1.110223024625156787E-16 ) ) ;
#3807 = AXIS2_PLACEMENT_3D ( 'NONE', #8764, #4699, #26 ) ;
#3808 = EDGE_CURVE ( 'NONE', #1073, #2103, #6731, .T. ) ;
#3809 = EDGE_CURVE ( 'NONE', #8549, #8632, #3030, .T. ) ;
#3810 = ORIENTED_EDGE ( 'NONE', *, *, #2400, .T. ) ;
#3811 = ORIENTED_EDGE ( 'NONE', *, *, #6057, .F. ) ;
#3812 = ORIENTED_EDGE ( 'NONE', *, *, #2318, .T. ) ;
#3813 = CARTESIAN_POINT ( 'NONE',  ( 42.32814634690690525, 1.300000000000000044, -6.800000000000012257 ) ) ;
#3814 = VECTOR ( 'NONE', #6586, 1000.000000000000000 ) ;
#3815 = CARTESIAN_POINT ( 'NONE',  ( 25.94827798752610803, 1.300000000000000044, -6.800000000000012257 ) ) ;
#3816 = DIRECTION ( 'NONE',  ( 5.551115123125790591E-16, 5.551115123125782702E-17, -1.000000000000000000 ) ) ;
#3817 = DIRECTION ( 'NONE',  ( 1.000000000000000000, 0.000000000000000000, -0.000000000000000000 ) ) ;
#3818 = EDGE_CURVE ( 'NONE', #3486, #4331, #7677, .T. ) ;
#3819 = CARTESIAN_POINT ( 'NONE',  ( 5.550000000000003375, -5.000000000000000000, -8.500000000000010658 ) ) ;
#3820 = AXIS2_PLACEMENT_3D ( 'NONE', #3792, #328, #3659 ) ;
#3821 = ORIENTED_EDGE ( 'NONE', *, *, #6044, .F. ) ;
#3822 = VERTEX_POINT ( 'NONE', #7589 ) ;
#3823 = ORIENTED_EDGE ( 'NONE', *, *, #1500, .F. ) ;
#3824 = VERTEX_POINT ( 'NONE', #2188 ) ;
#3825 = LINE ( 'NONE', #6388, #4884 ) ;
#3826 = DIRECTION ( 'NONE',  ( 0.000000000000000000, 1.000000000000000000, -1.744636181553817632E-16 ) ) ;
#3827 = CARTESIAN_POINT ( 'NONE',  ( 22.49654675138050308, -5.000000000000000000, -8.200000000000011724 ) ) ;
#3828 = DIRECTION ( 'NONE',  ( -0.000000000000000000, -1.000000000000000000, 1.554312234475219305E-16 ) ) ;
#3829 = ORIENTED_EDGE ( 'NONE', *, *, #7257, .F. ) ;
#3830 = EDGE_CURVE ( 'NONE', #3403, #1291, #8253, .T. ) ;
#3831 = ORIENTED_EDGE ( 'NONE', *, *, #7936, .F. ) ;
#3832 = CARTESIAN_POINT ( 'NONE',  ( 60.50000000000000711, -5.000000000000000000, -10.90000000000001279 ) ) ;
#3833 = DIRECTION ( 'NONE',  ( -0.9474922789871988993, 1.775128067639131365E-17, -0.3197786441581800254 ) ) ;
#3834 = ORIENTED_EDGE ( 'NONE', *, *, #276, .F. ) ;
#3835 = CARTESIAN_POINT ( 'NONE',  ( 2.114267601904844085, -5.000000000000000000, -0.5000000000000108802 ) ) ;
#3836 = FACE_OUTER_BOUND ( 'NONE', #2950, .T. ) ;
#3837 = DIRECTION ( 'NONE',  ( 0.9153150324227660173, 2.235648412318802413E-17, -0.4027386142660159818 ) ) ;
#3838 = CARTESIAN_POINT ( 'NONE',  ( -50.79999999999999716, 1.300000000000000044, -5.100000000000012079 ) ) ;
#3839 = ORIENTED_EDGE ( 'NONE', *, *, #6690, .T. ) ;
#3840 = ADVANCED_FACE ( 'NONE', ( #1613 ), #7064, .F. ) ;
#3841 = ADVANCED_FACE ( 'NONE', ( #4902 ), #5084, .F. ) ;
#3842 = ORIENTED_EDGE ( 'NONE', *, *, #7657, .T. ) ;
#3843 = DIRECTION ( 'NONE',  ( 0.000000000000000000, 1.000000000000000000, -1.998401444325281576E-16 ) ) ;
#3844 = DIRECTION ( 'NONE',  ( 1.361223538468439680E-16, 5.551115123125790098E-17, -1.000000000000000000 ) ) ;
#3845 = ADVANCED_FACE ( 'NONE', ( #3528 ), #2325, .F. ) ;
#3846 = DIRECTION ( 'NONE',  ( 0.000000000000000000, -1.000000000000000000, 1.110223024625156787E-16 ) ) ;
#3847 = FACE_OUTER_BOUND ( 'NONE', #7897, .T. ) ;
#3848 = CARTESIAN_POINT ( 'NONE',  ( -12.49999999999999645, -5.000000000000000000, -4.600000000000011191 ) ) ;
#3849 = LINE ( 'NONE', #7739, #3636 ) ;
#3850 = ORIENTED_EDGE ( 'NONE', *, *, #7389, .T. ) ;
#3851 = EDGE_LOOP ( 'NONE', ( #7755, #6188, #504, #823 ) ) ;
#3852 = VERTEX_POINT ( 'NONE', #326 ) ;
#3853 = DIRECTION ( 'NONE',  ( 1.000000000000000000, 0.000000000000000000, 0.000000000000000000 ) ) ;
#3854 = DIRECTION ( 'NONE',  ( 1.094764425253759903E-48, -1.554312234475219798E-16, -1.000000000000000000 ) ) ;
#3855 = ADVANCED_FACE ( 'NONE', ( #2239 ), #240, .T. ) ;
#3856 = PLANE ( 'NONE',  #2099 ) ;
#3857 = CARTESIAN_POINT ( 'NONE',  ( 61.49999999999880629, 3.699999999999999289, -9.932463862565899859 ) ) ;
#3858 = AXIS2_PLACEMENT_3D ( 'NONE', #659, #4748, #8770 ) ;
#3859 = DIRECTION ( 'NONE',  ( 0.000000000000000000, 1.000000000000000000, -1.998401444325281576E-16 ) ) ;
#3860 = ORIENTED_EDGE ( 'NONE', *, *, #2911, .F. ) ;
#3861 = ORIENTED_EDGE ( 'NONE', *, *, #2953, .T. ) ;
#3862 = EDGE_CURVE ( 'NONE', #3050, #7937, #6972, .T. ) ;
#3863 = AXIS2_PLACEMENT_3D ( 'NONE', #4960, #4155, #5571 ) ;
#3864 = EDGE_LOOP ( 'NONE', ( #8229, #1699, #774, #6683 ) ) ;
#3865 = ORIENTED_EDGE ( 'NONE', *, *, #5509, .F. ) ;
#3866 = DIRECTION ( 'NONE',  ( 0.000000000000000000, -5.721188726109673100E-18, -1.000000000000000000 ) ) ;
#3867 = EDGE_CURVE ( 'NONE', #6938, #3907, #1494, .T. ) ;
#3868 = EDGE_CURVE ( 'NONE', #2786, #2888, #857, .T. ) ;
#3869 = CYLINDRICAL_SURFACE ( 'NONE', #7168, 0.5000000000000004441 ) ;
#3870 = CARTESIAN_POINT ( 'NONE',  ( -50.29999999999999716, -0.7000000000000000666, -4.600000000000012079 ) ) ;
#3871 = CARTESIAN_POINT ( 'NONE',  ( 3.404267601904844120, 5.000000000000000000, -1.600000000000012079 ) ) ;
#3872 = VECTOR ( 'NONE', #5254, 1000.000000000000000 ) ;
#3873 = EDGE_LOOP ( 'NONE', ( #7730, #3604, #8667, #2405 ) ) ;
#3874 = VECTOR ( 'NONE', #4078, 1000.000000000000000 ) ;
#3875 = ORIENTED_EDGE ( 'NONE', *, *, #2806, .T. ) ;
#3876 = LINE ( 'NONE', #7099, #7560 ) ;
#3877 = CARTESIAN_POINT ( 'NONE',  ( -5.885732398095194995, -5.000000000000000000, -1.600000000000011191 ) ) ;
#3878 = EDGE_LOOP ( 'NONE', ( #4329, #8705, #2014, #536 ) ) ;
#3879 = CARTESIAN_POINT ( 'NONE',  ( 15.30310462831780427, -5.000000000000000000, -10.52775174886009246 ) ) ;
#3880 = CARTESIAN_POINT ( 'NONE',  ( 22.00000000000000711, 0.000000000000000000, -5.000000000000012434 ) ) ;
#3881 = CARTESIAN_POINT ( 'NONE',  ( 17.49654675138050308, 5.000000000000000000, -9.462748503479975426 ) ) ;
#3882 = EDGE_CURVE ( 'NONE', #7288, #1710, #3565, .T. ) ;
#3883 = AXIS2_PLACEMENT_3D ( 'NONE', #7554, #3577, #6275 ) ;
#3884 = ORIENTED_EDGE ( 'NONE', *, *, #4768, .T. ) ;
#3885 = ORIENTED_EDGE ( 'NONE', *, *, #6236, .F. ) ;
#3886 = CARTESIAN_POINT ( 'NONE',  ( 6.050000000000004263, -5.000000000000000000, -10.50000000000001066 ) ) ;
#3887 = ORIENTED_EDGE ( 'NONE', *, *, #2148, .F. ) ;
#3888 = DIRECTION ( 'NONE',  ( 4.814824860968089633E-33, 1.000000000000000000, -1.722546424198832774E-16 ) ) ;
#3889 = LINE ( 'NONE', #3228, #6298 ) ;
#3890 = AXIS2_PLACEMENT_3D ( 'NONE', #8341, #2234, #3694 ) ;
#3891 = CARTESIAN_POINT ( 'NONE',  ( 13.23545475066548427, -1.300000000000000044, -7.700000000000012612 ) ) ;
#3892 = DIRECTION ( 'NONE',  ( 0.000000000000000000, -1.000000000000000000, 1.110223024625156787E-16 ) ) ;
#3893 = EDGE_CURVE ( 'NONE', #1953, #5382, #1572, .T. ) ;
#3894 = EDGE_CURVE ( 'NONE', #3558, #102, #4277, .T. ) ;
#3895 = AXIS2_PLACEMENT_3D ( 'NONE', #6616, #8066, #2048 ) ;
#3896 = ORIENTED_EDGE ( 'NONE', *, *, #2937, .T. ) ;
#3897 = ORIENTED_EDGE ( 'NONE', *, *, #1271, .T. ) ;
#3898 = ORIENTED_EDGE ( 'NONE', *, *, #8725, .F. ) ;
#3899 = DIRECTION ( 'NONE',  ( 1.000000000000000000, 0.000000000000000000, -0.000000000000000000 ) ) ;
#3900 = DIRECTION ( 'NONE',  ( 1.366428338000189980E-15, 5.551115123125782702E-17, -1.000000000000000000 ) ) ;
#3901 = CARTESIAN_POINT ( 'NONE',  ( 42.32814634690690525, 5.000000000000000000, -6.800000000000012257 ) ) ;
#3902 = DIRECTION ( 'NONE',  ( 0.000000000000000000, 1.000000000000000000, -5.911187455436646521E-16 ) ) ;
#3903 = VECTOR ( 'NONE', #7888, 1000.000000000000000 ) ;
#3904 = CARTESIAN_POINT ( 'NONE',  ( -5.885732398095194995, -5.000000000000000000, -1.600000000000011191 ) ) ;
#3905 = EDGE_CURVE ( 'NONE', #5775, #884, #151, .T. ) ;
#3906 = EDGE_CURVE ( 'NONE', #6229, #3684, #2853, .T. ) ;
#3907 = VERTEX_POINT ( 'NONE', #7017 ) ;
#3908 = ORIENTED_EDGE ( 'NONE', *, *, #5357, .T. ) ;
#3909 = AXIS2_PLACEMENT_3D ( 'NONE', #4239, #7771, #6931 ) ;
#3910 = ORIENTED_EDGE ( 'NONE', *, *, #1371, .T. ) ;
#3911 = ORIENTED_EDGE ( 'NONE', *, *, #2255, .T. ) ;
#3912 = DIRECTION ( 'NONE',  ( 1.000000000000000000, 0.000000000000000000, -0.000000000000000000 ) ) ;
#3913 = DIRECTION ( 'NONE',  ( -1.000000000000000000, -2.313130855612780302E-32, -1.253477608447759722E-16 ) ) ;
#3914 = DIRECTION ( 'NONE',  ( 0.000000000000000000, 1.000000000000000000, -1.110223024625156787E-16 ) ) ;
#3915 = DIRECTION ( 'NONE',  ( -0.9887155042247666170, 2.328443340351348642E-17, 0.1498053794279949336 ) ) ;
#3916 = CIRCLE ( 'NONE', #1365, 0.5000000000000000000 ) ;
#3917 = ORIENTED_EDGE ( 'NONE', *, *, #7108, .T. ) ;
#3918 = AXIS2_PLACEMENT_3D ( 'NONE', #4129, #1960, #7438 ) ;
#3919 = AXIS2_PLACEMENT_3D ( 'NONE', #3057, #3679, #6382 ) ;
#3920 = ORIENTED_EDGE ( 'NONE', *, *, #2656, .T. ) ;
#3921 = DIRECTION ( 'NONE',  ( 1.000000000000000000, -7.043400939473309721E-33, 1.268826313857319964E-16 ) ) ;
#3922 = LINE ( 'NONE', #3877, #5706 ) ;
#3923 = EDGE_LOOP ( 'NONE', ( #5989, #2830, #6364, #5153 ) ) ;
#3924 = CARTESIAN_POINT ( 'NONE',  ( 4.529377692776864528, 5.000000000000000000, -12.95038905019667297 ) ) ;
#3925 = CARTESIAN_POINT ( 'NONE',  ( -12.29999999999999538, -5.799999999999999822, -17.60000000000001208 ) ) ;
#3926 = CARTESIAN_POINT ( 'NONE',  ( -16.49999999999999645, 5.000000000000000000, -14.20000000000001172 ) ) ;
#3927 = AXIS2_PLACEMENT_3D ( 'NONE', #164, #8315, #2254 ) ;
#3928 = AXIS2_PLACEMENT_3D ( 'NONE', #1324, #3990, #5444 ) ;
#3929 = EDGE_LOOP ( 'NONE', ( #1939, #658, #8408, #7057 ) ) ;
#3930 = ORIENTED_EDGE ( 'NONE', *, *, #7075, .F. ) ;
#3931 = LINE ( 'NONE', #6048, #4574 ) ;
#3932 = CIRCLE ( 'NONE', #807, 0.3000000000000016542 ) ;
#3933 = ORIENTED_EDGE ( 'NONE', *, *, #1117, .T. ) ;
#3934 = LINE ( 'NONE', #7245, #1803 ) ;
#3935 = SURFACE_STYLE_FILL_AREA ( #515 ) ;
#3936 = VECTOR ( 'NONE', #6749, 1000.000000000000000 ) ;
#3937 = CARTESIAN_POINT ( 'NONE',  ( 13.04430728931654393, 5.000000000000000000, -7.700000000000012612 ) ) ;
#3938 = CARTESIAN_POINT ( 'NONE',  ( 19.50310462831780356, -5.000000000000000000, -14.90000050758565031 ) ) ;
#3939 = AXIS2_PLACEMENT_3D ( 'NONE', #757, #2799, #2177 ) ;
#3940 = ORIENTED_EDGE ( 'NONE', *, *, #88, .F. ) ;
#3941 = EDGE_LOOP ( 'NONE', ( #6365, #5242, #6316, #1400 ) ) ;
#3942 = DIRECTION ( 'NONE',  ( 0.2009569058438570310, -1.740119306752016673E-16, -0.9796000826835731257 ) ) ;
#3943 = EDGE_CURVE ( 'NONE', #8427, #8371, #948, .T. ) ;
#3944 = ADVANCED_FACE ( 'NONE', ( #5919 ), #2583, .F. ) ;
#3945 = CARTESIAN_POINT ( 'NONE',  ( -47.79999999999999716, -5.000000000000000000, -1.100000000000010747 ) ) ;
#3946 = DIRECTION ( 'NONE',  ( 0.9342201547964009700, -8.879963472468730368E-18, 0.3566969335054459567 ) ) ;
#3947 = VECTOR ( 'NONE', #7555, 1000.000000000000000 ) ;
#3948 = FACE_OUTER_BOUND ( 'NONE', #7599, .T. ) ;
#3949 = CYLINDRICAL_SURFACE ( 'NONE', #6472, 1.000000000000000888 ) ;
#3950 = EDGE_LOOP ( 'NONE', ( #5547, #394, #5953, #4818, #2398, #5139 ) ) ;
#3951 = VECTOR ( 'NONE', #1404, 1000.000000000000000 ) ;
#3952 = ORIENTED_EDGE ( 'NONE', *, *, #3868, .F. ) ;
#3953 = DIRECTION ( 'NONE',  ( 0.000000000000000000, 1.000000000000000000, -1.776356839400250810E-16 ) ) ;
#3954 = EDGE_CURVE ( 'NONE', #6280, #8328, #1747, .T. ) ;
#3955 = ADVANCED_FACE ( 'NONE', ( #3836 ), #8566, .T. ) ;
#3956 = ORIENTED_EDGE ( 'NONE', *, *, #4330, .F. ) ;
#3957 = CARTESIAN_POINT ( 'NONE',  ( 16.69654675138050592, 5.000000000000000000, -11.20000000000001172 ) ) ;
#3958 = DIRECTION ( 'NONE',  ( 0.000000000000000000, 1.000000000000000000, -1.722546424198833760E-16 ) ) ;
#3959 = PRESENTATION_STYLE_ASSIGNMENT (( #6609 ) ) ;
#3960 = DIRECTION ( 'NONE',  ( -0.000000000000000000, -1.000000000000000000, 1.710343578476592788E-16 ) ) ;
#3961 = VECTOR ( 'NONE', #6126, 1000.000000000000000 ) ;
#3962 = EDGE_LOOP ( 'NONE', ( #115, #5346, #2376, #7010 ) ) ;
#3963 = ORIENTED_EDGE ( 'NONE', *, *, #2977, .T. ) ;
#3964 = ORIENTED_EDGE ( 'NONE', *, *, #6434, .T. ) ;
#3965 = FACE_OUTER_BOUND ( 'NONE', #5792, .T. ) ;
#3966 = CARTESIAN_POINT ( 'NONE',  ( -13.78984720620709759, 1.300000000000000044, -3.100000000000012523 ) ) ;
#3967 = EDGE_LOOP ( 'NONE', ( #8138, #7479, #235, #6785 ) ) ;
#3968 = CARTESIAN_POINT ( 'NONE',  ( 9.049699182559423960, 5.000000000000000000, -6.200000000000012612 ) ) ;
#3969 = DIRECTION ( 'NONE',  ( 1.000000000000000000, 0.000000000000000000, -0.000000000000000000 ) ) ;
#3970 = EDGE_CURVE ( 'NONE', #5570, #943, #7197, .T. ) ;
#3971 = DIRECTION ( 'NONE',  ( 1.387778780781445676E-14, 0.000000000000000000, -1.000000000000000000 ) ) ;
#3972 = EDGE_CURVE ( 'NONE', #6418, #6491, #2543, .T. ) ;
#3973 = ORIENTED_EDGE ( 'NONE', *, *, #5839, .T. ) ;
#3974 = EDGE_CURVE ( 'NONE', #3715, #2737, #8650, .T. ) ;
#3975 = ORIENTED_EDGE ( 'NONE', *, *, #7283, .F. ) ;
#3976 = LINE ( 'NONE', #4595, #4993 ) ;
#3977 = ORIENTED_EDGE ( 'NONE', *, *, #8496, .F. ) ;
#3978 = CARTESIAN_POINT ( 'NONE',  ( -12.21412045636129839, 5.000000000000000000, -15.10000000000001208 ) ) ;
#3979 = DIRECTION ( 'NONE',  ( 0.9986274911012368305, 2.996468986087494441E-19, 0.05237493691498949083 ) ) ;
#3980 = LINE ( 'NONE', #8623, #7401 ) ;
#3981 = EDGE_CURVE ( 'NONE', #752, #2344, #3262, .T. ) ;
#3982 = CARTESIAN_POINT ( 'NONE',  ( 42.17779029743370245, 5.000000000000000000, -8.200000000000013500 ) ) ;
#3983 = VERTEX_POINT ( 'NONE', #1130 ) ;
#3984 = ORIENTED_EDGE ( 'NONE', *, *, #1681, .T. ) ;
#3985 = EDGE_CURVE ( 'NONE', #1685, #6047, #5196, .T. ) ;
#3986 = VERTEX_POINT ( 'NONE', #7280 ) ;
#3987 = CARTESIAN_POINT ( 'NONE',  ( 15.30310462831780427, 5.000000000000000000, -10.52775174886009246 ) ) ;
#3988 = CARTESIAN_POINT ( 'NONE',  ( 15.00310462831780356, -5.000000000000000000, -11.20000000000001172 ) ) ;
#3989 = DIRECTION ( 'NONE',  ( 0.000000000000000000, 1.000000000000000000, -3.774758283725536576E-16 ) ) ;
#3990 = DIRECTION ( 'NONE',  ( -0.000000000000000000, -1.000000000000000000, 1.722546424198833760E-16 ) ) ;
#3991 = DIRECTION ( 'NONE',  ( 0.000000000000000000, 1.000000000000000000, -2.886579864025406611E-16 ) ) ;
#3992 = VERTEX_POINT ( 'NONE', #4506 ) ;
#3993 = ORIENTED_EDGE ( 'NONE', *, *, #5840, .T. ) ;
#3994 = CARTESIAN_POINT ( 'NONE',  ( -11.39999999999999680, -5.000000000000000000, -12.08548524598517204 ) ) ;
#3995 = EDGE_LOOP ( 'NONE', ( #8635, #7360, #4072, #7098 ) ) ;
#3996 = VECTOR ( 'NONE', #213, 1000.000000000000000 ) ;
#3997 = LINE ( 'NONE', #6687, #7000 ) ;
#3998 = DIRECTION ( 'NONE',  ( 1.235726496974089760E-16, 5.551115123125782702E-17, -1.000000000000000000 ) ) ;
#3999 = CARTESIAN_POINT ( 'NONE',  ( -23.62499999999999289, -1.387778780781443703E-16, -5.000000000000012434 ) ) ;
#4000 = CARTESIAN_POINT ( 'NONE',  ( 44.88475575860120159, -5.000000000000000000, -1.214306433183764966E-14 ) ) ;
#4001 = EDGE_CURVE ( 'NONE', #2046, #5056, #3916, .T. ) ;
#4002 = EDGE_CURVE ( 'NONE', #1199, #5388, #5296, .T. ) ;
#4003 = AXIS2_PLACEMENT_3D ( 'NONE', #6408, #3092, #7909 ) ;
#4004 = VERTEX_POINT ( 'NONE', #1792 ) ;
#4005 = ORIENTED_EDGE ( 'NONE', *, *, #5643, .F. ) ;
#4006 = VERTEX_POINT ( 'NONE', #2496 ) ;
#4007 = DIRECTION ( 'NONE',  ( 1.110223024625159992E-16, -5.721188726109870315E-18, -1.000000000000000000 ) ) ;
#4008 = DIRECTION ( 'NONE',  ( -5.473822126268819114E-48, 1.000000000000000000, -1.722546424198833760E-16 ) ) ;
#4009 = ORIENTED_EDGE ( 'NONE', *, *, #2497, .F. ) ;
#4010 = DIRECTION ( 'NONE',  ( -1.000000000000000000, 0.000000000000000000, 0.000000000000000000 ) ) ;
#4011 = DIRECTION ( 'NONE',  ( -0.000000000000000000, -1.000000000000000000, 1.710343578476592788E-16 ) ) ;
#4012 = VECTOR ( 'NONE', #6968, 1000.000000000000000 ) ;
#4013 = LINE ( 'NONE', #632, #3670 ) ;
#4014 = CARTESIAN_POINT ( 'NONE',  ( 46.57590321995009930, -4.999999999999999112, -5.100000000000012079 ) ) ;
#4015 = VECTOR ( 'NONE', #8199, 1000.000000000000114 ) ;
#4016 = ORIENTED_EDGE ( 'NONE', *, *, #1420, .F. ) ;
#4017 = EDGE_LOOP ( 'NONE', ( #1229, #4995, #5670, #4328 ) ) ;
#4018 = CARTESIAN_POINT ( 'NONE',  ( -50.29999999999999716, 5.000000000000000000, -4.600000000000012079 ) ) ;
#4019 = EDGE_LOOP ( 'NONE', ( #4262, #3453, #7885, #8503 ) ) ;
#4020 = LINE ( 'NONE', #8752, #2505 ) ;
#4021 = DIRECTION ( 'NONE',  ( -0.000000000000000000, -1.000000000000000000, 1.722546424198833760E-16 ) ) ;
#4022 = DIRECTION ( 'NONE',  ( 0.000000000000000000, 5.551115123125782702E-17, -1.000000000000000000 ) ) ;
#4023 = DIRECTION ( 'NONE',  ( 0.000000000000000000, 5.551115123125782702E-17, -1.000000000000000000 ) ) ;
#4024 = VECTOR ( 'NONE', #1483, 1000.000000000000000 ) ;
#4025 = ADVANCED_FACE ( 'NONE', ( #2410 ), #4547, .T. ) ;
#4026 = EDGE_CURVE ( 'NONE', #7390, #669, #3790, .T. ) ;
#4027 = ORIENTED_EDGE ( 'NONE', *, *, #4681, .F. ) ;
#4028 = ORIENTED_EDGE ( 'NONE', *, *, #306, .T. ) ;
#4029 = CIRCLE ( 'NONE', #5307, 0.5000000000000004441 ) ;
#4030 = VERTEX_POINT ( 'NONE', #2453 ) ;
#4031 = DIRECTION ( 'NONE',  ( -1.000000000000000000, 0.000000000000000000, 0.000000000000000000 ) ) ;
#4032 = FACE_OUTER_BOUND ( 'NONE', #5635, .T. ) ;
#4033 = CARTESIAN_POINT ( 'NONE',  ( -50.30664724830590018, -4.999999999999999112, -4.703695419137130962 ) ) ;
#4034 = DIRECTION ( 'NONE',  ( 0.000000000000000000, 0.000000000000000000, 1.000000000000000000 ) ) ;
#4035 = CARTESIAN_POINT ( 'NONE',  ( 2.114267601904844085, -7.000000000000000888, -1.100000000000010747 ) ) ;
#4036 = EDGE_CURVE ( 'NONE', #6384, #2257, #420, .T. ) ;
#4037 = VECTOR ( 'NONE', #3, 1000.000000000000000 ) ;
#4038 = ORIENTED_EDGE ( 'NONE', *, *, #4060, .T. ) ;
#4039 = LINE ( 'NONE', #6240, #8082 ) ;
#4040 = CIRCLE ( 'NONE', #6286, 0.2000000000000005107 ) ;
#4041 = ORIENTED_EDGE ( 'NONE', *, *, #6055, .T. ) ;
#4042 = CARTESIAN_POINT ( 'NONE',  ( -9.175732398095195919, 1.300000000000000044, -2.000000000000011990 ) ) ;
#4043 = CARTESIAN_POINT ( 'NONE',  ( 60.50000000000000711, 3.699999999999999289, -10.90000000000001279 ) ) ;
#4044 = CYLINDRICAL_SURFACE ( 'NONE', #3110, 0.5000000000000000000 ) ;
#4045 = CARTESIAN_POINT ( 'NONE',  ( 50.00000000000000000, 5.000000000000000000, -0.5000000000000125455 ) ) ;
#4046 = EDGE_CURVE ( 'NONE', #3275, #5291, #375, .T. ) ;
#4047 = ORIENTED_EDGE ( 'NONE', *, *, #6849, .T. ) ;
#4048 = ORIENTED_EDGE ( 'NONE', *, *, #2483, .F. ) ;
#4049 = CARTESIAN_POINT ( 'NONE',  ( -9.175732398095195919, 1.300000000000000044, -1.500000000000012657 ) ) ;
#4050 = CARTESIAN_POINT ( 'NONE',  ( -2.364096478224085640, 5.000000000000000000, -7.700000000000012612 ) ) ;
#4051 = EDGE_CURVE ( 'NONE', #2050, #3473, #5784, .T. ) ;
#4052 = ORIENTED_EDGE ( 'NONE', *, *, #1395, .F. ) ;
#4053 = CARTESIAN_POINT ( 'NONE',  ( 5.127874399654832160, -4.999999999999999112, -1.500000000000011768 ) ) ;
#4054 = DIRECTION ( 'NONE',  ( 0.000000000000000000, 1.000000000000000000, -1.998401444325281576E-16 ) ) ;
#4055 = ADVANCED_FACE ( 'NONE', ( #8479 ), #1166, .F. ) ;
#4056 = COLOUR_RGB ( '',0.3294117647058823484, 0.5686274509803921351, 0.08627450980392156743 ) ;
#4057 = FACE_OUTER_BOUND ( 'NONE', #5029, .T. ) ;
#4058 = CARTESIAN_POINT ( 'NONE',  ( -18.49999999999999645, 5.000000000000000000, -13.16832058016451334 ) ) ;
#4059 = ADVANCED_FACE ( 'NONE', ( #5826 ), #717, .F. ) ;
#4060 = EDGE_CURVE ( 'NONE', #6573, #2634, #6165, .T. ) ;
#4061 = AXIS2_PLACEMENT_3D ( 'NONE', #2874, #5716, #3591 ) ;
#4062 = ORIENTED_EDGE ( 'NONE', *, *, #5567, .T. ) ;
#4063 = ORIENTED_EDGE ( 'NONE', *, *, #3216, .T. ) ;
#4064 = CARTESIAN_POINT ( 'NONE',  ( 39.88475575860120159, -5.000000000000000000, -3.600000000000011191 ) ) ;
#4065 = ORIENTED_EDGE ( 'NONE', *, *, #1131, .F. ) ;
#4066 = CARTESIAN_POINT ( 'NONE',  ( -13.85425588958379528, 1.300000000000000044, -3.525097310286012586 ) ) ;
#4067 = CARTESIAN_POINT ( 'NONE',  ( -47.79999999999999716, 5.000000000000000000, -1.600000000000012079 ) ) ;
#4068 = FACE_OUTER_BOUND ( 'NONE', #5713, .T. ) ;
#4069 = CARTESIAN_POINT ( 'NONE',  ( 9.499699182559423249, 5.000000000000000000, -7.700000000000012612 ) ) ;
#4070 = AXIS2_PLACEMENT_3D ( 'NONE', #4163, #7649, #1584 ) ;
#4071 = AXIS2_PLACEMENT_3D ( 'NONE', #6688, #6113, #2614 ) ;
#4072 = ORIENTED_EDGE ( 'NONE', *, *, #2736, .F. ) ;
#4073 = AXIS2_PLACEMENT_3D ( 'NONE', #14, #4188, #725 ) ;
#4074 = ORIENTED_EDGE ( 'NONE', *, *, #2966, .F. ) ;
#4075 = AXIS2_PLACEMENT_3D ( 'NONE', #3710, #4337, #6413 ) ;
#4076 = VERTEX_POINT ( 'NONE', #2624 ) ;
#4077 = CARTESIAN_POINT ( 'NONE',  ( -49.80664724830590018, -5.000000000000000000, -4.703695419137130962 ) ) ;
#4078 = DIRECTION ( 'NONE',  ( -1.000000000000000000, 5.904065278008296593E-33, -1.063581847440369936E-16 ) ) ;
#4079 = DIRECTION ( 'NONE',  ( 1.000000000000000000, -0.000000000000000000, 0.000000000000000000 ) ) ;
#4080 = CARTESIAN_POINT ( 'NONE',  ( 6.801239202814014284, 5.000000000000000000, -14.73511233789347230 ) ) ;
#4081 = EDGE_CURVE ( 'NONE', #6520, #7069, #5421, .T. ) ;
#4082 = CARTESIAN_POINT ( 'NONE',  ( 6.801239202814014284, 5.000000000000000000, -14.73511233789347230 ) ) ;
#4083 = AXIS2_PLACEMENT_3D ( 'NONE', #7532, #8286, #6872 ) ;
#4084 = VERTEX_POINT ( 'NONE', #5384 ) ;
#4085 = CARTESIAN_POINT ( 'NONE',  ( -16.99999999999999289, -5.000000000000000000, -12.20000000000001172 ) ) ;
#4086 = ORIENTED_EDGE ( 'NONE', *, *, #907, .T. ) ;
#4087 = CARTESIAN_POINT ( 'NONE',  ( 8.092759126866024388, 5.000000000000000000, -7.642530422886743224 ) ) ;
#4088 = LINE ( 'NONE', #2701, #936 ) ;
#4089 = LINE ( 'NONE', #2042, #6312 ) ;
#4090 = CIRCLE ( 'NONE', #8748, 1.374999999999999778 ) ;
#4091 = ORIENTED_EDGE ( 'NONE', *, *, #313, .F. ) ;
#4092 = ORIENTED_EDGE ( 'NONE', *, *, #2396, .T. ) ;
#4093 = FACE_OUTER_BOUND ( 'NONE', #8691, .T. ) ;
#4094 = LINE ( 'NONE', #802, #5991 ) ;
#4095 = VECTOR ( 'NONE', #565, 1000.000000000000227 ) ;
#4096 = ORIENTED_EDGE ( 'NONE', *, *, #8725, .T. ) ;
#4097 = DIRECTION ( 'NONE',  ( 0.05704979053851278598, 5.542074213016205013E-17, -0.9983713344239766307 ) ) ;
#4098 = PLANE ( 'NONE',  #4485 ) ;
#4099 = PLANE ( 'NONE',  #5937 ) ;
#4100 = CYLINDRICAL_SURFACE ( 'NONE', #7037, 0.2000000000000002054 ) ;
#4101 = EDGE_CURVE ( 'NONE', #7122, #8747, #5341, .T. ) ;
#4102 = VECTOR ( 'NONE', #5817, 1000.000000000000000 ) ;
#4103 = ORIENTED_EDGE ( 'NONE', *, *, #967, .F. ) ;
#4104 = VERTEX_POINT ( 'NONE', #7451 ) ;
#4105 = CARTESIAN_POINT ( 'NONE',  ( 4.500000000000003553, 1.300000000000000044, -9.000000000000012434 ) ) ;
#4106 = VERTEX_POINT ( 'NONE', #4720 ) ;
#4107 = LINE ( 'NONE', #7502, #8735 ) ;
#4108 = CARTESIAN_POINT ( 'NONE',  ( -23.62499999999999289, -8.673617379884035472E-16, -1.197315193850371285E-14 ) ) ;
#4109 = DIRECTION ( 'NONE',  ( 0.000000000000000000, -1.000000000000000000, 1.110223024625156787E-16 ) ) ;
#4110 = CARTESIAN_POINT ( 'NONE',  ( 38.41721509500220577, 1.300000000000000044, -1.500000000000012657 ) ) ;
#4111 = EDGE_CURVE ( 'NONE', #6560, #215, #6828, .T. ) ;
#4112 = EDGE_CURVE ( 'NONE', #7764, #7966, #2052, .T. ) ;
#4113 = VERTEX_POINT ( 'NONE', #96 ) ;
#4114 = ORIENTED_EDGE ( 'NONE', *, *, #6821, .T. ) ;
#4115 = EDGE_LOOP ( 'NONE', ( #6650, #5790, #7383, #5612 ) ) ;
#4116 = LINE ( 'NONE', #5313, #4282 ) ;
#4117 = CARTESIAN_POINT ( 'NONE',  ( 22.00000000000000711, 0.000000000000000000, -5.000000000000012434 ) ) ;
#4118 = DIRECTION ( 'NONE',  ( 0.000000000000000000, 1.000000000000000000, -1.998401444325281576E-16 ) ) ;
#4119 = DIRECTION ( 'NONE',  ( 0.000000000000000000, 1.000000000000000000, -1.110223024625156787E-16 ) ) ;
#4120 = DIRECTION ( 'NONE',  ( -1.000000000000000000, 3.521700469736660334E-33, -6.344131569286609683E-17 ) ) ;
#4121 = FACE_OUTER_BOUND ( 'NONE', #1498, .T. ) ;
#4122 = ORIENTED_EDGE ( 'NONE', *, *, #3416, .T. ) ;
#4123 = EDGE_CURVE ( 'NONE', #7942, #4825, #2710, .T. ) ;
#4124 = ADVANCED_FACE ( 'NONE', ( #3423 ), #2754, .F. ) ;
#4125 = LINE ( 'NONE', #4085, #6693 ) ;
#4126 = ORIENTED_EDGE ( 'NONE', *, *, #6535, .T. ) ;
#4127 = FACE_OUTER_BOUND ( 'NONE', #4799, .T. ) ;
#4128 = DIRECTION ( 'NONE',  ( 0.000000000000000000, 5.721188726109870315E-18, 1.000000000000000000 ) ) ;
#4129 = CARTESIAN_POINT ( 'NONE',  ( 3.250000000000003553, -5.000000000000000000, -8.700000000000011724 ) ) ;
#4130 = ADVANCED_FACE ( 'NONE', ( #1971 ), #1390, .F. ) ;
#4131 = EDGE_CURVE ( 'NONE', #6160, #1443, #8716, .T. ) ;
#4132 = EDGE_CURVE ( 'NONE', #4106, #4977, #675, .T. ) ;
#4133 = ORIENTED_EDGE ( 'NONE', *, *, #5864, .T. ) ;
#4134 = ORIENTED_EDGE ( 'NONE', *, *, #256, .F. ) ;
#4135 = DIRECTION ( 'NONE',  ( 0.000000000000000000, -1.000000000000000000, 1.110223024625156787E-16 ) ) ;
#4136 = LINE ( 'NONE', #2091, #7964 ) ;
#4137 = VERTEX_POINT ( 'NONE', #2095 ) ;
#4138 = DIRECTION ( 'NONE',  ( 0.000000000000000000, 1.000000000000000000, 6.661338147750930368E-17 ) ) ;
#4139 = DIRECTION ( 'NONE',  ( 0.000000000000000000, 1.000000000000000000, -1.110223024625156787E-16 ) ) ;
#4140 = DIRECTION ( 'NONE',  ( -6.162975822039160204E-33, -1.000000000000000000, 1.722546424198833760E-16 ) ) ;
#4141 = LINE ( 'NONE', #7628, #100 ) ;
#4142 = VERTEX_POINT ( 'NONE', #6702 ) ;
#4143 = AXIS2_PLACEMENT_3D ( 'NONE', #3135, #6366, #7158 ) ;
#4144 = EDGE_LOOP ( 'NONE', ( #7203, #6868, #7352, #4028 ) ) ;
#4145 = CARTESIAN_POINT ( 'NONE',  ( -41.29999999999999716, 1.300000000000000044, -4.600000000000012079 ) ) ;
#4146 = ORIENTED_EDGE ( 'NONE', *, *, #7481, .T. ) ;
#4147 = LINE ( 'NONE', #2238, #8593 ) ;
#4148 = CARTESIAN_POINT ( 'NONE',  ( 59.50000000000000711, -5.000000000000000000, -10.90000000000001279 ) ) ;
#4149 = DIRECTION ( 'NONE',  ( -0.2873478855663469944, 2.384506741380310947E-17, -0.9578262852211508749 ) ) ;
#4150 = CARTESIAN_POINT ( 'NONE',  ( -52.00000000000000000, 5.000000000000000000, -1.500000000000012657 ) ) ;
#4151 = AXIS2_PLACEMENT_3D ( 'NONE', #5994, #2003, #4717 ) ;
#4152 = ORIENTED_EDGE ( 'NONE', *, *, #3428, .F. ) ;
#4153 = EDGE_LOOP ( 'NONE', ( #7365, #4533, #479, #8407, #2938, #3285 ) ) ;
#4154 = ORIENTED_EDGE ( 'NONE', *, *, #5525, .T. ) ;
#4155 = DIRECTION ( 'NONE',  ( 1.000000000000000000, 2.048773043542752967E-31, 1.110223024625160090E-15 ) ) ;
#4156 = FACE_OUTER_BOUND ( 'NONE', #3929, .T. ) ;
#4157 = VECTOR ( 'NONE', #2751, 1000.000000000000000 ) ;
#4158 = DIRECTION ( 'NONE',  ( 1.000000000000000000, 0.000000000000000000, 0.000000000000000000 ) ) ;
#4159 = LINE ( 'NONE', #7604, #5642 ) ;
#4160 = ADVANCED_FACE ( 'NONE', ( #2674 ), #4098, .F. ) ;
#4161 = CARTESIAN_POINT ( 'NONE',  ( -15.21979627494279441, 5.000000000000000000, -9.700000000000011724 ) ) ;
#4162 = EDGE_CURVE ( 'NONE', #2046, #775, #1259, .T. ) ;
#4163 = CARTESIAN_POINT ( 'NONE',  ( 15.32073688219710306, -5.000000000000000000, -12.50000000000001066 ) ) ;
#4164 = VECTOR ( 'NONE', #5883, 1000.000000000000000 ) ;
#4165 = ORIENTED_EDGE ( 'NONE', *, *, #6449, .F. ) ;
#4166 = ORIENTED_EDGE ( 'NONE', *, *, #3206, .F. ) ;
#4167 = CARTESIAN_POINT ( 'NONE',  ( 62.00000000000000711, -5.000000000000000000, -1.214306433183764966E-14 ) ) ;
#4168 = ORIENTED_EDGE ( 'NONE', *, *, #8207, .T. ) ;
#4169 = DIRECTION ( 'NONE',  ( 0.000000000000000000, 1.000000000000000000, -1.722546424198833760E-16 ) ) ;
#4170 = VECTOR ( 'NONE', #6354, 1000.000000000000000 ) ;
#4171 = LINE ( 'NONE', #2169, #3343 ) ;
#4172 = DIRECTION ( 'NONE',  ( 1.000000000000000000, 0.000000000000000000, 1.235726496974087295E-16 ) ) ;
#4173 = AXIS2_PLACEMENT_3D ( 'NONE', #1966, #7980, #1917 ) ;
#4174 = EDGE_LOOP ( 'NONE', ( #5283, #4364, #905, #5946 ) ) ;
#4175 = ORIENTED_EDGE ( 'NONE', *, *, #1127, .F. ) ;
#4176 = LINE ( 'NONE', #2267, #1482 ) ;
#4177 = FACE_OUTER_BOUND ( 'NONE', #8484, .T. ) ;
#4178 = FACE_OUTER_BOUND ( 'NONE', #3873, .T. ) ;
#4179 = FACE_OUTER_BOUND ( 'NONE', #145, .T. ) ;
#4180 = LINE ( 'NONE', #6876, #413 ) ;
#4181 = CARTESIAN_POINT ( 'NONE',  ( 17.19654675138050592, -5.000000000000000000, -9.462748503479973650 ) ) ;
#4182 = VECTOR ( 'NONE', #4288, 1000.000000000000000 ) ;
#4183 = ORIENTED_EDGE ( 'NONE', *, *, #4570, .T. ) ;
#4184 = ORIENTED_EDGE ( 'NONE', *, *, #2035, .T. ) ;
#4185 = LINE ( 'NONE', #2184, #1617 ) ;
#4186 = CARTESIAN_POINT ( 'NONE',  ( -3.722949016875145123, -1.300000000000000266, -4.600000000000011191 ) ) ;
#4187 = ORIENTED_EDGE ( 'NONE', *, *, #1305, .F. ) ;
#4188 = DIRECTION ( 'NONE',  ( -1.361223538468439680E-16, 1.110223024625156787E-16, 1.000000000000000000 ) ) ;
#4189 = PLANE ( 'NONE',  #5740 ) ;
#4190 = EDGE_CURVE ( 'NONE', #1740, #814, #5463, .T. ) ;
#4191 = LINE ( 'NONE', #8346, #6279 ) ;
#4192 = CARTESIAN_POINT ( 'NONE',  ( -26.98761792103009682, -1.300000000000000266, -5.000000000000011546 ) ) ;
#4193 = VECTOR ( 'NONE', #1604, 1000.000000000000000 ) ;
#4194 = VECTOR ( 'NONE', #5960, 1000.000000000000000 ) ;
#4195 = VERTEX_POINT ( 'NONE', #3339 ) ;
#4196 = EDGE_CURVE ( 'NONE', #522, #1284, #48, .T. ) ;
#4197 = VERTEX_POINT ( 'NONE', #3468 ) ;
#4198 = VERTEX_POINT ( 'NONE', #5512 ) ;
#4199 = CYLINDRICAL_SURFACE ( 'NONE', #3007, 0.5000000000000000000 ) ;
#4200 = AXIS2_PLACEMENT_3D ( 'NONE', #8766, #3322, #8677 ) ;
#4201 = PLANE ( 'NONE',  #4780 ) ;
#4202 = AXIS2_PLACEMENT_3D ( 'NONE', #8412, #1109, #4529 ) ;
#4203 = EDGE_CURVE ( 'NONE', #289, #4534, #3300, .T. ) ;
#4204 = CARTESIAN_POINT ( 'NONE',  ( 21.94142744032280490, -5.000000000000000000, -5.100000000000012079 ) ) ;
#4205 = CARTESIAN_POINT ( 'NONE',  ( -50.79999999999999716, 1.300000000000000044, -1.500000000000012657 ) ) ;
#4206 = DIRECTION ( 'NONE',  ( -0.000000000000000000, -1.000000000000000000, 1.722546424198833760E-16 ) ) ;
#4207 = PLANE ( 'NONE',  #6740 ) ;
#4208 = VECTOR ( 'NONE', #6770, 1000.000000000000227 ) ;
#4209 = ADVANCED_FACE ( 'NONE', ( #3517 ), #3554, .T. ) ;
#4210 = EDGE_CURVE ( 'NONE', #7445, #5696, #6389, .T. ) ;
#4211 = ORIENTED_EDGE ( 'NONE', *, *, #447, .F. ) ;
#4212 = VERTEX_POINT ( 'NONE', #4938 ) ;
#4213 = CARTESIAN_POINT ( 'NONE',  ( -3.199999999999996181, 5.000000000000000000, -9.000000000000012434 ) ) ;
#4214 = EDGE_LOOP ( 'NONE', ( #4419, #6578, #1853, #6882 ) ) ;
#4215 = VECTOR ( 'NONE', #4597, 1000.000000000000000 ) ;
#4216 = CARTESIAN_POINT ( 'NONE',  ( -15.21979627494279441, 5.000000000000000000, -9.200000000000017053 ) ) ;
#4217 = VECTOR ( 'NONE', #5726, 1000.000000000000114 ) ;
#4218 = DIRECTION ( 'NONE',  ( -0.000000000000000000, -1.000000000000000000, 1.398592641410911829E-16 ) ) ;
#4219 = ADVANCED_FACE ( 'NONE', ( #804 ), #6295, .F. ) ;
#4220 = AXIS2_PLACEMENT_3D ( 'NONE', #4567, #4479, #1818 ) ;
#4221 = DIRECTION ( 'NONE',  ( -0.000000000000000000, -1.000000000000000000, 1.722546424198833760E-16 ) ) ;
#4222 = ORIENTED_EDGE ( 'NONE', *, *, #464, .T. ) ;
#4223 = ORIENTED_EDGE ( 'NONE', *, *, #4253, .F. ) ;
#4224 = EDGE_CURVE ( 'NONE', #2769, #5291, #2767, .T. ) ;
#4225 = PLANE ( 'NONE',  #6855 ) ;
#4226 = CARTESIAN_POINT ( 'NONE',  ( 1.614267601904844085, -5.000000000000000000, -0.5000000000000108802 ) ) ;
#4227 = CARTESIAN_POINT ( 'NONE',  ( 17.49654675138050308, -5.000000000000000000, -8.606646647154743590 ) ) ;
#4228 = CARTESIAN_POINT ( 'NONE',  ( 13.04430728931654393, 1.300000000000000044, -7.700000000000012612 ) ) ;
#4229 = DIRECTION ( 'NONE',  ( 0.1571150487351319625, 5.650133314732549253E-18, 0.9875803063351137334 ) ) ;
#4230 = AXIS2_PLACEMENT_3D ( 'NONE', #341, #3045, #7737 ) ;
#4231 = VERTEX_POINT ( 'NONE', #139 ) ;
#4232 = VECTOR ( 'NONE', #422, 1000.000000000000000 ) ;
#4233 = ORIENTED_EDGE ( 'NONE', *, *, #8202, .T. ) ;
#4234 = PLANE ( 'NONE',  #5729 ) ;
#4235 = ADVANCED_FACE ( 'NONE', ( #5680 ), #1562, .T. ) ;
#4236 = CARTESIAN_POINT ( 'NONE',  ( 16.69654675138050592, -5.000000000000000000, -12.20000000000001172 ) ) ;
#4237 = ORIENTED_EDGE ( 'NONE', *, *, #5093, .F. ) ;
#4238 = PLANE ( 'NONE',  #2926 ) ;
#4239 = CARTESIAN_POINT ( 'NONE',  ( -2.364096478224085640, 1.300000000000000044, -7.700000000000012612 ) ) ;
#4240 = DIRECTION ( 'NONE',  ( 0.000000000000000000, 1.000000000000000000, -1.609823385706476688E-16 ) ) ;
#4241 = DIRECTION ( 'NONE',  ( 4.440892098500629490E-17, 1.000000000000000000, -1.554312234475219798E-16 ) ) ;
#4242 = VECTOR ( 'NONE', #5124, 1000.000000000000000 ) ;
#4243 = EDGE_CURVE ( 'NONE', #4935, #1576, #5024, .T. ) ;
#4244 = VERTEX_POINT ( 'NONE', #8241 ) ;
#4245 = ORIENTED_EDGE ( 'NONE', *, *, #7240, .T. ) ;
#4246 = VERTEX_POINT ( 'NONE', #4889 ) ;
#4247 = CARTESIAN_POINT ( 'NONE',  ( -6.946515026820697436, 5.000000000000000000, -4.600000000000012079 ) ) ;
#4248 = DIRECTION ( 'NONE',  ( 1.000000000000000000, -1.178342581230140491E-32, 2.122713283897139652E-16 ) ) ;
#4249 = LINE ( 'NONE', #5703, #3316 ) ;
#4250 = DIRECTION ( 'NONE',  ( 0.000000000000000000, 1.000000000000000000, -1.998401444325281576E-16 ) ) ;
#4251 = LINE ( 'NONE', #738, #3072 ) ;
#4252 = DIRECTION ( 'NONE',  ( -0.7053687046577910014, -7.869711504304366886E-17, -0.7088405959659689337 ) ) ;
#4253 = EDGE_CURVE ( 'NONE', #4573, #4257, #4981, .T. ) ;
#4254 = EDGE_LOOP ( 'NONE', ( #6695, #5813, #4187, #4183 ) ) ;
#4255 = ORIENTED_EDGE ( 'NONE', *, *, #824, .T. ) ;
#4256 = DIRECTION ( 'NONE',  ( 0.000000000000000000, 1.000000000000000000, -1.110223024625156787E-16 ) ) ;
#4257 = VERTEX_POINT ( 'NONE', #887 ) ;
#4258 = CARTESIAN_POINT ( 'NONE',  ( -51.00664724830589591, -1.300000000000000266, -2.103695419137131317 ) ) ;
#4259 = DIRECTION ( 'NONE',  ( 0.000000000000000000, 5.721188726109870315E-18, 1.000000000000000000 ) ) ;
#4260 = EDGE_CURVE ( 'NONE', #5225, #5843, #8201, .T. ) ;
#4261 = LINE ( 'NONE', #3548, #2878 ) ;
#4262 = ORIENTED_EDGE ( 'NONE', *, *, #4974, .F. ) ;
#4263 = EDGE_LOOP ( 'NONE', ( #4576, #5470, #1690, #6474 ) ) ;
#4264 = DIRECTION ( 'NONE',  ( 0.000000000000000000, 1.434993958763156524E-17, 1.000000000000000000 ) ) ;
#4265 = DIRECTION ( 'NONE',  ( 0.4027386142660198121, 0.000000000000000000, 0.9153150324227643519 ) ) ;
#4266 = DIRECTION ( 'NONE',  ( 0.000000000000000000, 5.721188726109870315E-18, 1.000000000000000000 ) ) ;
#4267 = DIRECTION ( 'NONE',  ( 1.000000000000000000, 0.000000000000000000, -0.000000000000000000 ) ) ;
#4268 = CARTESIAN_POINT ( 'NONE',  ( 3.550000000000004263, -5.000000000000000000, -8.500000000000010658 ) ) ;
#4269 = EDGE_CURVE ( 'NONE', #2237, #436, #4359, .T. ) ;
#4270 = EDGE_CURVE ( 'NONE', #324, #4501, #3645, .T. ) ;
#4271 = ORIENTED_EDGE ( 'NONE', *, *, #67, .F. ) ;
#4272 = ORIENTED_EDGE ( 'NONE', *, *, #654, .T. ) ;
#4273 = DIRECTION ( 'NONE',  ( 0.000000000000000000, 5.551115123125782702E-17, -1.000000000000000000 ) ) ;
#4274 = LINE ( 'NONE', #6305, #31 ) ;
#4275 = ORIENTED_EDGE ( 'NONE', *, *, #2400, .F. ) ;
#4276 = DIRECTION ( 'NONE',  ( 0.000000000000000000, 1.000000000000000000, -1.110223024625156787E-16 ) ) ;
#4277 = LINE ( 'NONE', #3657, #3766 ) ;
#4278 = AXIS2_PLACEMENT_3D ( 'NONE', #921, #5011, #8319 ) ;
#4279 = CARTESIAN_POINT ( 'NONE',  ( 30.66074696290820256, -1.300000000000000044, -10.50000000000001243 ) ) ;
#4280 = DIRECTION ( 'NONE',  ( -1.000000000000000000, 0.000000000000000000, 0.000000000000000000 ) ) ;
#4281 = EDGE_CURVE ( 'NONE', #4137, #2265, #3687, .T. ) ;
#4282 = VECTOR ( 'NONE', #8004, 1000.000000000000114 ) ;
#4283 = ORIENTED_EDGE ( 'NONE', *, *, #8192, .F. ) ;
#4284 = VERTEX_POINT ( 'NONE', #2225 ) ;
#4285 = ORIENTED_EDGE ( 'NONE', *, *, #8420, .T. ) ;
#4286 = LINE ( 'NONE', #203, #8090 ) ;
#4287 = DIRECTION ( 'NONE',  ( 0.000000000000000000, -2.489498125257403382E-17, 1.000000000000000000 ) ) ;
#4288 = DIRECTION ( 'NONE',  ( 0.000000000000000000, -5.551115123125782702E-17, 1.000000000000000000 ) ) ;
#4289 = CARTESIAN_POINT ( 'NONE',  ( 57.80000000000000426, -4.999999999999999112, -12.20000000000001172 ) ) ;
#4290 = LINE ( 'NONE', #5002, #1962 ) ;
#4291 = LINE ( 'NONE', #6987, #2927 ) ;
#4292 = VECTOR ( 'NONE', #1352, 1000.000000000000000 ) ;
#4293 = DIRECTION ( 'NONE',  ( -1.000000000000000000, 1.330041198023168472E-32, -2.395989217521819845E-16 ) ) ;
#4294 = VERTEX_POINT ( 'NONE', #2136 ) ;
#4295 = AXIS2_PLACEMENT_3D ( 'NONE', #5442, #8006, #5489 ) ;
#4296 = VERTEX_POINT ( 'NONE', #6250 ) ;
#4297 = CIRCLE ( 'NONE', #5127, 0.5000000000000000000 ) ;
#4298 = DIRECTION ( 'NONE',  ( -1.235726496974085816E-16, -5.551115123125761132E-17, 1.000000000000000000 ) ) ;
#4299 = ORIENTED_EDGE ( 'NONE', *, *, #3196, .F. ) ;
#4300 = CARTESIAN_POINT ( 'NONE',  ( -44.79999999999999005, -5.000000000000000000, -0.5000000000000108802 ) ) ;
#4301 = PLANE ( 'NONE',  #649 ) ;
#4302 = AXIS2_PLACEMENT_3D ( 'NONE', #7646, #914, #4158 ) ;
#4303 = CARTESIAN_POINT ( 'NONE',  ( 18.50118481382170188, -4.999999999999999112, -17.60000000000001208 ) ) ;
#4304 = EDGE_LOOP ( 'NONE', ( #4431, #7595, #673, #6925 ) ) ;
#4305 = CIRCLE ( 'NONE', #5583, 1.375000000000001332 ) ;
#4306 = EDGE_LOOP ( 'NONE', ( #7696, #247, #5457, #4511 ) ) ;
#4307 = PLANE ( 'NONE',  #2467 ) ;
#4308 = LINE ( 'NONE', #225, #5493 ) ;
#4309 = CARTESIAN_POINT ( 'NONE',  ( 2.060699978071043770, -5.000000000000000000, -10.87848338918573177 ) ) ;
#4310 = DIRECTION ( 'NONE',  ( -0.000000000000000000, -1.000000000000000000, 1.722546424198833760E-16 ) ) ;
#4311 = FACE_OUTER_BOUND ( 'NONE', #501, .T. ) ;
#4312 = VECTOR ( 'NONE', #1425, 1000.000000000000000 ) ;
#4313 = ORIENTED_EDGE ( 'NONE', *, *, #8676, .T. ) ;
#4314 = ADVANCED_FACE ( 'NONE', ( #6873 ), #983, .T. ) ;
#4315 = EDGE_CURVE ( 'NONE', #7167, #133, #935, .T. ) ;
#4316 = ORIENTED_EDGE ( 'NONE', *, *, #1462, .T. ) ;
#4317 = CARTESIAN_POINT ( 'NONE',  ( 57.80000000000000426, 1.300000000000000044, -8.000000000000012434 ) ) ;
#4318 = LINE ( 'NONE', #1702, #1029 ) ;
#4319 = ORIENTED_EDGE ( 'NONE', *, *, #8767, .F. ) ;
#4320 = LINE ( 'NONE', #7721, #7881 ) ;
#4321 = DIRECTION ( 'NONE',  ( 0.2873478855663469944, -5.317003977218519999E-17, 0.9578262852211508749 ) ) ;
#4322 = VECTOR ( 'NONE', #7394, 1000.000000000000000 ) ;
#4323 = EDGE_CURVE ( 'NONE', #6333, #8372, #1786, .T. ) ;
#4324 = ADVANCED_FACE ( 'NONE', ( #4179 ), #1600, .F. ) ;
#4325 = CARTESIAN_POINT ( 'NONE',  ( 42.17779029743370245, -5.000000000000000000, -9.500000000000005329 ) ) ;
#4326 = LINE ( 'NONE', #5693, #5234 ) ;
#4327 = VECTOR ( 'NONE', #1661, 1000.000000000000114 ) ;
#4328 = ORIENTED_EDGE ( 'NONE', *, *, #783, .T. ) ;
#4329 = ORIENTED_EDGE ( 'NONE', *, *, #6150, .T. ) ;
#4330 = EDGE_CURVE ( 'NONE', #3143, #7764, #4446, .T. ) ;
#4331 = VERTEX_POINT ( 'NONE', #1024 ) ;
#4332 = LINE ( 'NONE', #5176, #1590 ) ;
#4333 = CARTESIAN_POINT ( 'NONE',  ( 18.10118481382170330, 5.000000000000000000, -16.30000000000001137 ) ) ;
#4334 = LINE ( 'NONE', #80, #5184 ) ;
#4335 = CARTESIAN_POINT ( 'NONE',  ( -44.29999999999999716, -7.000000000000000888, -0.5000000000000108802 ) ) ;
#4336 = CARTESIAN_POINT ( 'NONE',  ( 1.007240873133993908, -5.000000000000000000, -7.642530422886741448 ) ) ;
#4337 = DIRECTION ( 'NONE',  ( -1.000000000000000000, 0.000000000000000000, 0.000000000000000000 ) ) ;
#4338 = AXIS2_PLACEMENT_3D ( 'NONE', #3880, #5122, #3127 ) ;
#4339 = CARTESIAN_POINT ( 'NONE',  ( 18.99654675138050308, 5.000000000000000000, -11.70000000000001172 ) ) ;
#4340 = VERTEX_POINT ( 'NONE', #4402 ) ;
#4341 = VECTOR ( 'NONE', #7615, 1000.000000000000000 ) ;
#4342 = ORIENTED_EDGE ( 'NONE', *, *, #5753, .T. ) ;
#4343 = CARTESIAN_POINT ( 'NONE',  ( 17.49654675138050308, 5.000000000000000000, -8.606646647154745366 ) ) ;
#4344 = ORIENTED_EDGE ( 'NONE', *, *, #6812, .F. ) ;
#4345 = DIRECTION ( 'NONE',  ( -1.000000000000000000, -6.649197368711777356E-33, 1.197812911681729720E-16 ) ) ;
#4346 = EDGE_CURVE ( 'NONE', #5382, #1893, #3203, .T. ) ;
#4347 = DIRECTION ( 'NONE',  ( 0.9981002729656495154, 6.840131813326638676E-19, 0.06161043017132653704 ) ) ;
#4348 = DIRECTION ( 'NONE',  ( 0.000000000000000000, 5.551115123125782702E-17, -1.000000000000000000 ) ) ;
#4349 = VECTOR ( 'NONE', #8268, 1000.000000000000000 ) ;
#4350 = VECTOR ( 'NONE', #7387, 1000.000000000000000 ) ;
#4351 = DIRECTION ( 'NONE',  ( 1.000000000000000000, 0.000000000000000000, -0.000000000000000000 ) ) ;
#4352 = ADVANCED_FACE ( 'NONE', ( #1733 ), #495, .F. ) ;
#4353 = ORIENTED_EDGE ( 'NONE', *, *, #5951, .F. ) ;
#4354 = AXIS2_PLACEMENT_3D ( 'NONE', #6930, #1436, #7462 ) ;
#4355 = VECTOR ( 'NONE', #7409, 1000.000000000000000 ) ;
#4356 = ORIENTED_EDGE ( 'NONE', *, *, #4315, .T. ) ;
#4357 = DIRECTION ( 'NONE',  ( -0.000000000000000000, -1.000000000000000000, 1.722546424198833760E-16 ) ) ;
#4358 = EDGE_CURVE ( 'NONE', #6936, #1443, #7759, .T. ) ;
#4359 = LINE ( 'NONE', #3598, #4623 ) ;
#4360 = DIRECTION ( 'NONE',  ( 0.000000000000000000, 1.000000000000000000, -1.722546424198833760E-16 ) ) ;
#4361 = DIRECTION ( 'NONE',  ( 1.000000000000000000, 0.000000000000000000, 0.000000000000000000 ) ) ;
#4362 = EDGE_CURVE ( 'NONE', #4714, #1443, #8509, .T. ) ;
#4363 = AXIS2_PLACEMENT_3D ( 'NONE', #6594, #6294, #529 ) ;
#4364 = ORIENTED_EDGE ( 'NONE', *, *, #430, .T. ) ;
#4365 = VERTEX_POINT ( 'NONE', #2354 ) ;
#4366 = LINE ( 'NONE', #1608, #4170 ) ;
#4367 = DIRECTION ( 'NONE',  ( -1.235726496974089760E-16, -5.551115123125782702E-17, 1.000000000000000000 ) ) ;
#4368 = CIRCLE ( 'NONE', #8321, 0.2000000000000005107 ) ;
#4369 = ORIENTED_EDGE ( 'NONE', *, *, #7355, .F. ) ;
#4370 = CARTESIAN_POINT ( 'NONE',  ( -6.946515026820697436, -9.000000000000001776, -5.600000000000011191 ) ) ;
#4371 = DIRECTION ( 'NONE',  ( -1.642146637880644762E-47, 1.000000000000000000, -1.722546424198833760E-16 ) ) ;
#4372 = CARTESIAN_POINT ( 'NONE',  ( 20.01238207896990318, -1.300000000000000266, -1.500000000000011768 ) ) ;
#4373 = CARTESIAN_POINT ( 'NONE',  ( 4.436726938305877610, 5.000000000000000000, -4.600000000000012079 ) ) ;
#4374 = EDGE_CURVE ( 'NONE', #5496, #2167, #7225, .T. ) ;
#4375 = VECTOR ( 'NONE', #4241, 1000.000000000000000 ) ;
#4376 = VERTEX_POINT ( 'NONE', #5816 ) ;
#4377 = ORIENTED_EDGE ( 'NONE', *, *, #5209, .F. ) ;
#4378 = ORIENTED_EDGE ( 'NONE', *, *, #1002, .T. ) ;
#4379 = CARTESIAN_POINT ( 'NONE',  ( -50.79999999999999716, 1.300000000000000044, -1.500000000000012657 ) ) ;
#4380 = CARTESIAN_POINT ( 'NONE',  ( -5.385732398095166573, -4.999999999999999112, -0.5000000000000108802 ) ) ;
#4381 = LINE ( 'NONE', #5450, #3194 ) ;
#4382 = DIRECTION ( 'NONE',  ( 0.3448701326883931162, -5.370196141580187504E-18, -0.9386504096731062008 ) ) ;
#4383 = DIRECTION ( 'NONE',  ( -1.672119021164049829E-16, 1.110223024625156787E-16, 1.000000000000000000 ) ) ;
#4384 = AXIS2_PLACEMENT_3D ( 'NONE', #1261, #7237, #3971 ) ;
#4385 = DIRECTION ( 'NONE',  ( 0.000000000000000000, -5.551115123125782702E-17, 1.000000000000000000 ) ) ;
#4386 = CARTESIAN_POINT ( 'NONE',  ( 16.69654675138050592, -5.000000000000000000, -12.20000000000001172 ) ) ;
#4387 = EDGE_CURVE ( 'NONE', #1185, #7390, #5771, .T. ) ;
#4388 = EDGE_CURVE ( 'NONE', #1596, #7907, #8468, .T. ) ;
#4389 = ADVANCED_FACE ( 'NONE', ( #5155 ), #4578, .F. ) ;
#4390 = EDGE_CURVE ( 'NONE', #3403, #1042, #5246, .T. ) ;
#4391 = ORIENTED_EDGE ( 'NONE', *, *, #3145, .F. ) ;
#4392 = VERTEX_POINT ( 'NONE', #2439 ) ;
#4393 = CARTESIAN_POINT ( 'NONE',  ( 14.80203678697560399, 5.000000000000000000, -6.300000000000012257 ) ) ;
#4394 = ORIENTED_EDGE ( 'NONE', *, *, #1085, .T. ) ;
#4395 = CYLINDRICAL_SURFACE ( 'NONE', #3584, 0.2000000000000000944 ) ;
#4396 = CARTESIAN_POINT ( 'NONE',  ( 6.050000000000004263, -5.000000000000000000, -10.50000000000001066 ) ) ;
#4397 = CARTESIAN_POINT ( 'NONE',  ( 59.50000000003100808, 3.699999999999999289, -11.89999999990130242 ) ) ;
#4398 = ORIENTED_EDGE ( 'NONE', *, *, #7506, .T. ) ;
#4399 = ORIENTED_EDGE ( 'NONE', *, *, #7970, .T. ) ;
#4400 = ORIENTED_EDGE ( 'NONE', *, *, #3555, .T. ) ;
#4401 = CARTESIAN_POINT ( 'NONE',  ( 3.404267601904844120, 5.000000000000000000, -3.600000000000012079 ) ) ;
#4402 = CARTESIAN_POINT ( 'NONE',  ( 42.51929380825580296, -4.999999999999999112, -6.800000000000010481 ) ) ;
#4403 = CARTESIAN_POINT ( 'NONE',  ( -52.50000000000000000, 5.000000000000000000, -1.387778780781445676E-14 ) ) ;
#4404 = DIRECTION ( 'NONE',  ( 1.000000000000000000, -6.859660045400109581E-33, 0.000000000000000000 ) ) ;
#4405 = ADVANCED_FACE ( 'NONE', ( #6607 ), #7933, .F. ) ;
#4406 = EDGE_CURVE ( 'NONE', #3796, #5879, #7844, .T. ) ;
#4407 = ADVANCED_FACE ( 'NONE', ( #407 ), #4492, .T. ) ;
#4408 = VERTEX_POINT ( 'NONE', #541 ) ;
#4409 = ORIENTED_EDGE ( 'NONE', *, *, #4435, .T. ) ;
#4410 = CARTESIAN_POINT ( 'NONE',  ( -52.00000000000000000, 1.300000000000000044, -7.657919551657052182 ) ) ;
#4411 = CARTESIAN_POINT ( 'NONE',  ( -52.50000000000000000, 5.000000000000000000, -0.5000000000000125455 ) ) ;
#4412 = ORIENTED_EDGE ( 'NONE', *, *, #2847, .T. ) ;
#4413 = DIRECTION ( 'NONE',  ( -1.000000000000000000, 8.029802710147414533E-33, -1.446520659731139800E-16 ) ) ;
#4414 = DIRECTION ( 'NONE',  ( -1.235726496974089760E-16, 1.110223024625156787E-16, 1.000000000000000000 ) ) ;
#4415 = CARTESIAN_POINT ( 'NONE',  ( 42.17779029743370245, 5.000000000000000000, -9.500000000000012434 ) ) ;
#4416 = CARTESIAN_POINT ( 'NONE',  ( 39.10836255635121006, -4.999999999999999112, -5.100000000000012079 ) ) ;
#4417 = ADVANCED_FACE ( 'NONE', ( #1867 ), #5860, .F. ) ;
#4418 = ORIENTED_EDGE ( 'NONE', *, *, #6424, .F. ) ;
#4419 = ORIENTED_EDGE ( 'NONE', *, *, #8567, .F. ) ;
#4420 = ORIENTED_EDGE ( 'NONE', *, *, #3409, .F. ) ;
#4421 = DIRECTION ( 'NONE',  ( -1.000000000000000000, -7.585201011740483497E-33, 1.366428338000190029E-16 ) ) ;
#4422 = ADVANCED_FACE ( 'NONE', ( #4538 ), #3869, .T. ) ;
#4423 = CARTESIAN_POINT ( 'NONE',  ( -17.50664724830589591, -1.300000000000000044, -9.803695419137133271 ) ) ;
#4424 = DIRECTION ( 'NONE',  ( 0.000000000000000000, 1.000000000000000000, -1.110223024625156787E-16 ) ) ;
#4425 = CARTESIAN_POINT ( 'NONE',  ( 18.50118481382170188, 5.000000000000000000, -17.60000000000001208 ) ) ;
#4426 = PLANE ( 'NONE',  #549 ) ;
#4427 = CARTESIAN_POINT ( 'NONE',  ( 23.32564358472560073, -1.970607542428470360, -4.000000000000011546 ) ) ;
#4428 = EDGE_CURVE ( 'NONE', #1030, #8418, #7582, .T. ) ;
#4429 = CARTESIAN_POINT ( 'NONE',  ( -25.44791182167919530, 1.300000000000000044, -5.000000000000012434 ) ) ;
#4430 = VECTOR ( 'NONE', #1672, 1000.000000000000000 ) ;
#4431 = ORIENTED_EDGE ( 'NONE', *, *, #8406, .T. ) ;
#4432 = ORIENTED_EDGE ( 'NONE', *, *, #5315, .F. ) ;
#4433 = DIRECTION ( 'NONE',  ( 0.000000000000000000, -1.000000000000000000, 1.110223024625156787E-16 ) ) ;
#4434 = EDGE_CURVE ( 'NONE', #6668, #5067, #3287, .T. ) ;
#4435 = EDGE_CURVE ( 'NONE', #6549, #1740, #7395, .T. ) ;
#4436 = VECTOR ( 'NONE', #6628, 1000.000000000000000 ) ;
#4437 = LINE ( 'NONE', #5847, #1741 ) ;
#4438 = LINE ( 'NONE', #6517, #5344 ) ;
#4439 = EDGE_CURVE ( 'NONE', #8343, #2752, #3330, .T. ) ;
#4440 = CARTESIAN_POINT ( 'NONE',  ( -9.832952333422095847, 5.000000000000000000, -17.37855752436758294 ) ) ;
#4441 = AXIS2_PLACEMENT_3D ( 'NONE', #2060, #854, #3606 ) ;
#4442 = ORIENTED_EDGE ( 'NONE', *, *, #4270, .F. ) ;
#4443 = ORIENTED_EDGE ( 'NONE', *, *, #5032, .T. ) ;
#4444 = ORIENTED_EDGE ( 'NONE', *, *, #8757, .F. ) ;
#4445 = CARTESIAN_POINT ( 'NONE',  ( 21.32564358472560428, -4.999999999999999112, -4.000000000000011546 ) ) ;
#4446 = LINE ( 'NONE', #2530, #6166 ) ;
#4447 = AXIS2_PLACEMENT_3D ( 'NONE', #4607, #735, #3277 ) ;
#4448 = CARTESIAN_POINT ( 'NONE',  ( 6.879871348504614126, 5.000000000000000000, -10.67024128661475402 ) ) ;
#4449 = FACE_OUTER_BOUND ( 'NONE', #6241, .T. ) ;
#4450 = VECTOR ( 'NONE', #8754, 1000.000000000000000 ) ;
#4451 = ORIENTED_EDGE ( 'NONE', *, *, #6754, .T. ) ;
#4452 = VERTEX_POINT ( 'NONE', #8100 ) ;
#4453 = LINE ( 'NONE', #5080, #2894 ) ;
#4454 = CARTESIAN_POINT ( 'NONE',  ( 15.00310462831780356, -5.000000000000000000, -10.52775174886009246 ) ) ;
#4455 = VERTEX_POINT ( 'NONE', #6735 ) ;
#4456 = LINE ( 'NONE', #5872, #3089 ) ;
#4457 = DIRECTION ( 'NONE',  ( 0.000000000000000000, 1.000000000000000000, -2.641565127556407043E-16 ) ) ;
#4458 = DIRECTION ( 'NONE',  ( -0.000000000000000000, -1.000000000000000000, 1.722546424198833760E-16 ) ) ;
#4459 = EDGE_CURVE ( 'NONE', #4842, #4689, #2084, .T. ) ;
#4460 = DIRECTION ( 'NONE',  ( -1.000000000000000000, 0.000000000000000000, 0.000000000000000000 ) ) ;
#4461 = CIRCLE ( 'NONE', #2328, 0.3000000000000008216 ) ;
#4462 = ORIENTED_EDGE ( 'NONE', *, *, #6800, .T. ) ;
#4463 = ORIENTED_EDGE ( 'NONE', *, *, #6513, .F. ) ;
#4464 = AXIS2_PLACEMENT_3D ( 'NONE', #6441, #8562, #1874 ) ;
#4465 = ORIENTED_EDGE ( 'NONE', *, *, #2272, .T. ) ;
#4466 = DIRECTION ( 'NONE',  ( -3.081487910944634924E-33, 1.000000000000000000, -1.722546424198833760E-16 ) ) ;
#4467 = CARTESIAN_POINT ( 'NONE',  ( -47.79999999999999716, -5.000000000000000000, -1.214306433183764966E-14 ) ) ;
#4468 = CARTESIAN_POINT ( 'NONE',  ( -47.29999999999999716, -5.000000000000000000, -1.100000000000010747 ) ) ;
#4469 = CARTESIAN_POINT ( 'NONE',  ( 42.36220412055560303, 5.000000000000000000, -10.50000000000001243 ) ) ;
#4470 = CARTESIAN_POINT ( 'NONE',  ( -44.29999999999999716, -5.000000000000000000, -1.600000000000011191 ) ) ;
#4471 = CARTESIAN_POINT ( 'NONE',  ( 58.80000000000000426, -5.000000000000000000, -7.792000000000011362 ) ) ;
#4472 = VECTOR ( 'NONE', #3912, 1000.000000000000000 ) ;
#4473 = ORIENTED_EDGE ( 'NONE', *, *, #6033, .T. ) ;
#4474 = ADVANCED_FACE ( 'NONE', ( #3414 ), #7971, .F. ) ;
#4475 = ORIENTED_EDGE ( 'NONE', *, *, #3034, .F. ) ;
#4476 = CARTESIAN_POINT ( 'NONE',  ( 20.01238207896990318, 1.300000000000000044, -1.500000000000012657 ) ) ;
#4477 = VECTOR ( 'NONE', #2764, 1000.000000000000000 ) ;
#4478 = DIRECTION ( 'NONE',  ( 4.440892098500629490E-17, 1.000000000000000000, -2.220446049250318751E-17 ) ) ;
#4479 = DIRECTION ( 'NONE',  ( 1.678976218714790288E-16, -3.330669073875466417E-17, -1.000000000000000000 ) ) ;
#4480 = CYLINDRICAL_SURFACE ( 'NONE', #3919, 0.5000000000000004441 ) ;
#4481 = CARTESIAN_POINT ( 'NONE',  ( -7.934095333155796403, -4.999999999999999112, -5.442884951264881366 ) ) ;
#4482 = EDGE_CURVE ( 'NONE', #6060, #1848, #7437, .T. ) ;
#4483 = CIRCLE ( 'NONE', #3918, 0.2000000000000005107 ) ;
#4484 = EDGE_CURVE ( 'NONE', #4376, #1983, #5373, .T. ) ;
#4485 = AXIS2_PLACEMENT_3D ( 'NONE', #1429, #4679, #8070 ) ;
#4486 = ORIENTED_EDGE ( 'NONE', *, *, #364, .T. ) ;
#4487 = VERTEX_POINT ( 'NONE', #7358 ) ;
#4488 = ORIENTED_EDGE ( 'NONE', *, *, #538, .T. ) ;
#4489 = ORIENTED_EDGE ( 'NONE', *, *, #5727, .F. ) ;
#4490 = PLANE ( 'NONE',  #8126 ) ;
#4491 = AXIS2_PLACEMENT_3D ( 'NONE', #8136, #4701, #8009 ) ;
#4492 = CYLINDRICAL_SURFACE ( 'NONE', #4913, 0.5000000000000004441 ) ;
#4493 = VECTOR ( 'NONE', #1503, 1000.000000000000114 ) ;
#4494 = CARTESIAN_POINT ( 'NONE',  ( 44.38475575860120870, -5.000000000000000000, -1.100000000000010747 ) ) ;
#4495 = DIRECTION ( 'NONE',  ( 0.000000000000000000, 1.000000000000000000, -1.110223024625156787E-16 ) ) ;
#4496 = ADVANCED_FACE ( 'NONE', ( #664 ), #2661, .F. ) ;
#4497 = EDGE_CURVE ( 'NONE', #6384, #5067, #3356, .T. ) ;
#4498 = VECTOR ( 'NONE', #2156, 1000.000000000000000 ) ;
#4499 = AXIS2_PLACEMENT_3D ( 'NONE', #8267, #4831, #5576 ) ;
#4500 = ORIENTED_EDGE ( 'NONE', *, *, #5423, .T. ) ;
#4501 = VERTEX_POINT ( 'NONE', #5328 ) ;
#4502 = CARTESIAN_POINT ( 'NONE',  ( -42.79999999999999716, 5.000000000000000000, -1.600000000000012079 ) ) ;
#4503 = DIRECTION ( 'NONE',  ( 0.000000000000000000, -1.000000000000000000, 1.110223024625156787E-16 ) ) ;
#4504 = VERTEX_POINT ( 'NONE', #4620 ) ;
#4505 = CARTESIAN_POINT ( 'NONE',  ( 6.839679967335843713, 5.000000000000000000, -10.86616130315146300 ) ) ;
#4506 = CARTESIAN_POINT ( 'NONE',  ( 24.49654675138049953, -5.000000000000000000, -8.200000000000011724 ) ) ;
#4507 = CARTESIAN_POINT ( 'NONE',  ( 57.80000000000000426, 1.300000000000000044, -8.000000000000012434 ) ) ;
#4508 = LINE ( 'NONE', #4416, #2252 ) ;
#4509 = AXIS2_PLACEMENT_3D ( 'NONE', #3479, #2892, #2106 ) ;
#4510 = EDGE_CURVE ( 'NONE', #3685, #4885, #8773, .T. ) ;
#4511 = ORIENTED_EDGE ( 'NONE', *, *, #6483, .F. ) ;
#4512 = CIRCLE ( 'NONE', #2793, 0.5000000000000004441 ) ;
#4513 = ORIENTED_EDGE ( 'NONE', *, *, #4680, .F. ) ;
#4514 = DIRECTION ( 'NONE',  ( -1.000000000000000000, 0.000000000000000000, 0.000000000000000000 ) ) ;
#4515 = CARTESIAN_POINT ( 'NONE',  ( 48.90992059245890289, 1.300000000000000044, -8.000000000000012434 ) ) ;
#4516 = FACE_OUTER_BOUND ( 'NONE', #2244, .T. ) ;
#4517 = CARTESIAN_POINT ( 'NONE',  ( -8.675732398095195919, 5.000000000000000000, -2.600000000000012079 ) ) ;
#4518 = CARTESIAN_POINT ( 'NONE',  ( 4.627874399654833049, -1.300000000000000266, -4.600000000000011191 ) ) ;
#4519 = CARTESIAN_POINT ( 'NONE',  ( 57.80000000000000426, 5.000000000000000000, -8.000000000000012434 ) ) ;
#4520 = LINE ( 'NONE', #4471, #1092 ) ;
#4521 = EDGE_CURVE ( 'NONE', #3703, #6638, #6320, .T. ) ;
#4522 = ORIENTED_EDGE ( 'NONE', *, *, #6842, .T. ) ;
#4523 = ORIENTED_EDGE ( 'NONE', *, *, #1936, .T. ) ;
#4524 = ORIENTED_EDGE ( 'NONE', *, *, #2316, .T. ) ;
#4525 = CYLINDRICAL_SURFACE ( 'NONE', #3001, 1.000000000000000888 ) ;
#4526 = VECTOR ( 'NONE', #7858, 1000.000000000000000 ) ;
#4527 = DIRECTION ( 'NONE',  ( 2.094674156109690011E-16, -4.500904153885760764E-18, -1.000000000000000000 ) ) ;
#4528 = DIRECTION ( 'NONE',  ( -2.903021138245040252E-15, -5.551115123125782702E-17, 1.000000000000000000 ) ) ;
#4529 = DIRECTION ( 'NONE',  ( -0.000000000000000000, -1.000000000000000000, 2.310464132328026570E-16 ) ) ;
#4530 = CARTESIAN_POINT ( 'NONE',  ( 42.17779029743370245, 5.000000000000000000, -8.200000000000013500 ) ) ;
#4531 = AXIS2_PLACEMENT_3D ( 'NONE', #4764, #5114, #315 ) ;
#4532 = ORIENTED_EDGE ( 'NONE', *, *, #6973, .T. ) ;
#4533 = ORIENTED_EDGE ( 'NONE', *, *, #1555, .T. ) ;
#4534 = VERTEX_POINT ( 'NONE', #1421 ) ;
#4535 = VERTEX_POINT ( 'NONE', #8020 ) ;
#4536 = CARTESIAN_POINT ( 'NONE',  ( -6.018033988749897034, 5.000000000000000000, -5.600000000000012967 ) ) ;
#4537 = VECTOR ( 'NONE', #3914, 1000.000000000000000 ) ;
#4538 = FACE_OUTER_BOUND ( 'NONE', #7274, .T. ) ;
#4539 = LINE ( 'NONE', #8511, #533 ) ;
#4540 = ORIENTED_EDGE ( 'NONE', *, *, #3219, .T. ) ;
#4541 = EDGE_LOOP ( 'NONE', ( #5060, #1575, #2588, #980 ) ) ;
#4542 = LINE ( 'NONE', #371, #5027 ) ;
#4543 = DIRECTION ( 'NONE',  ( -4.934324553889579913E-16, 5.721188726109870315E-18, 1.000000000000000000 ) ) ;
#4544 = ADVANCED_FACE ( 'NONE', ( #4666 ), #1379, .T. ) ;
#4545 = VERTEX_POINT ( 'NONE', #620 ) ;
#4546 = CARTESIAN_POINT ( 'NONE',  ( -0.1436330484083760406, -1.300000000000000044, -7.700000000000012612 ) ) ;
#4547 = PLANE ( 'NONE',  #2066 ) ;
#4548 = EDGE_CURVE ( 'NONE', #4671, #245, #6817, .T. ) ;
#4549 = CARTESIAN_POINT ( 'NONE',  ( -15.99999999999999645, -5.000000000000000000, -13.70000000000000995 ) ) ;
#4550 = EDGE_CURVE ( 'NONE', #3050, #8372, #4088, .T. ) ;
#4551 = VERTEX_POINT ( 'NONE', #2571 ) ;
#4552 = ORIENTED_EDGE ( 'NONE', *, *, #6348, .T. ) ;
#4553 = LINE ( 'NONE', #5390, #2444 ) ;
#4554 = EDGE_LOOP ( 'NONE', ( #7132, #5389, #5782, #680 ) ) ;
#4555 = CARTESIAN_POINT ( 'NONE',  ( -13.35989813747139365, 1.300000000000000044, -3.100000000000012523 ) ) ;
#4556 = DIRECTION ( 'NONE',  ( 0.000000000000000000, 1.000000000000000000, -1.722546424198833760E-16 ) ) ;
#4557 = EDGE_CURVE ( 'NONE', #1416, #2482, #233, .T. ) ;
#4558 = CARTESIAN_POINT ( 'NONE',  ( 3.050000000000004263, -5.000000000000000000, -8.700000000000011724 ) ) ;
#4559 = LINE ( 'NONE', #8491, #8038 ) ;
#4560 = EDGE_CURVE ( 'NONE', #320, #1753, #5985, .T. ) ;
#4561 = EDGE_LOOP ( 'NONE', ( #7278, #3811, #4997, #278 ) ) ;
#4562 = VERTEX_POINT ( 'NONE', #4300 ) ;
#4563 = ORIENTED_EDGE ( 'NONE', *, *, #6754, .F. ) ;
#4564 = DIRECTION ( 'NONE',  ( 0.000000000000000000, 5.551115123125782702E-17, -1.000000000000000000 ) ) ;
#4565 = EDGE_CURVE ( 'NONE', #8724, #742, #8147, .T. ) ;
#4566 = FACE_OUTER_BOUND ( 'NONE', #5935, .T. ) ;
#4567 = CARTESIAN_POINT ( 'NONE',  ( 3.404267601904844120, -5.000000000000000000, -3.600000000000011191 ) ) ;
#4568 = LINE ( 'NONE', #5403, #8021 ) ;
#4569 = AXIS2_PLACEMENT_3D ( 'NONE', #6993, #6858, #6332 ) ;
#4570 = EDGE_CURVE ( 'NONE', #3486, #7122, #5468, .T. ) ;
#4571 = DIRECTION ( 'NONE',  ( 0.000000000000000000, 1.000000000000000000, -1.554312234475219798E-16 ) ) ;
#4572 = ORIENTED_EDGE ( 'NONE', *, *, #2846, .F. ) ;
#4573 = VERTEX_POINT ( 'NONE', #2968 ) ;
#4574 = VECTOR ( 'NONE', #3306, 1000.000000000000000 ) ;
#4575 = ORIENTED_EDGE ( 'NONE', *, *, #8546, .F. ) ;
#4576 = ORIENTED_EDGE ( 'NONE', *, *, #1522, .F. ) ;
#4577 = CARTESIAN_POINT ( 'NONE',  ( -5.123606797749975073, 5.000000000000000000, -5.152786404500052875 ) ) ;
#4578 = PLANE ( 'NONE',  #2208 ) ;
#4579 = DIRECTION ( 'NONE',  ( 0.000000000000000000, 1.000000000000000000, -1.110223024625156787E-16 ) ) ;
#4580 = AXIS2_PLACEMENT_3D ( 'NONE', #5081, #4503, #6396 ) ;
#4581 = ORIENTED_EDGE ( 'NONE', *, *, #5865, .T. ) ;
#4582 = VECTOR ( 'NONE', #4478, 1000.000000000000000 ) ;
#4583 = ORIENTED_EDGE ( 'NONE', *, *, #2044, .F. ) ;
#4584 = DIRECTION ( 'NONE',  ( 0.7233978840270418598, -1.180874890658184129E-16, -0.6904313878910767199 ) ) ;
#4585 = DIRECTION ( 'NONE',  ( 0.000000000000000000, 0.000000000000000000, 1.000000000000000000 ) ) ;
#4586 = ORIENTED_EDGE ( 'NONE', *, *, #2374, .F. ) ;
#4587 = CARTESIAN_POINT ( 'NONE',  ( 59.79999999994360849, 3.699999999999999289, -10.94606079836809265 ) ) ;
#4588 = CARTESIAN_POINT ( 'NONE',  ( 58.79999999997180282, 3.699999999999999289, -10.94606079827836176 ) ) ;
#4589 = DIRECTION ( 'NONE',  ( 0.000000000000000000, 1.000000000000000000, -1.554312234475219798E-16 ) ) ;
#4590 = VECTOR ( 'NONE', #1223, 1000.000000000000000 ) ;
#4591 = ADVANCED_FACE ( 'NONE', ( #6995 ), #6242, .F. ) ;
#4592 = EDGE_CURVE ( 'NONE', #7713, #4294, #3634, .T. ) ;
#4593 = ORIENTED_EDGE ( 'NONE', *, *, #7338, .T. ) ;
#4594 = EDGE_LOOP ( 'NONE', ( #3223, #1496, #2528, #1466 ) ) ;
#4595 = CARTESIAN_POINT ( 'NONE',  ( 25.62370992587110408, 1.300000000000000044, -12.20000000000001350 ) ) ;
#4596 = ORIENTED_EDGE ( 'NONE', *, *, #4131, .T. ) ;
#4597 = DIRECTION ( 'NONE',  ( 0.000000000000000000, 1.000000000000000000, -1.110223024625156787E-16 ) ) ;
#4598 = CARTESIAN_POINT ( 'NONE',  ( 3.550000000000004263, -5.000000000000000000, -8.500000000000010658 ) ) ;
#4599 = AXIS2_PLACEMENT_3D ( 'NONE', #4507, #3082, #7198 ) ;
#4600 = CARTESIAN_POINT ( 'NONE',  ( -9.175732398095195919, 1.300000000000000044, -3.100000000000012523 ) ) ;
#4601 = CARTESIAN_POINT ( 'NONE',  ( 22.00000000000000711, 0.000000000000000000, -5.000000000000012434 ) ) ;
#4602 = EDGE_CURVE ( 'NONE', #1432, #4958, #2776, .T. ) ;
#4603 = VECTOR ( 'NONE', #7662, 1000.000000000000000 ) ;
#4604 = EDGE_LOOP ( 'NONE', ( #3563, #2547, #5528, #7717 ) ) ;
#4605 = ORIENTED_EDGE ( 'NONE', *, *, #7157, .F. ) ;
#4606 = DIRECTION ( 'NONE',  ( 0.000000000000000000, 1.000000000000000000, -1.110223024625156787E-16 ) ) ;
#4607 = CARTESIAN_POINT ( 'NONE',  ( 30.66074696290820256, -1.300000000000000044, -10.50000000000001243 ) ) ;
#4608 = LINE ( 'NONE', #4743, #8606 ) ;
#4609 = LINE ( 'NONE', #8089, #799 ) ;
#4610 = VECTOR ( 'NONE', #1066, 1000.000000000000000 ) ;
#4611 = DIRECTION ( 'NONE',  ( -1.642146637880644762E-47, 1.000000000000000000, -1.722546424198833760E-16 ) ) ;
#4612 = ORIENTED_EDGE ( 'NONE', *, *, #3426, .T. ) ;
#4613 = ORIENTED_EDGE ( 'NONE', *, *, #6449, .T. ) ;
#4614 = VECTOR ( 'NONE', #5475, 1000.000000000000000 ) ;
#4615 = EDGE_CURVE ( 'NONE', #3798, #221, #2833, .T. ) ;
#4616 = EDGE_CURVE ( 'NONE', #5570, #5070, #2212, .T. ) ;
#4617 = LINE ( 'NONE', #617, #2449 ) ;
#4618 = ORIENTED_EDGE ( 'NONE', *, *, #4924, .T. ) ;
#4619 = DIRECTION ( 'NONE',  ( 0.000000000000000000, 1.000000000000000000, -1.998401444325281576E-16 ) ) ;
#4620 = CARTESIAN_POINT ( 'NONE',  ( -50.79999999999999716, 1.300000000000000044, -1.500000000000012657 ) ) ;
#4621 = CARTESIAN_POINT ( 'NONE',  ( -44.29999999999999716, 5.000000000000000000, -0.5000000000000125455 ) ) ;
#4622 = CIRCLE ( 'NONE', #6895, 0.5000000000000004441 ) ;
#4623 = VECTOR ( 'NONE', #7053, 1000.000000000000000 ) ;
#4624 = ADVANCED_FACE ( 'NONE', ( #264 ), #4927, .F. ) ;
#4625 = ORIENTED_EDGE ( 'NONE', *, *, #4882, .T. ) ;
#4626 = EDGE_CURVE ( 'NONE', #2681, #5649, #5501, .T. ) ;
#4627 = ORIENTED_EDGE ( 'NONE', *, *, #1371, .F. ) ;
#4628 = AXIS2_PLACEMENT_3D ( 'NONE', #6030, #8734, #749 ) ;
#4629 = VECTOR ( 'NONE', #5808, 1000.000000000000000 ) ;
#4630 = ORIENTED_EDGE ( 'NONE', *, *, #8465, .F. ) ;
#4631 = CARTESIAN_POINT ( 'NONE',  ( -53.00000000000000000, -5.000000000000000000, -1.214306433183764966E-14 ) ) ;
#4632 = LINE ( 'NONE', #6037, #1737 ) ;
#4633 = ORIENTED_EDGE ( 'NONE', *, *, #3631, .T. ) ;
#4634 = DIRECTION ( 'NONE',  ( -3.552713678800500140E-16, 1.000000000000000000, -1.110223024625156787E-16 ) ) ;
#4635 = CARTESIAN_POINT ( 'NONE',  ( -12.29999999999999538, -5.000000000000000000, -17.80000000000001137 ) ) ;
#4636 = DIRECTION ( 'NONE',  ( 0.000000000000000000, 0.000000000000000000, 1.000000000000000000 ) ) ;
#4637 = CIRCLE ( 'NONE', #5763, 1.375000000000001332 ) ;
#4638 = AXIS2_PLACEMENT_3D ( 'NONE', #2732, #8675, #4034 ) ;
#4639 = VERTEX_POINT ( 'NONE', #8190 ) ;
#4640 = ORIENTED_EDGE ( 'NONE', *, *, #3281, .T. ) ;
#4641 = CARTESIAN_POINT ( 'NONE',  ( -52.00000000000000000, 1.300000000000000044, -1.500000000000012657 ) ) ;
#4642 = VECTOR ( 'NONE', #1221, 1000.000000000000000 ) ;
#4643 = ORIENTED_EDGE ( 'NONE', *, *, #1017, .T. ) ;
#4644 = CARTESIAN_POINT ( 'NONE',  ( 16.69654675138050592, -6.200000000000000178, -11.50000000000001243 ) ) ;
#4645 =( LENGTH_UNIT ( ) NAMED_UNIT ( * ) SI_UNIT ( .MILLI., .METRE. ) );
#4646 = VECTOR ( 'NONE', #184, 1000.000000000000000 ) ;
#4647 = CARTESIAN_POINT ( 'NONE',  ( 4.500000000000003553, -5.000000000000000000, -5.000000000000011546 ) ) ;
#4648 = DIRECTION ( 'NONE',  ( 0.1498053794279949336, 5.656627996100716602E-18, 0.9887155042247666170 ) ) ;
#4649 = AXIS2_PLACEMENT_3D ( 'NONE', #3170, #4010, #8565 ) ;
#4650 = ORIENTED_EDGE ( 'NONE', *, *, #5806, .F. ) ;
#4651 = EDGE_LOOP ( 'NONE', ( #6015, #1175, #1113, #4633 ) ) ;
#4652 = EDGE_LOOP ( 'NONE', ( #3305, #8361, #3535, #6548, #5339, #1054 ) ) ;
#4653 = DIRECTION ( 'NONE',  ( 0.000000000000000000, 5.721188726109870315E-18, 1.000000000000000000 ) ) ;
#4654 = CARTESIAN_POINT ( 'NONE',  ( 18.49654675138050308, 5.000000000000000000, -11.70000000000001172 ) ) ;
#4655 = CARTESIAN_POINT ( 'NONE',  ( 6.801239202814014284, -5.000000000000000000, -14.73511233789347230 ) ) ;
#4656 = ADVANCED_FACE ( 'NONE', ( #2303 ), #838, .F. ) ;
#4657 = VECTOR ( 'NONE', #1542, 1000.000000000000000 ) ;
#4658 = CARTESIAN_POINT ( 'NONE',  ( -41.29999999999999716, 5.000000000000000000, -4.600000000000012079 ) ) ;
#4659 = ADVANCED_FACE ( 'NONE', ( #4838 ), #3546, .F. ) ;
#4660 = CARTESIAN_POINT ( 'NONE',  ( -49.29999999999999716, -5.000000000000000000, -3.600000000000011191 ) ) ;
#4661 = ORIENTED_EDGE ( 'NONE', *, *, #1734, .F. ) ;
#4662 = ORIENTED_EDGE ( 'NONE', *, *, #8642, .T. ) ;
#4663 = DIRECTION ( 'NONE',  ( -1.000000000000000000, 0.000000000000000000, 0.000000000000000000 ) ) ;
#4664 = ORIENTED_EDGE ( 'NONE', *, *, #6969, .F. ) ;
#4665 = DIRECTION ( 'NONE',  ( -0.4472135954999579277, -4.965068306494545866E-17, 0.8944271909999158554 ) ) ;
#4666 = FACE_OUTER_BOUND ( 'NONE', #7873, .T. ) ;
#4667 = EDGE_CURVE ( 'NONE', #4246, #4985, #2640, .T. ) ;
#4668 = FACE_OUTER_BOUND ( 'NONE', #2503, .T. ) ;
#4669 = DIRECTION ( 'NONE',  ( 1.000000000000000000, -3.770656693367752072E-33, 6.792611231677229931E-17 ) ) ;
#4670 = VECTOR ( 'NONE', #1430, 1000.000000000000000 ) ;
#4671 = VERTEX_POINT ( 'NONE', #7567 ) ;
#4672 = ORIENTED_EDGE ( 'NONE', *, *, #2554, .T. ) ;
#4673 = AXIS2_PLACEMENT_3D ( 'NONE', #5452, #2041, #666 ) ;
#4674 = VERTEX_POINT ( 'NONE', #2260 ) ;
#4675 = DIRECTION ( 'NONE',  ( 1.093142670400150051E-15, 5.551115123125782702E-17, -1.000000000000000000 ) ) ;
#4676 = DIRECTION ( 'NONE',  ( 1.324076836766224102E-32, 1.000000000000000000, -1.493058550357969413E-16 ) ) ;
#4677 = ORIENTED_EDGE ( 'NONE', *, *, #6379, .F. ) ;
#4678 = CARTESIAN_POINT ( 'NONE',  ( -18.00664724830589591, -1.299999999999999600, -13.27201599930162246 ) ) ;
#4679 = DIRECTION ( 'NONE',  ( 2.485255018442539872E-16, 5.551115123125782702E-17, -1.000000000000000000 ) ) ;
#4680 = EDGE_CURVE ( 'NONE', #6393, #436, #5616, .T. ) ;
#4681 = EDGE_CURVE ( 'NONE', #1589, #4934, #4781, .T. ) ;
#4682 = DIRECTION ( 'NONE',  ( -1.000000000000000000, 0.000000000000000000, 0.000000000000000000 ) ) ;
#4683 = FACE_OUTER_BOUND ( 'NONE', #3923, .T. ) ;
#4684 = EDGE_CURVE ( 'NONE', #3040, #245, #3459, .T. ) ;
#4685 = UNCERTAINTY_MEASURE_WITH_UNIT (LENGTH_MEASURE( 1.000000000000000082E-05 ), #4645, 'distance_accuracy_value', 'NONE');
#4686 = VERTEX_POINT ( 'NONE', #6285 ) ;
#4687 = ORIENTED_EDGE ( 'NONE', *, *, #6569, .T. ) ;
#4688 = DIRECTION ( 'NONE',  ( 1.000000000000000000, -1.062721599888155528E-32, 1.914429040501949832E-16 ) ) ;
#4689 = VERTEX_POINT ( 'NONE', #81 ) ;
#4690 = CARTESIAN_POINT ( 'NONE',  ( -6.946515026820697436, -4.999999999999999112, -4.600000000000011191 ) ) ;
#4691 = DIRECTION ( 'NONE',  ( 0.000000000000000000, -1.000000000000000000, 1.110223024625156787E-16 ) ) ;
#4692 = DIRECTION ( 'NONE',  ( -1.000000000000000000, 1.178342581230140491E-32, -2.122713283897139652E-16 ) ) ;
#4693 = CARTESIAN_POINT ( 'NONE',  ( -13.43559131662329342, -5.000000000000000000, -10.77490268971401122 ) ) ;
#4694 = ORIENTED_EDGE ( 'NONE', *, *, #6251, .F. ) ;
#4695 = ORIENTED_EDGE ( 'NONE', *, *, #7608, .T. ) ;
#4696 = ORIENTED_EDGE ( 'NONE', *, *, #7201, .T. ) ;
#4697 = DIRECTION ( 'NONE',  ( 3.247187436987270076E-16, 1.000000000000000000, -1.110223024625156787E-16 ) ) ;
#4698 = CARTESIAN_POINT ( 'NONE',  ( -16.49999999999999645, -5.000000000000000000, -12.70000000000001172 ) ) ;
#4699 = DIRECTION ( 'NONE',  ( 0.000000000000000000, 1.000000000000000000, -1.722546424198833760E-16 ) ) ;
#4700 = CARTESIAN_POINT ( 'NONE',  ( 13.53449612337661456, 1.300000000000000044, -7.186405786944511931 ) ) ;
#4701 = DIRECTION ( 'NONE',  ( -0.000000000000000000, 1.110223024625156787E-16, 1.000000000000000000 ) ) ;
#4702 = EDGE_CURVE ( 'NONE', #645, #7068, #2789, .T. ) ;
#4703 = EDGE_CURVE ( 'NONE', #8689, #2749, #3192, .T. ) ;
#4704 = EDGE_LOOP ( 'NONE', ( #1456, #5579, #405, #20 ) ) ;
#4705 = CARTESIAN_POINT ( 'NONE',  ( 22.49654675138050308, -5.000000000000000000, -8.200000000000011724 ) ) ;
#4706 = EDGE_LOOP ( 'NONE', ( #8758, #7286, #8711, #6590 ) ) ;
#4707 = VECTOR ( 'NONE', #6512, 1000.000000000000000 ) ;
#4708 = DIRECTION ( 'NONE',  ( 8.552847072295028499E-48, -1.000000000000000000, 1.722546424198833760E-16 ) ) ;
#4709 = DIRECTION ( 'NONE',  ( 0.000000000000000000, 0.000000000000000000, 1.000000000000000000 ) ) ;
#4710 = FACE_OUTER_BOUND ( 'NONE', #4760, .T. ) ;
#4711 = DIRECTION ( 'NONE',  ( 0.000000000000000000, 2.489498125257392905E-17, -1.000000000000000000 ) ) ;
#4712 = VECTOR ( 'NONE', #428, 1000.000000000000000 ) ;
#4713 = EDGE_CURVE ( 'NONE', #1102, #7695, #3150, .T. ) ;
#4714 = VERTEX_POINT ( 'NONE', #350 ) ;
#4715 = EDGE_LOOP ( 'NONE', ( #379, #6172, #5698, #3603 ) ) ;
#4716 = PLANE ( 'NONE',  #2331 ) ;
#4717 = DIRECTION ( 'NONE',  ( -0.000000000000000000, -1.000000000000000000, 1.710343578476592788E-16 ) ) ;
#4718 = ORIENTED_EDGE ( 'NONE', *, *, #1758, .T. ) ;
#4719 = DIRECTION ( 'NONE',  ( 2.775557561562891351E-14, 0.000000000000000000, 1.000000000000000000 ) ) ;
#4720 = CARTESIAN_POINT ( 'NONE',  ( 42.32814634690690525, 1.300000000000000044, -6.800000000000012257 ) ) ;
#4721 = VECTOR ( 'NONE', #6710, 1000.000000000000000 ) ;
#4722 = CARTESIAN_POINT ( 'NONE',  ( -50.30664724830590018, -4.999999999999999112, -2.103695419137131317 ) ) ;
#4723 = LINE ( 'NONE', #2802, #4355 ) ;
#4724 = EDGE_CURVE ( 'NONE', #5696, #2769, #5146, .T. ) ;
#4725 = VERTEX_POINT ( 'NONE', #6555 ) ;
#4726 = ORIENTED_EDGE ( 'NONE', *, *, #7200, .T. ) ;
#4727 = CARTESIAN_POINT ( 'NONE',  ( -41.30664724830590018, -1.300000000000000044, -5.203695419137131850 ) ) ;
#4728 = EDGE_LOOP ( 'NONE', ( #1020, #920, #4996, #1479 ) ) ;
#4729 = DIRECTION ( 'NONE',  ( 0.000000000000000000, 1.000000000000000000, -1.110223024625156787E-16 ) ) ;
#4730 = LINE ( 'NONE', #6796, #3475 ) ;
#4731 = CARTESIAN_POINT ( 'NONE',  ( -41.79999999999999716, 5.000000000000000000, -5.100000000000012079 ) ) ;
#4732 = DIRECTION ( 'NONE',  ( 0.000000000000000000, 5.551115123125782702E-17, -1.000000000000000000 ) ) ;
#4733 = AXIS2_PLACEMENT_3D ( 'NONE', #7291, #2594, #4022 ) ;
#4734 = EDGE_CURVE ( 'NONE', #6668, #6627, #8500, .T. ) ;
#4735 = EDGE_CURVE ( 'NONE', #5252, #2737, #4771, .T. ) ;
#4736 = EDGE_LOOP ( 'NONE', ( #3865, #3014, #3452, #3186 ) ) ;
#4737 = ORIENTED_EDGE ( 'NONE', *, *, #2262, .T. ) ;
#4738 = CIRCLE ( 'NONE', #7273, 0.5000000000000004441 ) ;
#4739 = ORIENTED_EDGE ( 'NONE', *, *, #709, .F. ) ;
#4740 = ADVANCED_FACE ( 'NONE', ( #5237 ), #4480, .T. ) ;
#4741 = CARTESIAN_POINT ( 'NONE',  ( 3.050000000000004263, -5.000000000000000000, -10.50000000000001066 ) ) ;
#4742 = DIRECTION ( 'NONE',  ( -0.000000000000000000, -1.000000000000000000, 1.710343578476592788E-16 ) ) ;
#4743 = CARTESIAN_POINT ( 'NONE',  ( -8.182379646400995910, -1.300000000000000266, -3.203695419137131406 ) ) ;
#4744 = CARTESIAN_POINT ( 'NONE',  ( -18.00664724830589591, -4.999999999999999112, -13.27201599930162246 ) ) ;
#4745 = LINE ( 'NONE', #1370, #8730 ) ;
#4746 = AXIS2_PLACEMENT_3D ( 'NONE', #1524, #990, #6395 ) ;
#4747 = ORIENTED_EDGE ( 'NONE', *, *, #5854, .F. ) ;
#4748 = DIRECTION ( 'NONE',  ( 0.000000000000000000, 1.000000000000000000, -1.722546424198833760E-16 ) ) ;
#4749 = CIRCLE ( 'NONE', #5597, 0.5000000000000000000 ) ;
#4750 = ORIENTED_EDGE ( 'NONE', *, *, #6860, .T. ) ;
#4751 = LINE ( 'NONE', #1330, #4472 ) ;
#4752 = DIRECTION ( 'NONE',  ( 0.000000000000000000, 0.000000000000000000, 1.000000000000000000 ) ) ;
#4753 = FACE_OUTER_BOUND ( 'NONE', #893, .T. ) ;
#4754 = EDGE_CURVE ( 'NONE', #8097, #3429, #657, .T. ) ;
#4755 = VECTOR ( 'NONE', #6575, 1000.000000000000000 ) ;
#4756 = ORIENTED_EDGE ( 'NONE', *, *, #751, .T. ) ;
#4757 = ORIENTED_EDGE ( 'NONE', *, *, #7932, .T. ) ;
#4758 = DIRECTION ( 'NONE',  ( 0.9578262852211508749, -6.639069831013434176E-17, -0.2873478855663469944 ) ) ;
#4759 = CARTESIAN_POINT ( 'NONE',  ( -24.99999999999999289, 0.000000000000000000, -5.000000000000012434 ) ) ;
#4760 = EDGE_LOOP ( 'NONE', ( #1826, #2967, #3674, #4805 ) ) ;
#4761 = FACE_OUTER_BOUND ( 'NONE', #7720, .T. ) ;
#4762 = DIRECTION ( 'NONE',  ( 1.000000000000000000, -6.859660045400109581E-33, 0.000000000000000000 ) ) ;
#4763 = VECTOR ( 'NONE', #226, 1000.000000000000114 ) ;
#4764 = CARTESIAN_POINT ( 'NONE',  ( 18.10237697133560530, -5.000000000000000000, -14.90000050758565031 ) ) ;
#4765 = DIRECTION ( 'NONE',  ( 0.000000000000000000, 5.551115123125782702E-17, -1.000000000000000000 ) ) ;
#4766 = EDGE_CURVE ( 'NONE', #7695, #4487, #304, .T. ) ;
#4767 = ADVANCED_FACE ( 'NONE', ( #5897 ), #2476, .F. ) ;
#4768 = EDGE_CURVE ( 'NONE', #6491, #1848, #7874, .T. ) ;
#4769 = ADVANCED_FACE ( 'NONE', ( #2346 ), #7750, .F. ) ;
#4770 = VECTOR ( 'NONE', #5445, 1000.000000000000000 ) ;
#4771 = CIRCLE ( 'NONE', #5900, 0.5000000000000004441 ) ;
#4772 = VERTEX_POINT ( 'NONE', #485 ) ;
#4773 = VERTEX_POINT ( 'NONE', #4396 ) ;
#4774 = FACE_OUTER_BOUND ( 'NONE', #7517, .T. ) ;
#4775 = VERTEX_POINT ( 'NONE', #6422 ) ;
#4776 = PLANE ( 'NONE',  #4509 ) ;
#4777 = LINE ( 'NONE', #2636, #8135 ) ;
#4778 = CARTESIAN_POINT ( 'NONE',  ( -8.182379646400995910, -4.999999999999999112, -1.603695419137131761 ) ) ;
#4779 = DIRECTION ( 'NONE',  ( 0.000000000000000000, 0.000000000000000000, -1.000000000000000000 ) ) ;
#4780 = AXIS2_PLACEMENT_3D ( 'NONE', #6850, #3620, #8353 ) ;
#4781 = CIRCLE ( 'NONE', #2073, 2.374999999999999112 ) ;
#4782 = EDGE_CURVE ( 'NONE', #5279, #481, #7792, .T. ) ;
#4783 = ORIENTED_EDGE ( 'NONE', *, *, #7892, .T. ) ;
#4784 = VECTOR ( 'NONE', #6007, 1000.000000000000000 ) ;
#4785 = ORIENTED_EDGE ( 'NONE', *, *, #564, .F. ) ;
#4786 = VECTOR ( 'NONE', #1236, 1000.000000000000000 ) ;
#4787 = EDGE_LOOP ( 'NONE', ( #6755, #5958, #5282, #1388 ) ) ;
#4788 = FACE_OUTER_BOUND ( 'NONE', #8669, .T. ) ;
#4789 = PLANE ( 'NONE',  #4447 ) ;
#4790 = DIRECTION ( 'NONE',  ( 0.000000000000000000, 1.000000000000000000, -1.554312234475219798E-16 ) ) ;
#4791 = CARTESIAN_POINT ( 'NONE',  ( -40.80664724830590018, -1.300000000000000044, -5.203695419137131850 ) ) ;
#4792 = ADVANCED_FACE ( 'NONE', ( #1820 ), #2429, .F. ) ;
#4793 = EDGE_CURVE ( 'NONE', #4855, #76, #4438, .T. ) ;
#4794 = CARTESIAN_POINT ( 'NONE',  ( 4.529377692776864528, -5.000000000000000000, -12.95038905019667297 ) ) ;
#4795 = AXIS2_PLACEMENT_3D ( 'NONE', #6398, #3789, #7102 ) ;
#4796 = EDGE_LOOP ( 'NONE', ( #3762, #4833, #4661, #5270 ) ) ;
#4797 = LINE ( 'NONE', #1375, #1322 ) ;
#4798 = VECTOR ( 'NONE', #7348, 1000.000000000000000 ) ;
#4799 = EDGE_LOOP ( 'NONE', ( #7842, #6510, #1076, #4750 ) ) ;
#4800 = DIRECTION ( 'NONE',  ( 0.000000000000000000, 0.000000000000000000, -1.000000000000000000 ) ) ;
#4801 = CARTESIAN_POINT ( 'NONE',  ( 48.38475575860120159, -5.000000000000000000, -1.500000000000011768 ) ) ;
#4802 = EDGE_CURVE ( 'NONE', #191, #7374, #1057, .T. ) ;
#4803 = DIRECTION ( 'NONE',  ( 0.5581657198844440781, -0.8297294915488303557, 0.000000000000000000 ) ) ;
#4804 = ORIENTED_EDGE ( 'NONE', *, *, #2665, .F. ) ;
#4805 = ORIENTED_EDGE ( 'NONE', *, *, #1798, .F. ) ;
#4806 = FACE_OUTER_BOUND ( 'NONE', #4115, .T. ) ;
#4807 = LINE ( 'NONE', #1638, #4868 ) ;
#4808 = ORIENTED_EDGE ( 'NONE', *, *, #2473, .F. ) ;
#4809 = DIRECTION ( 'NONE',  ( 0.000000000000000000, 5.721188726109870315E-18, 1.000000000000000000 ) ) ;
#4810 = DIRECTION ( 'NONE',  ( 0.000000000000000000, -1.000000000000000000, 1.110223024625156787E-16 ) ) ;
#4811 = DIRECTION ( 'NONE',  ( 3.132146040372489812E-16, -4.500904153885760764E-18, -1.000000000000000000 ) ) ;
#4812 = DIRECTION ( 'NONE',  ( 0.000000000000000000, 1.000000000000000000, -1.554312234475219798E-16 ) ) ;
#4813 = ORIENTED_EDGE ( 'NONE', *, *, #1961, .T. ) ;
#4814 = EDGE_CURVE ( 'NONE', #5965, #5396, #5479, .T. ) ;
#4815 = EDGE_CURVE ( 'NONE', #560, #6280, #7834, .T. ) ;
#4816 = VERTEX_POINT ( 'NONE', #653 ) ;
#4817 = CARTESIAN_POINT ( 'NONE',  ( 23.13449612337660355, 2.086514688671860185, -4.000000000000012434 ) ) ;
#4818 = ORIENTED_EDGE ( 'NONE', *, *, #2092, .F. ) ;
#4819 = FACE_OUTER_BOUND ( 'NONE', #7862, .T. ) ;
#4820 = CARTESIAN_POINT ( 'NONE',  ( 2.114267601904844085, -5.000000000000000000, -1.600000000000011191 ) ) ;
#4821 = CARTESIAN_POINT ( 'NONE',  ( 23.32564358472560073, -4.999999999999999112, -4.000000000000011546 ) ) ;
#4822 = DIRECTION ( 'NONE',  ( 0.000000000000000000, 0.000000000000000000, 1.000000000000000000 ) ) ;
#4823 = VERTEX_POINT ( 'NONE', #2031 ) ;
#4824 = ORIENTED_EDGE ( 'NONE', *, *, #8514, .F. ) ;
#4825 = VERTEX_POINT ( 'NONE', #530 ) ;
#4826 = FACE_OUTER_BOUND ( 'NONE', #4921, .T. ) ;
#4827 = LINE ( 'NONE', #2775, #2781 ) ;
#4828 = CARTESIAN_POINT ( 'NONE',  ( 24.49654675138049953, 5.000000000000000000, -8.200000000000013500 ) ) ;
#4829 = EDGE_CURVE ( 'NONE', #493, #7957, #2604, .T. ) ;
#4830 = CARTESIAN_POINT ( 'NONE',  ( 13.04430728931654393, 5.000000000000000000, -7.700000000000012612 ) ) ;
#4831 = DIRECTION ( 'NONE',  ( 4.062602359340134951E-47, 1.000000000000000000, -1.722546424198833760E-16 ) ) ;
#4832 = CARTESIAN_POINT ( 'NONE',  ( -7.175732398095195919, -5.000000000000000000, -1.600000000000011191 ) ) ;
#4833 = ORIENTED_EDGE ( 'NONE', *, *, #5796, .F. ) ;
#4834 = ORIENTED_EDGE ( 'NONE', *, *, #6361, .F. ) ;
#4835 = CARTESIAN_POINT ( 'NONE',  ( 13.50203678697557308, 5.000000000000000000, -8.500000000000012434 ) ) ;
#4836 = ORIENTED_EDGE ( 'NONE', *, *, #4766, .T. ) ;
#4837 = EDGE_CURVE ( 'NONE', #3350, #8064, #2693, .T. ) ;
#4838 = FACE_OUTER_BOUND ( 'NONE', #6330, .T. ) ;
#4839 = FACE_BOUND ( 'NONE', #4950, .T. ) ;
#4840 = FACE_OUTER_BOUND ( 'NONE', #8440, .T. ) ;
#4841 = VERTEX_POINT ( 'NONE', #5317 ) ;
#4842 = VERTEX_POINT ( 'NONE', #4744 ) ;
#4843 = DIRECTION ( 'NONE',  ( -1.000000000000000000, 0.000000000000000000, 0.000000000000000000 ) ) ;
#4844 = LINE ( 'NONE', #5460, #8389 ) ;
#4845 = LINE ( 'NONE', #7575, #2942 ) ;
#4846 = CARTESIAN_POINT ( 'NONE',  ( 22.00000000000000711, 0.000000000000000000, -4.000000000000012434 ) ) ;
#4847 = CARTESIAN_POINT ( 'NONE',  ( 6.050000000000004263, 5.000000000000000000, -10.50000000000001243 ) ) ;
#4848 = LINE ( 'NONE', #7496, #2790 ) ;
#4849 = CIRCLE ( 'NONE', #2010, 0.5000000000000004441 ) ;
#4850 = UNCERTAINTY_MEASURE_WITH_UNIT (LENGTH_MEASURE( 1.000000000000000082E-05 ), #1157, 'distance_accuracy_value', 'NONE');
#4851 = ORIENTED_EDGE ( 'NONE', *, *, #5674, .F. ) ;
#4852 = ORIENTED_EDGE ( 'NONE', *, *, #7477, .T. ) ;
#4853 = DIRECTION ( 'NONE',  ( 1.000000000000000000, -0.000000000000000000, 0.000000000000000000 ) ) ;
#4854 = CARTESIAN_POINT ( 'NONE',  ( 17.19654675138050592, -6.200000000000000178, -9.462748503479973650 ) ) ;
#4855 = VERTEX_POINT ( 'NONE', #699 ) ;
#4856 = LINE ( 'NONE', #3434, #668 ) ;
#4857 = DIRECTION ( 'NONE',  ( -0.000000000000000000, -1.000000000000000000, 1.776356839400250810E-16 ) ) ;
#4858 = DIRECTION ( 'NONE',  ( 1.000000000000000000, -6.859660045400109581E-33, 0.000000000000000000 ) ) ;
#4859 = LINE ( 'NONE', #2766, #2809 ) ;
#4860 = ADVANCED_FACE ( 'NONE', ( #8008 ), #27, .F. ) ;
#4861 = EDGE_CURVE ( 'NONE', #8248, #884, #8594, .T. ) ;
#4862 = VECTOR ( 'NONE', #237, 1000.000000000000000 ) ;
#4863 = ORIENTED_EDGE ( 'NONE', *, *, #3867, .F. ) ;
#4864 = EDGE_LOOP ( 'NONE', ( #1308, #7012, #8741, #393 ) ) ;
#4865 = ORIENTED_EDGE ( 'NONE', *, *, #2535, .T. ) ;
#4866 = CARTESIAN_POINT ( 'NONE',  ( -12.49999999999999645, 5.000000000000000000, -16.80000000000001137 ) ) ;
#4867 = LINE ( 'NONE', #159, #1378 ) ;
#4868 = VECTOR ( 'NONE', #7531, 1000.000000000000000 ) ;
#4869 = PLANE ( 'NONE',  #1465 ) ;
#4870 = CARTESIAN_POINT ( 'NONE',  ( 46.38475575860120159, 5.000000000000000000, -1.600000000000012079 ) ) ;
#4871 = CARTESIAN_POINT ( 'NONE',  ( -11.49999999999999645, -5.000000000000000000, -15.10000000000001208 ) ) ;
#4872 = DIRECTION ( 'NONE',  ( 0.000000000000000000, 1.000000000000000000, -1.998401444325281576E-16 ) ) ;
#4873 = EDGE_CURVE ( 'NONE', #8648, #6700, #6596, .T. ) ;
#4874 = VECTOR ( 'NONE', #5354, 1000.000000000000114 ) ;
#4875 = ORIENTED_EDGE ( 'NONE', *, *, #1832, .F. ) ;
#4876 = ORIENTED_EDGE ( 'NONE', *, *, #3566, .T. ) ;
#4877 = CARTESIAN_POINT ( 'NONE',  ( 58.80000000000000426, 3.699999999999999289, -7.792000000000012250 ) ) ;
#4878 = ORIENTED_EDGE ( 'NONE', *, *, #424, .T. ) ;
#4879 = DIRECTION ( 'NONE',  ( 0.3257540521303342040, -0.9454545454545488781, 0.000000000000000000 ) ) ;
#4880 = AXIS2_PLACEMENT_3D ( 'NONE', #858, #6265, #4858 ) ;
#4881 = CARTESIAN_POINT ( 'NONE',  ( -8.675732398095195919, 1.300000000000000044, -2.600000000000012079 ) ) ;
#4882 = EDGE_CURVE ( 'NONE', #5165, #5299, #3240, .T. ) ;
#4883 = PLANE ( 'NONE',  #6140 ) ;
#4884 = VECTOR ( 'NONE', #406, 1000.000000000000114 ) ;
#4885 = VERTEX_POINT ( 'NONE', #1899 ) ;
#4886 = ORIENTED_EDGE ( 'NONE', *, *, #2897, .F. ) ;
#4887 = LINE ( 'NONE', #2133, #1907 ) ;
#4888 = CARTESIAN_POINT ( 'NONE',  ( -12.21412045636129839, 5.000000000000000000, -15.10000000000001208 ) ) ;
#4889 = CARTESIAN_POINT ( 'NONE',  ( 50.00000000000000000, 5.000000000000000000, -0.5000000000000125455 ) ) ;
#4890 = LINE ( 'NONE', #6167, #976 ) ;
#4891 = LINE ( 'NONE', #6962, #4646 ) ;
#4892 = EDGE_CURVE ( 'NONE', #6268, #5347, #3366, .T. ) ;
#4893 = CIRCLE ( 'NONE', #2477, 0.5000000000000004441 ) ;
#4894 = EDGE_CURVE ( 'NONE', #8097, #4920, #2652, .T. ) ;
#4895 = ORIENTED_EDGE ( 'NONE', *, *, #5806, .T. ) ;
#4896 = VECTOR ( 'NONE', #4321, 1000.000000000000114 ) ;
#4897 = ORIENTED_EDGE ( 'NONE', *, *, #2872, .F. ) ;
#4898 = LINE ( 'NONE', #3524, #52 ) ;
#4899 = DIRECTION ( 'NONE',  ( 0.2304472313440408537, 0.000000000000000000, -0.9730848234177049694 ) ) ;
#4900 = ORIENTED_EDGE ( 'NONE', *, *, #4616, .F. ) ;
#4901 = CARTESIAN_POINT ( 'NONE',  ( -11.54247580599919765, -5.000000000000000000, -4.600000000000011191 ) ) ;
#4902 = FACE_OUTER_BOUND ( 'NONE', #7652, .T. ) ;
#4903 = PLANE ( 'NONE',  #7827 ) ;
#4904 = DIRECTION ( 'NONE',  ( 0.000000000000000000, -1.000000000000000000, 1.110223024625156787E-16 ) ) ;
#4905 = VECTOR ( 'NONE', #5863, 1000.000000000000000 ) ;
#4906 = VECTOR ( 'NONE', #7137, 1000.000000000000000 ) ;
#4907 = VERTEX_POINT ( 'NONE', #8054 ) ;
#4908 = ORIENTED_EDGE ( 'NONE', *, *, #8232, .T. ) ;
#4909 = ORIENTED_EDGE ( 'NONE', *, *, #3347, .T. ) ;
#4910 = LINE ( 'NONE', #7600, #4430 ) ;
#4911 = AXIS2_PLACEMENT_3D ( 'NONE', #3722, #5941, #7835 ) ;
#4912 = CARTESIAN_POINT ( 'NONE',  ( -2.172949016875136419, -4.999999999999999112, -7.700000000000011724 ) ) ;
#4913 = AXIS2_PLACEMENT_3D ( 'NONE', #1118, #3826, #6524 ) ;
#4914 = CARTESIAN_POINT ( 'NONE',  ( 22.49654675138050308, 5.000000000000000000, -8.200000000000013500 ) ) ;
#4915 = LINE ( 'NONE', #5490, #8462 ) ;
#4916 = DIRECTION ( 'NONE',  ( -0.9342201547964009700, 1.980065741954672757E-17, -0.3566969335054459567 ) ) ;
#4917 = CARTESIAN_POINT ( 'NONE',  ( 18.01238207896990318, 1.300000000000000044, -4.000000000000012434 ) ) ;
#4918 = VECTOR ( 'NONE', #831, 1000.000000000000000 ) ;
#4919 = AXIS2_PLACEMENT_3D ( 'NONE', #4871, #1493, #2864 ) ;
#4920 = VERTEX_POINT ( 'NONE', #1368 ) ;
#4921 = EDGE_LOOP ( 'NONE', ( #8769, #586, #4126, #7805 ) ) ;
#4922 = CARTESIAN_POINT ( 'NONE',  ( -11.64010186252859391, -5.000000000000000000, -4.600000000000011191 ) ) ;
#4923 = EDGE_CURVE ( 'NONE', #6813, #2515, #4568, .T. ) ;
#4924 = EDGE_CURVE ( 'NONE', #3677, #7266, #4609, .T. ) ;
#4925 = VERTEX_POINT ( 'NONE', #8720 ) ;
#4926 = AXIS2_PLACEMENT_3D ( 'NONE', #4644, #6712, #2017 ) ;
#4927 = PLANE ( 'NONE',  #1373 ) ;
#4928 = VECTOR ( 'NONE', #2573, 1000.000000000000000 ) ;
#4929 = EDGE_CURVE ( 'NONE', #211, #6176, #7259, .T. ) ;
#4930 = EDGE_CURVE ( 'NONE', #4501, #8682, #7303, .T. ) ;
#4931 = CARTESIAN_POINT ( 'NONE',  ( 22.00000000000000711, 0.000000000000000000, -4.000000000000012434 ) ) ;
#4932 = AXIS2_PLACEMENT_3D ( 'NONE', #6492, #8432, #5825 ) ;
#4933 = LINE ( 'NONE', #2876, #7550 ) ;
#4934 = VERTEX_POINT ( 'NONE', #6065 ) ;
#4935 = VERTEX_POINT ( 'NONE', #4700 ) ;
#4936 = FACE_OUTER_BOUND ( 'NONE', #1825, .T. ) ;
#4937 = CARTESIAN_POINT ( 'NONE',  ( -50.79999999999999716, 1.300000000000000044, -4.600000000000012079 ) ) ;
#4938 = CARTESIAN_POINT ( 'NONE',  ( 22.49654675138050308, -5.000000000000000000, -12.20000000000001172 ) ) ;
#4939 = ADVANCED_FACE ( 'NONE', ( #3948 ), #3407, .F. ) ;
#4940 = DIRECTION ( 'NONE',  ( -1.000000000000000000, 1.738690325255026654E-32, -3.132146040372489812E-16 ) ) ;
#4941 = DIRECTION ( 'NONE',  ( 0.000000000000000000, 1.000000000000000000, -1.110223024625156787E-16 ) ) ;
#4942 = VECTOR ( 'NONE', #4790, 1000.000000000000000 ) ;
#4943 = ORIENTED_EDGE ( 'NONE', *, *, #1798, .T. ) ;
#4944 = AXIS2_PLACEMENT_3D ( 'NONE', #3231, #7954, #4023 ) ;
#4945 = EDGE_CURVE ( 'NONE', #1864, #4689, #8765, .T. ) ;
#4946 = EDGE_CURVE ( 'NONE', #3334, #1009, #3321, .T. ) ;
#4947 = ORIENTED_EDGE ( 'NONE', *, *, #4793, .T. ) ;
#4948 = CARTESIAN_POINT ( 'NONE',  ( 25.94827798752610803, 5.000000000000000000, -6.800000000000012257 ) ) ;
#4949 = FACE_OUTER_BOUND ( 'NONE', #5656, .T. ) ;
#4950 = EDGE_LOOP ( 'NONE', ( #5856, #1128 ) ) ;
#4951 = CARTESIAN_POINT ( 'NONE',  ( 46.38475575860120159, -5.000000000000000000, -1.600000000000011191 ) ) ;
#4952 = DIRECTION ( 'NONE',  ( 0.000000000000000000, 1.000000000000000000, -1.998401444325281576E-16 ) ) ;
#4953 = CARTESIAN_POINT ( 'NONE',  ( 49.00000000000000000, 5.000000000000000000, -2.000000000000011990 ) ) ;
#4954 = EDGE_CURVE ( 'NONE', #6813, #6439, #5210, .T. ) ;
#4955 = LINE ( 'NONE', #3612, #4375 ) ;
#4956 = VECTOR ( 'NONE', #2755, 1000.000000000000000 ) ;
#4957 = ORIENTED_EDGE ( 'NONE', *, *, #3532, .F. ) ;
#4958 = VERTEX_POINT ( 'NONE', #4161 ) ;
#4959 = ORIENTED_EDGE ( 'NONE', *, *, #7049, .F. ) ;
#4960 = CARTESIAN_POINT ( 'NONE',  ( -8.675732398095195919, 1.300000000000000044, -1.500000000000012657 ) ) ;
#4961 = CARTESIAN_POINT ( 'NONE',  ( 58.79999999998120330, 3.699999999999999289, -10.94606079827836176 ) ) ;
#4962 = FACE_OUTER_BOUND ( 'NONE', #4304, .T. ) ;
#4963 = CARTESIAN_POINT ( 'NONE',  ( 39.10836255635121006, -5.000000000000000000, -4.600000000000011191 ) ) ;
#4964 = LINE ( 'NONE', #2293, #819 ) ;
#4965 = CARTESIAN_POINT ( 'NONE',  ( 49.50000000000000000, 5.000000000000000000, -1.387778780781445676E-14 ) ) ;
#4966 = CARTESIAN_POINT ( 'NONE',  ( -0.3347805097573159916, 5.000000000000000000, -7.700000000000012612 ) ) ;
#4967 = ORIENTED_EDGE ( 'NONE', *, *, #3303, .F. ) ;
#4968 = ORIENTED_EDGE ( 'NONE', *, *, #7294, .T. ) ;
#4969 = LINE ( 'NONE', #7653, #165 ) ;
#4970 = ORIENTED_EDGE ( 'NONE', *, *, #4036, .T. ) ;
#4971 = DIRECTION ( 'NONE',  ( 2.393753358408230236E-15, 9.409843366925614365E-17, 1.000000000000000000 ) ) ;
#4972 = DIRECTION ( 'NONE',  ( 0.000000000000000000, 1.221245327087671554E-16, 1.000000000000000000 ) ) ;
#4973 = EDGE_CURVE ( 'NONE', #6537, #1042, #5624, .T. ) ;
#4974 = EDGE_CURVE ( 'NONE', #7510, #7927, #868, .T. ) ;
#4975 = CARTESIAN_POINT ( 'NONE',  ( 22.00000000000000711, 0.000000000000000000, -4.000000000000012434 ) ) ;
#4976 = EDGE_CURVE ( 'NONE', #5202, #2515, #6891, .T. ) ;
#4977 = VERTEX_POINT ( 'NONE', #7515 ) ;
#4978 = ORIENTED_EDGE ( 'NONE', *, *, #5776, .T. ) ;
#4979 = DIRECTION ( 'NONE',  ( -0.000000000000000000, -1.000000000000000000, 1.722546424198833760E-16 ) ) ;
#4980 = DIRECTION ( 'NONE',  ( 0.000000000000000000, 1.000000000000000000, -1.110223024625156787E-16 ) ) ;
#4981 = LINE ( 'NONE', #7576, #7716 ) ;
#4982 = CARTESIAN_POINT ( 'NONE',  ( 2.220128651495404171, 5.000000000000000000, -10.67024128661475402 ) ) ;
#4983 = CARTESIAN_POINT ( 'NONE',  ( -47.79999999999999716, -5.000000000000000000, -0.5000000000000108802 ) ) ;
#4984 = ORIENTED_EDGE ( 'NONE', *, *, #4702, .F. ) ;
#4985 = VERTEX_POINT ( 'NONE', #4965 ) ;
#4986 = DIRECTION ( 'NONE',  ( 0.000000000000000000, 0.000000000000000000, -1.000000000000000000 ) ) ;
#4987 = DIRECTION ( 'NONE',  ( 1.000000000000000000, 0.000000000000000000, 0.000000000000000000 ) ) ;
#4988 = ORIENTED_EDGE ( 'NONE', *, *, #414, .F. ) ;
#4989 = LINE ( 'NONE', #419, #532 ) ;
#4990 = CARTESIAN_POINT ( 'NONE',  ( 0.1152194902426838530, 5.000000000000000000, -6.200000000000012612 ) ) ;
#4991 = CARTESIAN_POINT ( 'NONE',  ( -6.018033988749897034, -5.000000000000000000, -5.600000000000011191 ) ) ;
#4992 = CARTESIAN_POINT ( 'NONE',  ( -12.29999999999999538, -5.799999999999999822, -16.80000000000000782 ) ) ;
#4993 = VECTOR ( 'NONE', #3349, 1000.000000000000000 ) ;
#4994 = EDGE_CURVE ( 'NONE', #6720, #4534, #7456, .T. ) ;
#4995 = ORIENTED_EDGE ( 'NONE', *, *, #1832, .T. ) ;
#4996 = ORIENTED_EDGE ( 'NONE', *, *, #7497, .F. ) ;
#4997 = ORIENTED_EDGE ( 'NONE', *, *, #6021, .F. ) ;
#4998 = DIRECTION ( 'NONE',  ( -0.000000000000000000, -1.000000000000000000, 1.776356839400250810E-16 ) ) ;
#4999 = CARTESIAN_POINT ( 'NONE',  ( 38.60836255635121006, -4.999999999999999112, -1.500000000000011768 ) ) ;
#5000 = DIRECTION ( 'NONE',  ( 0.000000000000000000, 1.000000000000000000, -1.722546424198833760E-16 ) ) ;
#5001 = DIRECTION ( 'NONE',  ( 0.000000000000000000, 5.551115123125782702E-17, -1.000000000000000000 ) ) ;
#5002 = CARTESIAN_POINT ( 'NONE',  ( 2.220128651495404171, -5.000000000000000000, -10.67024128661475224 ) ) ;
#5003 = DIRECTION ( 'NONE',  ( 0.000000000000000000, -1.000000000000000000, 1.110223024625156787E-16 ) ) ;
#5004 = VECTOR ( 'NONE', #7193, 1000.000000000000000 ) ;
#5005 = FACE_OUTER_BOUND ( 'NONE', #2233, .T. ) ;
#5006 = ADVANCED_FACE ( 'NONE', ( #5664 ), #2253, .F. ) ;
#5007 = ADVANCED_FACE ( 'NONE', ( #255 ), #830, .T. ) ;
#5008 = ORIENTED_EDGE ( 'NONE', *, *, #4203, .T. ) ;
#5009 = AXIS2_PLACEMENT_3D ( 'NONE', #3767, #6421, #6469 ) ;
#5010 = ORIENTED_EDGE ( 'NONE', *, *, #7729, .T. ) ;
#5011 = DIRECTION ( 'NONE',  ( -4.814824860968089633E-33, 1.000000000000000000, -1.722546424198833760E-16 ) ) ;
#5012 = ORIENTED_EDGE ( 'NONE', *, *, #6997, .F. ) ;
#5013 = CYLINDRICAL_SURFACE ( 'NONE', #3732, 2.374999999999998668 ) ;
#5014 = CARTESIAN_POINT ( 'NONE',  ( 49.50000000000000000, 5.000000000000000000, -0.5000000000000125455 ) ) ;
#5015 = FACE_BOUND ( 'NONE', #3163, .T. ) ;
#5016 = EDGE_CURVE ( 'NONE', #5730, #8648, #207, .T. ) ;
#5017 = VECTOR ( 'NONE', #5308, 1000.000000000000114 ) ;
#5018 = CARTESIAN_POINT ( 'NONE',  ( 42.17779029743370245, 5.000000000000000000, -9.500000000000012434 ) ) ;
#5019 = ORIENTED_EDGE ( 'NONE', *, *, #939, .T. ) ;
#5020 = CIRCLE ( 'NONE', #2181, 0.4999999999999995559 ) ;
#5021 = ORIENTED_EDGE ( 'NONE', *, *, #8596, .T. ) ;
#5022 = CARTESIAN_POINT ( 'NONE',  ( -53.00000000000000000, -5.000000000000000000, -1.214306433183764966E-14 ) ) ;
#5023 = ADVANCED_FACE ( 'NONE', ( #6901 ), #6193, .F. ) ;
#5024 = LINE ( 'NONE', #5594, #7433 ) ;
#5025 = FACE_OUTER_BOUND ( 'NONE', #3197, .T. ) ;
#5026 = DIRECTION ( 'NONE',  ( 1.432545838226009632E-16, -1.000000000000000000, 1.736961828849035662E-16 ) ) ;
#5027 = VECTOR ( 'NONE', #7143, 1000.000000000000000 ) ;
#5028 = ORIENTED_EDGE ( 'NONE', *, *, #8390, .F. ) ;
#5029 = EDGE_LOOP ( 'NONE', ( #4824, #4237, #3120, #7329 ) ) ;
#5030 = CARTESIAN_POINT ( 'NONE',  ( 2.114267601904844085, 5.000000000000000000, -1.100000000000012523 ) ) ;
#5031 = CARTESIAN_POINT ( 'NONE',  ( -23.62499999999999289, -9.432032562425159227E-33, -5.000000000000012434 ) ) ;
#5032 = EDGE_CURVE ( 'NONE', #8495, #7059, #2509, .T. ) ;
#5033 = ORIENTED_EDGE ( 'NONE', *, *, #1905, .T. ) ;
#5034 = DIRECTION ( 'NONE',  ( -0.6904313878910782742, 4.015664934059694521E-17, -0.7233978840270403055 ) ) ;
#5035 = CARTESIAN_POINT ( 'NONE',  ( 15.32073688219710306, -6.200000000000000178, -12.50000000000001066 ) ) ;
#5036 = EDGE_CURVE ( 'NONE', #4639, #4773, #4251, .T. ) ;
#5037 = VECTOR ( 'NONE', #7645, 1000.000000000000000 ) ;
#5038 = DIRECTION ( 'NONE',  ( -0.9983713344239766307, 0.000000000000000000, -0.05704979053851180065 ) ) ;
#5039 = CARTESIAN_POINT ( 'NONE',  ( -49.29999999999999716, 5.000000000000000000, -3.600000000000012079 ) ) ;
#5040 = AXIS2_PLACEMENT_3D ( 'NONE', #4598, #3802, #3094 ) ;
#5041 = VERTEX_POINT ( 'NONE', #5535 ) ;
#5042 = VERTEX_POINT ( 'NONE', #7605 ) ;
#5043 = ORIENTED_EDGE ( 'NONE', *, *, #6045, .F. ) ;
#5044 = CARTESIAN_POINT ( 'NONE',  ( 2.114267601904844085, 5.000000000000000000, -0.5000000000000125455 ) ) ;
#5045 = CARTESIAN_POINT ( 'NONE',  ( 19.50310462831780356, -5.000000000000000000, -18.00000000000001066 ) ) ;
#5046 = CARTESIAN_POINT ( 'NONE',  ( -12.40200270246849890, -5.000000000000000000, -14.83144154612523202 ) ) ;
#5047 = DIRECTION ( 'NONE',  ( -1.000000000000000000, 0.000000000000000000, 0.000000000000000000 ) ) ;
#5048 = DIRECTION ( 'NONE',  ( -1.093142670400150051E-15, 5.721188726109771708E-18, 1.000000000000000000 ) ) ;
#5049 = CARTESIAN_POINT ( 'NONE',  ( 22.00000000000000711, 0.000000000000000000, -1.500000000000012657 ) ) ;
#5050 = VECTOR ( 'NONE', #7664, 1000.000000000000000 ) ;
#5051 = EDGE_CURVE ( 'NONE', #289, #6573, #2646, .T. ) ;
#5052 = CYLINDRICAL_SURFACE ( 'NONE', #2644, 0.5000000000000000000 ) ;
#5053 = VECTOR ( 'NONE', #8063, 1000.000000000000114 ) ;
#5054 = EDGE_LOOP ( 'NONE', ( #7213, #7400, #693, #3964 ) ) ;
#5055 = VECTOR ( 'NONE', #7484, 1000.000000000000000 ) ;
#5056 = VERTEX_POINT ( 'NONE', #6943 ) ;
#5057 = CARTESIAN_POINT ( 'NONE',  ( 30.66074696290820256, 5.000000000000000000, -10.50000000000001243 ) ) ;
#5058 = EDGE_CURVE ( 'NONE', #7549, #2004, #8314, .T. ) ;
#5059 = EDGE_CURVE ( 'NONE', #1645, #969, #2959, .T. ) ;
#5060 = ORIENTED_EDGE ( 'NONE', *, *, #1314, .F. ) ;
#5061 = DIRECTION ( 'NONE',  ( -0.000000000000000000, -1.000000000000000000, 1.776356839400250810E-16 ) ) ;
#5062 = DIRECTION ( 'NONE',  ( -1.000000000000000000, 0.000000000000000000, 0.000000000000000000 ) ) ;
#5063 = LINE ( 'NONE', #352, #3627 ) ;
#5064 = VECTOR ( 'NONE', #2466, 1000.000000000000000 ) ;
#5065 = CIRCLE ( 'NONE', #1230, 2.375000000000000888 ) ;
#5066 = ORIENTED_EDGE ( 'NONE', *, *, #3581, .F. ) ;
#5067 = VERTEX_POINT ( 'NONE', #2779 ) ;
#5068 = AXIS2_PLACEMENT_3D ( 'NONE', #6368, #3844, #6409 ) ;
#5069 = VECTOR ( 'NONE', #3388, 1000.000000000000000 ) ;
#5070 = VERTEX_POINT ( 'NONE', #2159 ) ;
#5071 = CARTESIAN_POINT ( 'NONE',  ( -44.29999999999999716, 5.000000000000000000, -1.387778780781445676E-14 ) ) ;
#5072 = DIRECTION ( 'NONE',  ( -1.000000000000000000, 0.000000000000000000, 0.000000000000000000 ) ) ;
#5073 = DIRECTION ( 'NONE',  ( 0.000000000000000000, 1.000000000000000000, -1.554312234475219798E-16 ) ) ;
#5074 = CARTESIAN_POINT ( 'NONE',  ( -9.175732398095195919, 5.000000000000000000, -1.500000000000012657 ) ) ;
#5075 = VECTOR ( 'NONE', #5918, 1000.000000000000000 ) ;
#5076 = ADVANCED_FACE ( 'NONE', ( #162 ), #1450, .F. ) ;
#5077 = ORIENTED_EDGE ( 'NONE', *, *, #5203, .F. ) ;
#5078 = EDGE_CURVE ( 'NONE', #5506, #8648, #4291, .T. ) ;
#5079 = EDGE_LOOP ( 'NONE', ( #1885, #3401, #8317, #3774 ) ) ;
#5080 = CARTESIAN_POINT ( 'NONE',  ( 44.88475575860120159, -5.000000000000000000, -1.600000000000011191 ) ) ;
#5081 = CARTESIAN_POINT ( 'NONE',  ( -9.175732398095195919, -0.7000000000000000666, -2.000000000000011990 ) ) ;
#5082 = ORIENTED_EDGE ( 'NONE', *, *, #2317, .T. ) ;
#5083 = DIRECTION ( 'NONE',  ( 1.235726496974089760E-16, 5.551115123125796261E-17, -1.000000000000000000 ) ) ;
#5084 = PLANE ( 'NONE',  #8568 ) ;
#5085 = DIRECTION ( 'NONE',  ( 0.000000000000000000, 0.000000000000000000, -1.000000000000000000 ) ) ;
#5086 = CARTESIAN_POINT ( 'NONE',  ( 2.220128651495404171, -5.000000000000000000, -10.67024128661475224 ) ) ;
#5087 = EDGE_CURVE ( 'NONE', #618, #43, #1544, .T. ) ;
#5088 = CIRCLE ( 'NONE', #5787, 1.000000000000000000 ) ;
#5089 = ADVANCED_FACE ( 'NONE', ( #3097 ), #342, .F. ) ;
#5090 = ORIENTED_EDGE ( 'NONE', *, *, #2535, .F. ) ;
#5091 = ORIENTED_EDGE ( 'NONE', *, *, #2647, .T. ) ;
#5092 = ORIENTED_EDGE ( 'NONE', *, *, #322, .T. ) ;
#5093 = EDGE_CURVE ( 'NONE', #3088, #30, #7868, .T. ) ;
#5094 = FACE_OUTER_BOUND ( 'NONE', #6803, .T. ) ;
#5095 = DIRECTION ( 'NONE',  ( -0.0008515410813585736708, 5.551113110506976052E-17, -0.9999996374388276932 ) ) ;
#5096 = CARTESIAN_POINT ( 'NONE',  ( 7.039300021928974083, -5.000000000000000000, -10.87848338918572111 ) ) ;
#5097 = DIRECTION ( 'NONE',  ( 0.000000000000000000, 5.721188726109870315E-18, 1.000000000000000000 ) ) ;
#5098 = DIRECTION ( 'NONE',  ( -1.235726496974089760E-16, -5.551115123125788865E-17, 1.000000000000000000 ) ) ;
#5099 = CIRCLE ( 'NONE', #2961, 0.9999999999999995559 ) ;
#5100 = DIRECTION ( 'NONE',  ( 1.000000000000000000, -9.282125186050037718E-33, 1.672119021164049829E-16 ) ) ;
#5101 = DIRECTION ( 'NONE',  ( -0.9153150324227655732, 2.304143619507821356E-18, 0.4027386142660172030 ) ) ;
#5102 = PRODUCT_DEFINITION_FORMATION_WITH_SPECIFIED_SOURCE ( 'ANY', '', #2898, .NOT_KNOWN. ) ;
#5103 = ORIENTED_EDGE ( 'NONE', *, *, #7040, .T. ) ;
#5104 = ORIENTED_EDGE ( 'NONE', *, *, #4346, .F. ) ;
#5105 = CARTESIAN_POINT ( 'NONE',  ( 9.690846643908363589, -4.999999999999999112, -7.700000000000011724 ) ) ;
#5106 = CARTESIAN_POINT ( 'NONE',  ( 49.00000000000000000, -5.000000000000000000, -1.500000000000011768 ) ) ;
#5107 = CARTESIAN_POINT ( 'NONE',  ( 48.90992059245890289, -1.300000000000000044, -8.000000000000012434 ) ) ;
#5108 = LINE ( 'NONE', #8547, #6878 ) ;
#5109 = ORIENTED_EDGE ( 'NONE', *, *, #3781, .F. ) ;
#5110 = ORIENTED_EDGE ( 'NONE', *, *, #924, .F. ) ;
#5111 = ORIENTED_EDGE ( 'NONE', *, *, #2432, .F. ) ;
#5112 = CARTESIAN_POINT ( 'NONE',  ( 20.62500000000000355, 1.683889348827610506E-16, -5.000000000000012434 ) ) ;
#5113 = DIRECTION ( 'NONE',  ( 1.186534193192753836E-17, 1.000000000000000000, -1.110223024625156787E-16 ) ) ;
#5114 = DIRECTION ( 'NONE',  ( 0.000000000000000000, 3.330669073875466417E-17, 1.000000000000000000 ) ) ;
#5115 = CARTESIAN_POINT ( 'NONE',  ( -0.3347805097573159916, 1.300000000000000044, -7.700000000000012612 ) ) ;
#5116 = ORIENTED_EDGE ( 'NONE', *, *, #4550, .F. ) ;
#5117 = ORIENTED_EDGE ( 'NONE', *, *, #3761, .T. ) ;
#5118 = CARTESIAN_POINT ( 'NONE',  ( 38.41721509500220577, 1.300000000000000044, -1.500000000000012657 ) ) ;
#5119 = CARTESIAN_POINT ( 'NONE',  ( 16.69654675138050592, 5.000000000000000000, -12.20000000000001350 ) ) ;
#5120 = ORIENTED_EDGE ( 'NONE', *, *, #4051, .T. ) ;
#5121 = CARTESIAN_POINT ( 'NONE',  ( 23.32564358472560073, -1.300000000000000266, -4.000000000000011546 ) ) ;
#5122 = DIRECTION ( 'NONE',  ( -1.235726496974089760E-16, -5.551115123125782702E-17, 1.000000000000000000 ) ) ;
#5123 = DIRECTION ( 'NONE',  ( -0.000000000000000000, -1.000000000000000000, 1.665334536937734811E-16 ) ) ;
#5124 = DIRECTION ( 'NONE',  ( 1.000000000000000000, 0.000000000000000000, -0.000000000000000000 ) ) ;
#5125 = VERTEX_POINT ( 'NONE', #3758 ) ;
#5126 = ORIENTED_EDGE ( 'NONE', *, *, #5537, .T. ) ;
#5127 = AXIS2_PLACEMENT_3D ( 'NONE', #7125, #482, #3716 ) ;
#5128 = ORIENTED_EDGE ( 'NONE', *, *, #7988, .F. ) ;
#5129 = DIRECTION ( 'NONE',  ( -0.000000000000000000, -1.000000000000000000, 1.998401444325281576E-16 ) ) ;
#5130 = DIRECTION ( 'NONE',  ( 0.000000000000000000, 5.551115123125782702E-17, -1.000000000000000000 ) ) ;
#5131 = PRESENTATION_STYLE_ASSIGNMENT (( #8489 ) ) ;
#5132 = DIRECTION ( 'NONE',  ( 0.000000000000000000, 5.551115123125782702E-17, -1.000000000000000000 ) ) ;
#5133 = FACE_OUTER_BOUND ( 'NONE', #6363, .T. ) ;
#5134 = EDGE_CURVE ( 'NONE', #6604, #6034, #3140, .T. ) ;
#5135 = DIRECTION ( 'NONE',  ( -1.000000000000000000, 1.232595164407829167E-32, -2.220446049250309876E-16 ) ) ;
#5136 = ADVANCED_FACE ( 'NONE', ( #7164 ), #5182, .F. ) ;
#5137 = DIRECTION ( 'NONE',  ( 0.000000000000000000, 1.000000000000000000, -1.110223024625156787E-16 ) ) ;
#5138 = AXIS2_PLACEMENT_3D ( 'NONE', #249, #7685, #6272 ) ;
#5139 = ORIENTED_EDGE ( 'NONE', *, *, #4615, .T. ) ;
#5140 = ORIENTED_EDGE ( 'NONE', *, *, #3726, .F. ) ;
#5141 = DIRECTION ( 'NONE',  ( -1.000000000000000000, 0.000000000000000000, 1.734723475976805517E-15 ) ) ;
#5142 = VECTOR ( 'NONE', #5472, 1000.000000000000000 ) ;
#5143 = CARTESIAN_POINT ( 'NONE',  ( -14.78984720620709759, 1.300000000000000044, -9.700000000000011724 ) ) ;
#5144 = PLANE ( 'NONE',  #681 ) ;
#5145 = ADVANCED_FACE ( 'NONE', ( #3671 ), #2338, .F. ) ;
#5146 = LINE ( 'NONE', #974, #2922 ) ;
#5147 = EDGE_CURVE ( 'NONE', #5041, #2848, #1809, .T. ) ;
#5148 = CARTESIAN_POINT ( 'NONE',  ( 1.007240873133993908, -5.000000000000000000, -7.642530422886741448 ) ) ;
#5149 = CIRCLE ( 'NONE', #7261, 0.4999999999999995559 ) ;
#5150 = ORIENTED_EDGE ( 'NONE', *, *, #7794, .T. ) ;
#5151 = EDGE_LOOP ( 'NONE', ( #3273, #1360, #6656, #8657 ) ) ;
#5152 = VERTEX_POINT ( 'NONE', #4519 ) ;
#5153 = ORIENTED_EDGE ( 'NONE', *, *, #2834, .F. ) ;
#5154 = LINE ( 'NONE', #3730, #8275 ) ;
#5155 = FACE_OUTER_BOUND ( 'NONE', #7424, .T. ) ;
#5156 = VECTOR ( 'NONE', #7689, 1000.000000000000000 ) ;
#5157 = LINE ( 'NONE', #7665, #3253 ) ;
#5158 = DIRECTION ( 'NONE',  ( 0.000000000000000000, 1.000000000000000000, -1.110223024625156787E-16 ) ) ;
#5159 = EDGE_CURVE ( 'NONE', #5722, #4365, #1098, .T. ) ;
#5160 = VECTOR ( 'NONE', #928, 1000.000000000000000 ) ;
#5161 = ORIENTED_EDGE ( 'NONE', *, *, #2283, .T. ) ;
#5162 = ORIENTED_EDGE ( 'NONE', *, *, #6379, .T. ) ;
#5163 = CARTESIAN_POINT ( 'NONE',  ( -50.30664724830590018, -1.300000000000000266, -2.103695419137131317 ) ) ;
#5164 = LINE ( 'NONE', #3653, #465 ) ;
#5165 = VERTEX_POINT ( 'NONE', #2999 ) ;
#5166 = DIRECTION ( 'NONE',  ( 0.3257540521303367576, -0.9454545454545478789, 0.000000000000000000 ) ) ;
#5167 = CARTESIAN_POINT ( 'NONE',  ( -11.64010186252859391, -5.000000000000000000, -5.600000000000011191 ) ) ;
#5168 = ADVANCED_FACE ( 'NONE', ( #7822 ), #6507, .F. ) ;
#5169 = DIRECTION ( 'NONE',  ( 1.000000000000000000, 0.000000000000000000, 0.000000000000000000 ) ) ;
#5170 = CARTESIAN_POINT ( 'NONE',  ( 17.49654675138050308, -5.000000000000000000, -9.462748503479973650 ) ) ;
#5171 = VECTOR ( 'NONE', #7850, 1000.000000000000000 ) ;
#5172 = EDGE_CURVE ( 'NONE', #3133, #7788, #7034, .T. ) ;
#5173 = ORIENTED_EDGE ( 'NONE', *, *, #4434, .F. ) ;
#5174 = AXIS2_PLACEMENT_3D ( 'NONE', #1200, #2741, #8636 ) ;
#5175 = ORIENTED_EDGE ( 'NONE', *, *, #3206, .T. ) ;
#5176 = CARTESIAN_POINT ( 'NONE',  ( 15.00310462831780356, -5.000000000000000000, -11.20000000000001172 ) ) ;
#5177 = LINE ( 'NONE', #7159, #8025 ) ;
#5178 = CARTESIAN_POINT ( 'NONE',  ( 2.260320032664174139, 5.000000000000000000, -10.86616130315146300 ) ) ;
#5179 = ADVANCED_FACE ( 'NONE', ( #7211 ), #1141, .T. ) ;
#5180 = CARTESIAN_POINT ( 'NONE',  ( 6.797939491079353580, -5.000000000000000000, -14.78856827342117164 ) ) ;
#5181 = LINE ( 'NONE', #1097, #5368 ) ;
#5182 = PLANE ( 'NONE',  #4075 ) ;
#5183 = CARTESIAN_POINT ( 'NONE',  ( 13.53449612337661456, 1.300000000000000044, -4.000000000000012434 ) ) ;
#5184 = VECTOR ( 'NONE', #4424, 1000.000000000000000 ) ;
#5185 = VERTEX_POINT ( 'NONE', #7118 ) ;
#5186 = ORIENTED_EDGE ( 'NONE', *, *, #924, .T. ) ;
#5187 = ORIENTED_EDGE ( 'NONE', *, *, #7527, .F. ) ;
#5188 = LINE ( 'NONE', #438, #1301 ) ;
#5189 = AXIS2_PLACEMENT_3D ( 'NONE', #686, #2145, #1979 ) ;
#5190 = EDGE_CURVE ( 'NONE', #5965, #6208, #473, .T. ) ;
#5191 = PLANE ( 'NONE',  #2446 ) ;
#5192 = DIRECTION ( 'NONE',  ( 0.4472135954999611474, -7.848011194136564752E-17, -0.8944271909999143011 ) ) ;
#5193 = CARTESIAN_POINT ( 'NONE',  ( 15.20310462831780463, -5.000000000000000000, -15.70000000000001172 ) ) ;
#5194 = CARTESIAN_POINT ( 'NONE',  ( 46.38475575860120159, 1.300000000000000044, -5.100000000000012079 ) ) ;
#5195 = AXIS2_PLACEMENT_3D ( 'NONE', #217, #4972, #7656 ) ;
#5196 = CIRCLE ( 'NONE', #509, 1.000000000000000444 ) ;
#5197 = ORIENTED_EDGE ( 'NONE', *, *, #3313, .T. ) ;
#5198 = ADVANCED_FACE ( 'NONE', ( #3046 ), #6461, .F. ) ;
#5199 = EDGE_CURVE ( 'NONE', #423, #1185, #5065, .T. ) ;
#5200 = ORIENTED_EDGE ( 'NONE', *, *, #6821, .F. ) ;
#5201 = ORIENTED_EDGE ( 'NONE', *, *, #526, .T. ) ;
#5202 = VERTEX_POINT ( 'NONE', #1007 ) ;
#5203 = EDGE_CURVE ( 'NONE', #6340, #4934, #5750, .T. ) ;
#5204 = CARTESIAN_POINT ( 'NONE',  ( 49.50000000000000000, -5.000000000000000000, -0.5000000000000108802 ) ) ;
#5205 = CARTESIAN_POINT ( 'NONE',  ( 4.936726938305878498, 1.300000000000000044, -4.600000000000012079 ) ) ;
#5206 = AXIS2_PLACEMENT_3D ( 'NONE', #6431, #451, #5113 ) ;
#5207 = LINE ( 'NONE', #8639, #8736 ) ;
#5208 = VECTOR ( 'NONE', #3268, 1000.000000000000000 ) ;
#5209 = EDGE_CURVE ( 'NONE', #373, #6394, #3184, .T. ) ;
#5210 = CIRCLE ( 'NONE', #4638, 0.5000000000000000000 ) ;
#5211 = VERTEX_POINT ( 'NONE', #7691 ) ;
#5212 = ORIENTED_EDGE ( 'NONE', *, *, #8231, .T. ) ;
#5213 = CARTESIAN_POINT ( 'NONE',  ( 5.529377692776864528, -5.000000000000000000, -12.95038905019667297 ) ) ;
#5214 = PLANE ( 'NONE',  #4151 ) ;
#5215 = ORIENTED_EDGE ( 'NONE', *, *, #751, .F. ) ;
#5216 = CARTESIAN_POINT ( 'NONE',  ( 2.060699978071043770, -5.000000000000000000, -10.87848338918573177 ) ) ;
#5217 = CARTESIAN_POINT ( 'NONE',  ( 21.13449612337660710, 1.300000000000000044, -4.000000000000012434 ) ) ;
#5218 = LINE ( 'NONE', #1707, #689 ) ;
#5219 = VECTOR ( 'NONE', #5192, 1000.000000000000000 ) ;
#5220 = EDGE_CURVE ( 'NONE', #7907, #2414, #5768, .T. ) ;
#5221 = ORIENTED_EDGE ( 'NONE', *, *, #7609, .F. ) ;
#5222 = AXIS2_PLACEMENT_3D ( 'NONE', #3182, #2382, #7249 ) ;
#5223 = ORIENTED_EDGE ( 'NONE', *, *, #4768, .F. ) ;
#5224 = LINE ( 'NONE', #2459, #5841 ) ;
#5225 = VERTEX_POINT ( 'NONE', #8581 ) ;
#5226 = DIRECTION ( 'NONE',  ( -0.2009569058438576417, 0.000000000000000000, 0.9796000826835730146 ) ) ;
#5227 = LINE ( 'NONE', #6504, #8539 ) ;
#5228 = CARTESIAN_POINT ( 'NONE',  ( -9.175732398095195919, -0.7000000000000000666, -2.600000000000012079 ) ) ;
#5229 = DIRECTION ( 'NONE',  ( 0.9911942970274706388, 0.000000000000000000, -0.1324155033982738483 ) ) ;
#5230 = VECTOR ( 'NONE', #8124, 1000.000000000000000 ) ;
#5231 = ORIENTED_EDGE ( 'NONE', *, *, #1629, .T. ) ;
#5232 = ORIENTED_EDGE ( 'NONE', *, *, #4829, .F. ) ;
#5233 = DIRECTION ( 'NONE',  ( 0.000000000000000000, 1.000000000000000000, -2.310464132328026570E-16 ) ) ;
#5234 = VECTOR ( 'NONE', #7019, 1000.000000000000114 ) ;
#5235 = DIRECTION ( 'NONE',  ( 0.000000000000000000, 0.000000000000000000, 1.000000000000000000 ) ) ;
#5236 = DIRECTION ( 'NONE',  ( -6.162975822039160204E-33, -1.000000000000000000, 1.722546424198833760E-16 ) ) ;
#5237 = FACE_OUTER_BOUND ( 'NONE', #7498, .T. ) ;
#5238 = DIRECTION ( 'NONE',  ( -1.000000000000000000, 3.822000509791733937E-32, -6.885104028683159483E-16 ) ) ;
#5239 = AXIS2_PLACEMENT_3D ( 'NONE', #141, #846, #3556 ) ;
#5240 = ORIENTED_EDGE ( 'NONE', *, *, #7049, .T. ) ;
#5241 = ORIENTED_EDGE ( 'NONE', *, *, #3974, .T. ) ;
#5242 = ORIENTED_EDGE ( 'NONE', *, *, #4592, .F. ) ;
#5243 = VERTEX_POINT ( 'NONE', #4014 ) ;
#5244 = DIRECTION ( 'NONE',  ( 0.8944271909999148562, 0.000000000000000000, 0.4472135954999599816 ) ) ;
#5245 =( GEOMETRIC_REPRESENTATION_CONTEXT ( 3 ) GLOBAL_UNCERTAINTY_ASSIGNED_CONTEXT ( ( #850 ) ) GLOBAL_UNIT_ASSIGNED_CONTEXT ( ( #8556, #38, #129 ) ) REPRESENTATION_CONTEXT ( 'NONE', 'WORKASPACE' ) );
#5246 = LINE ( 'NONE', #3159, #3344 ) ;
#5247 = DIRECTION ( 'NONE',  ( 0.000000000000000000, -1.000000000000000000, 1.110223024625156787E-16 ) ) ;
#5248 = DIRECTION ( 'NONE',  ( 0.9875803063351146216, 0.000000000000000000, -0.1571150487351262726 ) ) ;
#5249 = EDGE_CURVE ( 'NONE', #5347, #7142, #6831, .T. ) ;
#5250 = EDGE_CURVE ( 'NONE', #3088, #5843, #7318, .T. ) ;
#5251 = EDGE_LOOP ( 'NONE', ( #3457, #2820, #6780, #1776 ) ) ;
#5252 = VERTEX_POINT ( 'NONE', #806 ) ;
#5253 = PLANE ( 'NONE',  #351 ) ;
#5254 = DIRECTION ( 'NONE',  ( 1.000000000000000000, 0.000000000000000000, -0.000000000000000000 ) ) ;
#5255 = ORIENTED_EDGE ( 'NONE', *, *, #3868, .T. ) ;
#5256 = CARTESIAN_POINT ( 'NONE',  ( 15.30203678697560399, 5.000000000000000000, -6.300000000000012257 ) ) ;
#5257 = DIRECTION ( 'NONE',  ( 1.000000000000000000, 3.792600505870253107E-32, -6.832141690000970607E-16 ) ) ;
#5258 = FACE_OUTER_BOUND ( 'NONE', #1028, .T. ) ;
#5259 = ADVANCED_FACE ( 'NONE', ( #7370 ), #4100, .T. ) ;
#5260 = ORIENTED_EDGE ( 'NONE', *, *, #553, .T. ) ;
#5261 = ORIENTED_EDGE ( 'NONE', *, *, #7932, .F. ) ;
#5262 = PLANE ( 'NONE',  #7250 ) ;
#5263 = ORIENTED_EDGE ( 'NONE', *, *, #447, .T. ) ;
#5264 = LINE ( 'NONE', #514, #5629 ) ;
#5265 = DIRECTION ( 'NONE',  ( -1.000000000000000000, 0.000000000000000000, 0.000000000000000000 ) ) ;
#5266 = CARTESIAN_POINT ( 'NONE',  ( 42.36220412055560303, 1.300000000000000044, -10.50000000000001243 ) ) ;
#5267 = ADVANCED_FACE ( 'NONE', ( #8114 ), #7916, .F. ) ;
#5268 = EDGE_CURVE ( 'NONE', #6822, #4455, #1925, .T. ) ;
#5269 = ADVANCED_FACE ( 'NONE', ( #6877 ), #8204, .F. ) ;
#5270 = ORIENTED_EDGE ( 'NONE', *, *, #2284, .T. ) ;
#5271 = EDGE_LOOP ( 'NONE', ( #8162, #6006, #7306, #2901 ) ) ;
#5272 = VERTEX_POINT ( 'NONE', #7454 ) ;
#5273 = LINE ( 'NONE', #23, #7669 ) ;
#5274 = CARTESIAN_POINT ( 'NONE',  ( 18.10118481382170330, 5.000000000000000000, -16.30000000000001137 ) ) ;
#5275 = DIRECTION ( 'NONE',  ( 0.000000000000000000, 1.000000000000000000, -1.110223024625156787E-16 ) ) ;
#5276 = DIRECTION ( 'NONE',  ( 0.000000000000000000, 5.551115123125782702E-17, -1.000000000000000000 ) ) ;
#5277 = AXIS2_PLACEMENT_3D ( 'NONE', #7254, #7790, #5141 ) ;
#5278 = DIRECTION ( 'NONE',  ( 1.710569414459004727E-47, -1.000000000000000000, 1.875894076090781792E-16 ) ) ;
#5279 = VERTEX_POINT ( 'NONE', #5425 ) ;
#5280 = EDGE_LOOP ( 'NONE', ( #5742, #6773, #1965, #357 ) ) ;
#5281 = CIRCLE ( 'NONE', #5554, 0.5000000000000000000 ) ;
#5282 = ORIENTED_EDGE ( 'NONE', *, *, #8160, .F. ) ;
#5283 = ORIENTED_EDGE ( 'NONE', *, *, #3056, .T. ) ;
#5284 = DIRECTION ( 'NONE',  ( -1.000000000000000000, 6.961045903955631079E-33, -1.253990549566539905E-16 ) ) ;
#5285 = DIRECTION ( 'NONE',  ( 0.000000000000000000, 1.000000000000000000, -1.554312234475219798E-16 ) ) ;
#5286 = LINE ( 'NONE', #6526, #2372 ) ;
#5287 = VECTOR ( 'NONE', #6530, 1000.000000000000000 ) ;
#5288 = ORIENTED_EDGE ( 'NONE', *, *, #3746, .T. ) ;
#5289 = ORIENTED_EDGE ( 'NONE', *, *, #3409, .T. ) ;
#5290 = AXIS2_PLACEMENT_3D ( 'NONE', #8717, #570, #2650 ) ;
#5291 = VERTEX_POINT ( 'NONE', #1392 ) ;
#5292 = CARTESIAN_POINT ( 'NONE',  ( 18.10237697133560530, -5.000000000000000000, -14.90000050758565031 ) ) ;
#5293 = DIRECTION ( 'NONE',  ( 0.9730848234177041922, -1.279239110996388793E-17, 0.2304472313440440456 ) ) ;
#5294 = ORIENTED_EDGE ( 'NONE', *, *, #7488, .T. ) ;
#5295 = CARTESIAN_POINT ( 'NONE',  ( -5.885732398095194995, 5.000000000000000000, -1.387778780781445676E-14 ) ) ;
#5296 = LINE ( 'NONE', #6445, #5331 ) ;
#5297 = PLANE ( 'NONE',  #6506 ) ;
#5298 = VECTOR ( 'NONE', #3436, 1000.000000000000000 ) ;
#5299 = VERTEX_POINT ( 'NONE', #6087 ) ;
#5300 = ADVANCED_FACE ( 'NONE', ( #4683 ), #3342, .F. ) ;
#5301 = EDGE_CURVE ( 'NONE', #7445, #3090, #6789, .T. ) ;
#5302 = ORIENTED_EDGE ( 'NONE', *, *, #1801, .F. ) ;
#5303 = LINE ( 'NONE', #6005, #7814 ) ;
#5304 = EDGE_LOOP ( 'NONE', ( #4726, #1778, #6742, #491 ) ) ;
#5305 = LINE ( 'NONE', #3394, #3368 ) ;
#5306 = SURFACE_SIDE_STYLE ('',( #3935 ) ) ;
#5307 = AXIS2_PLACEMENT_3D ( 'NONE', #6288, #4221, #3593 ) ;
#5308 = DIRECTION ( 'NONE',  ( -0.9222883124855707493, 2.145520491510709607E-17, -0.3865026114433358084 ) ) ;
#5309 = LINE ( 'NONE', #4693, #6068 ) ;
#5310 = VECTOR ( 'NONE', #6658, 1000.000000000000000 ) ;
#5311 = ORIENTED_EDGE ( 'NONE', *, *, #169, .T. ) ;
#5312 = ORIENTED_EDGE ( 'NONE', *, *, #8093, .F. ) ;
#5313 = CARTESIAN_POINT ( 'NONE',  ( -14.29649445451299705, -1.300000000000000044, -9.803695419137138600 ) ) ;
#5314 = CARTESIAN_POINT ( 'NONE',  ( 25.62370992587110408, 5.000000000000000000, -12.20000000000001350 ) ) ;
#5315 = EDGE_CURVE ( 'NONE', #1475, #7266, #7299, .T. ) ;
#5316 = CARTESIAN_POINT ( 'NONE',  ( -40.80664724830590018, -4.999999999999999112, -4.703695419137130962 ) ) ;
#5317 = CARTESIAN_POINT ( 'NONE',  ( 47.57800706432290383, -5.000000000000000000, -5.936935560705821402 ) ) ;
#5318 = AXIS2_PLACEMENT_3D ( 'NONE', #7267, #4708, #1287 ) ;
#5319 = CARTESIAN_POINT ( 'NONE',  ( 3.250000000000003553, 5.000000000000000000, -8.500000000000012434 ) ) ;
#5320 = ORIENTED_EDGE ( 'NONE', *, *, #2692, .F. ) ;
#5321 = ORIENTED_EDGE ( 'NONE', *, *, #3867, .T. ) ;
#5322 = EDGE_CURVE ( 'NONE', #5067, #1637, #4723, .T. ) ;
#5323 = EDGE_CURVE ( 'NONE', #8148, #884, #51, .T. ) ;
#5324 = AXIS2_PLACEMENT_3D ( 'NONE', #7637, #901, #2368 ) ;
#5325 = CARTESIAN_POINT ( 'NONE',  ( -13.43559131662329342, 5.000000000000000000, -10.77490268971401299 ) ) ;
#5326 = ORIENTED_EDGE ( 'NONE', *, *, #5751, .F. ) ;
#5327 = DIRECTION ( 'NONE',  ( -0.2873478855663448850, -5.317003977218523081E-17, 0.9578262852211514300 ) ) ;
#5328 = CARTESIAN_POINT ( 'NONE',  ( 30.66074696290820256, -4.999999999999999112, -10.50000000000001066 ) ) ;
#5329 = DIRECTION ( 'NONE',  ( 0.000000000000000000, -1.000000000000000000, -6.661338147750930368E-17 ) ) ;
#5330 = AXIS2_PLACEMENT_3D ( 'NONE', #7891, #1831, #1158 ) ;
#5331 = VECTOR ( 'NONE', #7103, 1000.000000000000000 ) ;
#5332 = ORIENTED_EDGE ( 'NONE', *, *, #2228, .F. ) ;
#5333 = ORIENTED_EDGE ( 'NONE', *, *, #6378, .F. ) ;
#5334 = VECTOR ( 'NONE', #4711, 1000.000000000000000 ) ;
#5335 = VECTOR ( 'NONE', #8365, 1000.000000000000000 ) ;
#5336 = ORIENTED_EDGE ( 'NONE', *, *, #2696, .T. ) ;
#5337 = DIRECTION ( 'NONE',  ( -0.000000000000000000, -1.000000000000000000, 1.998401444325281576E-16 ) ) ;
#5338 = FACE_OUTER_BOUND ( 'NONE', #3328, .T. ) ;
#5339 = ORIENTED_EDGE ( 'NONE', *, *, #1169, .T. ) ;
#5340 = LINE ( 'NONE', #8033, #3509 ) ;
#5341 = LINE ( 'NONE', #7, #7869 ) ;
#5342 = DIRECTION ( 'NONE',  ( -1.642146637880644762E-47, 1.000000000000000000, -1.722546424198833760E-16 ) ) ;
#5343 = VECTOR ( 'NONE', #2780, 1000.000000000000000 ) ;
#5344 = VECTOR ( 'NONE', #1770, 1000.000000000000000 ) ;
#5345 = ADVANCED_FACE ( 'NONE', ( #3425 ), #9, .F. ) ;
#5346 = ORIENTED_EDGE ( 'NONE', *, *, #4973, .T. ) ;
#5347 = VERTEX_POINT ( 'NONE', #2098 ) ;
#5348 = CARTESIAN_POINT ( 'NONE',  ( -3.722949016875145123, -1.300000000000000266, -4.600000000000011191 ) ) ;
#5349 = VECTOR ( 'NONE', #1354, 1000.000000000000000 ) ;
#5350 = ORIENTED_EDGE ( 'NONE', *, *, #7803, .T. ) ;
#5351 = FACE_OUTER_BOUND ( 'NONE', #6665, .T. ) ;
#5352 = LINE ( 'NONE', #5524, #3053 ) ;
#5353 = VECTOR ( 'NONE', #543, 1000.000000000000000 ) ;
#5354 = DIRECTION ( 'NONE',  ( 0.9854083480418961427, -9.737857772472716471E-19, -0.1702068964799640094 ) ) ;
#5355 = CYLINDRICAL_SURFACE ( 'NONE', #6204, 0.2000000000000005107 ) ;
#5356 = EDGE_CURVE ( 'NONE', #4198, #6228, #5515, .T. ) ;
#5357 = EDGE_CURVE ( 'NONE', #7977, #578, #4848, .T. ) ;
#5358 = AXIS2_PLACEMENT_3D ( 'NONE', #5121, #7809, #1746 ) ;
#5359 = VERTEX_POINT ( 'NONE', #4058 ) ;
#5360 = ORIENTED_EDGE ( 'NONE', *, *, #3399, .F. ) ;
#5361 = ORIENTED_EDGE ( 'NONE', *, *, #8231, .F. ) ;
#5362 = CARTESIAN_POINT ( 'NONE',  ( 16.69654675138050592, -5.000000000000000000, -11.20000000000001172 ) ) ;
#5363 = CARTESIAN_POINT ( 'NONE',  ( 9.690846643908363589, -5.000000000000000000, -7.700000000000011724 ) ) ;
#5364 = DIRECTION ( 'NONE',  ( 1.000000000000000000, 0.000000000000000000, 0.000000000000000000 ) ) ;
#5365 = AXIS2_PLACEMENT_3D ( 'NONE', #5228, #1006, #388 ) ;
#5366 = CARTESIAN_POINT ( 'NONE',  ( 24.13942544887510167, -1.300000000000000044, -6.800000000000011369 ) ) ;
#5367 = DIRECTION ( 'NONE',  ( 0.000000000000000000, 0.000000000000000000, 1.000000000000000000 ) ) ;
#5368 = VECTOR ( 'NONE', #7867, 1000.000000000000000 ) ;
#5369 = ORIENTED_EDGE ( 'NONE', *, *, #7398, .T. ) ;
#5370 = DIRECTION ( 'NONE',  ( 0.000000000000000000, 1.000000000000000000, -1.776356839400250810E-16 ) ) ;
#5371 = ORIENTED_EDGE ( 'NONE', *, *, #3258, .T. ) ;
#5372 = LINE ( 'NONE', #8060, #4322 ) ;
#5373 = LINE ( 'NONE', #8731, #8723 ) ;
#5374 = DIRECTION ( 'NONE',  ( 0.000000000000000000, 0.000000000000000000, -1.000000000000000000 ) ) ;
#5375 = AXIS2_PLACEMENT_3D ( 'NONE', #7890, #542, #8022 ) ;
#5376 = EDGE_CURVE ( 'NONE', #5347, #5243, #4141, .T. ) ;
#5377 = EDGE_CURVE ( 'NONE', #8747, #2143, #6923, .T. ) ;
#5378 = ORIENTED_EDGE ( 'NONE', *, *, #3985, .F. ) ;
#5379 = ORIENTED_EDGE ( 'NONE', *, *, #6799, .F. ) ;
#5380 = LINE ( 'NONE', #6119, #4312 ) ;
#5381 = DIRECTION ( 'NONE',  ( 0.000000000000000000, 1.000000000000000000, -1.110223024625156787E-16 ) ) ;
#5382 = VERTEX_POINT ( 'NONE', #938 ) ;
#5383 = CARTESIAN_POINT ( 'NONE',  ( 41.38475575860120159, 5.000000000000000000, -0.5000000000000125455 ) ) ;
#5384 = CARTESIAN_POINT ( 'NONE',  ( -17.99999999999999645, 1.300000000000000044, -9.700000000000011724 ) ) ;
#5385 = CARTESIAN_POINT ( 'NONE',  ( 14.80203678697560399, -5.000000000000000000, -5.600000000000011191 ) ) ;
#5386 = DIRECTION ( 'NONE',  ( -0.8368917562231984464, -0.5473684210526310601, 9.130123557772668334E-17 ) ) ;
#5387 = EDGE_CURVE ( 'NONE', #5440, #1996, #5682, .T. ) ;
#5388 = VERTEX_POINT ( 'NONE', #2885 ) ;
#5389 = ORIENTED_EDGE ( 'NONE', *, *, #3022, .T. ) ;
#5390 = CARTESIAN_POINT ( 'NONE',  ( 1.614267601904844085, 5.000000000000000000, -0.5000000000000125455 ) ) ;
#5391 = ORIENTED_EDGE ( 'NONE', *, *, #3746, .F. ) ;
#5392 = DIRECTION ( 'NONE',  ( -0.000000000000000000, -1.000000000000000000, 1.710343578476592788E-16 ) ) ;
#5393 = DIRECTION ( 'NONE',  ( 0.000000000000000000, -5.721188726109870315E-18, -1.000000000000000000 ) ) ;
#5394 = DIRECTION ( 'NONE',  ( -1.235726496974089760E-16, -5.551115123125782702E-17, 1.000000000000000000 ) ) ;
#5395 = LINE ( 'NONE', #8755, #7762 ) ;
#5396 = VERTEX_POINT ( 'NONE', #6392 ) ;
#5397 = ORIENTED_EDGE ( 'NONE', *, *, #33, .F. ) ;
#5398 = ORIENTED_EDGE ( 'NONE', *, *, #6801, .F. ) ;
#5399 = DIRECTION ( 'NONE',  ( 0.000000000000000000, 5.551115123125782702E-17, -1.000000000000000000 ) ) ;
#5400 = EDGE_CURVE ( 'NONE', #7461, #1274, #2180, .T. ) ;
#5401 = DIRECTION ( 'NONE',  ( 1.000000000000000000, -2.403560570595273848E-31, -8.326672684688679970E-16 ) ) ;
#5402 = LINE ( 'NONE', #2651, #7047 ) ;
#5403 = CARTESIAN_POINT ( 'NONE',  ( -13.85425588958379528, 1.300000000000000044, -3.525097310286012586 ) ) ;
#5404 = CYLINDRICAL_SURFACE ( 'NONE', #7872, 0.5000000000000000000 ) ;
#5405 = ORIENTED_EDGE ( 'NONE', *, *, #1131, .T. ) ;
#5406 = CARTESIAN_POINT ( 'NONE',  ( 6.767177028886333545, -5.000000000000000000, -14.83499804191660054 ) ) ;
#5407 = EDGE_CURVE ( 'NONE', #6290, #2081, #4622, .T. ) ;
#5408 = EDGE_CURVE ( 'NONE', #550, #4725, #8290, .T. ) ;
#5409 = ORIENTED_EDGE ( 'NONE', *, *, #8618, .F. ) ;
#5410 = VECTOR ( 'NONE', #7392, 1000.000000000000000 ) ;
#5411 = DIRECTION ( 'NONE',  ( -0.000000000000000000, -1.000000000000000000, 1.722546424198833760E-16 ) ) ;
#5412 = DIRECTION ( 'NONE',  ( -0.000000000000000000, -1.000000000000000000, 1.554312234475219798E-16 ) ) ;
#5413 = DIRECTION ( 'NONE',  ( -1.235726496974089760E-16, -5.551115123125782702E-17, 1.000000000000000000 ) ) ;
#5414 = AXIS2_PLACEMENT_3D ( 'NONE', #4077, #695, #525 ) ;
#5415 = EDGE_LOOP ( 'NONE', ( #1632, #1534, #7204, #8760, #4299 ) ) ;
#5416 = ORIENTED_EDGE ( 'NONE', *, *, #1750, .F. ) ;
#5417 = DIRECTION ( 'NONE',  ( 0.000000000000000000, 1.000000000000000000, -1.998401444325281576E-16 ) ) ;
#5418 = CARTESIAN_POINT ( 'NONE',  ( -24.99999999999999289, 0.000000000000000000, -5.000000000000012434 ) ) ;
#5419 = ORIENTED_EDGE ( 'NONE', *, *, #5791, .T. ) ;
#5420 = FACE_BOUND ( 'NONE', #1656, .T. ) ;
#5421 = LINE ( 'NONE', #4635, #7440 ) ;
#5422 = VECTOR ( 'NONE', #765, 1000.000000000000000 ) ;
#5423 = EDGE_CURVE ( 'NONE', #5272, #423, #2315, .T. ) ;
#5424 = LINE ( 'NONE', #1391, #6352 ) ;
#5425 = CARTESIAN_POINT ( 'NONE',  ( -16.49999999999999645, -5.000000000000000000, -12.20000000000001172 ) ) ;
#5426 = AXIS2_PLACEMENT_3D ( 'NONE', #651, #6062, #6144 ) ;
#5427 = VERTEX_POINT ( 'NONE', #5596 ) ;
#5428 = EDGE_CURVE ( 'NONE', #5243, #4340, #5553, .T. ) ;
#5429 = ORIENTED_EDGE ( 'NONE', *, *, #7667, .T. ) ;
#5430 = DIRECTION ( 'NONE',  ( 3.284293275761290010E-46, -1.000000000000000000, 1.722546424198833760E-16 ) ) ;
#5431 = ORIENTED_EDGE ( 'NONE', *, *, #1987, .T. ) ;
#5432 = CARTESIAN_POINT ( 'NONE',  ( -18.00664724830589591, -4.999999999999998224, -10.30369541913713149 ) ) ;
#5433 = DIRECTION ( 'NONE',  ( 0.000000000000000000, 5.551115123125782702E-17, -1.000000000000000000 ) ) ;
#5434 = LINE ( 'NONE', #3353, #2033 ) ;
#5435 = CYLINDRICAL_SURFACE ( 'NONE', #829, 1.375000000000001332 ) ;
#5436 = AXIS2_PLACEMENT_3D ( 'NONE', #7247, #340, #8490 ) ;
#5437 = ORIENTED_EDGE ( 'NONE', *, *, #7497, .T. ) ;
#5438 = ORIENTED_EDGE ( 'NONE', *, *, #6390, .T. ) ;
#5439 = AXIS2_PLACEMENT_3D ( 'NONE', #5030, #5601, #4986 ) ;
#5440 = VERTEX_POINT ( 'NONE', #4268 ) ;
#5441 = FACE_OUTER_BOUND ( 'NONE', #8027, .T. ) ;
#5442 = CARTESIAN_POINT ( 'NONE',  ( -41.79999999999999716, -0.7000000000000000666, -4.600000000000012079 ) ) ;
#5443 = DIRECTION ( 'NONE',  ( 0.000000000000000000, 1.000000000000000000, -1.722546424198833760E-16 ) ) ;
#5444 = DIRECTION ( 'NONE',  ( 1.000000000000000000, 0.000000000000000000, 0.000000000000000000 ) ) ;
#5445 = DIRECTION ( 'NONE',  ( -1.332267629550190018E-16, -1.000000000000000000, 1.110223024625156787E-16 ) ) ;
#5446 = AXIS2_PLACEMENT_3D ( 'NONE', #1839, #4584, #5822 ) ;
#5447 = ORIENTED_EDGE ( 'NONE', *, *, #4434, .T. ) ;
#5448 = LINE ( 'NONE', #4343, #2713 ) ;
#5449 = ORIENTED_EDGE ( 'NONE', *, *, #7094, .T. ) ;
#5450 = CARTESIAN_POINT ( 'NONE',  ( 8.500000000000003553, -5.000000000000000000, -9.000000000000010658 ) ) ;
#5451 = CARTESIAN_POINT ( 'NONE',  ( -16.99999999999999289, -5.000000000000000000, -11.20000000000001172 ) ) ;
#5452 = CARTESIAN_POINT ( 'NONE',  ( 0.000000000000000000, 0.000000000000000000, 0.000000000000000000 ) ) ;
#5453 = CARTESIAN_POINT ( 'NONE',  ( -25.44791182167919530, -1.300000000000000266, -5.000000000000011546 ) ) ;
#5454 = EDGE_CURVE ( 'NONE', #1185, #3983, #4891, .T. ) ;
#5455 = EDGE_CURVE ( 'NONE', #4004, #3684, #2227, .T. ) ;
#5456 = VECTOR ( 'NONE', #5605, 1000.000000000000000 ) ;
#5457 = ORIENTED_EDGE ( 'NONE', *, *, #6859, .T. ) ;
#5458 = ORIENTED_EDGE ( 'NONE', *, *, #4954, .T. ) ;
#5459 = DIRECTION ( 'NONE',  ( -1.235726496974089760E-16, 1.110223024625156787E-16, 1.000000000000000000 ) ) ;
#5460 = CARTESIAN_POINT ( 'NONE',  ( 3.050000000000004263, -5.000000000000000000, -10.50000000000001066 ) ) ;
#5461 = VERTEX_POINT ( 'NONE', #5641 ) ;
#5462 = LINE ( 'NONE', #2561, #1669 ) ;
#5463 = LINE ( 'NONE', #6787, #3484 ) ;
#5464 = DIRECTION ( 'NONE',  ( 0.2304472313440440734, -1.620511763807461029E-16, -0.9730848234177043032 ) ) ;
#5465 = CARTESIAN_POINT ( 'NONE',  ( 15.32073688219710306, -5.000000000000000000, -12.20000000000001172 ) ) ;
#5466 = EDGE_CURVE ( 'NONE', #6645, #2413, #6031, .T. ) ;
#5467 = AXIS2_PLACEMENT_3D ( 'NONE', #6811, #4611, #6022 ) ;
#5468 = CIRCLE ( 'NONE', #6170, 0.5000000000000000000 ) ;
#5469 = ADVANCED_FACE ( 'NONE', ( #4311 ), #3600, .F. ) ;
#5470 = ORIENTED_EDGE ( 'NONE', *, *, #2149, .F. ) ;
#5471 = VERTEX_POINT ( 'NONE', #1651 ) ;
#5472 = DIRECTION ( 'NONE',  ( -1.000000000000000000, 0.000000000000000000, 0.000000000000000000 ) ) ;
#5473 = ORIENTED_EDGE ( 'NONE', *, *, #6205, .F. ) ;
#5474 = CARTESIAN_POINT ( 'NONE',  ( -24.99999999999999289, 0.000000000000000000, -1.603695419137132649 ) ) ;
#5475 = DIRECTION ( 'NONE',  ( -1.000000000000000000, -7.585201011740516340E-33, -1.366428338000190029E-16 ) ) ;
#5476 = DIRECTION ( 'NONE',  ( 1.000000000000000000, 0.000000000000000000, -0.000000000000000000 ) ) ;
#5477 = DIRECTION ( 'NONE',  ( -0.000000000000000000, -1.000000000000000000, 1.722546424198833760E-16 ) ) ;
#5478 = CIRCLE ( 'NONE', #6606, 0.5000000000000004441 ) ;
#5479 = CIRCLE ( 'NONE', #8446, 0.5000000000000004441 ) ;
#5480 = EDGE_CURVE ( 'NONE', #6813, #8074, #8337, .T. ) ;
#5481 = ADVANCED_FACE ( 'NONE', ( #2357 ), #8423, .F. ) ;
#5482 = EDGE_LOOP ( 'NONE', ( #1586, #6562, #1257, #2688 ) ) ;
#5483 = VECTOR ( 'NONE', #4729, 1000.000000000000000 ) ;
#5484 = ORIENTED_EDGE ( 'NONE', *, *, #5016, .T. ) ;
#5485 = VECTOR ( 'NONE', #2054, 1000.000000000000000 ) ;
#5486 = ORIENTED_EDGE ( 'NONE', *, *, #6621, .T. ) ;
#5487 = CARTESIAN_POINT ( 'NONE',  ( 61.40273861426600632, 5.000000000000000000, -8.937204990277056282 ) ) ;
#5488 = FACE_OUTER_BOUND ( 'NONE', #3298, .T. ) ;
#5489 = DIRECTION ( 'NONE',  ( 1.000000000000000000, 0.000000000000000000, 0.000000000000000000 ) ) ;
#5490 = CARTESIAN_POINT ( 'NONE',  ( -11.49999999999999645, -5.000000000000000000, -15.10000000000001208 ) ) ;
#5491 = CARTESIAN_POINT ( 'NONE',  ( 18.99654675138050308, -5.000000000000000000, -11.70000000000001172 ) ) ;
#5492 = PLANE ( 'NONE',  #232 ) ;
#5493 = VECTOR ( 'NONE', #3106, 1000.000000000000000 ) ;
#5494 = EDGE_CURVE ( 'NONE', #1740, #2445, #6346, .T. ) ;
#5495 = ORIENTED_EDGE ( 'NONE', *, *, #8640, .F. ) ;
#5496 = VERTEX_POINT ( 'NONE', #7055 ) ;
#5497 = DIRECTION ( 'NONE',  ( -1.000000000000000000, 0.000000000000000000, 0.000000000000000000 ) ) ;
#5498 = VECTOR ( 'NONE', #3989, 1000.000000000000000 ) ;
#5499 = EDGE_LOOP ( 'NONE', ( #7002, #607, #1527, #1349 ) ) ;
#5500 = CARTESIAN_POINT ( 'NONE',  ( 60.50000000000000711, 3.699999999999999289, -9.932463862575989566 ) ) ;
#5501 = LINE ( 'NONE', #5672, #5335 ) ;
#5502 = CARTESIAN_POINT ( 'NONE',  ( 22.00000000000000711, 0.000000000000000000, -4.000000000000012434 ) ) ;
#5503 = VECTOR ( 'NONE', #6672, 1000.000000000000114 ) ;
#5504 = LINE ( 'NONE', #176, #6428 ) ;
#5505 = EDGE_LOOP ( 'NONE', ( #5110, #5858, #682, #2808 ) ) ;
#5506 = VERTEX_POINT ( 'NONE', #5074 ) ;
#5507 = LINE ( 'NONE', #5679, #8552 ) ;
#5508 = CARTESIAN_POINT ( 'NONE',  ( 3.350000000000004086, -5.800000000000000711, -7.700000000000011724 ) ) ;
#5509 = EDGE_CURVE ( 'NONE', #6247, #4030, #2231, .T. ) ;
#5510 = AXIS2_PLACEMENT_3D ( 'NONE', #3424, #6296, #759 ) ;
#5511 = CARTESIAN_POINT ( 'NONE',  ( -23.01238207896989607, -1.300000000000000266, -5.000000000000011546 ) ) ;
#5512 = CARTESIAN_POINT ( 'NONE',  ( 15.32073688219710306, -5.000000000000000000, -12.20000000000001172 ) ) ;
#5513 = EDGE_CURVE ( 'NONE', #4004, #7067, #3519, .T. ) ;
#5514 = DIRECTION ( 'NONE',  ( -1.000000000000000000, -4.010873344283755124E-32, 7.225347079498629875E-16 ) ) ;
#5515 = LINE ( 'NONE', #5465, #6871 ) ;
#5516 =( GEOMETRIC_REPRESENTATION_CONTEXT ( 3 ) GLOBAL_UNCERTAINTY_ASSIGNED_CONTEXT ( ( #4850 ) ) GLOBAL_UNIT_ASSIGNED_CONTEXT ( ( #1157, #1959, #1868 ) ) REPRESENTATION_CONTEXT ( 'NONE', 'WORKASPACE' ) );
#5517 = ORIENTED_EDGE ( 'NONE', *, *, #1271, .F. ) ;
#5518 = ORIENTED_EDGE ( 'NONE', *, *, #5357, .F. ) ;
#5519 = DIRECTION ( 'NONE',  ( -5.491829497270609767E-49, -1.110223024625153212E-17, 1.000000000000000000 ) ) ;
#5520 = CARTESIAN_POINT ( 'NONE',  ( -42.79999999999999716, -5.000000000000000000, -1.600000000000011191 ) ) ;
#5521 = EDGE_CURVE ( 'NONE', #6340, #742, #8426, .T. ) ;
#5522 = EDGE_LOOP ( 'NONE', ( #4378, #7371, #7223, #5398 ) ) ;
#5523 = CARTESIAN_POINT ( 'NONE',  ( -40.80664724830590018, -1.300000000000000266, -4.703695419137130962 ) ) ;
#5524 = CARTESIAN_POINT ( 'NONE',  ( -52.50000000000000000, -5.000000000000000000, -1.214306433183764966E-14 ) ) ;
#5525 = EDGE_CURVE ( 'NONE', #3200, #6992, #6610, .T. ) ;
#5526 = CARTESIAN_POINT ( 'NONE',  ( 9.240846643908374958, -1.300000000000000044, -6.200000000000011724 ) ) ;
#5527 = DIRECTION ( 'NONE',  ( -1.000000000000000000, 0.000000000000000000, 0.000000000000000000 ) ) ;
#5528 = ORIENTED_EDGE ( 'NONE', *, *, #2629, .T. ) ;
#5529 = ORIENTED_EDGE ( 'NONE', *, *, #7477, .F. ) ;
#5530 = ORIENTED_EDGE ( 'NONE', *, *, #4930, .F. ) ;
#5531 = CARTESIAN_POINT ( 'NONE',  ( 17.49654675138050308, -5.000000000000000000, -8.290500252340052612 ) ) ;
#5532 = CARTESIAN_POINT ( 'NONE',  ( -6.946515026820697436, -5.000000000000000000, -4.600000000000011191 ) ) ;
#5533 = DIRECTION ( 'NONE',  ( 0.000000000000000000, 1.000000000000000000, 1.586032892321631775E-17 ) ) ;
#5534 = DIRECTION ( 'NONE',  ( 0.9981002729656500705, 0.000000000000000000, -0.06161043017131721811 ) ) ;
#5535 = CARTESIAN_POINT ( 'NONE',  ( -42.79999999999999716, 5.000000000000000000, -3.600000000000012079 ) ) ;
#5536 = EDGE_CURVE ( 'NONE', #510, #634, #3204, .T. ) ;
#5537 = EDGE_CURVE ( 'NONE', #3143, #3213, #6477, .T. ) ;
#5538 = DIRECTION ( 'NONE',  ( 0.000000000000000000, -1.000000000000000000, 1.110223024625156787E-16 ) ) ;
#5539 = ORIENTED_EDGE ( 'NONE', *, *, #187, .F. ) ;
#5540 = VERTEX_POINT ( 'NONE', #3161 ) ;
#5541 = DIRECTION ( 'NONE',  ( -1.000000000000000000, 0.000000000000000000, 0.000000000000000000 ) ) ;
#5542 = ORIENTED_EDGE ( 'NONE', *, *, #1013, .F. ) ;
#5543 = DIRECTION ( 'NONE',  ( 0.000000000000000000, 1.000000000000000000, -1.620670392268906790E-16 ) ) ;
#5544 = EDGE_CURVE ( 'NONE', #6722, #7675, #3734, .T. ) ;
#5545 = DIRECTION ( 'NONE',  ( 0.000000000000000000, -1.000000000000000000, 1.110223024625156787E-16 ) ) ;
#5546 = DIRECTION ( 'NONE',  ( 0.000000000000000000, 5.551115123125782702E-17, -1.000000000000000000 ) ) ;
#5547 = ORIENTED_EDGE ( 'NONE', *, *, #2423, .T. ) ;
#5548 = ORIENTED_EDGE ( 'NONE', *, *, #6216, .F. ) ;
#5549 = FACE_OUTER_BOUND ( 'NONE', #4651, .T. ) ;
#5550 = DIRECTION ( 'NONE',  ( -0.8448161173641074440, 0.000000000000000000, -0.5350567519822869711 ) ) ;
#5551 = DIRECTION ( 'NONE',  ( 0.000000000000000000, 1.000000000000000000, -1.110223024625156787E-16 ) ) ;
#5552 = PLANE ( 'NONE',  #1837 ) ;
#5553 = LINE ( 'NONE', #3557, #3229 ) ;
#5554 = AXIS2_PLACEMENT_3D ( 'NONE', #5044, #6501, #4514 ) ;
#5555 = EDGE_LOOP ( 'NONE', ( #2739, #2759, #4523, #7309, #6416, #1197 ) ) ;
#5556 = AXIS2_PLACEMENT_3D ( 'NONE', #3966, #2670, #8610 ) ;
#5557 = EDGE_LOOP ( 'NONE', ( #6926, #6561, #2287, #1408 ) ) ;
#5558 = LINE ( 'NONE', #2889, #344 ) ;
#5559 = CARTESIAN_POINT ( 'NONE',  ( 46.38475575860120159, 5.000000000000000000, -5.100000000000012079 ) ) ;
#5560 = ORIENTED_EDGE ( 'NONE', *, *, #2665, .T. ) ;
#5561 = CARTESIAN_POINT ( 'NONE',  ( -11.64010186252859391, -9.000000000000001776, -5.600000000000011191 ) ) ;
#5562 = CARTESIAN_POINT ( 'NONE',  ( -51.50664724830589591, -1.300000000000000266, -2.103695419137131317 ) ) ;
#5563 = DIRECTION ( 'NONE',  ( -1.000000000000000000, 0.000000000000000000, 0.000000000000000000 ) ) ;
#5564 = CARTESIAN_POINT ( 'NONE',  ( 9.240846643908374958, -1.300000000000000044, -6.200000000000011724 ) ) ;
#5565 = VECTOR ( 'NONE', #8411, 1000.000000000000227 ) ;
#5566 = EDGE_CURVE ( 'NONE', #7067, #6229, #1736, .T. ) ;
#5567 = EDGE_CURVE ( 'NONE', #1551, #775, #4539, .T. ) ;
#5568 = ORIENTED_EDGE ( 'NONE', *, *, #7568, .F. ) ;
#5569 = ORIENTED_EDGE ( 'NONE', *, *, #7941, .F. ) ;
#5570 = VERTEX_POINT ( 'NONE', #3070 ) ;
#5571 = DIRECTION ( 'NONE',  ( 1.110223024625160090E-15, 5.551115123125782702E-17, -1.000000000000000000 ) ) ;
#5572 = CARTESIAN_POINT ( 'NONE',  ( 15.30203678697560399, 5.000000000000000000, -5.600000000000012967 ) ) ;
#5573 = AXIS2_PLACEMENT_3D ( 'NONE', #4759, #6784, #7491 ) ;
#5574 = CYLINDRICAL_SURFACE ( 'NONE', #4302, 0.5000000000000004441 ) ;
#5575 = DIRECTION ( 'NONE',  ( 5.473822126268819600E-47, 1.000000000000000000, -1.744636181553817632E-16 ) ) ;
#5576 = DIRECTION ( 'NONE',  ( 1.000000000000000000, 0.000000000000000000, 0.000000000000000000 ) ) ;
#5577 = FACE_OUTER_BOUND ( 'NONE', #513, .T. ) ;
#5578 = VERTEX_POINT ( 'NONE', #6482 ) ;
#5579 = ORIENTED_EDGE ( 'NONE', *, *, #3416, .F. ) ;
#5580 = CARTESIAN_POINT ( 'NONE',  ( 18.99654675138050308, -7.000000000000000000, -11.70000000000000995 ) ) ;
#5581 = EDGE_LOOP ( 'NONE', ( #7356, #3618, #1618, #5458 ) ) ;
#5582 = CARTESIAN_POINT ( 'NONE',  ( -24.99999999999999289, 0.000000000000000000, -5.000000000000012434 ) ) ;
#5583 = AXIS2_PLACEMENT_3D ( 'NONE', #2218, #840, #4172 ) ;
#5584 = FACE_OUTER_BOUND ( 'NONE', #4604, .T. ) ;
#5585 = EDGE_CURVE ( 'NONE', #8495, #6618, #5286, .T. ) ;
#5586 = DIRECTION ( 'NONE',  ( 0.000000000000000000, 1.000000000000000000, -1.722546424198833760E-16 ) ) ;
#5587 = VECTOR ( 'NONE', #8428, 1000.000000000000000 ) ;
#5588 = ADVANCED_FACE ( 'NONE', ( #4449 ), #5950, .F. ) ;
#5589 = EDGE_CURVE ( 'NONE', #1475, #5678, #409, .T. ) ;
#5590 = VERTEX_POINT ( 'NONE', #6566 ) ;
#5591 = EDGE_LOOP ( 'NONE', ( #4133, #539, #1, #2537 ) ) ;
#5592 = CARTESIAN_POINT ( 'NONE',  ( 42.32814634690690525, 1.300000000000000044, -6.800000000000012257 ) ) ;
#5593 = PLANE ( 'NONE',  #2936 ) ;
#5594 = CARTESIAN_POINT ( 'NONE',  ( 13.53449612337661456, 1.300000000000000044, -7.186405786944511931 ) ) ;
#5595 = CARTESIAN_POINT ( 'NONE',  ( 5.850000000000004086, -5.000000000000000000, -8.500000000000010658 ) ) ;
#5596 = CARTESIAN_POINT ( 'NONE',  ( -11.49999999999999645, 5.000000000000000000, -16.60000000000001208 ) ) ;
#5597 = AXIS2_PLACEMENT_3D ( 'NONE', #4042, #5411, #3249 ) ;
#5598 = ORIENTED_EDGE ( 'NONE', *, *, #2872, .T. ) ;
#5599 =( GEOMETRIC_REPRESENTATION_CONTEXT ( 3 ) GLOBAL_UNCERTAINTY_ASSIGNED_CONTEXT ( ( #4685 ) ) GLOBAL_UNIT_ASSIGNED_CONTEXT ( ( #4645, #8577, #7912 ) ) REPRESENTATION_CONTEXT ( 'NONE', 'WORKASPACE' ) );
#5600 = ORIENTED_EDGE ( 'NONE', *, *, #2126, .T. ) ;
#5601 = DIRECTION ( 'NONE',  ( -0.000000000000000000, -1.000000000000000000, 1.722546424198833760E-16 ) ) ;
#5602 = DIRECTION ( 'NONE',  ( 0.000000000000000000, 5.721188726109870315E-18, 1.000000000000000000 ) ) ;
#5603 = EDGE_LOOP ( 'NONE', ( #6405, #2209, #8749, #4662 ) ) ;
#5604 = DIRECTION ( 'NONE',  ( 8.758115402030110583E-47, 1.000000000000000000, -1.722546424198833760E-16 ) ) ;
#5605 = DIRECTION ( 'NONE',  ( 1.000000000000000000, -4.926439913641935015E-47, -7.225347079498629875E-16 ) ) ;
#5606 = FACE_OUTER_BOUND ( 'NONE', #5820, .T. ) ;
#5607 = CYLINDRICAL_SURFACE ( 'NONE', #7202, 0.2000000000000005107 ) ;
#5608 = VECTOR ( 'NONE', #2430, 1000.000000000000000 ) ;
#5609 = VECTOR ( 'NONE', #6921, 1000.000000000000000 ) ;
#5610 = ORIENTED_EDGE ( 'NONE', *, *, #7252, .F. ) ;
#5611 = ORIENTED_EDGE ( 'NONE', *, *, #488, .F. ) ;
#5612 = ORIENTED_EDGE ( 'NONE', *, *, #5455, .T. ) ;
#5613 = CARTESIAN_POINT ( 'NONE',  ( 18.10237697133560530, -5.000000000000000000, -14.90000050758565031 ) ) ;
#5614 = VECTOR ( 'NONE', #1280, 1000.000000000000000 ) ;
#5615 = DIRECTION ( 'NONE',  ( 1.387778780781445676E-14, 0.000000000000000000, 1.000000000000000000 ) ) ;
#5616 = CIRCLE ( 'NONE', #2500, 0.2000000000000002609 ) ;
#5617 = LINE ( 'NONE', #6941, #6707 ) ;
#5618 = CARTESIAN_POINT ( 'NONE',  ( 23.32564358472560073, -1.300000000000000266, -4.000000000000011546 ) ) ;
#5619 = EDGE_CURVE ( 'NONE', #7067, #5042, #1912, .T. ) ;
#5620 = DIRECTION ( 'NONE',  ( 0.000000000000000000, 1.000000000000000000, -1.110223024625156787E-16 ) ) ;
#5621 = ADVANCED_FACE ( 'NONE', ( #362 ), #3118, .T. ) ;
#5622 = FACE_OUTER_BOUND ( 'NONE', #2404, .T. ) ;
#5623 = AXIS2_PLACEMENT_3D ( 'NONE', #639, #8621, #5392 ) ;
#5624 = CIRCLE ( 'NONE', #5764, 0.1999999999999996503 ) ;
#5625 = ORIENTED_EDGE ( 'NONE', *, *, #7608, .F. ) ;
#5626 = ORIENTED_EDGE ( 'NONE', *, *, #2154, .F. ) ;
#5627 = CARTESIAN_POINT ( 'NONE',  ( -14.72543852283049404, 1.300000000000000044, -9.274902689714012993 ) ) ;
#5628 = ORIENTED_EDGE ( 'NONE', *, *, #2317, .F. ) ;
#5629 = VECTOR ( 'NONE', #685, 1000.000000000000000 ) ;
#5630 = CARTESIAN_POINT ( 'NONE',  ( -24.99999999999999289, 0.000000000000000000, -5.000000000000012434 ) ) ;
#5631 = EDGE_CURVE ( 'NONE', #1041, #1206, #5910, .T. ) ;
#5632 = CARTESIAN_POINT ( 'NONE',  ( 47.88475575860120159, -5.000000000000000000, -5.475791404463041800 ) ) ;
#5633 = VECTOR ( 'NONE', #4634, 1000.000000000000000 ) ;
#5634 = CARTESIAN_POINT ( 'NONE',  ( -41.79999999999999716, 5.000000000000000000, -4.600000000000012079 ) ) ;
#5635 = EDGE_LOOP ( 'NONE', ( #3860, #1595, #1281, #7423, #4978, #4747, #5077, #3187, #5628, #4583, #156, #167, #2373, #834, #1728, #1800, #6916, #2140, #6657, #7641, #8608, #7816, #3861, #2068, #3788, #5719 ) ) ;
#5636 = ORIENTED_EDGE ( 'NONE', *, *, #8666, .F. ) ;
#5637 = LINE ( 'NONE', #843, #4603 ) ;
#5638 = CARTESIAN_POINT ( 'NONE',  ( -12.49999999999999645, -5.000000000000000000, -16.80000000000000782 ) ) ;
#5639 = CARTESIAN_POINT ( 'NONE',  ( -6.018033988749897034, -5.000000000000000000, -4.600000000000011191 ) ) ;
#5640 = LINE ( 'NONE', #8422, #6919 ) ;
#5641 = CARTESIAN_POINT ( 'NONE',  ( -11.39999999999999680, 5.000000000000000000, -12.08548524598517382 ) ) ;
#5642 = VECTOR ( 'NONE', #3668, 1000.000000000000000 ) ;
#5643 = EDGE_CURVE ( 'NONE', #4977, #3156, #5207, .T. ) ;
#5644 = ORIENTED_EDGE ( 'NONE', *, *, #2923, .F. ) ;
#5645 = AXIS2_PLACEMENT_3D ( 'NONE', #2327, #3744, #7150 ) ;
#5646 = ORIENTED_EDGE ( 'NONE', *, *, #7941, .T. ) ;
#5647 = LINE ( 'NONE', #2275, #3185 ) ;
#5648 = DIRECTION ( 'NONE',  ( 1.000000000000000000, -7.700858507145135307E-33, 1.387263340128469819E-16 ) ) ;
#5649 = VERTEX_POINT ( 'NONE', #7186 ) ;
#5650 = CYLINDRICAL_SURFACE ( 'NONE', #399, 1.000000000000000000 ) ;
#5651 = DIRECTION ( 'NONE',  ( -0.000000000000000000, -1.102967523775860247E-16, 1.000000000000000000 ) ) ;
#5652 = DIRECTION ( 'NONE',  ( 0.2873478855663391118, 5.317003977218533558E-17, -0.9578262852211533174 ) ) ;
#5653 = CARTESIAN_POINT ( 'NONE',  ( -44.79999999999999005, 5.000000000000000000, -1.100000000000012523 ) ) ;
#5654 = VECTOR ( 'NONE', #5828, 1000.000000000000000 ) ;
#5655 = ORIENTED_EDGE ( 'NONE', *, *, #567, .F. ) ;
#5656 = EDGE_LOOP ( 'NONE', ( #2678, #5765, #3441, #8037, #4696, #6315 ) ) ;
#5657 = ORIENTED_EDGE ( 'NONE', *, *, #6646, .T. ) ;
#5658 = CARTESIAN_POINT ( 'NONE',  ( -5.885732398095194995, 5.000000000000000000, -1.100000000000012523 ) ) ;
#5659 = CARTESIAN_POINT ( 'NONE',  ( 49.00000000000000000, -5.000000000000000000, -2.000000000000011102 ) ) ;
#5660 = FACE_OUTER_BOUND ( 'NONE', #2565, .T. ) ;
#5661 = ADVANCED_FACE ( 'NONE', ( #1120 ), #453, .F. ) ;
#5662 = FACE_OUTER_BOUND ( 'NONE', #8349, .T. ) ;
#5663 = CARTESIAN_POINT ( 'NONE',  ( 15.20310462831780463, -5.000000000000000000, -15.70000000000001172 ) ) ;
#5664 = FACE_OUTER_BOUND ( 'NONE', #6171, .T. ) ;
#5665 = CYLINDRICAL_SURFACE ( 'NONE', #2499, 1.000000000000000888 ) ;
#5666 = ADVANCED_FACE ( 'NONE', ( #497 ), #7272, .T. ) ;
#5667 = ORIENTED_EDGE ( 'NONE', *, *, #7488, .F. ) ;
#5668 = ORIENTED_EDGE ( 'NONE', *, *, #8171, .T. ) ;
#5669 = CARTESIAN_POINT ( 'NONE',  ( -12.49999999999999645, -5.000000000000000000, -16.60000000000001208 ) ) ;
#5670 = ORIENTED_EDGE ( 'NONE', *, *, #4002, .F. ) ;
#5671 = DIRECTION ( 'NONE',  ( -1.000000000000000000, 1.224646799147350495E-16, 0.000000000000000000 ) ) ;
#5672 = CARTESIAN_POINT ( 'NONE',  ( 57.80000000000000426, 1.300000000000000044, -8.000000000000012434 ) ) ;
#5673 = DIRECTION ( 'NONE',  ( -0.000000000000000000, -1.000000000000000000, 1.722546424198833760E-16 ) ) ;
#5674 = EDGE_CURVE ( 'NONE', #3028, #4294, #7935, .T. ) ;
#5675 = EDGE_CURVE ( 'NONE', #6083, #423, #1203, .T. ) ;
#5676 = CARTESIAN_POINT ( 'NONE',  ( 1.198806130178223794, 5.000000000000000000, -7.500000000000012434 ) ) ;
#5677 = ORIENTED_EDGE ( 'NONE', *, *, #86, .F. ) ;
#5678 = VERTEX_POINT ( 'NONE', #5453 ) ;
#5679 = CARTESIAN_POINT ( 'NONE',  ( 2.114267601904844085, -5.000000000000000888, -1.214306433183764966E-14 ) ) ;
#5680 = FACE_OUTER_BOUND ( 'NONE', #5581, .T. ) ;
#5681 = DIRECTION ( 'NONE',  ( 0.000000000000000000, -1.000000000000000000, 1.110223024625156787E-16 ) ) ;
#5682 = LINE ( 'NONE', #985, #8453 ) ;
#5683 = ORIENTED_EDGE ( 'NONE', *, *, #1548, .T. ) ;
#5684 = ORIENTED_EDGE ( 'NONE', *, *, #1500, .T. ) ;
#5685 = PLANE ( 'NONE',  #6846 ) ;
#5686 = EDGE_CURVE ( 'NONE', #4535, #8064, #8144, .T. ) ;
#5687 = LINE ( 'NONE', #1658, #8235 ) ;
#5688 = EDGE_LOOP ( 'NONE', ( #5391, #3975, #7753, #7852 ) ) ;
#5689 = CARTESIAN_POINT ( 'NONE',  ( -10.32674248658969596, -5.000000000000000000, -17.80000000000001137 ) ) ;
#5690 = CARTESIAN_POINT ( 'NONE',  ( 58.80000000000000426, -5.000000000000000000, -7.792000000000011362 ) ) ;
#5691 = AXIS2_PLACEMENT_3D ( 'NONE', #7922, #2471, #4433 ) ;
#5692 = CARTESIAN_POINT ( 'NONE',  ( 15.32073688219710306, 5.000000000000000000, -12.50000000000001243 ) ) ;
#5693 = CARTESIAN_POINT ( 'NONE',  ( 42.17779029743370245, -5.000000000000000000, -8.200000000000011724 ) ) ;
#5694 = EDGE_CURVE ( 'NONE', #1996, #2480, #621, .T. ) ;
#5695 = AXIS2_PLACEMENT_3D ( 'NONE', #3236, #6061, #609 ) ;
#5696 = VERTEX_POINT ( 'NONE', #8101 ) ;
#5697 = ORIENTED_EDGE ( 'NONE', *, *, #6881, .T. ) ;
#5698 = ORIENTED_EDGE ( 'NONE', *, *, #7200, .F. ) ;
#5699 = EDGE_CURVE ( 'NONE', #3822, #4246, #3331, .T. ) ;
#5700 = DIRECTION ( 'NONE',  ( -0.000000000000000000, -1.000000000000000000, 1.722546424198833760E-16 ) ) ;
#5701 = CARTESIAN_POINT ( 'NONE',  ( 16.69654675138050592, 5.000000000000000000, -12.20000000000001350 ) ) ;
#5702 = CARTESIAN_POINT ( 'NONE',  ( -51.50664724830589591, -1.300000000000000266, -2.103695419137131317 ) ) ;
#5703 = CARTESIAN_POINT ( 'NONE',  ( 21.94142744032280490, 5.000000000000000000, -5.100000000000012079 ) ) ;
#5704 = DIRECTION ( 'NONE',  ( 0.9887155042247666170, 0.000000000000000000, -0.1498053794279952389 ) ) ;
#5705 = DIRECTION ( 'NONE',  ( 0.000000000000000000, 1.000000000000000000, -2.220446049250318751E-17 ) ) ;
#5706 = VECTOR ( 'NONE', #8740, 1000.000000000000000 ) ;
#5707 = CARTESIAN_POINT ( 'NONE',  ( 59.79999999994360849, 7.699999999999999289, -10.94606079836809265 ) ) ;
#5708 = EDGE_CURVE ( 'NONE', #6083, #5775, #2791, .T. ) ;
#5709 = ORIENTED_EDGE ( 'NONE', *, *, #5250, .T. ) ;
#5710 = VECTOR ( 'NONE', #6593, 1000.000000000000000 ) ;
#5711 = EDGE_LOOP ( 'NONE', ( #3304, #4967, #7584, #5173 ) ) ;
#5712 = DIRECTION ( 'NONE',  ( 1.000000000000000000, -5.021970328413754875E-33, 9.046777479883949550E-17 ) ) ;
#5713 = EDGE_LOOP ( 'NONE', ( #5769, #4027, #5082, #6834 ) ) ;
#5714 = LINE ( 'NONE', #8364, #1320 ) ;
#5715 = DIRECTION ( 'NONE',  ( 0.000000000000000000, 1.000000000000000000, -1.110223024625156787E-16 ) ) ;
#5716 = DIRECTION ( 'NONE',  ( 0.000000000000000000, 1.000000000000000000, -5.721188726109870315E-18 ) ) ;
#5717 = VECTOR ( 'NONE', #5476, 1000.000000000000000 ) ;
#5718 = EDGE_CURVE ( 'NONE', #4030, #3663, #2086, .T. ) ;
#5719 = ORIENTED_EDGE ( 'NONE', *, *, #796, .T. ) ;
#5720 = ORIENTED_EDGE ( 'NONE', *, *, #88, .T. ) ;
#5721 = VECTOR ( 'NONE', #6359, 1000.000000000000000 ) ;
#5722 = VERTEX_POINT ( 'NONE', #8023 ) ;
#5723 = CARTESIAN_POINT ( 'NONE',  ( -12.21412045636129839, 5.000000000000000000, -14.90000000000001279 ) ) ;
#5724 = CARTESIAN_POINT ( 'NONE',  ( -17.99999999999999645, -0.7000000000000000666, -10.20000000000001172 ) ) ;
#5725 = LINE ( 'NONE', #1119, #4102 ) ;
#5726 = DIRECTION ( 'NONE',  ( -0.1498053794279949336, 5.488473587971035667E-17, -0.9887155042247666170 ) ) ;
#5727 = EDGE_CURVE ( 'NONE', #3133, #1596, #5899, .T. ) ;
#5728 = EDGE_CURVE ( 'NONE', #5252, #6937, #7315, .T. ) ;
#5729 = AXIS2_PLACEMENT_3D ( 'NONE', #3560, #4853, #4273 ) ;
#5730 = VERTEX_POINT ( 'NONE', #708 ) ;
#5731 = ORIENTED_EDGE ( 'NONE', *, *, #2805, .T. ) ;
#5732 = CARTESIAN_POINT ( 'NONE',  ( 22.49654675138050308, 5.000000000000000000, -12.20000000000001350 ) ) ;
#5733 = CARTESIAN_POINT ( 'NONE',  ( -20.09767825600929925, 5.000000000000000000, -13.16832058016451334 ) ) ;
#5734 = EDGE_LOOP ( 'NONE', ( #1587, #3573, #4739, #3763 ) ) ;
#5735 = CARTESIAN_POINT ( 'NONE',  ( -20.09767825600929925, 5.000000000000000000, -13.16832058016451334 ) ) ;
#5736 = CARTESIAN_POINT ( 'NONE',  ( 14.80203678697560399, -5.000000000000000000, -6.300000000000011369 ) ) ;
#5737 = VECTOR ( 'NONE', #6651, 1000.000000000000000 ) ;
#5738 = CARTESIAN_POINT ( 'NONE',  ( 41.88475575860120870, -5.000000000000000000, -1.100000000000010747 ) ) ;
#5739 = LINE ( 'NONE', #8436, #4242 ) ;
#5740 = AXIS2_PLACEMENT_3D ( 'NONE', #8707, #6094, #108 ) ;
#5741 = ORIENTED_EDGE ( 'NONE', *, *, #6790, .F. ) ;
#5742 = ORIENTED_EDGE ( 'NONE', *, *, #2396, .F. ) ;
#5743 = EDGE_LOOP ( 'NONE', ( #7777, #4984, #7362, #279 ) ) ;
#5744 = CARTESIAN_POINT ( 'NONE',  ( 39.10836255635121006, -1.300000000000000266, -4.600000000000011191 ) ) ;
#5745 = CARTESIAN_POINT ( 'NONE',  ( 3.350000000000004086, -5.000000000000000000, -7.500000000000011546 ) ) ;
#5746 = LINE ( 'NONE', #1045, #1913 ) ;
#5747 = DIRECTION ( 'NONE',  ( -1.000000000000000000, 1.224646799147350495E-16, 0.000000000000000000 ) ) ;
#5748 = CARTESIAN_POINT ( 'NONE',  ( 5.550000000000003375, 5.000000000000000000, -8.500000000000012434 ) ) ;
#5749 = VECTOR ( 'NONE', #7139, 1000.000000000000114 ) ;
#5750 = LINE ( 'NONE', #389, #7177 ) ;
#5751 = EDGE_CURVE ( 'NONE', #2167, #8427, #8193, .T. ) ;
#5752 = DIRECTION ( 'NONE',  ( 0.000000000000000000, 0.000000000000000000, -1.000000000000000000 ) ) ;
#5753 = EDGE_CURVE ( 'NONE', #8464, #5722, #6599, .T. ) ;
#5754 = EDGE_CURVE ( 'NONE', #6936, #134, #4483, .T. ) ;
#5755 = VECTOR ( 'NONE', #2745, 1000.000000000000000 ) ;
#5756 = ORIENTED_EDGE ( 'NONE', *, *, #4735, .F. ) ;
#5757 = AXIS2_PLACEMENT_3D ( 'NONE', #5630, #2919, #4879 ) ;
#5758 = ORIENTED_EDGE ( 'NONE', *, *, #5455, .F. ) ;
#5759 = DIRECTION ( 'NONE',  ( 0.000000000000000000, 5.551115123125782702E-17, -1.000000000000000000 ) ) ;
#5760 = CARTESIAN_POINT ( 'NONE',  ( -8.675732398095195919, 1.300000000000000044, -2.000000000000011990 ) ) ;
#5761 = CARTESIAN_POINT ( 'NONE',  ( 59.79999999994360849, -5.000000000000000000, -10.94606079836809087 ) ) ;
#5762 = DIRECTION ( 'NONE',  ( 0.000000000000000000, -1.000000000000000000, 1.110223024625156787E-16 ) ) ;
#5763 = AXIS2_PLACEMENT_3D ( 'NONE', #250, #7601, #7512 ) ;
#5764 = AXIS2_PLACEMENT_3D ( 'NONE', #3579, #6853, #6810 ) ;
#5765 = ORIENTED_EDGE ( 'NONE', *, *, #7999, .T. ) ;
#5766 = ORIENTED_EDGE ( 'NONE', *, *, #7894, .F. ) ;
#5767 = VECTOR ( 'NONE', #8299, 1000.000000000000000 ) ;
#5768 = CIRCLE ( 'NONE', #7163, 2.375000000000000000 ) ;
#5769 = ORIENTED_EDGE ( 'NONE', *, *, #5203, .T. ) ;
#5770 = LINE ( 'NONE', #3158, #1777 ) ;
#5771 = LINE ( 'NONE', #7269, #369 ) ;
#5772 = DIRECTION ( 'NONE',  ( 0.06161043017132547539, 5.710320029218168227E-18, 0.9981002729656495154 ) ) ;
#5773 = DIRECTION ( 'NONE',  ( 1.000000000000000000, -2.884246610682950706E-16, 5.768493221365910287E-16 ) ) ;
#5774 = VECTOR ( 'NONE', #6827, 1000.000000000000000 ) ;
#5775 = VERTEX_POINT ( 'NONE', #8774 ) ;
#5776 = EDGE_CURVE ( 'NONE', #5730, #4197, #3289, .T. ) ;
#5777 = EDGE_CURVE ( 'NONE', #2681, #5152, #4089, .T. ) ;
#5778 = EDGE_LOOP ( 'NONE', ( #7229, #6682, #7382, #7684 ) ) ;
#5779 = DIRECTION ( 'NONE',  ( 0.000000000000000000, 5.721188726109771708E-18, 1.000000000000000000 ) ) ;
#5780 = DIRECTION ( 'NONE',  ( 0.2873478855663448850, -5.479904944578922501E-18, -0.9578262852211514300 ) ) ;
#5781 = CIRCLE ( 'NONE', #7900, 0.1999999999999996503 ) ;
#5782 = ORIENTED_EDGE ( 'NONE', *, *, #6535, .F. ) ;
#5783 = PLANE ( 'NONE',  #5358 ) ;
#5784 = LINE ( 'NONE', #7236, #6313 ) ;
#5785 = LINE ( 'NONE', #949, #6714 ) ;
#5786 = DIRECTION ( 'NONE',  ( 0.000000000000000000, 0.000000000000000000, 1.000000000000000000 ) ) ;
#5787 = AXIS2_PLACEMENT_3D ( 'NONE', #2282, #5477, #7679 ) ;
#5788 = ORIENTED_EDGE ( 'NONE', *, *, #5619, .F. ) ;
#5789 = ADVANCED_FACE ( 'NONE', ( #4753 ), #6689, .F. ) ;
#5790 = ORIENTED_EDGE ( 'NONE', *, *, #5566, .F. ) ;
#5791 = EDGE_CURVE ( 'NONE', #8371, #7182, #6157, .T. ) ;
#5792 = EDGE_LOOP ( 'NONE', ( #6528, #6207, #7989, #2813, #2016, #7169 ) ) ;
#5793 = DIRECTION ( 'NONE',  ( 0.000000000000000000, 0.000000000000000000, -1.000000000000000000 ) ) ;
#5794 = CARTESIAN_POINT ( 'NONE',  ( 46.38475575860120159, -5.000000000000000000, -1.600000000000011191 ) ) ;
#5795 = CARTESIAN_POINT ( 'NONE',  ( 2.494442578872483995, -5.000000000000000000, -14.65898950818293045 ) ) ;
#5796 = EDGE_CURVE ( 'NONE', #3074, #3410, #3415, .T. ) ;
#5797 = CARTESIAN_POINT ( 'NONE',  ( 17.99654675138050308, 5.000000000000000000, -6.800000000000012257 ) ) ;
#5798 = DIRECTION ( 'NONE',  ( 1.000000000000000000, -5.800447832507438297E-33, 1.044915787882500012E-16 ) ) ;
#5799 = VECTOR ( 'NONE', #2675, 1000.000000000000000 ) ;
#5800 = DIRECTION ( 'NONE',  ( 1.000000000000000000, 0.000000000000000000, -0.000000000000000000 ) ) ;
#5801 = DIRECTION ( 'NONE',  ( 0.000000000000000000, 1.000000000000000000, -1.110223024625156787E-16 ) ) ;
#5802 = EDGE_LOOP ( 'NONE', ( #2436, #2105, #5333, #8703 ) ) ;
#5803 = EDGE_LOOP ( 'NONE', ( #6625, #8425, #2867, #2598, #3885 ) ) ;
#5804 = DIRECTION ( 'NONE',  ( 0.000000000000000000, 1.000000000000000000, -1.722546424198833760E-16 ) ) ;
#5805 = CARTESIAN_POINT ( 'NONE',  ( 17.99654675138050308, -7.000000000000000000, -7.300000000000011369 ) ) ;
#5806 = EDGE_CURVE ( 'NONE', #2047, #79, #2663, .T. ) ;
#5807 = DIRECTION ( 'NONE',  ( 1.000000000000000000, -8.047468939212986351E-33, 1.449703124636609842E-16 ) ) ;
#5808 = DIRECTION ( 'NONE',  ( 0.05704979053851259169, -5.711870822977634472E-18, -0.9983713344239767418 ) ) ;
#5809 = FACE_OUTER_BOUND ( 'NONE', #3864, .T. ) ;
#5810 = ORIENTED_EDGE ( 'NONE', *, *, #5454, .T. ) ;
#5811 = EDGE_LOOP ( 'NONE', ( #3091, #489, #3736, #2259 ) ) ;
#5812 = EDGE_CURVE ( 'NONE', #1838, #6380, #1226, .T. ) ;
#5813 = ORIENTED_EDGE ( 'NONE', *, *, #256, .T. ) ;
#5814 = ORIENTED_EDGE ( 'NONE', *, *, #2007, .F. ) ;
#5815 = DIRECTION ( 'NONE',  ( -1.061129593503229983E-16, 1.845370703093161790E-16, 1.000000000000000000 ) ) ;
#5816 = CARTESIAN_POINT ( 'NONE',  ( 9.690846643908363589, -1.300000000000000044, -7.700000000000012612 ) ) ;
#5817 = DIRECTION ( 'NONE',  ( 0.000000000000000000, 1.000000000000000000, -1.110223024625156787E-16 ) ) ;
#5818 = CARTESIAN_POINT ( 'NONE',  ( 46.38475575860120159, 5.000000000000000000, -1.600000000000012079 ) ) ;
#5819 = ADVANCED_FACE ( 'NONE', ( #667 ), #582, .F. ) ;
#5820 = EDGE_LOOP ( 'NONE', ( #260, #8117, #2655, #616 ) ) ;
#5821 = ORIENTED_EDGE ( 'NONE', *, *, #8171, .F. ) ;
#5822 = DIRECTION ( 'NONE',  ( 5.727720194466578743E-17, 1.000000000000000000, -1.110223024625156787E-16 ) ) ;
#5823 = CARTESIAN_POINT ( 'NONE',  ( 9.240846643908374958, -1.300000000000000044, -6.200000000000011724 ) ) ;
#5824 = ORIENTED_EDGE ( 'NONE', *, *, #1666, .F. ) ;
#5825 = DIRECTION ( 'NONE',  ( 0.000000000000000000, 0.000000000000000000, -1.000000000000000000 ) ) ;
#5826 = FACE_OUTER_BOUND ( 'NONE', #6283, .T. ) ;
#5827 = PLANE ( 'NONE',  #4599 ) ;
#5828 = DIRECTION ( 'NONE',  ( 0.000000000000000000, 1.000000000000000000, -1.443289932012703798E-16 ) ) ;
#5829 = EDGE_CURVE ( 'NONE', #731, #3133, #224, .T. ) ;
#5830 = ORIENTED_EDGE ( 'NONE', *, *, #3034, .T. ) ;
#5831 = VECTOR ( 'NONE', #6591, 1000.000000000000227 ) ;
#5832 = ORIENTED_EDGE ( 'NONE', *, *, #6088, .F. ) ;
#5833 = CARTESIAN_POINT ( 'NONE',  ( -19.60432550431519516, -1.299999999999999600, -13.27201599930162246 ) ) ;
#5834 = LINE ( 'NONE', #8529, #6750 ) ;
#5835 = CARTESIAN_POINT ( 'NONE',  ( 15.90118481382170401, -5.000000000000000000, -17.60000000000001208 ) ) ;
#5836 = CYLINDRICAL_SURFACE ( 'NONE', #5933, 0.5000000000000003331 ) ;
#5837 = CARTESIAN_POINT ( 'NONE',  ( 38.41721509500220577, 1.300000000000000044, -5.100000000000012079 ) ) ;
#5838 = DIRECTION ( 'NONE',  ( -1.000000000000000000, -7.395570986447005381E-32, -2.220446049250310320E-15 ) ) ;
#5839 = EDGE_CURVE ( 'NONE', #1062, #3350, #174, .T. ) ;
#5840 = EDGE_CURVE ( 'NONE', #1645, #4775, #1553, .T. ) ;
#5841 = VECTOR ( 'NONE', #3843, 1000.000000000000000 ) ;
#5842 = EDGE_CURVE ( 'NONE', #215, #5867, #2072, .T. ) ;
#5843 = VERTEX_POINT ( 'NONE', #6336 ) ;
#5844 = EDGE_LOOP ( 'NONE', ( #1977, #4640, #188, #3984 ) ) ;
#5845 = ORIENTED_EDGE ( 'NONE', *, *, #313, .T. ) ;
#5846 = CARTESIAN_POINT ( 'NONE',  ( 2.114267601904844085, 5.000000000000000000, -1.387778780781445676E-14 ) ) ;
#5847 = CARTESIAN_POINT ( 'NONE',  ( 57.80000000000000426, -4.999999999999999112, -12.20000000000001172 ) ) ;
#5848 = VECTOR ( 'NONE', #6071, 1000.000000000000000 ) ;
#5849 = LINE ( 'NONE', #441, #5219 ) ;
#5850 = DIRECTION ( 'NONE',  ( -3.065340390710534620E-46, -1.000000000000000000, 1.722546424198833760E-16 ) ) ;
#5851 = CARTESIAN_POINT ( 'NONE',  ( -44.29999999999999716, -5.000000000000000000, -1.600000000000011191 ) ) ;
#5852 = AXIS2_PLACEMENT_3D ( 'NONE', #1147, #3148, #3900 ) ;
#5853 = VECTOR ( 'NONE', #2870, 1000.000000000000000 ) ;
#5854 = EDGE_CURVE ( 'NONE', #4934, #4197, #2261, .T. ) ;
#5855 = ORIENTED_EDGE ( 'NONE', *, *, #2272, .F. ) ;
#5856 = ORIENTED_EDGE ( 'NONE', *, *, #6078, .T. ) ;
#5857 = EDGE_LOOP ( 'NONE', ( #270, #1823, #8083, #7908, #6356 ) ) ;
#5858 = ORIENTED_EDGE ( 'NONE', *, *, #464, .F. ) ;
#5859 = CARTESIAN_POINT ( 'NONE',  ( -15.99999999999999645, 5.000000000000000000, -12.70000000000001350 ) ) ;
#5860 = PLANE ( 'NONE',  #1796 ) ;
#5861 = VECTOR ( 'NONE', #2064, 1000.000000000000000 ) ;
#5862 = CARTESIAN_POINT ( 'NONE',  ( -51.00664724830589591, -5.000000000000000000, -1.603695419137131761 ) ) ;
#5863 = DIRECTION ( 'NONE',  ( -1.000000000000000000, 2.429577618391498576E-32, -4.376737942742260047E-16 ) ) ;
#5864 = EDGE_CURVE ( 'NONE', #2437, #6380, #8414, .T. ) ;
#5865 = EDGE_CURVE ( 'NONE', #4487, #1418, #7523, .T. ) ;
#5866 = CIRCLE ( 'NONE', #7836, 2.375000000000001332 ) ;
#5867 = VERTEX_POINT ( 'NONE', #8278 ) ;
#5868 = ORIENTED_EDGE ( 'NONE', *, *, #4362, .F. ) ;
#5869 = CARTESIAN_POINT ( 'NONE',  ( -51.50664724830589591, -1.300000000000000044, -7.761614970794162183 ) ) ;
#5870 = LINE ( 'NONE', #1295, #7959 ) ;
#5871 = ORIENTED_EDGE ( 'NONE', *, *, #4046, .T. ) ;
#5872 = CARTESIAN_POINT ( 'NONE',  ( 9.690846643908363589, -1.300000000000000044, -7.700000000000012612 ) ) ;
#5873 = DIRECTION ( 'NONE',  ( 0.000000000000000000, 0.000000000000000000, -1.000000000000000000 ) ) ;
#5874 = DIRECTION ( 'NONE',  ( -0.000000000000000000, -1.000000000000000000, 1.722546424198833760E-16 ) ) ;
#5875 = ADVANCED_FACE ( 'NONE', ( #2835 ), #8366, .F. ) ;
#5876 = CIRCLE ( 'NONE', #1631, 0.5000000000000004441 ) ;
#5877 = ORIENTED_EDGE ( 'NONE', *, *, #1060, .F. ) ;
#5878 = VECTOR ( 'NONE', #3202, 1000.000000000000000 ) ;
#5879 = VERTEX_POINT ( 'NONE', #7569 ) ;
#5880 = FACE_OUTER_BOUND ( 'NONE', #7080, .T. ) ;
#5881 = VERTEX_POINT ( 'NONE', #975 ) ;
#5882 = CARTESIAN_POINT ( 'NONE',  ( 5.550000000000003375, -5.000000000000000000, -8.500000000000010658 ) ) ;
#5883 = DIRECTION ( 'NONE',  ( -0.000000000000000000, -1.000000000000000000, 1.857488521969012701E-16 ) ) ;
#5884 = LINE ( 'NONE', #2464, #2242 ) ;
#5885 = DIRECTION ( 'NONE',  ( 1.504632769052530063E-33, 1.000000000000000000, -1.493058550357969906E-16 ) ) ;
#5886 = ADVANCED_FACE ( 'NONE', ( #6951 ), #2214, .F. ) ;
#5887 = VECTOR ( 'NONE', #5433, 1000.000000000000000 ) ;
#5888 = VERTEX_POINT ( 'NONE', #792 ) ;
#5889 = ORIENTED_EDGE ( 'NONE', *, *, #1515, .F. ) ;
#5890 = VERTEX_POINT ( 'NONE', #266 ) ;
#5891 = CARTESIAN_POINT ( 'NONE',  ( -10.32674248658969596, -5.000000000000000000, -17.30000000000001137 ) ) ;
#5892 = EDGE_CURVE ( 'NONE', #5299, #5041, #4171, .T. ) ;
#5893 = EDGE_CURVE ( 'NONE', #2081, #2046, #879, .T. ) ;
#5894 = VECTOR ( 'NONE', #845, 1000.000000000000000 ) ;
#5895 = CARTESIAN_POINT ( 'NONE',  ( -23.01238207896989607, 1.300000000000000044, -5.000000000000012434 ) ) ;
#5896 = DIRECTION ( 'NONE',  ( -1.000000000000000000, -1.063111075291545283E-31, 1.915130657014580261E-15 ) ) ;
#5897 = FACE_OUTER_BOUND ( 'NONE', #6130, .T. ) ;
#5898 = DIRECTION ( 'NONE',  ( -0.9222883124855707493, 2.145520491510709607E-17, -0.3865026114433358084 ) ) ;
#5899 = CIRCLE ( 'NONE', #3355, 2.374999999999999112 ) ;
#5900 = AXIS2_PLACEMENT_3D ( 'NONE', #1016, #5850, #3721 ) ;
#5901 = ORIENTED_EDGE ( 'NONE', *, *, #6367, .T. ) ;
#5902 = ORIENTED_EDGE ( 'NONE', *, *, #526, .F. ) ;
#5903 = ORIENTED_EDGE ( 'NONE', *, *, #2201, .T. ) ;
#5904 = ADVANCED_FACE ( 'NONE', ( #6243, #1504, #4839, #6383, #5015, #2970 ), #839, .F. ) ;
#5905 = ORIENTED_EDGE ( 'NONE', *, *, #820, .T. ) ;
#5906 = CARTESIAN_POINT ( 'NONE',  ( 23.32564358472560073, -1.300000000000000266, -4.000000000000011546 ) ) ;
#5907 = AXIS2_PLACEMENT_3D ( 'NONE', #1630, #2121, #3541 ) ;
#5908 = DIRECTION ( 'NONE',  ( 0.000000000000000000, 1.000000000000000000, -1.665334536937734811E-16 ) ) ;
#5909 = VECTOR ( 'NONE', #6545, 1000.000000000000000 ) ;
#5910 = LINE ( 'NONE', #7228, #3795 ) ;
#5911 = VECTOR ( 'NONE', #7911, 1000.000000000000000 ) ;
#5912 = AXIS2_PLACEMENT_3D ( 'NONE', #4791, #6277, #6323 ) ;
#5913 = EDGE_LOOP ( 'NONE', ( #5111, #930, #2900, #7660 ) ) ;
#5914 = ORIENTED_EDGE ( 'NONE', *, *, #2035, .F. ) ;
#5915 = LINE ( 'NONE', #3786, #3327 ) ;
#5916 = CARTESIAN_POINT ( 'NONE',  ( -53.00000000000000000, -5.000000000000000000, -8.500000000000017764 ) ) ;
#5917 = ORIENTED_EDGE ( 'NONE', *, *, #5159, .T. ) ;
#5918 = DIRECTION ( 'NONE',  ( 0.000000000000000000, -1.000000000000000000, 1.110223024625156787E-16 ) ) ;
#5919 = FACE_OUTER_BOUND ( 'NONE', #1577, .T. ) ;
#5920 = ADVANCED_FACE ( 'NONE', ( #5584 ), #6287, .F. ) ;
#5921 = ADVANCED_FACE ( 'NONE', ( #1592 ), #4301, .F. ) ;
#5922 = CARTESIAN_POINT ( 'NONE',  ( 0.3063669515916333519, -1.300000000000000044, -6.200000000000011724 ) ) ;
#5923 = AXIS2_PLACEMENT_3D ( 'NONE', #1469, #2882, #4097 ) ;
#5924 = VERTEX_POINT ( 'NONE', #3241 ) ;
#5925 = VECTOR ( 'NONE', #3946, 1000.000000000000227 ) ;
#5926 = ORIENTED_EDGE ( 'NONE', *, *, #5631, .T. ) ;
#5927 = LINE ( 'NONE', #2015, #4436 ) ;
#5928 = ORIENTED_EDGE ( 'NONE', *, *, #6753, .T. ) ;
#5929 = PLANE ( 'NONE',  #5623 ) ;
#5930 = DIRECTION ( 'NONE',  ( 1.000000000000000000, 0.000000000000000000, 0.000000000000000000 ) ) ;
#5931 = PLANE ( 'NONE',  #4733 ) ;
#5932 = CARTESIAN_POINT ( 'NONE',  ( -17.50664724830589591, -1.300000000000000044, -9.803695419137133271 ) ) ;
#5933 = AXIS2_PLACEMENT_3D ( 'NONE', #2419, #295, #5704 ) ;
#5934 = ORIENTED_EDGE ( 'NONE', *, *, #602, .T. ) ;
#5935 = EDGE_LOOP ( 'NONE', ( #722, #7910, #8738, #2434 ) ) ;
#5936 = CARTESIAN_POINT ( 'NONE',  ( 2.325479355399663994, 5.000000000000000000, -14.76600085857938183 ) ) ;
#5937 = AXIS2_PLACEMENT_3D ( 'NONE', #6252, #6961, #890 ) ;
#5938 = DIRECTION ( 'NONE',  ( 0.000000000000000000, 1.000000000000000000, -1.554312234475219798E-16 ) ) ;
#5939 = PLANE ( 'NONE',  #4220 ) ;
#5940 = DIRECTION ( 'NONE',  ( 1.000000000000000000, -2.884246610682950213E-16, 3.202156995877281871E-32 ) ) ;
#5941 = DIRECTION ( 'NONE',  ( 0.9578262852211512079, 3.190202386331093634E-18, 0.2873478855663461062 ) ) ;
#5942 = EDGE_CURVE ( 'NONE', #4331, #4006, #2393, .T. ) ;
#5943 = ORIENTED_EDGE ( 'NONE', *, *, #4550, .T. ) ;
#5944 = ORIENTED_EDGE ( 'NONE', *, *, #2584, .F. ) ;
#5945 = ORIENTED_EDGE ( 'NONE', *, *, #2881, .T. ) ;
#5946 = ORIENTED_EDGE ( 'NONE', *, *, #335, .F. ) ;
#5947 = LINE ( 'NONE', #8099, #6289 ) ;
#5948 = CARTESIAN_POINT ( 'NONE',  ( -16.99999999999999289, -5.000000000000000000, -11.20000000000001172 ) ) ;
#5949 = CARTESIAN_POINT ( 'NONE',  ( -5.385732398095166573, -5.000000000000000000, -1.100000000000010747 ) ) ;
#5950 = PLANE ( 'NONE',  #7598 ) ;
#5951 = EDGE_CURVE ( 'NONE', #8441, #7957, #8592, .T. ) ;
#5952 = ADVANCED_FACE ( 'NONE', ( #7219 ), #7087, .F. ) ;
#5953 = ORIENTED_EDGE ( 'NONE', *, *, #5536, .F. ) ;
#5954 = ORIENTED_EDGE ( 'NONE', *, *, #8505, .T. ) ;
#5955 = ORIENTED_EDGE ( 'NONE', *, *, #3048, .T. ) ;
#5956 = DIRECTION ( 'NONE',  ( 0.000000000000000000, 1.000000000000000000, -1.110223024625156787E-16 ) ) ;
#5957 = LINE ( 'NONE', #503, #6125 ) ;
#5958 = ORIENTED_EDGE ( 'NONE', *, *, #353, .T. ) ;
#5959 = CARTESIAN_POINT ( 'NONE',  ( -14.29649445451299705, -4.999999999999999112, -9.803695419137138600 ) ) ;
#5960 = DIRECTION ( 'NONE',  ( -1.000000000000000000, 0.000000000000000000, 0.000000000000000000 ) ) ;
#5961 = CARTESIAN_POINT ( 'NONE',  ( 60.50000000000000711, 3.699999999999999289, -10.90000000000001279 ) ) ;
#5962 = ORIENTED_EDGE ( 'NONE', *, *, #8482, .T. ) ;
#5963 = ORIENTED_EDGE ( 'NONE', *, *, #1801, .T. ) ;
#5964 = LINE ( 'NONE', #2680, #175 ) ;
#5965 = VERTEX_POINT ( 'NONE', #5851 ) ;
#5966 = CYLINDRICAL_SURFACE ( 'NONE', #4926, 0.3000000000000016542 ) ;
#5967 = CARTESIAN_POINT ( 'NONE',  ( -49.29999999999999716, -5.000000000000000000, -1.600000000000011191 ) ) ;
#5968 = LINE ( 'NONE', #2684, #5017 ) ;
#5969 = LINE ( 'NONE', #5266, #971 ) ;
#5970 = EDGE_CURVE ( 'NONE', #4076, #5540, #5108, .T. ) ;
#5971 = ORIENTED_EDGE ( 'NONE', *, *, #5301, .T. ) ;
#5972 = VERTEX_POINT ( 'NONE', #3904 ) ;
#5973 = ORIENTED_EDGE ( 'NONE', *, *, #3496, .F. ) ;
#5974 = PLANE ( 'NONE',  #2716 ) ;
#5975 = CARTESIAN_POINT ( 'NONE',  ( 19.50118481382170188, -5.000000000000000000, -16.30000000000001137 ) ) ;
#5976 = DIRECTION ( 'NONE',  ( 0.000000000000000000, 1.000000000000000000, -1.722546424198833760E-16 ) ) ;
#5977 = CARTESIAN_POINT ( 'NONE',  ( 30.66074696290820256, -4.999999999999999112, -10.50000000000001066 ) ) ;
#5978 = VECTOR ( 'NONE', #3632, 1000.000000000000000 ) ;
#5979 = DIRECTION ( 'NONE',  ( -0.7088405959659699329, 3.837675766147047706E-17, 0.7053687046577900022 ) ) ;
#5980 = EDGE_LOOP ( 'NONE', ( #7884, #842, #3499, #5741 ) ) ;
#5981 = ORIENTED_EDGE ( 'NONE', *, *, #1462, .F. ) ;
#5982 = DIRECTION ( 'NONE',  ( 0.9394112305361818072, -6.850365662203086921E-17, -0.3427922693738829074 ) ) ;
#5983 = VERTEX_POINT ( 'NONE', #7793 ) ;
#5984 = CARTESIAN_POINT ( 'NONE',  ( 48.90992059245890289, -5.000000000000000000, -8.000000000000010658 ) ) ;
#5985 = LINE ( 'NONE', #8684, #4493 ) ;
#5986 = CARTESIAN_POINT ( 'NONE',  ( -19.99999999999999645, -5.000000000000000000, -14.20000000000001172 ) ) ;
#5987 = CARTESIAN_POINT ( 'NONE',  ( 16.69654675138050592, -6.200000000000000178, -11.90000000000001101 ) ) ;
#5988 = VECTOR ( 'NONE', #7807, 1000.000000000000000 ) ;
#5989 = ORIENTED_EDGE ( 'NONE', *, *, #3808, .F. ) ;
#5990 = VERTEX_POINT ( 'NONE', #5148 ) ;
#5991 = VECTOR ( 'NONE', #2049, 1000.000000000000000 ) ;
#5992 = ORIENTED_EDGE ( 'NONE', *, *, #5480, .F. ) ;
#5993 = CARTESIAN_POINT ( 'NONE',  ( 15.00310462831780356, -5.000000000000000000, -10.52775174886009246 ) ) ;
#5994 = CARTESIAN_POINT ( 'NONE',  ( -2.172949016875136419, -1.300000000000000044, -7.700000000000012612 ) ) ;
#5995 = ADVANCED_FACE ( 'NONE', ( #1150 ), #1110, .F. ) ;
#5996 = VERTEX_POINT ( 'NONE', #2478 ) ;
#5997 = CARTESIAN_POINT ( 'NONE',  ( 57.80000000000000426, -1.300000000000000044, -8.000000000000012434 ) ) ;
#5998 = CARTESIAN_POINT ( 'NONE',  ( 18.49654675138050308, -5.000000000000000000, -11.70000000000001172 ) ) ;
#5999 = ADVANCED_FACE ( 'NONE', ( #5809 ), #8461, .F. ) ;
#6000 = FACE_OUTER_BOUND ( 'NONE', #6141, .T. ) ;
#6001 = EDGE_CURVE ( 'NONE', #6618, #7871, #1191, .T. ) ;
#6002 = AXIS2_PLACEMENT_3D ( 'NONE', #4963, #827, #8312 ) ;
#6003 = EDGE_LOOP ( 'NONE', ( #1703, #4886, #628, #4630 ) ) ;
#6004 = ORIENTED_EDGE ( 'NONE', *, *, #2374, .T. ) ;
#6005 = CARTESIAN_POINT ( 'NONE',  ( 48.90992059245890289, -1.300000000000000044, -8.000000000000012434 ) ) ;
#6006 = ORIENTED_EDGE ( 'NONE', *, *, #6622, .F. ) ;
#6007 = DIRECTION ( 'NONE',  ( -0.000000000000000000, -1.000000000000000000, 2.310464132328026570E-16 ) ) ;
#6008 = FACE_OUTER_BOUND ( 'NONE', #1916, .T. ) ;
#6009 = CIRCLE ( 'NONE', #1332, 0.5000000000000004441 ) ;
#6010 = CARTESIAN_POINT ( 'NONE',  ( -53.00000000000000000, -5.000000000000000000, -8.500000000000019540 ) ) ;
#6011 = LINE ( 'NONE', #3271, #3951 ) ;
#6012 = AXIS2_PLACEMENT_3D ( 'NONE', #2002, #6081, #5337 ) ;
#6013 = ORIENTED_EDGE ( 'NONE', *, *, #7802, .T. ) ;
#6014 = ORIENTED_EDGE ( 'NONE', *, *, #7709, .F. ) ;
#6015 = ORIENTED_EDGE ( 'NONE', *, *, #5428, .F. ) ;
#6016 = LINE ( 'NONE', #8627, #1027 ) ;
#6017 = CARTESIAN_POINT ( 'NONE',  ( 13.04430728931654393, 1.300000000000000044, -7.700000000000012612 ) ) ;
#6018 = CARTESIAN_POINT ( 'NONE',  ( 9.499699182559423249, 1.300000000000000044, -7.700000000000012612 ) ) ;
#6019 = CARTESIAN_POINT ( 'NONE',  ( 61.40273861426600632, 3.699999999999999289, -8.937204990277056282 ) ) ;
#6020 = VECTOR ( 'NONE', #1177, 1000.000000000000000 ) ;
#6021 = EDGE_CURVE ( 'NONE', #1274, #7251, #7260, .T. ) ;
#6022 = DIRECTION ( 'NONE',  ( 1.000000000000000000, 0.000000000000000000, 0.000000000000000000 ) ) ;
#6023 = VERTEX_POINT ( 'NONE', #1860 ) ;
#6024 = AXIS2_PLACEMENT_3D ( 'NONE', #552, #7854, #7903 ) ;
#6025 = CARTESIAN_POINT ( 'NONE',  ( 38.41721509500220577, 5.000000000000000000, -1.500000000000012657 ) ) ;
#6026 = ORIENTED_EDGE ( 'NONE', *, *, #3725, .F. ) ;
#6027 = DIRECTION ( 'NONE',  ( -1.000000000000000000, -4.640697269303768649E-33, -1.253990549566539905E-16 ) ) ;
#6028 = DIRECTION ( 'NONE',  ( 0.000000000000000000, -1.000000000000000000, 1.110223024625156787E-16 ) ) ;
#6029 = LINE ( 'NONE', #6653, #7774 ) ;
#6030 = CARTESIAN_POINT ( 'NONE',  ( -40.80664724830590018, -1.300000000000000266, -1.603695419137131761 ) ) ;
#6031 = CIRCLE ( 'NONE', #8715, 0.5000000000000004441 ) ;
#6032 = VECTOR ( 'NONE', #2401, 1000.000000000000000 ) ;
#6033 = EDGE_CURVE ( 'NONE', #13, #4674, #6423, .T. ) ;
#6034 = VERTEX_POINT ( 'NONE', #5194 ) ;
#6035 = ORIENTED_EDGE ( 'NONE', *, *, #3370, .F. ) ;
#6036 = DIRECTION ( 'NONE',  ( -1.000000000000000000, 0.000000000000000000, 0.000000000000000000 ) ) ;
#6037 = CARTESIAN_POINT ( 'NONE',  ( -51.50664724830589591, -1.300000000000000266, -2.103695419137131317 ) ) ;
#6038 = ORIENTED_EDGE ( 'NONE', *, *, #4497, .F. ) ;
#6039 = DIRECTION ( 'NONE',  ( 1.000000000000000000, 0.000000000000000000, -0.000000000000000000 ) ) ;
#6040 = CARTESIAN_POINT ( 'NONE',  ( -44.29999999999999716, -5.000000000000000000, -1.214306433183764966E-14 ) ) ;
#6041 = CARTESIAN_POINT ( 'NONE',  ( 15.30203678697560399, 5.000000000000000000, -5.100000000000012079 ) ) ;
#6042 = CARTESIAN_POINT ( 'NONE',  ( 46.57590321995009930, -1.300000000000000044, -5.100000000000012079 ) ) ;
#6043 = AXIS2_PLACEMENT_3D ( 'NONE', #1677, #8534, #1717 ) ;
#6044 = EDGE_CURVE ( 'NONE', #6519, #3785, #7926, .T. ) ;
#6045 = EDGE_CURVE ( 'NONE', #4885, #8017, #7880, .T. ) ;
#6046 = VERTEX_POINT ( 'NONE', #2347 ) ;
#6047 = VERTEX_POINT ( 'NONE', #1772 ) ;
#6048 = CARTESIAN_POINT ( 'NONE',  ( -7.175732398095195919, -5.000000000000000000, -3.600000000000011191 ) ) ;
#6049 = VECTOR ( 'NONE', #1804, 1000.000000000000000 ) ;
#6050 = VERTEX_POINT ( 'NONE', #6556 ) ;
#6051 = DIRECTION ( 'NONE',  ( 2.775557561562890365E-16, -5.721188726109870315E-18, -1.000000000000000000 ) ) ;
#6052 = LINE ( 'NONE', #2063, #6302 ) ;
#6053 = CARTESIAN_POINT ( 'NONE',  ( -26.37499999999999645, 1.683889348827610506E-16, -5.000000000000012434 ) ) ;
#6054 = CARTESIAN_POINT ( 'NONE',  ( -12.21412045636129839, -5.799999999999999822, -14.90000000000001101 ) ) ;
#6055 = EDGE_CURVE ( 'NONE', #1928, #5990, #5063, .T. ) ;
#6056 = VECTOR ( 'NONE', #7406, 1000.000000000000000 ) ;
#6057 = EDGE_CURVE ( 'NONE', #7251, #1846, #7175, .T. ) ;
#6058 = ORIENTED_EDGE ( 'NONE', *, *, #6057, .T. ) ;
#6059 = ORIENTED_EDGE ( 'NONE', *, *, #8258, .T. ) ;
#6060 = VERTEX_POINT ( 'NONE', #4397 ) ;
#6061 = DIRECTION ( 'NONE',  ( -8.552847072295028499E-48, 1.000000000000000000, -1.684476313224375849E-16 ) ) ;
#6062 = DIRECTION ( 'NONE',  ( 0.000000000000000000, 1.000000000000000000, -5.721188726109870315E-18 ) ) ;
#6063 = DIRECTION ( 'NONE',  ( 0.000000000000000000, 0.000000000000000000, 1.000000000000000000 ) ) ;
#6064 = VECTOR ( 'NONE', #5275, 1000.000000000000000 ) ;
#6065 = CARTESIAN_POINT ( 'NONE',  ( -26.98761792103019630, 1.299999999999909672, -5.000000000000012434 ) ) ;
#6066 = DIRECTION ( 'NONE',  ( 1.000000000000000000, 0.000000000000000000, 0.000000000000000000 ) ) ;
#6067 = ADVANCED_FACE ( 'NONE', ( #1018 ), #7128, .F. ) ;
#6068 = VECTOR ( 'NONE', #4648, 1000.000000000000114 ) ;
#6069 = ORIENTED_EDGE ( 'NONE', *, *, #5147, .T. ) ;
#6070 = EDGE_CURVE ( 'NONE', #5924, #7324, #6518, .T. ) ;
#6071 = DIRECTION ( 'NONE',  ( -1.000000000000000000, -4.415629193133267913E-32, 1.902160746754899963E-15 ) ) ;
#6072 = VERTEX_POINT ( 'NONE', #7478 ) ;
#6073 = LINE ( 'NONE', #8772, #8559 ) ;
#6074 = DIRECTION ( 'NONE',  ( 0.000000000000000000, 0.000000000000000000, 1.000000000000000000 ) ) ;
#6075 = DIRECTION ( 'NONE',  ( -1.235726496974089760E-16, -5.551115123125791330E-17, 1.000000000000000000 ) ) ;
#6076 = AXIS2_PLACEMENT_3D ( 'NONE', #3117, #6525, #3020 ) ;
#6077 = ADVANCED_FACE ( 'NONE', ( #4121 ), #2653, .F. ) ;
#6078 = EDGE_CURVE ( 'NONE', #2103, #1073, #933, .T. ) ;
#6079 = ORIENTED_EDGE ( 'NONE', *, *, #3142, .T. ) ;
#6080 = EDGE_LOOP ( 'NONE', ( #4086, #4909, #4677, #7920 ) ) ;
#6081 = DIRECTION ( 'NONE',  ( -8.881784197001250351E-16, 1.998401444325281576E-16, 1.000000000000000000 ) ) ;
#6082 = CARTESIAN_POINT ( 'NONE',  ( 1.050000000000004041, -5.000000000000000000, -7.500000000000011546 ) ) ;
#6083 = VERTEX_POINT ( 'NONE', #8631 ) ;
#6084 = CARTESIAN_POINT ( 'NONE',  ( -11.49999999999999645, 5.000000000000000000, -15.10000000000001208 ) ) ;
#6085 = DIRECTION ( 'NONE',  ( -1.235726496974089760E-16, -5.551115123125782702E-17, 1.000000000000000000 ) ) ;
#6086 = PLANE ( 'NONE',  #2818 ) ;
#6087 = CARTESIAN_POINT ( 'NONE',  ( -49.29999999999999716, 5.000000000000000000, -3.600000000000012079 ) ) ;
#6088 = EDGE_CURVE ( 'NONE', #3429, #6246, #7304, .T. ) ;
#6089 = EDGE_LOOP ( 'NONE', ( #6281, #1993, #6427, #8553 ) ) ;
#6090 = ORIENTED_EDGE ( 'NONE', *, *, #5525, .F. ) ;
#6091 = FACE_OUTER_BOUND ( 'NONE', #6675, .T. ) ;
#6092 = EDGE_LOOP ( 'NONE', ( #5530, #3210, #1241, #2725 ) ) ;
#6093 = CARTESIAN_POINT ( 'NONE',  ( 46.38475575860120159, 5.000000000000000000, -3.600000000000012079 ) ) ;
#6094 = DIRECTION ( 'NONE',  ( 0.7233978840270404165, -1.180874890658187087E-16, -0.6904313878910782742 ) ) ;
#6095 = DIRECTION ( 'NONE',  ( -0.000000000000000000, -1.000000000000000000, 1.710343578476592788E-16 ) ) ;
#6096 = CARTESIAN_POINT ( 'NONE',  ( -3.914096478224096121, 1.300000000000000044, -4.600000000000012079 ) ) ;
#6097 = ADVANCED_FACE ( 'NONE', ( #2077 ), #7350, .T. ) ;
#6098 = ORIENTED_EDGE ( 'NONE', *, *, #3077, .F. ) ;
#6099 = ORIENTED_EDGE ( 'NONE', *, *, #3970, .T. ) ;
#6100 = VERTEX_POINT ( 'NONE', #2606 ) ;
#6101 = DIRECTION ( 'NONE',  ( 0.000000000000000000, 1.000000000000000000, -1.722546424198833760E-16 ) ) ;
#6102 = FACE_OUTER_BOUND ( 'NONE', #8330, .T. ) ;
#6103 = DIRECTION ( 'NONE',  ( 0.000000000000000000, -5.551115123125782702E-17, 1.000000000000000000 ) ) ;
#6104 = ADVANCED_FACE ( 'NONE', ( #3367 ), #8721, .F. ) ;
#6105 = DIRECTION ( 'NONE',  ( 0.9222883124855707493, -2.145520491510709607E-17, 0.3865026114433358084 ) ) ;
#6106 = ADVANCED_FACE ( 'NONE', ( #700 ), #29, .F. ) ;
#6107 = CARTESIAN_POINT ( 'NONE',  ( -53.00000000000000000, -5.000000000000000000, -18.00000000000001066 ) ) ;
#6108 = ORIENTED_EDGE ( 'NONE', *, *, #3725, .T. ) ;
#6109 = CARTESIAN_POINT ( 'NONE',  ( -0.1436330484083760406, -4.999999999999999112, -7.700000000000011724 ) ) ;
#6110 = ORIENTED_EDGE ( 'NONE', *, *, #641, .F. ) ;
#6111 = AXIS2_PLACEMENT_3D ( 'NONE', #5580, #1499, #5541 ) ;
#6112 = DIRECTION ( 'NONE',  ( 0.2304472313440408537, 0.000000000000000000, -0.9730848234177049694 ) ) ;
#6113 = DIRECTION ( 'NONE',  ( 1.000000000000000000, -0.000000000000000000, 0.000000000000000000 ) ) ;
#6114 = CARTESIAN_POINT ( 'NONE',  ( 30.49654675138050663, -5.000000000000000000, -9.500000000000012434 ) ) ;
#6115 = EDGE_CURVE ( 'NONE', #1685, #8418, #4745, .T. ) ;
#6116 = AXIS2_PLACEMENT_3D ( 'NONE', #8442, #2333, #5129 ) ;
#6117 = ORIENTED_EDGE ( 'NONE', *, *, #6078, .F. ) ;
#6118 = ORIENTED_EDGE ( 'NONE', *, *, #4482, .F. ) ;
#6119 = CARTESIAN_POINT ( 'NONE',  ( -16.99999999999999289, -5.000000000000000000, -11.20000000000001172 ) ) ;
#6120 = DIRECTION ( 'NONE',  ( 0.000000000000000000, 1.000000000000000000, -1.110223024625156787E-16 ) ) ;
#6121 = VERTEX_POINT ( 'NONE', #2733 ) ;
#6122 = CARTESIAN_POINT ( 'NONE',  ( 4.500000000000003553, 5.000000000000000000, -9.000000000000012434 ) ) ;
#6123 = DIRECTION ( 'NONE',  ( -1.000000000000000000, 0.000000000000000000, 0.000000000000000000 ) ) ;
#6124 = ADVANCED_FACE ( 'NONE', ( #573 ), #3949, .F. ) ;
#6125 = VECTOR ( 'NONE', #8693, 1000.000000000000000 ) ;
#6126 = DIRECTION ( 'NONE',  ( 0.000000000000000000, 1.000000000000000000, -1.998401444325281576E-16 ) ) ;
#6127 = CARTESIAN_POINT ( 'NONE',  ( 13.50203678697557308, -5.000000000000000000, -9.000000000000008882 ) ) ;
#6128 = CIRCLE ( 'NONE', #2313, 0.2000000000000003997 ) ;
#6129 = ORIENTED_EDGE ( 'NONE', *, *, #5536, .T. ) ;
#6130 = EDGE_LOOP ( 'NONE', ( #8238, #8455, #4009, #6271 ) ) ;
#6131 = DIRECTION ( 'NONE',  ( 0.000000000000000000, 1.000000000000000000, -1.998401444325281576E-16 ) ) ;
#6132 = ORIENTED_EDGE ( 'NONE', *, *, #4557, .T. ) ;
#6133 = DIRECTION ( 'NONE',  ( 0.000000000000000000, 1.000000000000000000, -1.998401444325281576E-16 ) ) ;
#6134 = DIRECTION ( 'NONE',  ( 0.000000000000000000, 1.000000000000000000, -1.110223024625156787E-16 ) ) ;
#6135 = DIRECTION ( 'NONE',  ( 0.000000000000000000, 0.000000000000000000, 1.000000000000000000 ) ) ;
#6136 = CARTESIAN_POINT ( 'NONE',  ( -23.01238207896989607, 1.300000000000000044, -1.500000000000012657 ) ) ;
#6137 = VECTOR ( 'NONE', #5132, 1000.000000000000000 ) ;
#6138 = ORIENTED_EDGE ( 'NONE', *, *, #7410, .F. ) ;
#6139 = VERTEX_POINT ( 'NONE', #1992 ) ;
#6140 = AXIS2_PLACEMENT_3D ( 'NONE', #132, #2836, #5546 ) ;
#6141 = EDGE_LOOP ( 'NONE', ( #923, #6979, #1153, #6978 ) ) ;
#6142 = DIRECTION ( 'NONE',  ( 0.000000000000000000, 5.551115123125782702E-17, -1.000000000000000000 ) ) ;
#6143 = DIRECTION ( 'NONE',  ( 0.000000000000000000, 1.000000000000000000, -1.722546424198833760E-16 ) ) ;
#6144 = DIRECTION ( 'NONE',  ( 0.000000000000000000, 5.721188726109870315E-18, 1.000000000000000000 ) ) ;
#6145 = CARTESIAN_POINT ( 'NONE',  ( -15.21979627494279441, 1.300000000000000044, -9.700000000000011724 ) ) ;
#6146 = CARTESIAN_POINT ( 'NONE',  ( 47.88475575860120159, -5.000000000000000000, -5.475791404463041800 ) ) ;
#6147 = CARTESIAN_POINT ( 'NONE',  ( -12.29999999999999538, -5.000000000000000000, -16.60000000000001208 ) ) ;
#6148 = VECTOR ( 'NONE', #8152, 1000.000000000000000 ) ;
#6149 = ADVANCED_FACE ( 'NONE', ( #2695 ), #6681, .F. ) ;
#6150 = EDGE_CURVE ( 'NONE', #5070, #2186, #655, .T. ) ;
#6151 = VERTEX_POINT ( 'NONE', #1900 ) ;
#6152 = ORIENTED_EDGE ( 'NONE', *, *, #173, .F. ) ;
#6153 = LINE ( 'NONE', #1994, #309 ) ;
#6154 = VERTEX_POINT ( 'NONE', #6644 ) ;
#6155 = DIRECTION ( 'NONE',  ( 0.3865026114433501303, 0.000000000000000000, -0.9222883124855647541 ) ) ;
#6156 = CARTESIAN_POINT ( 'NONE',  ( 13.50203678697557308, 5.000000000000000000, -8.500000000000012434 ) ) ;
#6157 = LINE ( 'NONE', #6778, #5053 ) ;
#6158 = AXIS2_PLACEMENT_3D ( 'NONE', #1094, #7246, #5930 ) ;
#6159 = EDGE_CURVE ( 'NONE', #1895, #2245, #3280, .T. ) ;
#6160 = VERTEX_POINT ( 'NONE', #5319 ) ;
#6161 = ORIENTED_EDGE ( 'NONE', *, *, #7152, .T. ) ;
#6162 = DIRECTION ( 'NONE',  ( 2.864064337535210361E-16, 1.000000000000000000, -1.110223024625156787E-16 ) ) ;
#6163 = FACE_OUTER_BOUND ( 'NONE', #3995, .T. ) ;
#6164 = CARTESIAN_POINT ( 'NONE',  ( 2.494442578872483995, -5.399999999999999467, -14.65898950818293045 ) ) ;
#6165 = LINE ( 'NONE', #1921, #2490 ) ;
#6166 = VECTOR ( 'NONE', #7799, 1000.000000000000000 ) ;
#6167 = CARTESIAN_POINT ( 'NONE',  ( -15.99999999999999645, 5.000000000000000000, -13.70000000000001172 ) ) ;
#6168 = DIRECTION ( 'NONE',  ( -1.642146637880644762E-47, 1.000000000000000000, -1.722546424198833760E-16 ) ) ;
#6169 = AXIS2_PLACEMENT_3D ( 'NONE', #1640, #2920, #4348 ) ;
#6170 = AXIS2_PLACEMENT_3D ( 'NONE', #4258, #4169, #7655 ) ;
#6171 = EDGE_LOOP ( 'NONE', ( #1385, #766, #3384, #5626 ) ) ;
#6172 = ORIENTED_EDGE ( 'NONE', *, *, #1318, .F. ) ;
#6173 = EDGE_CURVE ( 'NONE', #5165, #590, #1948, .T. ) ;
#6174 = ADVANCED_FACE ( 'NONE', ( #1325 ), #5404, .T. ) ;
#6175 = DIRECTION ( 'NONE',  ( 0.000000000000000000, 1.000000000000000000, -5.721188726109870315E-18 ) ) ;
#6176 = VERTEX_POINT ( 'NONE', #4082 ) ;
#6177 = DIRECTION ( 'NONE',  ( -1.000000000000000000, 0.000000000000000000, 0.000000000000000000 ) ) ;
#6178 = DIRECTION ( 'NONE',  ( -3.543711097672515064E-32, -1.000000000000000000, 2.097087935403073657E-16 ) ) ;
#6179 = DIRECTION ( 'NONE',  ( -1.387778780781445676E-14, 0.000000000000000000, 1.000000000000000000 ) ) ;
#6180 = CARTESIAN_POINT ( 'NONE',  ( -41.29999999999999716, 1.300000000000000044, -5.100000000000012079 ) ) ;
#6181 = VECTOR ( 'NONE', #1678, 1000.000000000000000 ) ;
#6182 = VECTOR ( 'NONE', #5276, 1000.000000000000000 ) ;
#6183 = ADVANCED_FACE ( 'NONE', ( #6771 ), #5665, .T. ) ;
#6184 = ORIENTED_EDGE ( 'NONE', *, *, #2768, .F. ) ;
#6185 = VECTOR ( 'NONE', #239, 1000.000000000000114 ) ;
#6186 = ORIENTED_EDGE ( 'NONE', *, *, #2263, .F. ) ;
#6187 = AXIS2_PLACEMENT_3D ( 'NONE', #4621, #1026, #8470 ) ;
#6188 = ORIENTED_EDGE ( 'NONE', *, *, #5777, .F. ) ;
#6189 = DIRECTION ( 'NONE',  ( 0.000000000000000000, 1.000000000000000000, -1.998401444325281576E-16 ) ) ;
#6190 = CARTESIAN_POINT ( 'NONE',  ( 13.50203678697557308, -5.000000000000000000, -8.500000000000010658 ) ) ;
#6191 = CARTESIAN_POINT ( 'NONE',  ( 26.13942544887510522, -4.999999999999999112, -6.800000000000010481 ) ) ;
#6192 = CARTESIAN_POINT ( 'NONE',  ( -11.49999999999999645, -5.000000000000000000, -16.60000000000001208 ) ) ;
#6193 = PLANE ( 'NONE',  #8732 ) ;
#6194 = LINE ( 'NONE', #4917, #1795 ) ;
#6195 = VECTOR ( 'NONE', #551, 1000.000000000000114 ) ;
#6196 = ORIENTED_EDGE ( 'NONE', *, *, #24, .F. ) ;
#6197 = VERTEX_POINT ( 'NONE', #257 ) ;
#6198 = LINE ( 'NONE', #4922, #5978 ) ;
#6199 = CIRCLE ( 'NONE', #2385, 1.000000000000000888 ) ;
#6200 = VERTEX_POINT ( 'NONE', #3626 ) ;
#6201 = DIRECTION ( 'NONE',  ( 4.440892098500630106E-16, 5.551115123125782702E-17, -1.000000000000000000 ) ) ;
#6202 = DIRECTION ( 'NONE',  ( -0.000000000000000000, -1.000000000000000000, 1.554312234475219798E-16 ) ) ;
#6203 = ADVANCED_FACE ( 'NONE', ( #5577 ), #8358, .T. ) ;
#6204 = AXIS2_PLACEMENT_3D ( 'NONE', #6054, #2065, #4779 ) ;
#6205 = EDGE_CURVE ( 'NONE', #1284, #6229, #7692, .T. ) ;
#6206 = PLANE ( 'NONE',  #2462 ) ;
#6207 = ORIENTED_EDGE ( 'NONE', *, *, #7421, .F. ) ;
#6208 = VERTEX_POINT ( 'NONE', #2866 ) ;
#6209 = FACE_OUTER_BOUND ( 'NONE', #4594, .T. ) ;
#6210 = LINE ( 'NONE', #672, #5565 ) ;
#6211 = AXIS2_PLACEMENT_3D ( 'NONE', #8510, #7710, #5681 ) ;
#6212 = LINE ( 'NONE', #138, #246 ) ;
#6213 = CARTESIAN_POINT ( 'NONE',  ( -50.80664724830590018, 0.7000000000000000666, -2.103695419137132205 ) ) ;
#6214 = DIRECTION ( 'NONE',  ( -0.9875803063351140665, 0.000000000000000000, 0.1571150487351299363 ) ) ;
#6215 = CARTESIAN_POINT ( 'NONE',  ( 0.1152194902426838530, 1.300000000000000044, -6.200000000000012612 ) ) ;
#6216 = EDGE_CURVE ( 'NONE', #669, #6629, #7606, .T. ) ;
#6217 = ADVANCED_FACE ( 'NONE', ( #6324 ), #6237, .F. ) ;
#6218 = ORIENTED_EDGE ( 'NONE', *, *, #2923, .T. ) ;
#6219 = VERTEX_POINT ( 'NONE', #3495 ) ;
#6220 = CARTESIAN_POINT ( 'NONE',  ( 46.38475575860120159, 1.300000000000000044, -5.100000000000012079 ) ) ;
#6221 = CARTESIAN_POINT ( 'NONE',  ( 13.53449612337661456, 1.300000000000000044, -4.000000000000012434 ) ) ;
#6222 = ORIENTED_EDGE ( 'NONE', *, *, #6727, .T. ) ;
#6223 = DIRECTION ( 'NONE',  ( -1.088978830774751892E-16, 5.551115123125768527E-17, -1.000000000000000000 ) ) ;
#6224 = CARTESIAN_POINT ( 'NONE',  ( 57.80000000000000426, -1.300000000000000044, -8.000000000000012434 ) ) ;
#6225 = DIRECTION ( 'NONE',  ( 1.000000000000000000, 0.000000000000000000, 0.000000000000000000 ) ) ;
#6226 = DIRECTION ( 'NONE',  ( 0.000000000000000000, 1.000000000000000000, -1.110223024625156787E-16 ) ) ;
#6227 = EDGE_CURVE ( 'NONE', #2634, #1682, #656, .T. ) ;
#6228 = VERTEX_POINT ( 'NONE', #2205 ) ;
#6229 = VERTEX_POINT ( 'NONE', #208 ) ;
#6230 = VERTEX_POINT ( 'NONE', #4832 ) ;
#6231 = LINE ( 'NONE', #2822, #7955 ) ;
#6232 = CARTESIAN_POINT ( 'NONE',  ( 25.62370992587110408, -1.300000000000000044, -12.20000000000001350 ) ) ;
#6233 = DIRECTION ( 'NONE',  ( -1.000000000000000000, 0.000000000000000000, 0.000000000000000000 ) ) ;
#6234 = DIRECTION ( 'NONE',  ( 8.881784197001250351E-16, 5.551115123125782702E-17, -1.000000000000000000 ) ) ;
#6235 = DIRECTION ( 'NONE',  ( -0.9796000826835731257, 1.149712384147813887E-18, 0.2009569058438570588 ) ) ;
#6236 = EDGE_CURVE ( 'NONE', #5272, #999, #6194, .T. ) ;
#6237 = PLANE ( 'NONE',  #5907 ) ;
#6238 = ORIENTED_EDGE ( 'NONE', *, *, #2746, .F. ) ;
#6239 = ORIENTED_EDGE ( 'NONE', *, *, #8192, .T. ) ;
#6240 = CARTESIAN_POINT ( 'NONE',  ( 2.114267601904844085, -5.000000000000000000, -1.600000000000011191 ) ) ;
#6241 = EDGE_LOOP ( 'NONE', ( #2479, #3940, #2182, #3571 ) ) ;
#6242 = PLANE ( 'NONE',  #6600 ) ;
#6243 = FACE_BOUND ( 'NONE', #2310, .T. ) ;
#6244 = CARTESIAN_POINT ( 'NONE',  ( -52.00000000000000000, 1.300000000000000044, -1.500000000000012657 ) ) ;
#6245 = VECTOR ( 'NONE', #3899, 1000.000000000000000 ) ;
#6246 = VERTEX_POINT ( 'NONE', #917 ) ;
#6247 = VERTEX_POINT ( 'NONE', #2960 ) ;
#6248 = DIRECTION ( 'NONE',  ( -1.000000000000000000, 1.232595164407829167E-32, -2.220446049250309876E-16 ) ) ;
#6249 = DIRECTION ( 'NONE',  ( 0.000000000000000000, 3.330669073875466417E-17, 1.000000000000000000 ) ) ;
#6250 = CARTESIAN_POINT ( 'NONE',  ( -50.79999999999999716, 5.000000000000000000, -1.500000000000012657 ) ) ;
#6251 = EDGE_CURVE ( 'NONE', #1102, #4198, #7311, .T. ) ;
#6252 = CARTESIAN_POINT ( 'NONE',  ( 39.88475575860120159, -5.000000000000000000, -1.600000000000011191 ) ) ;
#6253 = DIRECTION ( 'NONE',  ( -0.9222883124855701942, 9.621975265952763016E-18, -0.3865026114433370297 ) ) ;
#6254 = VECTOR ( 'NONE', #3619, 1000.000000000000000 ) ;
#6255 = VERTEX_POINT ( 'NONE', #6854 ) ;
#6256 = ADVANCED_FACE ( 'NONE', ( #5005 ), #8225, .F. ) ;
#6257 = ADVANCED_FACE ( 'NONE', ( #870 ), #4207, .F. ) ;
#6258 = AXIS2_PLACEMENT_3D ( 'NONE', #8704, #5430, #8658 ) ;
#6259 = ORIENTED_EDGE ( 'NONE', *, *, #7754, .T. ) ;
#6260 = PLANE ( 'NONE',  #2189 ) ;
#6261 = DIRECTION ( 'NONE',  ( -1.283953296258158148E-32, -1.000000000000000000, 1.468359484181659318E-16 ) ) ;
#6262 = VERTEX_POINT ( 'NONE', #3582 ) ;
#6263 = DIRECTION ( 'NONE',  ( 0.000000000000000000, 0.000000000000000000, 1.000000000000000000 ) ) ;
#6264 = DIRECTION ( 'NONE',  ( -0.000000000000000000, -1.000000000000000000, 3.510705240030896601E-16 ) ) ;
#6265 = DIRECTION ( 'NONE',  ( -1.235726496974089760E-16, -5.551115123125782702E-17, 1.000000000000000000 ) ) ;
#6266 = DIRECTION ( 'NONE',  ( -0.9578262852211533174, -6.639069831013248054E-17, -0.2873478855663391118 ) ) ;
#6267 = AXIS2_PLACEMENT_3D ( 'NONE', #2690, #5401, #8087 ) ;
#6268 = VERTEX_POINT ( 'NONE', #122 ) ;
#6269 = ORIENTED_EDGE ( 'NONE', *, *, #6611, .F. ) ;
#6270 = EDGE_CURVE ( 'NONE', #3293, #3207, #6944, .T. ) ;
#6271 = ORIENTED_EDGE ( 'NONE', *, *, #6435, .T. ) ;
#6272 = DIRECTION ( 'NONE',  ( -1.000000000000000000, 6.672577290538494760E-33, -1.202024663970799953E-16 ) ) ;
#6273 = CARTESIAN_POINT ( 'NONE',  ( -13.92994906873569505, -5.000000000000000000, -11.20000000000001172 ) ) ;
#6274 = AXIS2_PLACEMENT_3D ( 'NONE', #3529, #2240, #241 ) ;
#6275 = DIRECTION ( 'NONE',  ( 1.000000000000000000, 0.000000000000000000, 0.000000000000000000 ) ) ;
#6276 = CARTESIAN_POINT ( 'NONE',  ( 39.88475575860120159, 5.000000000000000000, -3.600000000000012079 ) ) ;
#6277 = DIRECTION ( 'NONE',  ( 0.000000000000000000, 6.451295953902915133E-17, 1.000000000000000000 ) ) ;
#6278 = CARTESIAN_POINT ( 'NONE',  ( -40.80664724830590018, -1.300000000000000266, -1.603695419137131761 ) ) ;
#6279 = VECTOR ( 'NONE', #817, 1000.000000000000000 ) ;
#6280 = VERTEX_POINT ( 'NONE', #6278 ) ;
#6281 = ORIENTED_EDGE ( 'NONE', *, *, #3780, .F. ) ;
#6282 = CARTESIAN_POINT ( 'NONE',  ( -15.21979627494279441, 1.300000000000000044, -9.700000000000011724 ) ) ;
#6283 = EDGE_LOOP ( 'NONE', ( #5889, #2758, #7191, #2285, #2211, #744 ) ) ;
#6284 = EDGE_CURVE ( 'NONE', #8260, #8598, #2161, .T. ) ;
#6285 = CARTESIAN_POINT ( 'NONE',  ( 2.114267601904844085, 5.000000000000000000, -1.600000000000012079 ) ) ;
#6286 = AXIS2_PLACEMENT_3D ( 'NONE', #5723, #4357, #1828 ) ;
#6287 = PLANE ( 'NONE',  #5195 ) ;
#6288 = CARTESIAN_POINT ( 'NONE',  ( -17.50664724830589591, -1.300000000000000044, -10.30369541913713149 ) ) ;
#6289 = VECTOR ( 'NONE', #4619, 1000.000000000000000 ) ;
#6290 = VERTEX_POINT ( 'NONE', #7559 ) ;
#6291 = ORIENTED_EDGE ( 'NONE', *, *, #6881, .F. ) ;
#6292 = PLANE ( 'NONE',  #3750 ) ;
#6293 = EDGE_CURVE ( 'NONE', #7631, #4084, #6902, .T. ) ;
#6294 = DIRECTION ( 'NONE',  ( 1.000000000000000000, -4.930380657631339111E-33, 4.440892098500630106E-16 ) ) ;
#6295 = CYLINDRICAL_SURFACE ( 'NONE', #3625, 0.5000000000000000000 ) ;
#6296 = DIRECTION ( 'NONE',  ( -1.235726496974089760E-16, 1.110223024625156787E-16, 1.000000000000000000 ) ) ;
#6297 = CARTESIAN_POINT ( 'NONE',  ( 50.00000000000000000, -5.000000000000000000, -7.000000000000011546 ) ) ;
#6298 = VECTOR ( 'NONE', #8622, 1000.000000000000000 ) ;
#6299 = ADVANCED_FACE ( 'NONE', ( #5622 ), #5492, .F. ) ;
#6300 = ADVANCED_FACE ( 'NONE', ( #1050 ), #5052, .T. ) ;
#6301 = ORIENTED_EDGE ( 'NONE', *, *, #4224, .T. ) ;
#6302 = VECTOR ( 'NONE', #7503, 1000.000000000000000 ) ;
#6303 = ORIENTED_EDGE ( 'NONE', *, *, #7746, .T. ) ;
#6304 = CARTESIAN_POINT ( 'NONE',  ( 18.99654675138050308, 5.000000000000000000, -12.20000000000001350 ) ) ;
#6305 = CARTESIAN_POINT ( 'NONE',  ( 24.49654675138049953, -5.000000000000000000, -8.200000000000011724 ) ) ;
#6306 = ORIENTED_EDGE ( 'NONE', *, *, #7240, .F. ) ;
#6307 = LINE ( 'NONE', #8344, #1949 ) ;
#6308 = CARTESIAN_POINT ( 'NONE',  ( 4.529377692776864528, -5.000000000000000000, -12.95038905019667297 ) ) ;
#6309 = LINE ( 'NONE', #4325, #7411 ) ;
#6310 = PLANE ( 'NONE',  #3103 ) ;
#6311 = EDGE_CURVE ( 'NONE', #7769, #7499, #1653, .T. ) ;
#6312 = VECTOR ( 'NONE', #82, 1000.000000000000000 ) ;
#6313 = VECTOR ( 'NONE', #5257, 1000.000000000000000 ) ;
#6314 = EDGE_LOOP ( 'NONE', ( #6306, #6509, #1671, #7672 ) ) ;
#6315 = ORIENTED_EDGE ( 'NONE', *, *, #1883, .T. ) ;
#6316 = ORIENTED_EDGE ( 'NONE', *, *, #7883, .F. ) ;
#6317 = CARTESIAN_POINT ( 'NONE',  ( -18.00664724830589591, -1.299999999999999600, -13.27201599930162246 ) ) ;
#6318 = CARTESIAN_POINT ( 'NONE',  ( 30.66074696290820256, -1.300000000000000044, -10.50000000000001243 ) ) ;
#6319 = PLANE ( 'NONE',  #6861 ) ;
#6320 = CIRCLE ( 'NONE', #378, 1.375000000000001332 ) ;
#6321 = CARTESIAN_POINT ( 'NONE',  ( -47.29999999999999716, -5.000000000000000000, -1.600000000000011191 ) ) ;
#6322 = CARTESIAN_POINT ( 'NONE',  ( 49.00000000000000000, -5.000000000000000000, -2.000000000000011102 ) ) ;
#6323 = DIRECTION ( 'NONE',  ( 1.000000000000000000, 0.000000000000000000, -0.000000000000000000 ) ) ;
#6324 = FACE_OUTER_BOUND ( 'NONE', #5913, .T. ) ;
#6325 = EDGE_CURVE ( 'NONE', #2749, #5125, #8493, .T. ) ;
#6326 = EDGE_CURVE ( 'NONE', #1041, #4198, #1719, .T. ) ;
#6327 = VECTOR ( 'NONE', #1137, 1000.000000000000000 ) ;
#6328 = VECTOR ( 'NONE', #2562, 1000.000000000000000 ) ;
#6329 = EDGE_CURVE ( 'NONE', #3798, #2332, #4520, .T. ) ;
#6330 = EDGE_LOOP ( 'NONE', ( #5598, #2286, #1293, #5361 ) ) ;
#6331 = EDGE_LOOP ( 'NONE', ( #4970, #5529, #6238, #318 ) ) ;
#6332 = DIRECTION ( 'NONE',  ( -1.000000000000000000, 0.000000000000000000, 0.000000000000000000 ) ) ;
#6333 = VERTEX_POINT ( 'NONE', #2384 ) ;
#6334 = AXIS2_PLACEMENT_3D ( 'NONE', #3924, #2623, #629 ) ;
#6335 = DIRECTION ( 'NONE',  ( -1.540743955509790051E-33, 1.000000000000000000, -1.722546424198833760E-16 ) ) ;
#6336 = CARTESIAN_POINT ( 'NONE',  ( 17.49654675138050308, -5.000000000000000000, -9.462748503479973650 ) ) ;
#6337 = EDGE_CURVE ( 'NONE', #5279, #4392, #1143, .T. ) ;
#6338 = VECTOR ( 'NONE', #2075, 1000.000000000000000 ) ;
#6339 = DIRECTION ( 'NONE',  ( -2.337311630789800155E-16, -5.551115123125777155E-17, 1.000000000000000000 ) ) ;
#6340 = VERTEX_POINT ( 'NONE', #4429 ) ;
#6341 = ORIENTED_EDGE ( 'NONE', *, *, #4243, .T. ) ;
#6342 = DIRECTION ( 'NONE',  ( -0.000000000000000000, -1.000000000000000000, 1.998401444325281576E-16 ) ) ;
#6343 = CARTESIAN_POINT ( 'NONE',  ( 5.550000000000003375, 5.000000000000000000, -8.500000000000012434 ) ) ;
#6344 = DIRECTION ( 'NONE',  ( -1.224646799147350002E-16, 1.722546424198833760E-16, 1.000000000000000000 ) ) ;
#6345 = PLANE ( 'NONE',  #1262 ) ;
#6346 = LINE ( 'NONE', #275, #1665 ) ;
#6347 = EDGE_CURVE ( 'NONE', #7860, #6537, #7212, .T. ) ;
#6348 = EDGE_CURVE ( 'NONE', #4816, #4004, #6462, .T. ) ;
#6349 = EDGE_CURVE ( 'NONE', #7324, #4231, #1008, .T. ) ;
#6350 = EDGE_CURVE ( 'NONE', #999, #752, #7870, .T. ) ;
#6351 = VERTEX_POINT ( 'NONE', #3098 ) ;
#6352 = VECTOR ( 'NONE', #6830, 1000.000000000000114 ) ;
#6353 = ORIENTED_EDGE ( 'NONE', *, *, #5387, .T. ) ;
#6354 = DIRECTION ( 'NONE',  ( 0.000000000000000000, -1.000000000000000000, 1.110223024625156787E-16 ) ) ;
#6355 = CARTESIAN_POINT ( 'NONE',  ( -11.39999999999999680, -5.000000000000000000, -12.08548524598517204 ) ) ;
#6356 = ORIENTED_EDGE ( 'NONE', *, *, #230, .F. ) ;
#6357 = DIRECTION ( 'NONE',  ( 0.000000000000000000, -1.000000000000000000, -6.661338147750930368E-17 ) ) ;
#6358 = CARTESIAN_POINT ( 'NONE',  ( -8.182379646400995910, -4.999999999999999112, -3.203695419137131406 ) ) ;
#6359 = DIRECTION ( 'NONE',  ( 1.000000000000000000, 0.000000000000000000, -0.000000000000000000 ) ) ;
#6360 = CARTESIAN_POINT ( 'NONE',  ( -40.80664724830590018, -1.300000000000000266, -4.703695419137130962 ) ) ;
#6361 = EDGE_CURVE ( 'NONE', #5125, #8197, #3849, .T. ) ;
#6362 = AXIS2_PLACEMENT_3D ( 'NONE', #7369, #7281, #2008 ) ;
#6363 = EDGE_LOOP ( 'NONE', ( #7342, #4804, #3146, #5731 ) ) ;
#6364 = ORIENTED_EDGE ( 'NONE', *, *, #6311, .F. ) ;
#6365 = ORIENTED_EDGE ( 'NONE', *, *, #7785, .F. ) ;
#6366 = DIRECTION ( 'NONE',  ( 0.000000000000000000, -1.000000000000000000, 1.110223024625156787E-16 ) ) ;
#6367 = EDGE_CURVE ( 'NONE', #3254, #8394, #8451, .T. ) ;
#6368 = CARTESIAN_POINT ( 'NONE',  ( -24.99999999999999289, 0.000000000000000000, -1.500000000000012657 ) ) ;
#6369 = CARTESIAN_POINT ( 'NONE',  ( -41.79999999999999716, 1.300000000000000044, -4.600000000000012079 ) ) ;
#6370 = CARTESIAN_POINT ( 'NONE',  ( 25.62370992587110408, 1.300000000000000044, -12.20000000000001350 ) ) ;
#6371 = CARTESIAN_POINT ( 'NONE',  ( 2.114267601904844085, -5.000000000000000000, -1.600000000000011191 ) ) ;
#6372 = CARTESIAN_POINT ( 'NONE',  ( 17.26568092078370498, -5.000000000000000000, -9.754673950505283742 ) ) ;
#6373 = ADVANCED_FACE ( 'NONE', ( #7165 ), #6374, .F. ) ;
#6374 = CYLINDRICAL_SURFACE ( 'NONE', #6890, 0.9999999999999993339 ) ;
#6375 = ORIENTED_EDGE ( 'NONE', *, *, #7264, .F. ) ;
#6376 = ORIENTED_EDGE ( 'NONE', *, *, #8014, .F. ) ;
#6377 = CARTESIAN_POINT ( 'NONE',  ( 23.32564358472560073, -1.970607542428470360, -4.000000000000011546 ) ) ;
#6378 = EDGE_CURVE ( 'NONE', #1700, #6970, #2339, .T. ) ;
#6379 = EDGE_CURVE ( 'NONE', #6720, #2004, #3711, .T. ) ;
#6380 = VERTEX_POINT ( 'NONE', #6273 ) ;
#6381 = CARTESIAN_POINT ( 'NONE',  ( 3.050000000000004263, 5.000000000000000000, -8.700000000000013500 ) ) ;
#6382 = DIRECTION ( 'NONE',  ( 0.000000000000000000, 0.000000000000000000, 1.000000000000000000 ) ) ;
#6383 = FACE_BOUND ( 'NONE', #6856, .T. ) ;
#6384 = VERTEX_POINT ( 'NONE', #5659 ) ;
#6385 = ORIENTED_EDGE ( 'NONE', *, *, #5753, .F. ) ;
#6386 = EDGE_CURVE ( 'NONE', #6491, #3798, #911, .T. ) ;
#6387 = VERTEX_POINT ( 'NONE', #6318 ) ;
#6388 = CARTESIAN_POINT ( 'NONE',  ( 13.23545475066548427, -1.300000000000000044, -7.700000000000012612 ) ) ;
#6389 = LINE ( 'NONE', #8287, #650 ) ;
#6390 = EDGE_CURVE ( 'NONE', #245, #3246, #204, .T. ) ;
#6391 = DIRECTION ( 'NONE',  ( 1.604941620322694948E-33, -1.000000000000000000, 1.722546424198833760E-16 ) ) ;
#6392 = CARTESIAN_POINT ( 'NONE',  ( -44.79999999999999005, -5.000000000000000000, -1.100000000000010747 ) ) ;
#6393 = VERTEX_POINT ( 'NONE', #7553 ) ;
#6394 = VERTEX_POINT ( 'NONE', #4912 ) ;
#6395 = DIRECTION ( 'NONE',  ( -1.000000000000000000, 9.749678451777875736E-33, -1.756345929696359821E-16 ) ) ;
#6396 = DIRECTION ( 'NONE',  ( 1.000000000000000000, 0.000000000000000000, 0.000000000000000000 ) ) ;
#6397 = ORIENTED_EDGE ( 'NONE', *, *, #5513, .T. ) ;
#6398 = CARTESIAN_POINT ( 'NONE',  ( -17.99999999999999645, 5.000000000000000000, -10.20000000000001350 ) ) ;
#6399 = DIRECTION ( 'NONE',  ( -1.000000000000000000, 0.000000000000000000, 0.000000000000000000 ) ) ;
#6400 = CIRCLE ( 'NONE', #7521, 1.000000000000000888 ) ;
#6401 = CARTESIAN_POINT ( 'NONE',  ( -17.99999999999999645, 1.300000000000000044, -10.20000000000001172 ) ) ;
#6402 = ADVANCED_FACE ( 'NONE', ( #734 ), #4201, .F. ) ;
#6403 = DIRECTION ( 'NONE',  ( -0.000000000000000000, -1.000000000000000000, 1.722546424198833760E-16 ) ) ;
#6404 = ORIENTED_EDGE ( 'NONE', *, *, #3954, .F. ) ;
#6405 = ORIENTED_EDGE ( 'NONE', *, *, #276, .T. ) ;
#6406 = EDGE_CURVE ( 'NONE', #5202, #5056, #2904, .T. ) ;
#6407 = ORIENTED_EDGE ( 'NONE', *, *, #3183, .F. ) ;
#6408 = CARTESIAN_POINT ( 'NONE',  ( -53.00000000000000000, -5.000000000000000000, -8.500000000000017764 ) ) ;
#6409 = DIRECTION ( 'NONE',  ( 0.8368917562231981133, 0.5473684210526317262, 9.130123557772665869E-17 ) ) ;
#6410 = DIRECTION ( 'NONE',  ( 0.000000000000000000, -1.000000000000000000, 1.110223024625156787E-16 ) ) ;
#6411 = CARTESIAN_POINT ( 'NONE',  ( 57.80000000000000426, -1.300000000000000044, -8.000000000000012434 ) ) ;
#6412 = DIRECTION ( 'NONE',  ( 0.000000000000000000, 1.000000000000000000, -1.554312234475219798E-16 ) ) ;
#6413 = DIRECTION ( 'NONE',  ( 0.000000000000000000, 1.000000000000000000, -1.110223024625156787E-16 ) ) ;
#6414 = AXIS2_PLACEMENT_3D ( 'NONE', #4018, #7992, #2633 ) ;
#6415 = DIRECTION ( 'NONE',  ( -1.000000000000000000, -3.583620649964920340E-32, 3.978618157113223849E-48 ) ) ;
#6416 = ORIENTED_EDGE ( 'NONE', *, *, #2100, .F. ) ;
#6417 = VECTOR ( 'NONE', #714, 1000.000000000000000 ) ;
#6418 = VERTEX_POINT ( 'NONE', #4961 ) ;
#6419 = CARTESIAN_POINT ( 'NONE',  ( -16.49999999999999645, 5.000000000000000000, -12.20000000000001350 ) ) ;
#6420 = ORIENTED_EDGE ( 'NONE', *, *, #679, .T. ) ;
#6421 = DIRECTION ( 'NONE',  ( 2.537652627714639929E-16, 1.000000000000000000, -1.110223024625156787E-16 ) ) ;
#6422 = CARTESIAN_POINT ( 'NONE',  ( 47.88475575860120159, -5.000000000000000000, -2.000000000000011102 ) ) ;
#6423 = LINE ( 'NONE', #401, #1084 ) ;
#6424 = EDGE_CURVE ( 'NONE', #308, #3663, #4637, .T. ) ;
#6425 = EDGE_CURVE ( 'NONE', #3534, #211, #2954, .T. ) ;
#6426 = ORIENTED_EDGE ( 'NONE', *, *, #6326, .T. ) ;
#6427 = ORIENTED_EDGE ( 'NONE', *, *, #6070, .F. ) ;
#6428 = VECTOR ( 'NONE', #4351, 1000.000000000000000 ) ;
#6429 = ORIENTED_EDGE ( 'NONE', *, *, #1181, .T. ) ;
#6430 = LINE ( 'NONE', #4445, #2340 ) ;
#6431 = CARTESIAN_POINT ( 'NONE',  ( -10.39999999999999680, -5.000000000000000000, -4.600000000000011191 ) ) ;
#6432 = CARTESIAN_POINT ( 'NONE',  ( -41.29999999999999716, 5.000000000000000000, -1.500000000000012657 ) ) ;
#6433 = CARTESIAN_POINT ( 'NONE',  ( -0.3347805097573159916, 1.300000000000000044, -7.700000000000012612 ) ) ;
#6434 = EDGE_CURVE ( 'NONE', #3100, #6937, #3220, .T. ) ;
#6435 = EDGE_CURVE ( 'NONE', #5185, #324, #7471, .T. ) ;
#6436 = AXIS2_PLACEMENT_3D ( 'NONE', #5022, #7707, #4135 ) ;
#6437 = APPLICATION_CONTEXT ( 'automotive_design' ) ;
#6438 = EDGE_CURVE ( 'NONE', #4030, #6247, #383, .T. ) ;
#6439 = VERTEX_POINT ( 'NONE', #6807 ) ;
#6440 = ORIENTED_EDGE ( 'NONE', *, *, #7650, .F. ) ;
#6441 = CARTESIAN_POINT ( 'NONE',  ( 3.404267601904844120, -5.000000000000000000, -1.600000000000011191 ) ) ;
#6442 = DIRECTION ( 'NONE',  ( 0.000000000000000000, 1.000000000000000000, -1.110223024625156787E-16 ) ) ;
#6443 = ORIENTED_EDGE ( 'NONE', *, *, #8206, .F. ) ;
#6444 = CARTESIAN_POINT ( 'NONE',  ( 44.88475575860120159, -5.000000000000000000, -1.100000000000010747 ) ) ;
#6445 = CARTESIAN_POINT ( 'NONE',  ( 38.60836255635121006, -1.300000000000000266, -4.600000000000011191 ) ) ;
#6446 = VECTOR ( 'NONE', #4665, 1000.000000000000000 ) ;
#6447 = CARTESIAN_POINT ( 'NONE',  ( 13.53449612337661456, 5.000000000000000000, -7.186405786944512819 ) ) ;
#6448 = DIRECTION ( 'NONE',  ( -0.000000000000000000, -1.000000000000000000, 1.722546424198833760E-16 ) ) ;
#6449 = EDGE_CURVE ( 'NONE', #8085, #4545, #5478, .T. ) ;
#6450 = VECTOR ( 'NONE', #6264, 1000.000000000000000 ) ;
#6451 = ADVANCED_FACE ( 'NONE', ( #5488 ), #2823, .T. ) ;
#6452 = ORIENTED_EDGE ( 'NONE', *, *, #6406, .T. ) ;
#6453 = ORIENTED_EDGE ( 'NONE', *, *, #6632, .F. ) ;
#6454 = ORIENTED_EDGE ( 'NONE', *, *, #1961, .F. ) ;
#6455 = CYLINDRICAL_SURFACE ( 'NONE', #7811, 0.5000000000000004441 ) ;
#6456 = DIRECTION ( 'NONE',  ( 0.000000000000000000, -1.000000000000000000, 1.110223024625156787E-16 ) ) ;
#6457 = DIRECTION ( 'NONE',  ( 7.105427357601010142E-16, 5.551115123125782702E-17, -1.000000000000000000 ) ) ;
#6458 = DIRECTION ( 'NONE',  ( 0.000000000000000000, 1.000000000000000000, -1.110223024625156787E-16 ) ) ;
#6459 = CARTESIAN_POINT ( 'NONE',  ( 21.13449612337660710, 1.300000000000000044, -4.000000000000012434 ) ) ;
#6460 = AXIS2_PLACEMENT_3D ( 'NONE', #8158, #6168, #2676 ) ;
#6461 = PLANE ( 'NONE',  #8150 ) ;
#6462 = LINE ( 'NONE', #297, #7443 ) ;
#6463 = ORIENTED_EDGE ( 'NONE', *, *, #567, .T. ) ;
#6464 = AXIS2_PLACEMENT_3D ( 'NONE', #5987, #8687, #3547 ) ;
#6465 = ORIENTED_EDGE ( 'NONE', *, *, #5777, .T. ) ;
#6466 = VECTOR ( 'NONE', #1958, 1000.000000000000000 ) ;
#6467 = ORIENTED_EDGE ( 'NONE', *, *, #7748, .T. ) ;
#6468 = PLANE ( 'NONE',  #3427 ) ;
#6469 = DIRECTION ( 'NONE',  ( -1.000000000000000000, 0.000000000000000000, 0.000000000000000000 ) ) ;
#6470 = DIRECTION ( 'NONE',  ( -1.000000000000000000, 0.000000000000000000, 1.734723475976805517E-15 ) ) ;
#6471 = CARTESIAN_POINT ( 'NONE',  ( 15.30203678697560399, 7.000000000000000000, -5.600000000000012967 ) ) ;
#6472 = AXIS2_PLACEMENT_3D ( 'NONE', #6729, #741, #6066 ) ;
#6473 = AXIS2_PLACEMENT_3D ( 'NONE', #73, #2826, #7648 ) ;
#6474 = ORIENTED_EDGE ( 'NONE', *, *, #1797, .T. ) ;
#6475 = VERTEX_POINT ( 'NONE', #1579 ) ;
#6476 = VECTOR ( 'NONE', #2367, 1000.000000000000114 ) ;
#6477 = CIRCLE ( 'NONE', #6187, 0.4999999999999935052 ) ;
#6478 = ORIENTED_EDGE ( 'NONE', *, *, #5842, .F. ) ;
#6479 = DIRECTION ( 'NONE',  ( 0.000000000000000000, -1.000000000000000000, 1.110223024625156787E-16 ) ) ;
#6480 = DIRECTION ( 'NONE',  ( 0.9578262852211508749, -4.914636108672279929E-17, -0.2873478855663469944 ) ) ;
#6481 = CARTESIAN_POINT ( 'NONE',  ( -8.182379646400995910, -1.300000000000000266, -1.603695419137131761 ) ) ;
#6482 = CARTESIAN_POINT ( 'NONE',  ( 42.36220412055560303, -1.300000000000000044, -10.50000000000001243 ) ) ;
#6483 = EDGE_CURVE ( 'NONE', #8598, #5427, #826, .T. ) ;
#6484 = CIRCLE ( 'NONE', #7189, 0.5000000000000000000 ) ;
#6485 = ORIENTED_EDGE ( 'NONE', *, *, #4802, .F. ) ;
#6486 = ORIENTED_EDGE ( 'NONE', *, *, #5172, .T. ) ;
#6487 = DIRECTION ( 'NONE',  ( 3.474382153876750001E-16, -1.000000000000000000, 1.110223024625156787E-16 ) ) ;
#6488 = CARTESIAN_POINT ( 'NONE',  ( 60.50000000000000711, 3.699999999999999289, -10.90000000000001279 ) ) ;
#6489 = EDGE_CURVE ( 'NONE', #1445, #1863, #4827, .T. ) ;
#6490 = VECTOR ( 'NONE', #736, 1000.000000000000114 ) ;
#6491 = VERTEX_POINT ( 'NONE', #2116 ) ;
#6492 = CARTESIAN_POINT ( 'NONE',  ( -16.49999999999999645, -5.000000000000000000, -13.70000000000000995 ) ) ;
#6493 = CARTESIAN_POINT ( 'NONE',  ( -53.00000000000000000, -5.000000000000000000, -1.214306433183764966E-14 ) ) ;
#6494 = ADVANCED_FACE ( 'NONE', ( #4156 ), #777, .F. ) ;
#6495 = CARTESIAN_POINT ( 'NONE',  ( -47.29999999999999716, -5.000000000000000000, -0.5000000000000108802 ) ) ;
#6496 = DIRECTION ( 'NONE',  ( 1.387778780781445676E-14, 0.000000000000000000, 1.000000000000000000 ) ) ;
#6497 = VECTOR ( 'NONE', #7337, 1000.000000000000000 ) ;
#6498 = ORIENTED_EDGE ( 'NONE', *, *, #1734, .T. ) ;
#6499 = ORIENTED_EDGE ( 'NONE', *, *, #2305, .T. ) ;
#6500 = ORIENTED_EDGE ( 'NONE', *, *, #8125, .F. ) ;
#6501 = DIRECTION ( 'NONE',  ( -0.000000000000000000, -1.000000000000000000, 1.722546424198833760E-16 ) ) ;
#6502 = CARTESIAN_POINT ( 'NONE',  ( 15.00310462831780356, 5.000000000000000000, -11.20000000000001172 ) ) ;
#6503 = DIRECTION ( 'NONE',  ( -0.000000000000000000, -1.000000000000000000, 2.310464132328026570E-16 ) ) ;
#6504 = CARTESIAN_POINT ( 'NONE',  ( -23.01238207896989607, 1.300000000000000044, -5.000000000000012434 ) ) ;
#6505 = DIRECTION ( 'NONE',  ( 2.903021138245040252E-15, -5.721188726109771708E-18, -1.000000000000000000 ) ) ;
#6506 = AXIS2_PLACEMENT_3D ( 'NONE', #7946, #1880, #6576 ) ;
#6507 = PLANE ( 'NONE',  #952 ) ;
#6508 = DIRECTION ( 'NONE',  ( 0.000000000000000000, -5.721188726109771708E-18, -1.000000000000000000 ) ) ;
#6509 = ORIENTED_EDGE ( 'NONE', *, *, #1225, .T. ) ;
#6510 = ORIENTED_EDGE ( 'NONE', *, *, #848, .F. ) ;
#6511 = ORIENTED_EDGE ( 'NONE', *, *, #7794, .F. ) ;
#6512 = DIRECTION ( 'NONE',  ( 0.000000000000000000, 1.000000000000000000, -1.554312234475219798E-16 ) ) ;
#6513 = EDGE_CURVE ( 'NONE', #6100, #4137, #8264, .T. ) ;
#6514 = EDGE_CURVE ( 'NONE', #1302, #1164, #4867, .T. ) ;
#6515 = DIRECTION ( 'NONE',  ( -1.000000000000000000, 1.162777738600123684E-32, -2.094674156109690011E-16 ) ) ;
#6516 = PLANE ( 'NONE',  #8165 ) ;
#6517 = CARTESIAN_POINT ( 'NONE',  ( 38.41721509500220577, 5.000000000000000000, -1.500000000000012657 ) ) ;
#6518 = LINE ( 'NONE', #1821, #4770 ) ;
#6519 = VERTEX_POINT ( 'NONE', #8396 ) ;
#6520 = VERTEX_POINT ( 'NONE', #337 ) ;
#6521 = ORIENTED_EDGE ( 'NONE', *, *, #631, .T. ) ;
#6522 = ORIENTED_EDGE ( 'NONE', *, *, #4387, .T. ) ;
#6523 = DIRECTION ( 'NONE',  ( -1.235726496974089760E-16, -5.551115123125782702E-17, 1.000000000000000000 ) ) ;
#6524 = DIRECTION ( 'NONE',  ( 1.000000000000000000, 0.000000000000000000, 0.000000000000000000 ) ) ;
#6525 = DIRECTION ( 'NONE',  ( -1.540743955509794977E-32, -1.000000000000000000, 1.722546424198833760E-16 ) ) ;
#6526 = CARTESIAN_POINT ( 'NONE',  ( 5.850000000000004086, -5.000000000000000000, -8.500000000000010658 ) ) ;
#6527 = ORIENTED_EDGE ( 'NONE', *, *, #6347, .F. ) ;
#6528 = ORIENTED_EDGE ( 'NONE', *, *, #7131, .F. ) ;
#6529 = PLANE ( 'NONE',  #492 ) ;
#6530 = DIRECTION ( 'NONE',  ( -1.000000000000000000, -9.320190279076286685E-33, -1.678976218714790288E-16 ) ) ;
#6531 = ORIENTED_EDGE ( 'NONE', *, *, #2584, .T. ) ;
#6532 = CARTESIAN_POINT ( 'NONE',  ( 48.90992059245890289, -1.300000000000000044, -8.000000000000012434 ) ) ;
#6533 = CARTESIAN_POINT ( 'NONE',  ( 16.99654675138050308, -5.000000000000000000, -11.50000000000001243 ) ) ;
#6534 = FACE_OUTER_BOUND ( 'NONE', #8189, .T. ) ;
#6535 = EDGE_CURVE ( 'NONE', #5225, #5211, #5177, .T. ) ;
#6536 = ADVANCED_FACE ( 'NONE', ( #8444 ), #2334, .F. ) ;
#6537 = VERTEX_POINT ( 'NONE', #469 ) ;
#6538 = AXIS2_PLACEMENT_3D ( 'NONE', #4167, #3586, #1634 ) ;
#6539 = VERTEX_POINT ( 'NONE', #1673 ) ;
#6540 = CARTESIAN_POINT ( 'NONE',  ( -13.85425588958379528, 5.000000000000000000, -3.525097310286012586 ) ) ;
#6541 = LINE ( 'NONE', #6502, #6612 ) ;
#6542 = LINE ( 'NONE', #1850, #2616 ) ;
#6543 = DIRECTION ( 'NONE',  ( -1.000000000000000000, 0.000000000000000000, 0.000000000000000000 ) ) ;
#6544 = CARTESIAN_POINT ( 'NONE',  ( -7.175732398095195919, 5.000000000000000000, -3.600000000000012079 ) ) ;
#6545 = DIRECTION ( 'NONE',  ( 0.000000000000000000, 1.000000000000000000, -1.110223024625156787E-16 ) ) ;
#6546 = CARTESIAN_POINT ( 'NONE',  ( -16.49999999999999645, -5.000000000000000000, -14.20000000000001172 ) ) ;
#6547 = AXIS2_PLACEMENT_3D ( 'NONE', #7113, #4466, #7778 ) ;
#6548 = ORIENTED_EDGE ( 'NONE', *, *, #2148, .T. ) ;
#6549 = VERTEX_POINT ( 'NONE', #3178 ) ;
#6550 = ORIENTED_EDGE ( 'NONE', *, *, #5058, .T. ) ;
#6551 = FACE_OUTER_BOUND ( 'NONE', #8208, .T. ) ;
#6552 = CIRCLE ( 'NONE', #743, 0.5000000000000004441 ) ;
#6553 = LINE ( 'NONE', #7960, #750 ) ;
#6554 = LINE ( 'NONE', #7924, #7330 ) ;
#6555 = CARTESIAN_POINT ( 'NONE',  ( 8.092759126866024388, 5.000000000000000000, -7.642530422886743224 ) ) ;
#6556 = CARTESIAN_POINT ( 'NONE',  ( 44.88475575860120159, -5.000000000000000000, -1.600000000000011191 ) ) ;
#6557 = VECTOR ( 'NONE', #5938, 1000.000000000000000 ) ;
#6558 = VECTOR ( 'NONE', #970, 1000.000000000000000 ) ;
#6559 = VERTEX_POINT ( 'NONE', #4515 ) ;
#6560 = VERTEX_POINT ( 'NONE', #4380 ) ;
#6561 = ORIENTED_EDGE ( 'NONE', *, *, #55, .F. ) ;
#6562 = ORIENTED_EDGE ( 'NONE', *, *, #254, .F. ) ;
#6563 = DIRECTION ( 'NONE',  ( 1.000000000000000000, 0.000000000000000000, 0.000000000000000000 ) ) ;
#6564 = DIRECTION ( 'NONE',  ( 0.000000000000000000, 2.489498125257403382E-17, -1.000000000000000000 ) ) ;
#6565 = VECTOR ( 'NONE', #5001, 1000.000000000000000 ) ;
#6566 = CARTESIAN_POINT ( 'NONE',  ( 3.350000000000004086, 5.000000000000000000, -7.500000000000012434 ) ) ;
#6567 = VECTOR ( 'NONE', #3837, 1000.000000000000000 ) ;
#6568 = VERTEX_POINT ( 'NONE', #2995 ) ;
#6569 = EDGE_CURVE ( 'NONE', #6228, #1206, #1003, .T. ) ;
#6570 = ORIENTED_EDGE ( 'NONE', *, *, #4734, .F. ) ;
#6571 = FACE_OUTER_BOUND ( 'NONE', #6648, .T. ) ;
#6572 = PLANE ( 'NONE',  #5556 ) ;
#6573 = VERTEX_POINT ( 'NONE', #1623 ) ;
#6574 = PLANE ( 'NONE',  #4649 ) ;
#6575 = DIRECTION ( 'NONE',  ( 0.000000000000000000, 1.000000000000000000, -1.554312234475219798E-16 ) ) ;
#6576 = DIRECTION ( 'NONE',  ( 0.000000000000000000, 1.000000000000000000, -1.110223024625156787E-16 ) ) ;
#6577 = AXIS2_PLACEMENT_3D ( 'NONE', #671, #8739, #713 ) ;
#6578 = ORIENTED_EDGE ( 'NONE', *, *, #1521, .F. ) ;
#6579 = AXIS2_PLACEMENT_3D ( 'NONE', #8018, #1957, #2700 ) ;
#6580 = ORIENTED_EDGE ( 'NONE', *, *, #4190, .T. ) ;
#6581 = DIRECTION ( 'NONE',  ( -1.000000000000000000, -4.930380657631257003E-33, -4.440892098500630106E-16 ) ) ;
#6582 = ORIENTED_EDGE ( 'NONE', *, *, #641, .T. ) ;
#6583 = DIRECTION ( 'NONE',  ( 1.000000000000000000, -6.932419317662529732E-33, 1.248833642232039882E-16 ) ) ;
#6584 = DIRECTION ( 'NONE',  ( -4.961890612849859358E-16, 1.110223024625156787E-16, 1.000000000000000000 ) ) ;
#6585 = DIRECTION ( 'NONE',  ( 0.000000000000000000, 1.000000000000000000, -1.110223024625156787E-16 ) ) ;
#6586 = DIRECTION ( 'NONE',  ( -0.000000000000000000, -1.000000000000000000, 2.310464132328026570E-16 ) ) ;
#6587 = ADVANCED_FACE ( 'NONE', ( #3665 ), #8576, .F. ) ;
#6588 = ORIENTED_EDGE ( 'NONE', *, *, #8618, .T. ) ;
#6589 = ORIENTED_EDGE ( 'NONE', *, *, #7618, .T. ) ;
#6590 = ORIENTED_EDGE ( 'NONE', *, *, #2768, .T. ) ;
#6591 = DIRECTION ( 'NONE',  ( -0.9342201547964009700, -2.040730474609266834E-18, -0.3566969335054459567 ) ) ;
#6592 = VECTOR ( 'NONE', #4266, 1000.000000000000000 ) ;
#6593 = DIRECTION ( 'NONE',  ( -0.7088405959659689337, -3.915582883805507349E-17, 0.7053687046577910014 ) ) ;
#6594 = CARTESIAN_POINT ( 'NONE',  ( 3.550000000000004263, -5.000000000000000000, -7.500000000000011546 ) ) ;
#6595 = EDGE_CURVE ( 'NONE', #4197, #478, #7181, .T. ) ;
#6596 = LINE ( 'NONE', #4658, #6182 ) ;
#6597 = EDGE_CURVE ( 'NONE', #43, #5590, #3042, .T. ) ;
#6598 = DIRECTION ( 'NONE',  ( 0.000000000000000000, 1.000000000000000000, -2.220446049250308890E-17 ) ) ;
#6599 = CIRCLE ( 'NONE', #1505, 0.4999999999999995559 ) ;
#6600 = AXIS2_PLACEMENT_3D ( 'NONE', #2128, #4347, #2873 ) ;
#6601 = ORIENTED_EDGE ( 'NONE', *, *, #2316, .F. ) ;
#6602 = VERTEX_POINT ( 'NONE', #4423 ) ;
#6603 = EDGE_LOOP ( 'NONE', ( #6014, #7220, #7178, #2256 ) ) ;
#6604 = VERTEX_POINT ( 'NONE', #7114 ) ;
#6605 = LINE ( 'NONE', #5984, #918 ) ;
#6606 = AXIS2_PLACEMENT_3D ( 'NONE', #5572, #6143, #3490 ) ;
#6607 = FACE_OUTER_BOUND ( 'NONE', #2879, .T. ) ;
#6608 = VECTOR ( 'NONE', #6643, 1000.000000000000114 ) ;
#6609 = SURFACE_STYLE_USAGE ( .BOTH. , #3160 ) ;
#6610 = LINE ( 'NONE', #3871, #5353 ) ;
#6611 = EDGE_CURVE ( 'NONE', #3314, #3796, #6541, .T. ) ;
#6612 = VECTOR ( 'NONE', #2379, 1000.000000000000000 ) ;
#6613 = VECTOR ( 'NONE', #4229, 1000.000000000000114 ) ;
#6614 = VERTEX_POINT ( 'NONE', #4999 ) ;
#6615 = ORIENTED_EDGE ( 'NONE', *, *, #2306, .F. ) ;
#6616 = CARTESIAN_POINT ( 'NONE',  ( 15.30203678697560399, -7.000000000000000000, -6.300000000000010481 ) ) ;
#6617 = CARTESIAN_POINT ( 'NONE',  ( 7.901193869821793392, -5.000000000000000000, -7.500000000000011546 ) ) ;
#6618 = VERTEX_POINT ( 'NONE', #5882 ) ;
#6619 = CARTESIAN_POINT ( 'NONE',  ( 39.10836255635121006, -1.300000000000000044, -5.100000000000012079 ) ) ;
#6620 = CARTESIAN_POINT ( 'NONE',  ( -12.29999999999999538, 5.000000000000000000, -17.80000000000001492 ) ) ;
#6621 = EDGE_CURVE ( 'NONE', #8305, #1558, #7686, .T. ) ;
#6622 = EDGE_CURVE ( 'NONE', #6614, #5388, #7029, .T. ) ;
#6623 = CYLINDRICAL_SURFACE ( 'NONE', #2533, 0.9999999999999996669 ) ;
#6624 = VECTOR ( 'NONE', #4413, 1000.000000000000000 ) ;
#6625 = ORIENTED_EDGE ( 'NONE', *, *, #2545, .F. ) ;
#6626 = CIRCLE ( 'NONE', #3807, 0.5000000000000000000 ) ;
#6627 = VERTEX_POINT ( 'NONE', #1712 ) ;
#6628 = DIRECTION ( 'NONE',  ( 0.000000000000000000, 1.000000000000000000, -1.332267629550187799E-16 ) ) ;
#6629 = VERTEX_POINT ( 'NONE', #1044 ) ;
#6630 = CARTESIAN_POINT ( 'NONE',  ( 48.38475575860120159, -5.000000000000000000, -1.500000000000011768 ) ) ;
#6631 = FACE_OUTER_BOUND ( 'NONE', #8680, .T. ) ;
#6632 = EDGE_CURVE ( 'NONE', #594, #7977, #3754, .T. ) ;
#6633 = LINE ( 'NONE', #687, #4450 ) ;
#6634 = FACE_OUTER_BOUND ( 'NONE', #4736, .T. ) ;
#6635 = AXIS2_PLACEMENT_3D ( 'NONE', #63, #7592, #4822 ) ;
#6636 = ADVANCED_FACE ( 'NONE', ( #384 ), #3093, .F. ) ;
#6637 = VERTEX_POINT ( 'NONE', #7819 ) ;
#6638 = VERTEX_POINT ( 'NONE', #1755 ) ;
#6639 = CARTESIAN_POINT ( 'NONE',  ( -10.55128150897169625, -5.000000000000000000, -5.732415503398281764 ) ) ;
#6640 = VECTOR ( 'NONE', #5514, 1000.000000000000000 ) ;
#6641 = DIRECTION ( 'NONE',  ( 0.000000000000000000, 1.000000000000000000, -1.722546424198833760E-16 ) ) ;
#6642 = LINE ( 'NONE', #3320, #1112 ) ;
#6643 = DIRECTION ( 'NONE',  ( 0.9222883124855701942, 7.951046527363283481E-17, 0.3865026114433370297 ) ) ;
#6644 = CARTESIAN_POINT ( 'NONE',  ( -19.99999999999999645, 5.000000000000000000, -14.20000000000001172 ) ) ;
#6645 = VERTEX_POINT ( 'NONE', #4467 ) ;
#6646 = EDGE_CURVE ( 'NONE', #481, #8017, #429, .T. ) ;
#6647 = EDGE_CURVE ( 'NONE', #6970, #4816, #5834, .T. ) ;
#6648 = EDGE_LOOP ( 'NONE', ( #1264, #3773, #8564, #302 ) ) ;
#6649 = DIRECTION ( 'NONE',  ( 0.000000000000000000, 1.000000000000000000, -1.110223024625156787E-16 ) ) ;
#6650 = ORIENTED_EDGE ( 'NONE', *, *, #3906, .F. ) ;
#6651 = DIRECTION ( 'NONE',  ( 0.000000000000000000, 1.000000000000000000, -1.110223024625156787E-16 ) ) ;
#6652 = CARTESIAN_POINT ( 'NONE',  ( 4.500000000000003553, 1.300000000000000044, -9.000000000000012434 ) ) ;
#6653 = CARTESIAN_POINT ( 'NONE',  ( 13.04430728931654393, 1.300000000000000044, -7.700000000000012612 ) ) ;
#6654 = DIRECTION ( 'NONE',  ( -1.540743955509790051E-33, 1.000000000000000000, -1.722546424198833760E-16 ) ) ;
#6655 = ORIENTED_EDGE ( 'NONE', *, *, #5537, .F. ) ;
#6656 = ORIENTED_EDGE ( 'NONE', *, *, #5059, .T. ) ;
#6657 = ORIENTED_EDGE ( 'NONE', *, *, #6293, .T. ) ;
#6658 = DIRECTION ( 'NONE',  ( 0.000000000000000000, 1.000000000000000000, -3.510705240030896601E-16 ) ) ;
#6659 = CARTESIAN_POINT ( 'NONE',  ( -9.175732398095195919, 1.300000000000000044, -3.100000000000012523 ) ) ;
#6660 = ORIENTED_EDGE ( 'NONE', *, *, #3119, .F. ) ;
#6661 = DIRECTION ( 'NONE',  ( 1.561251128379126385E-14, 0.000000000000000000, 1.000000000000000000 ) ) ;
#6662 = CARTESIAN_POINT ( 'NONE',  ( 9.690846643908363589, -1.300000000000000044, -7.700000000000012612 ) ) ;
#6663 = CARTESIAN_POINT ( 'NONE',  ( 42.36220412055560303, 1.300000000000000044, -10.50000000000001243 ) ) ;
#6664 = ORIENTED_EDGE ( 'NONE', *, *, #8406, .F. ) ;
#6665 = EDGE_LOOP ( 'NONE', ( #6376, #3255, #46, #6589 ) ) ;
#6666 = ADVANCED_FACE ( 'NONE', ( #7206 ), #5929, .F. ) ;
#6667 = FACE_OUTER_BOUND ( 'NONE', #2668, .T. ) ;
#6668 = VERTEX_POINT ( 'NONE', #6630 ) ;
#6669 = CARTESIAN_POINT ( 'NONE',  ( 17.99654675138050308, -5.000000000000000000, -6.800000000000010481 ) ) ;
#6670 = CARTESIAN_POINT ( 'NONE',  ( 17.26568092078370498, -5.000000000000000000, -9.754673950505283742 ) ) ;
#6671 = LINE ( 'NONE', #3310, #5861 ) ;
#6672 = DIRECTION ( 'NONE',  ( 0.2873478855663469944, 5.317003977218519999E-17, -0.9578262852211508749 ) ) ;
#6673 = ORIENTED_EDGE ( 'NONE', *, *, #7170, .F. ) ;
#6674 = ORIENTED_EDGE ( 'NONE', *, *, #1629, .F. ) ;
#6675 = EDGE_LOOP ( 'NONE', ( #2704, #7563, #4695, #5090 ) ) ;
#6676 = DIRECTION ( 'NONE',  ( -1.000000000000000000, 0.000000000000000000, 0.000000000000000000 ) ) ;
#6677 = DIRECTION ( 'NONE',  ( 0.000000000000000000, 1.000000000000000000, -1.722546424198833760E-16 ) ) ;
#6678 = CARTESIAN_POINT ( 'NONE',  ( -47.79999999999999716, 5.000000000000000000, -0.5000000000000125455 ) ) ;
#6679 = DIRECTION ( 'NONE',  ( 1.000000000000000000, -0.000000000000000000, 0.000000000000000000 ) ) ;
#6680 = CIRCLE ( 'NONE', #462, 0.5000000000000004441 ) ;
#6681 = PLANE ( 'NONE',  #4491 ) ;
#6682 = ORIENTED_EDGE ( 'NONE', *, *, #322, .F. ) ;
#6683 = ORIENTED_EDGE ( 'NONE', *, *, #6800, .F. ) ;
#6684 = AXIS2_PLACEMENT_3D ( 'NONE', #3886, #6581, #723 ) ;
#6685 = PLANE ( 'NONE',  #8656 ) ;
#6686 = ORIENTED_EDGE ( 'NONE', *, *, #4196, .T. ) ;
#6687 = CARTESIAN_POINT ( 'NONE',  ( 62.00000000000000711, -5.000000000000000000, -13.20000000000000995 ) ) ;
#6688 = CARTESIAN_POINT ( 'NONE',  ( -8.182379646400995910, -1.300000000000000266, -3.203695419137131406 ) ) ;
#6689 = PLANE ( 'NONE',  #4628 ) ;
#6690 = EDGE_CURVE ( 'NONE', #6100, #2298, #2682, .T. ) ;
#6691 = ADVANCED_FACE ( 'NONE', ( #5351 ), #3308, .F. ) ;
#6692 = VECTOR ( 'NONE', #1277, 1000.000000000000000 ) ;
#6693 = VECTOR ( 'NONE', #8016, 1000.000000000000000 ) ;
#6694 = ORIENTED_EDGE ( 'NONE', *, *, #895, .T. ) ;
#6695 = ORIENTED_EDGE ( 'NONE', *, *, #4101, .T. ) ;
#6696 = VECTOR ( 'NONE', #3803, 1000.000000000000000 ) ;
#6697 = ORIENTED_EDGE ( 'NONE', *, *, #7709, .T. ) ;
#6698 = FACE_OUTER_BOUND ( 'NONE', #6092, .T. ) ;
#6699 = DIRECTION ( 'NONE',  ( 1.000000000000000000, 7.006435460748519203E-34, 1.224646799147350002E-16 ) ) ;
#6700 = VERTEX_POINT ( 'NONE', #561 ) ;
#6701 = DIRECTION ( 'NONE',  ( 0.000000000000000000, 1.000000000000000000, -1.722546424198833760E-16 ) ) ;
#6702 = CARTESIAN_POINT ( 'NONE',  ( 13.72564358472555313, -1.300000000000000044, -7.186405786944511931 ) ) ;
#6703 = LINE ( 'NONE', #8072, #833 ) ;
#6704 = DIRECTION ( 'NONE',  ( 1.366428338000190029E-16, -3.330669073875466417E-17, -1.000000000000000000 ) ) ;
#6705 = EDGE_CURVE ( 'NONE', #597, #320, #4020, .T. ) ;
#6706 = EDGE_CURVE ( 'NONE', #5578, #8682, #8706, .T. ) ;
#6707 = VECTOR ( 'NONE', #252, 1000.000000000000000 ) ;
#6708 = ORIENTED_EDGE ( 'NONE', *, *, #8729, .T. ) ;
#6709 = ORIENTED_EDGE ( 'NONE', *, *, #6935, .T. ) ;
#6710 = DIRECTION ( 'NONE',  ( 0.000000000000000000, -1.000000000000000000, 1.110223024625156787E-16 ) ) ;
#6711 = ORIENTED_EDGE ( 'NONE', *, *, #1936, .F. ) ;
#6712 = DIRECTION ( 'NONE',  ( -0.000000000000000000, -1.000000000000000000, 1.826495943738160617E-16 ) ) ;
#6713 = CARTESIAN_POINT ( 'NONE',  ( 5.750000000000004441, -5.000000000000000000, -7.700000000000011724 ) ) ;
#6714 = VECTOR ( 'NONE', #2988, 1000.000000000000000 ) ;
#6715 = LINE ( 'NONE', #6053, #1184 ) ;
#6716 = CARTESIAN_POINT ( 'NONE',  ( 60.50000000000000711, 3.699999999999999289, -11.90000000000001101 ) ) ;
#6717 = EDGE_CURVE ( 'NONE', #1753, #2902, #6759, .T. ) ;
#6718 = ADVANCED_FACE ( 'NONE', ( #2550 ), #5966, .F. ) ;
#6719 = CIRCLE ( 'NONE', #3039, 0.1999999999999996503 ) ;
#6720 = VERTEX_POINT ( 'NONE', #6669 ) ;
#6721 = ORIENTED_EDGE ( 'NONE', *, *, #2910, .F. ) ;
#6722 = VERTEX_POINT ( 'NONE', #6093 ) ;
#6723 = LINE ( 'NONE', #648, #3292 ) ;
#6724 = LINE ( 'NONE', #7347, #8102 ) ;
#6725 = DIRECTION ( 'NONE',  ( 1.000000000000000000, 0.000000000000000000, 0.000000000000000000 ) ) ;
#6726 = DIRECTION ( 'NONE',  ( 0.000000000000000000, -2.310464132328026570E-16, -1.000000000000000000 ) ) ;
#6727 = EDGE_CURVE ( 'NONE', #8057, #7253, #5264, .T. ) ;
#6728 = AXIS2_PLACEMENT_3D ( 'NONE', #359, #5815, #8508 ) ;
#6729 = CARTESIAN_POINT ( 'NONE',  ( 59.50000000000000711, 7.699999999999999289, -10.90000000000001457 ) ) ;
#6730 = ORIENTED_EDGE ( 'NONE', *, *, #3011, .T. ) ;
#6731 = CIRCLE ( 'NONE', #1922, 1.000000000000000000 ) ;
#6732 = CARTESIAN_POINT ( 'NONE',  ( -17.99999999999999645, 1.300000000000000044, -9.700000000000011724 ) ) ;
#6733 = ORIENTED_EDGE ( 'NONE', *, *, #8269, .T. ) ;
#6734 = PLANE ( 'NONE',  #6579 ) ;
#6735 = CARTESIAN_POINT ( 'NONE',  ( -10.55128150897169625, 5.000000000000000000, -5.732415503398282652 ) ) ;
#6736 = DIRECTION ( 'NONE',  ( 0.000000000000000000, 1.000000000000000000, -3.510705240030896601E-16 ) ) ;
#6737 = VECTOR ( 'NONE', #3377, 1000.000000000000000 ) ;
#6738 = VECTOR ( 'NONE', #630, 1000.000000000000000 ) ;
#6739 = ORIENTED_EDGE ( 'NONE', *, *, #8182, .T. ) ;
#6740 = AXIS2_PLACEMENT_3D ( 'NONE', #6989, #4252, #5538 ) ;
#6741 = AXIS2_PLACEMENT_3D ( 'NONE', #6652, #1998, #4128 ) ;
#6742 = ORIENTED_EDGE ( 'NONE', *, *, #1186, .F. ) ;
#6743 = LINE ( 'NONE', #5292, #4037 ) ;
#6744 = CARTESIAN_POINT ( 'NONE',  ( -3.199999999999996181, -5.000000000000000000, -9.000000000000010658 ) ) ;
#6745 = ORIENTED_EDGE ( 'NONE', *, *, #7633, .F. ) ;
#6746 = LINE ( 'NONE', #8200, #2514 ) ;
#6747 = CARTESIAN_POINT ( 'NONE',  ( -5.385732398095166573, 5.000000000000000000, -0.5000000000000125455 ) ) ;
#6748 = DIRECTION ( 'NONE',  ( 0.000000000000000000, 1.000000000000000000, -2.220446049250318751E-17 ) ) ;
#6749 = DIRECTION ( 'NONE',  ( 0.000000000000000000, 1.000000000000000000, -1.110223024625156787E-16 ) ) ;
#6750 = VECTOR ( 'NONE', #2460, 1000.000000000000114 ) ;
#6751 = VECTOR ( 'NONE', #3624, 1000.000000000000000 ) ;
#6752 = EDGE_LOOP ( 'NONE', ( #103, #5019, #8466, #6946 ) ) ;
#6753 = EDGE_CURVE ( 'NONE', #7253, #7374, #1931, .T. ) ;
#6754 = EDGE_CURVE ( 'NONE', #5471, #5440, #5305, .T. ) ;
#6755 = ORIENTED_EDGE ( 'NONE', *, *, #2627, .T. ) ;
#6756 = DIRECTION ( 'NONE',  ( -0.000000000000000000, -1.000000000000000000, 1.722546424198833760E-16 ) ) ;
#6757 = AXIS2_PLACEMENT_3D ( 'NONE', #3879, #3338, #7235 ) ;
#6758 = ORIENTED_EDGE ( 'NONE', *, *, #5521, .T. ) ;
#6759 = LINE ( 'NONE', #7994, #5208 ) ;
#6760 = LINE ( 'NONE', #60, #4614 ) ;
#6761 = CARTESIAN_POINT ( 'NONE',  ( -41.30664724830590018, -1.300000000000000044, -5.203695419137131850 ) ) ;
#6762 = CARTESIAN_POINT ( 'NONE',  ( -41.29999999999999716, 1.300000000000000044, -4.600000000000012079 ) ) ;
#6763 = ORIENTED_EDGE ( 'NONE', *, *, #1170, .T. ) ;
#6764 = VERTEX_POINT ( 'NONE', #7334 ) ;
#6765 = ORIENTED_EDGE ( 'NONE', *, *, #5322, .T. ) ;
#6766 = DIRECTION ( 'NONE',  ( -6.130680781421069240E-46, 1.000000000000000000, -3.083952846180986336E-16 ) ) ;
#6767 = CARTESIAN_POINT ( 'NONE',  ( -11.64010186252859391, -5.000000000000000000, -4.600000000000011191 ) ) ;
#6768 = CARTESIAN_POINT ( 'NONE',  ( -5.885732398095194995, -7.000000000000000888, -1.100000000000010747 ) ) ;
#6769 = VECTOR ( 'NONE', #2200, 1000.000000000000000 ) ;
#6770 = DIRECTION ( 'NONE',  ( -0.06161043017132547539, 5.540569519655588834E-17, -0.9981002729656495154 ) ) ;
#6771 = FACE_OUTER_BOUND ( 'NONE', #8659, .T. ) ;
#6772 = VECTOR ( 'NONE', #4732, 1000.000000000000000 ) ;
#6773 = ORIENTED_EDGE ( 'NONE', *, *, #4945, .F. ) ;
#6774 = CARTESIAN_POINT ( 'NONE',  ( -50.29999999999999716, 5.000000000000000000, -5.100000000000012079 ) ) ;
#6775 = ORIENTED_EDGE ( 'NONE', *, *, #7906, .T. ) ;
#6776 = CARTESIAN_POINT ( 'NONE',  ( -15.99999999999999645, -5.000000000000000000, -12.70000000000001172 ) ) ;
#6777 = DIRECTION ( 'NONE',  ( -1.540743955509790051E-33, 1.000000000000000000, -1.722546424198833760E-16 ) ) ;
#6778 = CARTESIAN_POINT ( 'NONE',  ( -13.29649445451299528, -4.999999999999999112, -3.203695419137131406 ) ) ;
#6779 = CIRCLE ( 'NONE', #5239, 0.5000000000000004441 ) ;
#6780 = ORIENTED_EDGE ( 'NONE', *, *, #811, .F. ) ;
#6781 = VECTOR ( 'NONE', #2572, 1000.000000000000000 ) ;
#6782 = EDGE_LOOP ( 'NONE', ( #8154, #5091, #6196, #4443 ) ) ;
#6783 = LINE ( 'NONE', #44, #6148 ) ;
#6784 = DIRECTION ( 'NONE',  ( -1.235726496974089760E-16, -5.551115123125785167E-17, 1.000000000000000000 ) ) ;
#6785 = ORIENTED_EDGE ( 'NONE', *, *, #6842, .F. ) ;
#6786 = FACE_OUTER_BOUND ( 'NONE', #7887, .T. ) ;
#6787 = CARTESIAN_POINT ( 'NONE',  ( 19.50118481382170188, -5.000000000000000000, -16.30000000000001137 ) ) ;
#6788 = LINE ( 'NONE', #3470, #7210 ) ;
#6789 = LINE ( 'NONE', #719, #3936 ) ;
#6790 = EDGE_CURVE ( 'NONE', #623, #8305, #1267, .T. ) ;
#6791 = ORIENTED_EDGE ( 'NONE', *, *, #7883, .T. ) ;
#6792 = VERTEX_POINT ( 'NONE', #8042 ) ;
#6793 = CARTESIAN_POINT ( 'NONE',  ( -5.385732398095166573, -5.000000000000000000, -1.100000000000010747 ) ) ;
#6794 = ORIENTED_EDGE ( 'NONE', *, *, #3145, .T. ) ;
#6795 = CARTESIAN_POINT ( 'NONE',  ( -11.54247580599919765, 5.000000000000000000, -4.600000000000012079 ) ) ;
#6796 = CARTESIAN_POINT ( 'NONE',  ( 39.88475575860120159, -5.000000000000000000, -1.600000000000011191 ) ) ;
#6797 = DIRECTION ( 'NONE',  ( -1.235726496974089760E-16, 1.110223024625156787E-16, 1.000000000000000000 ) ) ;
#6798 = DIRECTION ( 'NONE',  ( 1.000000000000000000, -7.126552700754129169E-33, 1.283805603502099920E-16 ) ) ;
#6799 = EDGE_CURVE ( 'NONE', #3740, #1272, #598, .T. ) ;
#6800 = EDGE_CURVE ( 'NONE', #1863, #3992, #1978, .T. ) ;
#6801 = EDGE_CURVE ( 'NONE', #7976, #5730, #8078, .T. ) ;
#6802 = EDGE_CURVE ( 'NONE', #7167, #8205, #8306, .T. ) ;
#6803 = EDGE_LOOP ( 'NONE', ( #6765, #3061, #7244, #2057 ) ) ;
#6804 = VERTEX_POINT ( 'NONE', #1888 ) ;
#6805 = ORIENTED_EDGE ( 'NONE', *, *, #8514, .T. ) ;
#6806 = CARTESIAN_POINT ( 'NONE',  ( -52.50000000000000000, -7.000000000000000888, -0.5000000000000108802 ) ) ;
#6807 = CARTESIAN_POINT ( 'NONE',  ( -13.35989813747139365, 1.300000000000000044, -3.100000000000012523 ) ) ;
#6808 = CYLINDRICAL_SURFACE ( 'NONE', #4295, 0.5000000000000004441 ) ;
#6809 = CARTESIAN_POINT ( 'NONE',  ( 6.050000000000004263, -5.000000000000000000, -10.50000000000001066 ) ) ;
#6810 = DIRECTION ( 'NONE',  ( 0.000000000000000000, 0.000000000000000000, 1.000000000000000000 ) ) ;
#6811 = CARTESIAN_POINT ( 'NONE',  ( 4.529377692776864528, -5.000000000000000000, -12.95038905019667297 ) ) ;
#6812 = EDGE_CURVE ( 'NONE', #6439, #5202, #1849, .T. ) ;
#6813 = VERTEX_POINT ( 'NONE', #4066 ) ;
#6814 = LINE ( 'NONE', #6774, #881 ) ;
#6815 = ORIENTED_EDGE ( 'NONE', *, *, #6021, .T. ) ;
#6816 = DIRECTION ( 'NONE',  ( 0.000000000000000000, 1.000000000000000000, -1.722546424198833760E-16 ) ) ;
#6817 = LINE ( 'NONE', #2039, #794 ) ;
#6818 = CARTESIAN_POINT ( 'NONE',  ( -41.29999999999999716, 1.300000000000000044, -1.500000000000012657 ) ) ;
#6819 = VECTOR ( 'NONE', #2197, 1000.000000000000000 ) ;
#6820 = EDGE_CURVE ( 'NONE', #6559, #2681, #3934, .T. ) ;
#6821 = EDGE_CURVE ( 'NONE', #8174, #3213, #2852, .T. ) ;
#6822 = VERTEX_POINT ( 'NONE', #6795 ) ;
#6823 = ORIENTED_EDGE ( 'NONE', *, *, #1738, .F. ) ;
#6824 = CARTESIAN_POINT ( 'NONE',  ( 17.26568092078370498, -5.000000000000000000, -9.754673950505283742 ) ) ;
#6825 = LINE ( 'NONE', #3515, #6417 ) ;
#6826 = ORIENTED_EDGE ( 'NONE', *, *, #1473, .T. ) ;
#6827 = DIRECTION ( 'NONE',  ( 0.000000000000000000, 1.000000000000000000, -5.911187455436646521E-16 ) ) ;
#6828 = LINE ( 'NONE', #6747, #2348 ) ;
#6829 = VECTOR ( 'NONE', #7586, 1000.000000000000000 ) ;
#6830 = DIRECTION ( 'NONE',  ( 0.0008515410813585736708, 5.721186651829009756E-18, 0.9999996374388276932 ) ) ;
#6831 = LINE ( 'NONE', #6042, #5485 ) ;
#6832 = EDGE_CURVE ( 'NONE', #6520, #5291, #4147, .T. ) ;
#6833 = AXIS2_PLACEMENT_3D ( 'NONE', #3945, #6641, #1491 ) ;
#6834 = ORIENTED_EDGE ( 'NONE', *, *, #5521, .F. ) ;
#6835 = VERTEX_POINT ( 'NONE', #4951 ) ;
#6836 = LINE ( 'NONE', #8250, #1313 ) ;
#6837 = ORIENTED_EDGE ( 'NONE', *, *, #4388, .T. ) ;
#6838 = CARTESIAN_POINT ( 'NONE',  ( 3.050000000000004263, -5.000000000000000000, -8.700000000000011724 ) ) ;
#6839 = FACE_OUTER_BOUND ( 'NONE', #1814, .T. ) ;
#6840 = CARTESIAN_POINT ( 'NONE',  ( 2.325479355399663994, -5.000000000000000000, -14.76600085857938183 ) ) ;
#6841 = PLANE ( 'NONE',  #8046 ) ;
#6842 = EDGE_CURVE ( 'NONE', #8148, #6083, #4856, .T. ) ;
#6843 = VECTOR ( 'NONE', #2157, 1000.000000000000114 ) ;
#6844 = ORIENTED_EDGE ( 'NONE', *, *, #3142, .F. ) ;
#6845 = ORIENTED_EDGE ( 'NONE', *, *, #6611, .T. ) ;
#6846 = AXIS2_PLACEMENT_3D ( 'NONE', #2849, #1657, #7060 ) ;
#6847 = ORIENTED_EDGE ( 'NONE', *, *, #6802, .T. ) ;
#6848 = PLANE ( 'NONE',  #3863 ) ;
#6849 = EDGE_CURVE ( 'NONE', #5042, #8047, #2814, .T. ) ;
#6850 = CARTESIAN_POINT ( 'NONE',  ( -7.799999999999996270, -5.000000000000000000, -4.600000000000011191 ) ) ;
#6851 = DIRECTION ( 'NONE',  ( 0.000000000000000000, 1.000000000000000000, -1.110223024625156787E-16 ) ) ;
#6852 = CARTESIAN_POINT ( 'NONE',  ( 39.88475575860120159, -5.000000000000000000, -1.600000000000011191 ) ) ;
#6853 = DIRECTION ( 'NONE',  ( 0.000000000000000000, 1.000000000000000000, -1.722546424198833760E-16 ) ) ;
#6854 = CARTESIAN_POINT ( 'NONE',  ( -23.01238207896989607, -1.300000000000000266, -1.603695419137131761 ) ) ;
#6855 = AXIS2_PLACEMENT_3D ( 'NONE', #2311, #93, #7574 ) ;
#6856 = EDGE_LOOP ( 'NONE', ( #4586, #1103, #1952, #7154, #1124, #5419, #638, #4863, #5945, #2949, #4092, #8219, #4134, #3325, #1964, #8049, #4211, #3749 ) ) ;
#6857 = ORIENTED_EDGE ( 'NONE', *, *, #6055, .F. ) ;
#6858 = DIRECTION ( 'NONE',  ( -0.000000000000000000, -1.000000000000000000, 1.722546424198833760E-16 ) ) ;
#6859 = EDGE_CURVE ( 'NONE', #7766, #5427, #59, .T. ) ;
#6860 = EDGE_CURVE ( 'NONE', #5649, #2902, #4107, .T. ) ;
#6861 = AXIS2_PLACEMENT_3D ( 'NONE', #2248, #912, #293 ) ;
#6862 = ORIENTED_EDGE ( 'NONE', *, *, #4616, .T. ) ;
#6863 = DIRECTION ( 'NONE',  ( 0.000000000000000000, -5.721188726109771708E-18, -1.000000000000000000 ) ) ;
#6864 = DIRECTION ( 'NONE',  ( 1.000000000000000000, 0.000000000000000000, -0.000000000000000000 ) ) ;
#6865 = AXIS2_PLACEMENT_3D ( 'NONE', #4148, #4021, #726 ) ;
#6866 = PLANE ( 'NONE',  #904 ) ;
#6867 = ORIENTED_EDGE ( 'NONE', *, *, #424, .F. ) ;
#6868 = ORIENTED_EDGE ( 'NONE', *, *, #2641, .T. ) ;
#6869 = CARTESIAN_POINT ( 'NONE',  ( -11.39999999999999680, -5.000000000000000000, -12.08548524598517204 ) ) ;
#6870 = CARTESIAN_POINT ( 'NONE',  ( 4.568935888694587888, 5.000000000000000000, -13.34512767535520261 ) ) ;
#6871 = VECTOR ( 'NONE', #4812, 1000.000000000000000 ) ;
#6872 = DIRECTION ( 'NONE',  ( 0.000000000000000000, 0.000000000000000000, 1.000000000000000000 ) ) ;
#6873 = FACE_OUTER_BOUND ( 'NONE', #3125, .T. ) ;
#6874 = AXIS2_PLACEMENT_3D ( 'NONE', #7407, #1298, #4139 ) ;
#6875 = ADVANCED_FACE ( 'NONE', ( #192 ), #4776, .F. ) ;
#6876 = CARTESIAN_POINT ( 'NONE',  ( 3.404267601904844120, 5.000000000000000000, -3.600000000000012079 ) ) ;
#6877 = FACE_OUTER_BOUND ( 'NONE', #3380, .T. ) ;
#6878 = VECTOR ( 'NONE', #5238, 1000.000000000000000 ) ;
#6879 = VECTOR ( 'NONE', #7085, 1000.000000000000000 ) ;
#6880 = ORIENTED_EDGE ( 'NONE', *, *, #7157, .T. ) ;
#6881 = EDGE_CURVE ( 'NONE', #5506, #775, #951, .T. ) ;
#6882 = ORIENTED_EDGE ( 'NONE', *, *, #1716, .T. ) ;
#6883 = DIRECTION ( 'NONE',  ( 0.000000000000000000, 1.000000000000000000, -2.886579864025406611E-16 ) ) ;
#6884 = CARTESIAN_POINT ( 'NONE',  ( 3.529377692776864528, -5.000000000000000000, -12.95038905019667297 ) ) ;
#6885 = EDGE_LOOP ( 'NONE', ( #333, #6500, #2581, #873, #5484, #3267 ) ) ;
#6886 = DIRECTION ( 'NONE',  ( -1.048722950588875950E-32, -1.000000000000000000, 1.722546424198833760E-16 ) ) ;
#6887 = CARTESIAN_POINT ( 'NONE',  ( 0.3063669515916333519, -1.300000000000000044, -6.200000000000011724 ) ) ;
#6888 = LINE ( 'NONE', #7591, #1605 ) ;
#6889 = CARTESIAN_POINT ( 'NONE',  ( 24.13942544887510167, -1.300000000000000044, -6.800000000000011369 ) ) ;
#6890 = AXIS2_PLACEMENT_3D ( 'NONE', #5707, #3806, #434 ) ;
#6891 = CIRCLE ( 'NONE', #1942, 0.5000000000000003331 ) ;
#6892 = ORIENTED_EDGE ( 'NONE', *, *, #2170, .T. ) ;
#6893 = AXIS2_PLACEMENT_3D ( 'NONE', #5474, #6223, #2720 ) ;
#6894 = ORIENTED_EDGE ( 'NONE', *, *, #2203, .F. ) ;
#6895 = AXIS2_PLACEMENT_3D ( 'NONE', #3689, #7579, #8376 ) ;
#6896 = ORIENTED_EDGE ( 'NONE', *, *, #583, .F. ) ;
#6897 = LINE ( 'NONE', #116, #1879 ) ;
#6898 = CARTESIAN_POINT ( 'NONE',  ( 7.039300021928974083, -5.000000000000000000, -10.87848338918572111 ) ) ;
#6899 = DIRECTION ( 'NONE',  ( -1.000000000000000000, 0.000000000000000000, 0.000000000000000000 ) ) ;
#6900 = LINE ( 'NONE', #8356, #3947 ) ;
#6901 = FACE_OUTER_BOUND ( 'NONE', #3502, .T. ) ;
#6902 = LINE ( 'NONE', #2909, #3071 ) ;
#6903 = AXIS2_PLACEMENT_3D ( 'NONE', #1857, #7004, #3238 ) ;
#6904 = VERTEX_POINT ( 'NONE', #4901 ) ;
#6905 = ORIENTED_EDGE ( 'NONE', *, *, #1454, .T. ) ;
#6906 = FACE_OUTER_BOUND ( 'NONE', #2501, .T. ) ;
#6907 = AXIS2_PLACEMENT_3D ( 'NONE', #7162, #4383, #3892 ) ;
#6908 = ORIENTED_EDGE ( 'NONE', *, *, #4861, .F. ) ;
#6909 = DIRECTION ( 'NONE',  ( -0.9999996374388276932, 1.701720926889285802E-19, 0.0008515410813585736708 ) ) ;
#6910 = CARTESIAN_POINT ( 'NONE',  ( -26.98761792103019630, 1.300000000000000044, -5.000000000000012434 ) ) ;
#6911 = EDGE_CURVE ( 'NONE', #8328, #7614, #2144, .T. ) ;
#6912 = VECTOR ( 'NONE', #6798, 1000.000000000000000 ) ;
#6913 = EDGE_CURVE ( 'NONE', #2237, #114, #7596, .T. ) ;
#6914 = CARTESIAN_POINT ( 'NONE',  ( 25.62370992587110408, -1.300000000000000044, -12.20000000000001350 ) ) ;
#6915 = ADVANCED_FACE ( 'NONE', ( #4819 ), #4238, .F. ) ;
#6916 = ORIENTED_EDGE ( 'NONE', *, *, #5480, .T. ) ;
#6917 = ORIENTED_EDGE ( 'NONE', *, *, #187, .T. ) ;
#6918 = FACE_BOUND ( 'NONE', #2589, .T. ) ;
#6919 = VECTOR ( 'NONE', #2356, 1000.000000000000000 ) ;
#6920 = PLANE ( 'NONE',  #8036 ) ;
#6921 = DIRECTION ( 'NONE',  ( 0.000000000000000000, -5.721188726109771708E-18, -1.000000000000000000 ) ) ;
#6922 = PLANE ( 'NONE',  #5510 ) ;
#6923 = LINE ( 'NONE', #7096, #2085 ) ;
#6924 = ADVANCED_FACE ( 'NONE', ( #7588 ), #1528, .F. ) ;
#6925 = ORIENTED_EDGE ( 'NONE', *, *, #4814, .T. ) ;
#6926 = ORIENTED_EDGE ( 'NONE', *, *, #8335, .T. ) ;
#6927 = LINE ( 'NONE', #853, #209 ) ;
#6928 = CARTESIAN_POINT ( 'NONE',  ( 4.936726938305877610, 5.000000000000000000, -1.500000000000012657 ) ) ;
#6929 = EDGE_LOOP ( 'NONE', ( #7222, #931, #1217, #4808 ) ) ;
#6930 = CARTESIAN_POINT ( 'NONE',  ( 16.99654675138050308, -5.000000000000000000, -12.20000000000001172 ) ) ;
#6931 = DIRECTION ( 'NONE',  ( -0.000000000000000000, -1.000000000000000000, 1.710343578476591802E-16 ) ) ;
#6932 = LINE ( 'NONE', #5526, #2456 ) ;
#6933 = FACE_OUTER_BOUND ( 'NONE', #3748, .T. ) ;
#6934 = ADVANCED_FACE ( 'NONE', ( #8212 ), #2187, .F. ) ;
#6935 = EDGE_CURVE ( 'NONE', #6255, #560, #7036, .T. ) ;
#6936 = VERTEX_POINT ( 'NONE', #6838 ) ;
#6937 = VERTEX_POINT ( 'NONE', #856 ) ;
#6938 = VERTEX_POINT ( 'NONE', #5432 ) ;
#6939 = CARTESIAN_POINT ( 'NONE',  ( 13.72564358472555313, -1.300000000000000266, -4.000000000000011546 ) ) ;
#6940 = DIRECTION ( 'NONE',  ( -0.05237493691498949083, 1.773918773830795148E-16, 0.9986274911012368305 ) ) ;
#6941 = CARTESIAN_POINT ( 'NONE',  ( 3.550000000000004263, -5.000000000000000000, -8.500000000000010658 ) ) ;
#6942 = CARTESIAN_POINT ( 'NONE',  ( 5.529377692776864528, 5.000000000000000000, -12.95038905019667297 ) ) ;
#6943 = CARTESIAN_POINT ( 'NONE',  ( -9.175732398095195919, 5.000000000000000000, -3.100000000000012523 ) ) ;
#6944 = LINE ( 'NONE', #2828, #5343 ) ;
#6945 = EDGE_CURVE ( 'NONE', #6822, #8418, #815, .T. ) ;
#6946 = ORIENTED_EDGE ( 'NONE', *, *, #2911, .T. ) ;
#6947 = ORIENTED_EDGE ( 'NONE', *, *, #2391, .F. ) ;
#6948 = LINE ( 'NONE', #875, #3996 ) ;
#6949 = ORIENTED_EDGE ( 'NONE', *, *, #987, .F. ) ;
#6950 = DIRECTION ( 'NONE',  ( -0.9986274911012368305, 2.907393043815569890E-18, -0.05237493691498949083 ) ) ;
#6951 = FACE_OUTER_BOUND ( 'NONE', #5603, .T. ) ;
#6952 = ADVANCED_FACE ( 'NONE', ( #107 ), #150, .F. ) ;
#6953 = CARTESIAN_POINT ( 'NONE',  ( 15.00310462831780356, -5.000000000000000000, -11.20000000000001172 ) ) ;
#6954 = VECTOR ( 'NONE', #2343, 1000.000000000000000 ) ;
#6955 = VERTEX_POINT ( 'NONE', #1612 ) ;
#6956 = ORIENTED_EDGE ( 'NONE', *, *, #3022, .F. ) ;
#6957 = CARTESIAN_POINT ( 'NONE',  ( 7.901193869821793392, -5.000000000000000000, -7.700000000000011724 ) ) ;
#6958 = EDGE_CURVE ( 'NONE', #1416, #7221, #8385, .T. ) ;
#6959 = CARTESIAN_POINT ( 'NONE',  ( 48.90992059245890289, 5.000000000000000000, -8.000000000000012434 ) ) ;
#6960 = CARTESIAN_POINT ( 'NONE',  ( -12.29999999999999538, 5.000000000000000000, -17.60000000000001208 ) ) ;
#6961 = DIRECTION ( 'NONE',  ( 0.000000000000000000, 3.330669073875466417E-17, 1.000000000000000000 ) ) ;
#6962 = CARTESIAN_POINT ( 'NONE',  ( 21.98761792103010393, 1.300000000000000044, -1.500000000000012657 ) ) ;
#6963 = PRODUCT_DEFINITION_CONTEXT ( 'detailed design', #1739, 'design' ) ;
#6964 = ORIENTED_EDGE ( 'NONE', *, *, #3562, .T. ) ;
#6965 = AXIS2_PLACEMENT_3D ( 'NONE', #8383, #1744, #4987 ) ;
#6966 = ORIENTED_EDGE ( 'NONE', *, *, #6911, .T. ) ;
#6967 = DIRECTION ( 'NONE',  ( 0.000000000000000000, 1.000000000000000000, -1.776356839400250810E-16 ) ) ;
#6968 = DIRECTION ( 'NONE',  ( 1.000000000000000000, 0.000000000000000000, -0.000000000000000000 ) ) ;
#6969 = EDGE_CURVE ( 'NONE', #2737, #3100, #4320, .T. ) ;
#6970 = VERTEX_POINT ( 'NONE', #2409 ) ;
#6971 = CARTESIAN_POINT ( 'NONE',  ( 4.568935888694587888, -5.000000000000000000, -13.34512767535520084 ) ) ;
#6972 = LINE ( 'NONE', #5736, #365 ) ;
#6973 = EDGE_CURVE ( 'NONE', #4935, #1700, #4989, .T. ) ;
#6974 = LINE ( 'NONE', #8215, #5298 ) ;
#6975 = CARTESIAN_POINT ( 'NONE',  ( 61.40273861427180435, 3.699999999999999289, -8.937204990284273620 ) ) ;
#6976 = CIRCLE ( 'NONE', #3164, 0.1999999999999998723 ) ;
#6977 = VECTOR ( 'NONE', #4564, 1000.000000000000000 ) ;
#6978 = ORIENTED_EDGE ( 'NONE', *, *, #7831, .T. ) ;
#6979 = ORIENTED_EDGE ( 'NONE', *, *, #3081, .T. ) ;
#6980 = ORIENTED_EDGE ( 'NONE', *, *, #1872, .F. ) ;
#6981 = PLANE ( 'NONE',  #3719 ) ;
#6982 = DIRECTION ( 'NONE',  ( 1.000000000000000000, 0.000000000000000000, -0.000000000000000000 ) ) ;
#6983 = CARTESIAN_POINT ( 'NONE',  ( 38.41721509500220577, 5.000000000000000000, -5.100000000000012079 ) ) ;
#6984 = CIRCLE ( 'NONE', #3883, 0.5000000000000004441 ) ;
#6985 = FACE_OUTER_BOUND ( 'NONE', #4541, .T. ) ;
#6986 = DIRECTION ( 'NONE',  ( 1.000000000000000000, 0.000000000000000000, -1.734723475976805517E-15 ) ) ;
#6987 = CARTESIAN_POINT ( 'NONE',  ( -41.29999999999999716, 5.000000000000000000, -1.500000000000012657 ) ) ;
#6988 = EDGE_CURVE ( 'NONE', #7266, #6255, #8478, .T. ) ;
#6989 = CARTESIAN_POINT ( 'NONE',  ( 25.94827798752610803, 1.300000000000000044, -6.800000000000012257 ) ) ;
#6990 = AXIS2_PLACEMENT_3D ( 'NONE', #5634, #220, #979 ) ;
#6991 = EDGE_LOOP ( 'NONE', ( #8294, #1182, #2796, #7728 ) ) ;
#6992 = VERTEX_POINT ( 'NONE', #3656 ) ;
#6993 = CARTESIAN_POINT ( 'NONE',  ( -51.00664724830589591, -5.000000000000000000, -2.103695419137131317 ) ) ;
#6994 = ORIENTED_EDGE ( 'NONE', *, *, #3216, .F. ) ;
#6995 = FACE_OUTER_BOUND ( 'NONE', #2301, .T. ) ;
#6996 = VECTOR ( 'NONE', #3381, 1000.000000000000114 ) ;
#6997 = EDGE_CURVE ( 'NONE', #1041, #5070, #3932, .T. ) ;
#6998 = CARTESIAN_POINT ( 'NONE',  ( -3.199999999999996181, -5.000000000000000000, -9.000000000000010658 ) ) ;
#6999 = DIRECTION ( 'NONE',  ( 0.000000000000000000, 1.000000000000000000, -2.886579864025406611E-16 ) ) ;
#7000 = VECTOR ( 'NONE', #6027, 1000.000000000000000 ) ;
#7001 = ORIENTED_EDGE ( 'NONE', *, *, #3809, .T. ) ;
#7002 = ORIENTED_EDGE ( 'NONE', *, *, #1454, .F. ) ;
#7003 = CARTESIAN_POINT ( 'NONE',  ( 14.80203678697560399, -5.000000000000000000, -6.300000000000011369 ) ) ;
#7004 = DIRECTION ( 'NONE',  ( 0.000000000000000000, 1.000000000000000000, -1.722546424198833760E-16 ) ) ;
#7005 = CARTESIAN_POINT ( 'NONE',  ( 8.500000000000003553, -5.000000000000000000, -9.000000000000010658 ) ) ;
#7006 = CYLINDRICAL_SURFACE ( 'NONE', #7058, 1.000000000000000444 ) ;
#7007 = DIRECTION ( 'NONE',  ( 1.015061051085860113E-15, 5.551115123125782702E-17, -1.000000000000000000 ) ) ;
#7008 = CIRCLE ( 'NONE', #74, 0.1999999999999998723 ) ;
#7009 = EDGE_CURVE ( 'NONE', #4823, #6154, #6307, .T. ) ;
#7010 = ORIENTED_EDGE ( 'NONE', *, *, #3718, .T. ) ;
#7011 = VECTOR ( 'NONE', #3080, 1000.000000000000000 ) ;
#7012 = ORIENTED_EDGE ( 'NONE', *, *, #169, .F. ) ;
#7013 = LINE ( 'NONE', #2983, #3462 ) ;
#7014 = CARTESIAN_POINT ( 'NONE',  ( -12.62881736675329414, -5.000000000000000000, -5.450194620572021087 ) ) ;
#7015 = ORIENTED_EDGE ( 'NONE', *, *, #8533, .T. ) ;
#7016 = DIRECTION ( 'NONE',  ( -1.685188701338829729E-32, -1.000000000000000000, 1.722546424198832774E-16 ) ) ;
#7017 = CARTESIAN_POINT ( 'NONE',  ( -17.50664724830589591, -4.999999999999998224, -9.803695419137133271 ) ) ;
#7018 = FACE_OUTER_BOUND ( 'NONE', #1752, .T. ) ;
#7019 = DIRECTION ( 'NONE',  ( 0.9222883124855707493, 2.211254383201591218E-18, 0.3865026114433358084 ) ) ;
#7020 = VECTOR ( 'NONE', #6598, 1000.000000000000000 ) ;
#7021 = AXIS2_PLACEMENT_3D ( 'NONE', #5451, #3375, #5412 ) ;
#7022 = EDGE_CURVE ( 'NONE', #211, #8632, #99, .T. ) ;
#7023 = EDGE_CURVE ( 'NONE', #6393, #4772, #1080, .T. ) ;
#7024 = ORIENTED_EDGE ( 'NONE', *, *, #6033, .F. ) ;
#7025 = EDGE_LOOP ( 'NONE', ( #5104, #3616, #3393, #4399 ) ) ;
#7026 = ORIENTED_EDGE ( 'NONE', *, *, #440, .F. ) ;
#7027 = CARTESIAN_POINT ( 'NONE',  ( -24.55208817832079760, 1.300000000000000044, -5.000000000000012434 ) ) ;
#7028 = VECTOR ( 'NONE', #2421, 1000.000000000000000 ) ;
#7029 = LINE ( 'NONE', #7779, #1811 ) ;
#7030 = CYLINDRICAL_SURFACE ( 'NONE', #2899, 0.5000000000000000000 ) ;
#7031 = VECTOR ( 'NONE', #5705, 1000.000000000000000 ) ;
#7032 = FACE_OUTER_BOUND ( 'NONE', #1135, .T. ) ;
#7033 = DIRECTION ( 'NONE',  ( 0.000000000000000000, 1.000000000000000000, -1.110223024625156787E-16 ) ) ;
#7034 = LINE ( 'NONE', #4427, #5909 ) ;
#7035 = CARTESIAN_POINT ( 'NONE',  ( 38.60836255635121006, -1.300000000000000266, -1.500000000000011768 ) ) ;
#7036 = CIRCLE ( 'NONE', #6893, 2.375000000000000000 ) ;
#7037 = AXIS2_PLACEMENT_3D ( 'NONE', #1300, #5885, #8745 ) ;
#7038 = ORIENTED_EDGE ( 'NONE', *, *, #4112, .F. ) ;
#7039 = ORIENTED_EDGE ( 'NONE', *, *, #2192, .T. ) ;
#7040 = EDGE_CURVE ( 'NONE', #4331, #1864, #3126, .T. ) ;
#7041 = DIRECTION ( 'NONE',  ( 0.000000000000000000, -5.551115123125782702E-17, 1.000000000000000000 ) ) ;
#7042 = ORIENTED_EDGE ( 'NONE', *, *, #2564, .F. ) ;
#7043 = DIRECTION ( 'NONE',  ( -1.967154826627855218E-46, -1.000000000000000000, 1.493058550357969906E-16 ) ) ;
#7044 = VECTOR ( 'NONE', #5807, 1000.000000000000000 ) ;
#7045 = DIRECTION ( 'NONE',  ( 0.000000000000000000, 1.000000000000000000, -1.110223024625156787E-16 ) ) ;
#7046 = DIRECTION ( 'NONE',  ( -1.015061051085860113E-15, 1.982541115402061659E-16, 1.000000000000000000 ) ) ;
#7047 = VECTOR ( 'NONE', #8088, 1000.000000000000000 ) ;
#7048 = DIRECTION ( 'NONE',  ( 0.9474922789871988993, -1.775128067639131365E-17, 0.3197786441581800254 ) ) ;
#7049 = EDGE_CURVE ( 'NONE', #7508, #3254, #2658, .T. ) ;
#7050 = ORIENTED_EDGE ( 'NONE', *, *, #1987, .F. ) ;
#7051 = EDGE_LOOP ( 'NONE', ( #7529, #692, #3799, #4563 ) ) ;
#7052 = DIRECTION ( 'NONE',  ( -2.648153673532449845E-32, -1.000000000000000000, 1.722546424198833760E-16 ) ) ;
#7053 = DIRECTION ( 'NONE',  ( 0.000000000000000000, 1.000000000000000000, -1.998401444325281576E-16 ) ) ;
#7054 = CARTESIAN_POINT ( 'NONE',  ( 42.36220412055560303, -4.999999999999999112, -10.50000000000001066 ) ) ;
#7055 = CARTESIAN_POINT ( 'NONE',  ( -40.80664724830590018, -4.999999999999999112, -1.603695419137131761 ) ) ;
#7056 = AXIS2_PLACEMENT_3D ( 'NONE', #7821, #2998, #1048 ) ;
#7057 = ORIENTED_EDGE ( 'NONE', *, *, #4684, .F. ) ;
#7058 = AXIS2_PLACEMENT_3D ( 'NONE', #274, #3733, #1603 ) ;
#7059 = VERTEX_POINT ( 'NONE', #8519 ) ;
#7060 = DIRECTION ( 'NONE',  ( 0.000000000000000000, -1.000000000000000000, 1.110223024625156787E-16 ) ) ;
#7061 = DIRECTION ( 'NONE',  ( 0.000000000000000000, -5.551115123125782702E-17, 1.000000000000000000 ) ) ;
#7062 = ORIENTED_EDGE ( 'NONE', *, *, #4680, .T. ) ;
#7063 = CARTESIAN_POINT ( 'NONE',  ( -24.99999999999999289, 0.000000000000000000, -5.000000000000012434 ) ) ;
#7064 = PLANE ( 'NONE',  #1636 ) ;
#7065 = LINE ( 'NONE', #1662, #2886 ) ;
#7066 = CARTESIAN_POINT ( 'NONE',  ( -49.29999999999999716, -5.000000000000000000, -3.600000000000011191 ) ) ;
#7067 = VERTEX_POINT ( 'NONE', #1791 ) ;
#7068 = VERTEX_POINT ( 'NONE', #1129 ) ;
#7069 = VERTEX_POINT ( 'NONE', #5689 ) ;
#7070 = CARTESIAN_POINT ( 'NONE',  ( 8.500000000000003553, -5.000000000000000000, -9.000000000000010658 ) ) ;
#7071 = DIRECTION ( 'NONE',  ( 0.000000000000000000, 1.000000000000000000, -1.776356839400250810E-16 ) ) ;
#7072 = LINE ( 'NONE', #3621, #4182 ) ;
#7073 = CYLINDRICAL_SURFACE ( 'NONE', #5436, 0.2000000000000005107 ) ;
#7074 = CYLINDRICAL_SURFACE ( 'NONE', #5365, 0.5000000000000000000 ) ;
#7075 = EDGE_CURVE ( 'NONE', #6050, #8573, #8600, .T. ) ;
#7076 = DIRECTION ( 'NONE',  ( 0.000000000000000000, 3.330669073875466417E-17, 1.000000000000000000 ) ) ;
#7077 = EDGE_CURVE ( 'NONE', #3677, #5678, #3797, .T. ) ;
#7078 = CARTESIAN_POINT ( 'NONE',  ( 17.99654675138050308, -5.000000000000000000, -6.800000000000010481 ) ) ;
#7079 = ORIENTED_EDGE ( 'NONE', *, *, #5249, .T. ) ;
#7080 = EDGE_LOOP ( 'NONE', ( #1862, #3111, #7651, #8537 ) ) ;
#7081 = FACE_OUTER_BOUND ( 'NONE', #5857, .T. ) ;
#7082 = VERTEX_POINT ( 'NONE', #7853 ) ;
#7083 = DIRECTION ( 'NONE',  ( 0.000000000000000000, 1.221245327087671554E-16, 1.000000000000000000 ) ) ;
#7084 = EDGE_CURVE ( 'NONE', #8560, #1208, #7196, .T. ) ;
#7085 = DIRECTION ( 'NONE',  ( -0.000000000000000000, -1.000000000000000000, 2.886579864025406611E-16 ) ) ;
#7086 = ADVANCED_FACE ( 'NONE', ( #7676 ), #5650, .F. ) ;
#7087 = CYLINDRICAL_SURFACE ( 'NONE', #7439, 0.5000000000000004441 ) ;
#7088 = EDGE_CURVE ( 'NONE', #2437, #4885, #1704, .T. ) ;
#7089 = ORIENTED_EDGE ( 'NONE', *, *, #7758, .F. ) ;
#7090 = ORIENTED_EDGE ( 'NONE', *, *, #4362, .T. ) ;
#7091 = ORIENTED_EDGE ( 'NONE', *, *, #8596, .F. ) ;
#7092 = FACE_OUTER_BOUND ( 'NONE', #8141, .T. ) ;
#7093 = CARTESIAN_POINT ( 'NONE',  ( 3.050000000000004263, -5.000000000000000000, -8.700000000000011724 ) ) ;
#7094 = EDGE_CURVE ( 'NONE', #4244, #1272, #1108, .T. ) ;
#7095 = CARTESIAN_POINT ( 'NONE',  ( 44.88475575860120159, 5.000000000000000000, -1.600000000000012079 ) ) ;
#7096 = CARTESIAN_POINT ( 'NONE',  ( -51.00664724830589591, -4.999999999999999112, -1.603695419137131761 ) ) ;
#7097 = ORIENTED_EDGE ( 'NONE', *, *, #4837, .T. ) ;
#7098 = ORIENTED_EDGE ( 'NONE', *, *, #3399, .T. ) ;
#7099 = CARTESIAN_POINT ( 'NONE',  ( 38.41721509500220577, 1.300000000000000044, -5.100000000000012079 ) ) ;
#7100 = DIRECTION ( 'NONE',  ( 0.000000000000000000, 1.000000000000000000, -1.110223024625156787E-16 ) ) ;
#7101 = EDGE_LOOP ( 'NONE', ( #6527, #1508, #1122, #5667 ) ) ;
#7102 = DIRECTION ( 'NONE',  ( -1.000000000000000000, 0.000000000000000000, 0.000000000000000000 ) ) ;
#7103 = DIRECTION ( 'NONE',  ( 0.000000000000000000, -1.000000000000000000, 1.110223024625156787E-16 ) ) ;
#7104 = ADVANCED_FACE ( 'NONE', ( #3079 ), #5783, .F. ) ;
#7105 = VECTOR ( 'NONE', #4606, 1000.000000000000000 ) ;
#7106 = CARTESIAN_POINT ( 'NONE',  ( -53.00000000000000000, -5.000000000000000000, -8.500000000000017764 ) ) ;
#7107 = DIRECTION ( 'NONE',  ( 1.000000000000000000, 0.000000000000000000, -0.000000000000000000 ) ) ;
#7108 = EDGE_CURVE ( 'NONE', #4376, #332, #4456, .T. ) ;
#7109 = VECTOR ( 'NONE', #4421, 1000.000000000000000 ) ;
#7110 = ORIENTED_EDGE ( 'NONE', *, *, #7668, .T. ) ;
#7111 = ORIENTED_EDGE ( 'NONE', *, *, #3972, .T. ) ;
#7112 = VERTEX_POINT ( 'NONE', #1258 ) ;
#7113 = CARTESIAN_POINT ( 'NONE',  ( 61.49999999999880629, -5.000000000000000000, -9.932463862565899859 ) ) ;
#7114 = CARTESIAN_POINT ( 'NONE',  ( 38.41721509500220577, 1.300000000000000044, -5.100000000000012079 ) ) ;
#7115 = LINE ( 'NONE', #3755, #3049 ) ;
#7116 = CARTESIAN_POINT ( 'NONE',  ( 3.550000000000004263, 5.000000000000000000, -8.500000000000012434 ) ) ;
#7117 = DIRECTION ( 'NONE',  ( 0.000000000000000000, 5.721188726109870315E-18, 1.000000000000000000 ) ) ;
#7118 = CARTESIAN_POINT ( 'NONE',  ( 25.62370992587110408, -1.300000000000000044, -12.20000000000001350 ) ) ;
#7119 = VECTOR ( 'NONE', #7323, 1000.000000000000000 ) ;
#7120 = DIRECTION ( 'NONE',  ( 2.220446049250310320E-15, 5.551115123125782702E-17, -1.000000000000000000 ) ) ;
#7121 = EDGE_LOOP ( 'NONE', ( #1692, #3024, #1784, #4175 ) ) ;
#7122 = VERTEX_POINT ( 'NONE', #1165 ) ;
#7123 = AXIS2_PLACEMENT_3D ( 'NONE', #5805, #2518, #5235 ) ;
#7124 = EDGE_LOOP ( 'NONE', ( #2088, #7537, #874, #1956 ) ) ;
#7125 = CARTESIAN_POINT ( 'NONE',  ( 2.114267601904844085, -5.000000000000000000, -1.100000000000010747 ) ) ;
#7126 = CARTESIAN_POINT ( 'NONE',  ( 48.50000000000000000, 5.000000000000000000, -1.500000000000012657 ) ) ;
#7127 = DIRECTION ( 'NONE',  ( 0.000000000000000000, 1.000000000000000000, -1.998401444325281576E-16 ) ) ;
#7128 = PLANE ( 'NONE',  #518 ) ;
#7129 = VECTOR ( 'NONE', #8044, 1000.000000000000000 ) ;
#7130 = EDGE_CURVE ( 'NONE', #1914, #4925, #1920, .T. ) ;
#7131 = EDGE_CURVE ( 'NONE', #6060, #6418, #7460, .T. ) ;
#7132 = ORIENTED_EDGE ( 'NONE', *, *, #8654, .T. ) ;
#7133 = ORIENTED_EDGE ( 'NONE', *, *, #4484, .T. ) ;
#7134 = VECTOR ( 'NONE', #2369, 1000.000000000000114 ) ;
#7135 = ORIENTED_EDGE ( 'NONE', *, *, #796, .F. ) ;
#7136 = LINE ( 'NONE', #8419, #4610 ) ;
#7137 = DIRECTION ( 'NONE',  ( 1.000000000000000000, 6.045046856277546786E-33, -1.088978830774749920E-16 ) ) ;
#7138 = CARTESIAN_POINT ( 'NONE',  ( -52.00000000000000000, 5.000000000000000000, -1.500000000000012657 ) ) ;
#7139 = DIRECTION ( 'NONE',  ( 0.9153150324227655732, 2.235648412318809192E-17, -0.4027386142660172030 ) ) ;
#7140 = VECTOR ( 'NONE', #3921, 1000.000000000000000 ) ;
#7141 = ORIENTED_EDGE ( 'NONE', *, *, #7746, .F. ) ;
#7142 = VERTEX_POINT ( 'NONE', #6619 ) ;
#7143 = DIRECTION ( 'NONE',  ( -2.393753358408230236E-15, -4.990981119768316722E-17, -1.000000000000000000 ) ) ;
#7144 = CARTESIAN_POINT ( 'NONE',  ( -53.00000000000000000, -5.000000000000000000, -0.5000000000000108802 ) ) ;
#7145 = ORIENTED_EDGE ( 'NONE', *, *, #4570, .F. ) ;
#7146 = DIRECTION ( 'NONE',  ( 1.046052730022779945E-15, -5.551115123125782702E-17, 1.000000000000000000 ) ) ;
#7147 = DIRECTION ( 'NONE',  ( 0.000000000000000000, -5.551115123125782702E-17, 1.000000000000000000 ) ) ;
#7148 = VECTOR ( 'NONE', #960, 1000.000000000000000 ) ;
#7149 = DIRECTION ( 'NONE',  ( 0.000000000000000000, 1.000000000000000000, -1.722546424198833760E-16 ) ) ;
#7150 = DIRECTION ( 'NONE',  ( -1.000000000000000000, 0.000000000000000000, 0.000000000000000000 ) ) ;
#7151 = EDGE_CURVE ( 'NONE', #2047, #7288, #7902, .T. ) ;
#7152 = EDGE_CURVE ( 'NONE', #6904, #6822, #7366, .T. ) ;
#7153 = VECTOR ( 'NONE', #7810, 1000.000000000000000 ) ;
#7154 = ORIENTED_EDGE ( 'NONE', *, *, #5751, .T. ) ;
#7155 = ORIENTED_EDGE ( 'NONE', *, *, #703, .F. ) ;
#7156 = ORIENTED_EDGE ( 'NONE', *, *, #6227, .F. ) ;
#7157 = EDGE_CURVE ( 'NONE', #7499, #7769, #1383, .T. ) ;
#7158 = DIRECTION ( 'NONE',  ( 0.000000000000000000, 0.000000000000000000, -1.000000000000000000 ) ) ;
#7159 = CARTESIAN_POINT ( 'NONE',  ( 17.49654675138050308, -5.000000000000000000, -8.606646647154743590 ) ) ;
#7160 = CARTESIAN_POINT ( 'NONE',  ( 5.127874399654833049, -4.999999999999999112, -4.100000000000011191 ) ) ;
#7161 = DIRECTION ( 'NONE',  ( 4.934324553889579913E-16, -5.721188726109870315E-18, -1.000000000000000000 ) ) ;
#7162 = CARTESIAN_POINT ( 'NONE',  ( 38.41721509500220577, 1.300000000000000044, -5.100000000000012079 ) ) ;
#7163 = AXIS2_PLACEMENT_3D ( 'NONE', #1628, #2712, #5386 ) ;
#7164 = FACE_OUTER_BOUND ( 'NONE', #534, .T. ) ;
#7165 = FACE_OUTER_BOUND ( 'NONE', #7993, .T. ) ;
#7166 = VECTOR ( 'NONE', #3681, 1000.000000000000000 ) ;
#7167 = VERTEX_POINT ( 'NONE', #5216 ) ;
#7168 = AXIS2_PLACEMENT_3D ( 'NONE', #5724, #8421, #5072 ) ;
#7169 = ORIENTED_EDGE ( 'NONE', *, *, #8206, .T. ) ;
#7170 = EDGE_CURVE ( 'NONE', #3717, #30, #2236, .T. ) ;
#7171 = LINE ( 'NONE', #1146, #4707 ) ;
#7172 = CARTESIAN_POINT ( 'NONE',  ( 14.80203678697560399, 5.000000000000000000, -5.600000000000012967 ) ) ;
#7173 = DIRECTION ( 'NONE',  ( 0.000000000000000000, 1.000000000000000000, -1.750131926211478591E-16 ) ) ;
#7174 = DIRECTION ( 'NONE',  ( 3.081487909860134942E-33, -1.000000000000000000, 1.722546424198833760E-16 ) ) ;
#7175 = LINE ( 'NONE', #4440, #8580 ) ;
#7176 = VECTOR ( 'NONE', #865, 1000.000000000000000 ) ;
#7177 = VECTOR ( 'NONE', #8492, 1000.000000000000000 ) ;
#7178 = ORIENTED_EDGE ( 'NONE', *, *, #2847, .F. ) ;
#7179 = ORIENTED_EDGE ( 'NONE', *, *, #2362, .T. ) ;
#7180 = VERTEX_POINT ( 'NONE', #3968 ) ;
#7181 = CIRCLE ( 'NONE', #5068, 2.375000000000000888 ) ;
#7182 = VERTEX_POINT ( 'NONE', #5959 ) ;
#7183 = DIRECTION ( 'NONE',  ( -0.8551932889495620360, 0.000000000000000000, -0.5183092113165951309 ) ) ;
#7184 = CARTESIAN_POINT ( 'NONE',  ( 1.198806130178223794, -5.800000000000000711, -7.700000000000011724 ) ) ;
#7185 = CARTESIAN_POINT ( 'NONE',  ( -11.39999999999999680, 5.000000000000000000, -12.08548524598517382 ) ) ;
#7186 = CARTESIAN_POINT ( 'NONE',  ( 57.80000000000000426, 1.300000000000000044, -12.20000000000001350 ) ) ;
#7187 = EDGE_CURVE ( 'NONE', #7324, #6955, #6484, .T. ) ;
#7188 = ADVANCED_FACE ( 'NONE', ( #460 ), #6574, .F. ) ;
#7189 = AXIS2_PLACEMENT_3D ( 'NONE', #3835, #2495, #6661 ) ;
#7190 = ORIENTED_EDGE ( 'NONE', *, *, #2443, .F. ) ;
#7191 = ORIENTED_EDGE ( 'NONE', *, *, #4521, .F. ) ;
#7192 = LINE ( 'NONE', #5732, #7140 ) ;
#7193 = DIRECTION ( 'NONE',  ( -1.000000000000000000, 6.932419317662529732E-33, -1.248833642232039882E-16 ) ) ;
#7194 = VECTOR ( 'NONE', #1946, 1000.000000000000000 ) ;
#7195 = ORIENTED_EDGE ( 'NONE', *, *, #2694, .F. ) ;
#7196 = LINE ( 'NONE', #5735, #8746 ) ;
#7197 = LINE ( 'NONE', #6533, #4755 ) ;
#7198 = DIRECTION ( 'NONE',  ( 0.000000000000000000, 5.551115123125782702E-17, -1.000000000000000000 ) ) ;
#7199 = CARTESIAN_POINT ( 'NONE',  ( -8.675732398095195919, 1.300000000000000044, -3.100000000000012523 ) ) ;
#7200 = EDGE_CURVE ( 'NONE', #2810, #8359, #3214, .T. ) ;
#7201 = EDGE_CURVE ( 'NONE', #5649, #7928, #8612, .T. ) ;
#7202 = AXIS2_PLACEMENT_3D ( 'NONE', #4992, #8302, #5527 ) ;
#7203 = ORIENTED_EDGE ( 'NONE', *, *, #3780, .T. ) ;
#7204 = ORIENTED_EDGE ( 'NONE', *, *, #6159, .F. ) ;
#7205 = CARTESIAN_POINT ( 'NONE',  ( 48.50000000000000000, -7.000000000000000888, -2.000000000000011102 ) ) ;
#7206 = FACE_OUTER_BOUND ( 'NONE', #4019, .T. ) ;
#7207 = FILL_AREA_STYLE_COLOUR ( '', #4056 ) ;
#7208 = CYLINDRICAL_SURFACE ( 'NONE', #7972, 0.5000000000000004441 ) ;
#7209 = DIRECTION ( 'NONE',  ( -1.000000000000000000, 0.000000000000000000, 0.000000000000000000 ) ) ;
#7210 = VECTOR ( 'NONE', #7535, 1000.000000000000000 ) ;
#7211 = FACE_OUTER_BOUND ( 'NONE', #7331, .T. ) ;
#7212 = LINE ( 'NONE', #8536, #7028 ) ;
#7213 = ORIENTED_EDGE ( 'NONE', *, *, #5728, .F. ) ;
#7214 = EDGE_LOOP ( 'NONE', ( #6035, #6108, #5684, #4074 ) ) ;
#7215 = CARTESIAN_POINT ( 'NONE',  ( 18.50118481382170188, -9.000000000000001776, -16.60000000000001208 ) ) ;
#7216 = LINE ( 'NONE', #3815, #5710 ) ;
#7217 = CARTESIAN_POINT ( 'NONE',  ( 61.00000000000000711, 5.000000000000000000, -9.852520022699819080 ) ) ;
#7218 = CARTESIAN_POINT ( 'NONE',  ( -12.21412045636129839, -5.000000000000000000, -15.10000000000001208 ) ) ;
#7219 = FACE_OUTER_BOUND ( 'NONE', #3144, .T. ) ;
#7220 = ORIENTED_EDGE ( 'NONE', *, *, #4243, .F. ) ;
#7221 = VERTEX_POINT ( 'NONE', #2673 ) ;
#7222 = ORIENTED_EDGE ( 'NONE', *, *, #7562, .F. ) ;
#7223 = ORIENTED_EDGE ( 'NONE', *, *, #5016, .F. ) ;
#7224 = CARTESIAN_POINT ( 'NONE',  ( -49.29999999999999716, 5.000000000000000000, -1.600000000000012079 ) ) ;
#7225 = LINE ( 'NONE', #1067, #4906 ) ;
#7226 = EDGE_CURVE ( 'NONE', #7549, #7937, #4512, .T. ) ;
#7227 = DIRECTION ( 'NONE',  ( 0.000000000000000000, 0.000000000000000000, 1.000000000000000000 ) ) ;
#7228 = CARTESIAN_POINT ( 'NONE',  ( 16.69654675138050592, -5.000000000000000000, -12.20000000000001172 ) ) ;
#7229 = ORIENTED_EDGE ( 'NONE', *, *, #6337, .T. ) ;
#7230 = ADVANCED_FACE ( 'NONE', ( #7943 ), #1877, .F. ) ;
#7231 = ORIENTED_EDGE ( 'NONE', *, *, #4829, .T. ) ;
#7232 = LINE ( 'NONE', #3211, #1620 ) ;
#7233 = DIRECTION ( 'NONE',  ( 0.2009569058438596956, 0.000000000000000000, 0.9796000826835725706 ) ) ;
#7234 = EDGE_LOOP ( 'NONE', ( #7487, #4313, #808, #2556 ) ) ;
#7235 = DIRECTION ( 'NONE',  ( -0.2304472313440518172, 0.000000000000000000, 0.9730848234177024159 ) ) ;
#7236 = CARTESIAN_POINT ( 'NONE',  ( 15.90118481382170401, -5.000000000000000000, -17.60000000000001208 ) ) ;
#7237 = DIRECTION ( 'NONE',  ( -0.000000000000000000, -1.000000000000000000, 1.722546424198833760E-16 ) ) ;
#7238 = EDGE_LOOP ( 'NONE', ( #5043, #3025, #5397, #5657 ) ) ;
#7239 = ADVANCED_FACE ( 'NONE', ( #1297 ), #3261, .F. ) ;
#7240 = EDGE_CURVE ( 'NONE', #7966, #5867, #2005, .T. ) ;
#7241 = VECTOR ( 'NONE', #2258, 1000.000000000000000 ) ;
#7242 = ORIENTED_EDGE ( 'NONE', *, *, #1395, .T. ) ;
#7243 = DIRECTION ( 'NONE',  ( 1.000000000000000000, 0.000000000000000000, 0.000000000000000000 ) ) ;
#7244 = ORIENTED_EDGE ( 'NONE', *, *, #4036, .F. ) ;
#7245 = CARTESIAN_POINT ( 'NONE',  ( 48.90992059245890289, 1.300000000000000044, -8.000000000000012434 ) ) ;
#7246 = DIRECTION ( 'NONE',  ( 0.000000000000000000, -1.000000000000000000, -1.586032892321631775E-17 ) ) ;
#7247 = CARTESIAN_POINT ( 'NONE',  ( 5.850000000000004086, -5.800000000000000711, -8.700000000000011724 ) ) ;
#7248 = EDGE_CURVE ( 'NONE', #1161, #2123, #5340, .T. ) ;
#7249 = DIRECTION ( 'NONE',  ( 0.000000000000000000, 5.551115123125782702E-17, -1.000000000000000000 ) ) ;
#7250 = AXIS2_PLACEMENT_3D ( 'NONE', #4641, #512, #7332 ) ;
#7251 = VERTEX_POINT ( 'NONE', #8742 ) ;
#7252 = EDGE_CURVE ( 'NONE', #1903, #4257, #1819, .T. ) ;
#7253 = VERTEX_POINT ( 'NONE', #6084 ) ;
#7254 = CARTESIAN_POINT ( 'NONE',  ( 48.38475575860120159, -5.000000000000000000, -2.000000000000011102 ) ) ;
#7255 = VECTOR ( 'NONE', #5648, 1000.000000000000000 ) ;
#7256 = DIRECTION ( 'NONE',  ( 0.000000000000000000, 0.000000000000000000, 1.000000000000000000 ) ) ;
#7257 = EDGE_CURVE ( 'NONE', #6539, #7112, #8155, .T. ) ;
#7258 = DIRECTION ( 'NONE',  ( -1.000000000000000000, 0.000000000000000000, 0.000000000000000000 ) ) ;
#7259 = LINE ( 'NONE', #4080, #4208 ) ;
#7260 = LINE ( 'NONE', #4481, #7020 ) ;
#7261 = AXIS2_PLACEMENT_3D ( 'NONE', #3382, #973, #4 ) ;
#7262 = EDGE_LOOP ( 'NONE', ( #2079, #7682, #5903, #127, #4959, #3650, #2859, #7528, #346, #3896, #282, #1292, #5378, #5311, #8737, #4718, #2415, #7622, #5161, #6467, #4285, #8572, #1751, #2838, #1329, #149, #2748, #2470, #7489, #6601, #8295, #3897, #4041, #6407, #1052, #5360, #4451, #2527, #3282, #5431, #1160, #3234, #4356, #3006, #8175, #5302, #5021, #6511, #8298, #1394, #2025, #8226, #8626, #2351, #786, #3617, #2829, #4612, #6905, #4400, #5495, #125, #1708, #1745, #6673, #370, #606, #1535, #6862, #5012, #6426, #4694, #822, #4813, #5120, #1022, #4409, #6580, #7015, #2113, #4222, #2575, #8515, #8105, #5215, #7828, #2207, #5223, #2877, #3345, #7621, #7837, #6844, #3500, #3226, #7896, #3930, #5212, #2433, #7467, #6791, #3265, #8237, #3633, #6615, #8128, #3727, #764, #1317, #2059, #3963, #7541, #1919, #2857, #4048, #4394, #8713, #7038, #4627, #5954, #2980, #8506, #3533, #4255, #2484, #6964, #7405, #7789, #8585, #6026 ) ) ;
#7263 = ORIENTED_EDGE ( 'NONE', *, *, #335, .T. ) ;
#7264 = EDGE_CURVE ( 'NONE', #2330, #2151, #2224, .T. ) ;
#7265 = EDGE_LOOP ( 'NONE', ( #3829, #7135, #8384, #3898 ) ) ;
#7266 = VERTEX_POINT ( 'NONE', #5511 ) ;
#7267 = CARTESIAN_POINT ( 'NONE',  ( 3.350000000000004086, -5.000000000000000000, -7.700000000000011724 ) ) ;
#7268 = ADVANCED_FACE ( 'NONE', ( #3553, #95, #3385, #3422, #5420, #2094 ), #5593, .T. ) ;
#7269 = CARTESIAN_POINT ( 'NONE',  ( 23.98761792103010038, 1.300000000000000044, -4.000000000000012434 ) ) ;
#7270 = CIRCLE ( 'NONE', #753, 0.5000000000000000000 ) ;
#7271 = DIRECTION ( 'NONE',  ( -2.006996135616819738E-16, 1.110223024625156787E-16, 1.000000000000000000 ) ) ;
#7272 = CYLINDRICAL_SURFACE ( 'NONE', #1074, 0.5000000000000003331 ) ;
#7273 = AXIS2_PLACEMENT_3D ( 'NONE', #6401, #327, #1706 ) ;
#7274 = EDGE_LOOP ( 'NONE', ( #851, #5449, #5379, #7727 ) ) ;
#7275 = ORIENTED_EDGE ( 'NONE', *, *, #7130, .F. ) ;
#7276 = CARTESIAN_POINT ( 'NONE',  ( 30.66074696290820256, 1.300000000000000044, -10.50000000000001243 ) ) ;
#7277 = CARTESIAN_POINT ( 'NONE',  ( -18.49999999999999645, 5.000000000000000000, -10.20000000000001350 ) ) ;
#7278 = ORIENTED_EDGE ( 'NONE', *, *, #8450, .T. ) ;
#7279 = DIRECTION ( 'NONE',  ( 0.000000000000000000, 1.000000000000000000, -1.998401444325281576E-16 ) ) ;
#7280 = CARTESIAN_POINT ( 'NONE',  ( 41.38475575860120159, -5.000000000000000000, -1.600000000000011191 ) ) ;
#7281 = DIRECTION ( 'NONE',  ( 0.9386504096731059787, -1.914413809080939610E-17, 0.3448701326883940044 ) ) ;
#7282 = CIRCLE ( 'NONE', #8413, 0.3000000000000016542 ) ;
#7283 = EDGE_CURVE ( 'NONE', #4284, #5881, #6746, .T. ) ;
#7284 = ORIENTED_EDGE ( 'NONE', *, *, #907, .F. ) ;
#7285 = VECTOR ( 'NONE', #3686, 1000.000000000000000 ) ;
#7286 = ORIENTED_EDGE ( 'NONE', *, *, #2555, .F. ) ;
#7287 = DIRECTION ( 'NONE',  ( -0.8944271909999143011, -4.965068306494584076E-17, -0.4472135954999611474 ) ) ;
#7288 = VERTEX_POINT ( 'NONE', #6 ) ;
#7289 = DIRECTION ( 'NONE',  ( 0.000000000000000000, 1.000000000000000000, -1.710343578476592788E-16 ) ) ;
#7290 = DIRECTION ( 'NONE',  ( 0.000000000000000000, -1.000000000000000000, 1.110223024625156787E-16 ) ) ;
#7291 = CARTESIAN_POINT ( 'NONE',  ( 57.80000000000000426, -1.300000000000000044, -12.20000000000001350 ) ) ;
#7292 = CARTESIAN_POINT ( 'NONE',  ( 13.23545475066548427, -4.999999999999999112, -7.700000000000011724 ) ) ;
#7293 = ADVANCED_FACE ( 'NONE', ( #4761 ), #6920, .F. ) ;
#7294 = EDGE_CURVE ( 'NONE', #2786, #8371, #8111, .T. ) ;
#7295 = VECTOR ( 'NONE', #4556, 1000.000000000000000 ) ;
#7296 = ORIENTED_EDGE ( 'NONE', *, *, #5466, .T. ) ;
#7297 = ORIENTED_EDGE ( 'NONE', *, *, #6647, .T. ) ;
#7298 = CARTESIAN_POINT ( 'NONE',  ( 2.114267601904844085, -5.000000000000000000, -1.214306433183764966E-14 ) ) ;
#7299 = CIRCLE ( 'NONE', #1101, 2.374999999999999112 ) ;
#7300 = AXIS2_PLACEMENT_3D ( 'NONE', #8696, #6085, #4762 ) ;
#7301 = DIRECTION ( 'NONE',  ( 4.814824860968039684E-33, 1.000000000000000000, -1.722546424198833760E-16 ) ) ;
#7302 = DIRECTION ( 'NONE',  ( 0.000000000000000000, 5.551115123125782702E-17, -1.000000000000000000 ) ) ;
#7303 = LINE ( 'NONE', #5977, #4786 ) ;
#7304 = LINE ( 'NONE', #1238, #3066 ) ;
#7305 = VECTOR ( 'NONE', #5762, 1000.000000000000000 ) ;
#7306 = ORIENTED_EDGE ( 'NONE', *, *, #2806, .F. ) ;
#7307 = ORIENTED_EDGE ( 'NONE', *, *, #6227, .T. ) ;
#7308 = FACE_OUTER_BOUND ( 'NONE', #4706, .T. ) ;
#7309 = ORIENTED_EDGE ( 'NONE', *, *, #4374, .F. ) ;
#7310 = CARTESIAN_POINT ( 'NONE',  ( -3.722949016875145123, -4.999999999999999112, -4.600000000000011191 ) ) ;
#7311 = CIRCLE ( 'NONE', #4070, 0.2999999999999999334 ) ;
#7312 = CARTESIAN_POINT ( 'NONE',  ( 1.198806130178223794, 5.000000000000000000, -7.700000000000012612 ) ) ;
#7313 = AXIS2_PLACEMENT_3D ( 'NONE', #2383, #3805, #5135 ) ;
#7314 = FILL_AREA_STYLE ('',( #1333 ) ) ;
#7315 = LINE ( 'NONE', #4000, #2639 ) ;
#7316 = ADVANCED_FACE ( 'NONE', ( #180 ), #7450, .T. ) ;
#7317 = AXIS2_PLACEMENT_3D ( 'NONE', #6971, #6886, #900 ) ;
#7318 = CIRCLE ( 'NONE', #3085, 0.3000000000000016542 ) ;
#7319 = ORIENTED_EDGE ( 'NONE', *, *, #1085, .F. ) ;
#7320 = ORIENTED_EDGE ( 'NONE', *, *, #987, .T. ) ;
#7321 = ORIENTED_EDGE ( 'NONE', *, *, #7917, .F. ) ;
#7322 = PLANE ( 'NONE',  #6012 ) ;
#7323 = DIRECTION ( 'NONE',  ( 0.000000000000000000, 2.489498125257403382E-17, -1.000000000000000000 ) ) ;
#7324 = VERTEX_POINT ( 'NONE', #4226 ) ;
#7325 = DIRECTION ( 'NONE',  ( -0.000000000000000000, -1.000000000000000000, 1.710343578476592788E-16 ) ) ;
#7326 = DIRECTION ( 'NONE',  ( -1.000000000000000000, 0.000000000000000000, 0.000000000000000000 ) ) ;
#7327 = CARTESIAN_POINT ( 'NONE',  ( -8.182379646400995910, -4.999999999999999112, -3.203695419137131406 ) ) ;
#7328 = AXIS2_PLACEMENT_3D ( 'NONE', #4678, #1212, #3299 ) ;
#7329 = ORIENTED_EDGE ( 'NONE', *, *, #1306, .F. ) ;
#7330 = VECTOR ( 'NONE', #7173, 1000.000000000000000 ) ;
#7331 = EDGE_LOOP ( 'NONE', ( #3283, #6079, #8059, #2342 ) ) ;
#7332 = DIRECTION ( 'NONE',  ( 0.000000000000000000, -1.000000000000000000, 1.110223024625156787E-16 ) ) ;
#7333 = VERTEX_POINT ( 'NONE', #1428 ) ;
#7334 = CARTESIAN_POINT ( 'NONE',  ( 38.60836255635121006, -1.300000000000000266, -1.500000000000011768 ) ) ;
#7335 = LINE ( 'NONE', #2508, #7859 ) ;
#7336 = DIRECTION ( 'NONE',  ( 0.000000000000000000, -1.000000000000000000, 1.110223024625156787E-16 ) ) ;
#7337 = DIRECTION ( 'NONE',  ( 0.000000000000000000, 1.000000000000000000, -1.110223024625156787E-16 ) ) ;
#7338 = EDGE_CURVE ( 'NONE', #2151, #1903, #4845, .T. ) ;
#7339 = CIRCLE ( 'NONE', #6635, 1.000000000000000000 ) ;
#7340 = EDGE_LOOP ( 'NONE', ( #660, #1134, #1984, #7538 ) ) ;
#7341 = ORIENTED_EDGE ( 'NONE', *, *, #6489, .T. ) ;
#7342 = ORIENTED_EDGE ( 'NONE', *, *, #3455, .F. ) ;
#7343 = DIRECTION ( 'NONE',  ( -1.000000000000000000, 0.000000000000000000, 0.000000000000000000 ) ) ;
#7344 = ADVANCED_FACE ( 'NONE', ( #4178 ), #1389, .F. ) ;
#7345 = CIRCLE ( 'NONE', #272, 0.5000000000000004441 ) ;
#7346 = ADVANCED_FACE ( 'NONE', ( #6786 ), #716, .T. ) ;
#7347 = CARTESIAN_POINT ( 'NONE',  ( 42.17779029743370245, -5.000000000000000000, -9.500000000000005329 ) ) ;
#7348 = DIRECTION ( 'NONE',  ( 0.000000000000000000, 1.000000000000000000, -2.886579864025406611E-16 ) ) ;
#7349 = CARTESIAN_POINT ( 'NONE',  ( -49.29999999999999716, -5.000000000000000000, -3.600000000000011191 ) ) ;
#7350 = PLANE ( 'NONE',  #8146 ) ;
#7351 = EDGE_LOOP ( 'NONE', ( #1538, #5010, #8351, #4146, #7415 ) ) ;
#7352 = ORIENTED_EDGE ( 'NONE', *, *, #7754, .F. ) ;
#7353 = DIRECTION ( 'NONE',  ( 0.000000000000000000, 1.000000000000000000, -1.710343578476592788E-16 ) ) ;
#7354 = EDGE_CURVE ( 'NONE', #2332, #13, #6212, .T. ) ;
#7355 = EDGE_CURVE ( 'NONE', #3558, #8064, #1955, .T. ) ;
#7356 = ORIENTED_EDGE ( 'NONE', *, *, #6812, .T. ) ;
#7357 = PLANE ( 'NONE',  #3610 ) ;
#7358 = CARTESIAN_POINT ( 'NONE',  ( 15.20310462831780463, 5.000000000000000000, -15.70000000000001172 ) ) ;
#7359 = CARTESIAN_POINT ( 'NONE',  ( 4.627874399654833049, -1.300000000000000266, -4.600000000000011191 ) ) ;
#7360 = ORIENTED_EDGE ( 'NONE', *, *, #7650, .T. ) ;
#7361 = ORIENTED_EDGE ( 'NONE', *, *, #1537, .F. ) ;
#7362 = ORIENTED_EDGE ( 'NONE', *, *, #1537, .T. ) ;
#7363 = FACE_OUTER_BOUND ( 'NONE', #6991, .T. ) ;
#7364 = CARTESIAN_POINT ( 'NONE',  ( -44.29999999999999716, -5.000000000000000000, -0.5000000000000108802 ) ) ;
#7365 = ORIENTED_EDGE ( 'NONE', *, *, #4346, .T. ) ;
#7366 = LINE ( 'NONE', #1842, #1526 ) ;
#7367 = CARTESIAN_POINT ( 'NONE',  ( -8.675732398095195919, 5.000000000000000000, -2.000000000000011990 ) ) ;
#7368 = EDGE_CURVE ( 'NONE', #546, #7122, #803, .T. ) ;
#7369 = CARTESIAN_POINT ( 'NONE',  ( 15.20310462831780463, -5.000000000000000000, -15.70000000000001172 ) ) ;
#7370 = FACE_OUTER_BOUND ( 'NONE', #3357, .T. ) ;
#7371 = ORIENTED_EDGE ( 'NONE', *, *, #4873, .F. ) ;
#7372 = ORIENTED_EDGE ( 'NONE', *, *, #4521, .T. ) ;
#7373 = CYLINDRICAL_SURFACE ( 'NONE', #3430, 0.5000000000000004441 ) ;
#7374 = VERTEX_POINT ( 'NONE', #4888 ) ;
#7375 = DIRECTION ( 'NONE',  ( -0.9578262852211508749, -4.914636108672281161E-17, -0.2873478855663469944 ) ) ;
#7376 = LINE ( 'NONE', #8079, #781 ) ;
#7377 = DIRECTION ( 'NONE',  ( 0.000000000000000000, 1.000000000000000000, -1.998401444325281576E-16 ) ) ;
#7378 = EDGE_CURVE ( 'NONE', #102, #6614, #1342, .T. ) ;
#7379 = CARTESIAN_POINT ( 'NONE',  ( -14.72543852283049404, 1.300000000000000044, -9.274902689714011217 ) ) ;
#7380 = CIRCLE ( 'NONE', #5277, 0.5000000000000004441 ) ;
#7381 = ORIENTED_EDGE ( 'NONE', *, *, #4123, .F. ) ;
#7382 = ORIENTED_EDGE ( 'NONE', *, *, #6646, .F. ) ;
#7383 = ORIENTED_EDGE ( 'NONE', *, *, #5513, .F. ) ;
#7384 = DIRECTION ( 'NONE',  ( 1.000000000000000000, 0.000000000000000000, 1.235726496974087295E-16 ) ) ;
#7385 = CARTESIAN_POINT ( 'NONE',  ( 3.404267601904844120, -5.000000000000000000, -1.600000000000011191 ) ) ;
#7386 = DIRECTION ( 'NONE',  ( 1.000000000000000000, -6.320213702285471229E-33, 1.138548482980590047E-16 ) ) ;
#7387 = DIRECTION ( 'NONE',  ( 0.000000000000000000, -1.000000000000000000, 1.110223024625156787E-16 ) ) ;
#7388 = CARTESIAN_POINT ( 'NONE',  ( 26.13942544887510522, -5.000000000000000000, -6.800000000000010481 ) ) ;
#7389 = EDGE_CURVE ( 'NONE', #7068, #6938, #5462, .T. ) ;
#7390 = VERTEX_POINT ( 'NONE', #1769 ) ;
#7391 = AXIS2_PLACEMENT_3D ( 'NONE', #7634, #1399, #190 ) ;
#7392 = DIRECTION ( 'NONE',  ( 1.000000000000000000, 1.565697768948906103E-33, 2.369228698641220007E-16 ) ) ;
#7393 = EDGE_LOOP ( 'NONE', ( #6674, #5116, #1815, #4988 ) ) ;
#7394 = DIRECTION ( 'NONE',  ( -1.000000000000000000, 6.798155367234437487E-33, -1.224646799147350002E-16 ) ) ;
#7395 = LINE ( 'NONE', #37, #6466 ) ;
#7396 = LINE ( 'NONE', #5949, #4537 ) ;
#7397 = CARTESIAN_POINT ( 'NONE',  ( -8.182379646400995910, -4.999999999999999112, -1.603695419137131761 ) ) ;
#7398 = EDGE_CURVE ( 'NONE', #3156, #3334, #3644, .T. ) ;
#7399 = ADVANCED_FACE ( 'NONE', ( #7663 ), #8333, .F. ) ;
#7400 = ORIENTED_EDGE ( 'NONE', *, *, #4735, .T. ) ;
#7401 = VECTOR ( 'NONE', #6095, 1000.000000000000000 ) ;
#7402 = EDGE_LOOP ( 'NONE', ( #1927, #1154, #6694, #2395, #6429, #2173 ) ) ;
#7403 = CARTESIAN_POINT ( 'NONE',  ( 0.1152194902426838530, 1.300000000000000044, -6.200000000000012612 ) ) ;
#7404 = LINE ( 'NONE', #3168, #2164 ) ;
#7405 = ORIENTED_EDGE ( 'NONE', *, *, #1812, .F. ) ;
#7406 = DIRECTION ( 'NONE',  ( -0.000000000000000000, -1.000000000000000000, 1.710343578476592788E-16 ) ) ;
#7407 = CARTESIAN_POINT ( 'NONE',  ( 47.88475575860120159, -5.000000000000000000, -5.808386635396461273 ) ) ;
#7408 = CARTESIAN_POINT ( 'NONE',  ( 18.49654675138050308, -5.000000000000000000, -12.20000000000001172 ) ) ;
#7409 = DIRECTION ( 'NONE',  ( 0.000000000000000000, 1.000000000000000000, -1.998401444325281576E-16 ) ) ;
#7410 = EDGE_CURVE ( 'NONE', #1062, #373, #5849, .T. ) ;
#7411 = VECTOR ( 'NONE', #4240, 1000.000000000000000 ) ;
#7412 = ORIENTED_EDGE ( 'NONE', *, *, #929, .T. ) ;
#7413 = ORIENTED_EDGE ( 'NONE', *, *, #7421, .T. ) ;
#7414 = DIRECTION ( 'NONE',  ( 0.000000000000000000, 1.000000000000000000, -1.110223024625156787E-16 ) ) ;
#7415 = ORIENTED_EDGE ( 'NONE', *, *, #1950, .T. ) ;
#7416 = CARTESIAN_POINT ( 'NONE',  ( 2.260320032664174139, -5.000000000000000000, -10.86616130315146123 ) ) ;
#7417 = DIRECTION ( 'NONE',  ( 1.000000000000000000, 9.860761315262640999E-32, -5.921189464667500234E-16 ) ) ;
#7418 = CIRCLE ( 'NONE', #6577, 0.5000000000000004441 ) ;
#7419 = CARTESIAN_POINT ( 'NONE',  ( -3.914096478224096121, 1.300000000000000044, -4.600000000000012079 ) ) ;
#7420 = PLANE ( 'NONE',  #4944 ) ;
#7421 = EDGE_CURVE ( 'NONE', #8343, #6060, #1244, .T. ) ;
#7422 = AXIS2_PLACEMENT_3D ( 'NONE', #1246, #1866, #6112 ) ;
#7423 = ORIENTED_EDGE ( 'NONE', *, *, #6801, .T. ) ;
#7424 = EDGE_LOOP ( 'NONE', ( #1766, #8307, #7838, #4895 ) ) ;
#7425 = EDGE_LOOP ( 'NONE', ( #2973, #3361, #7321, #8620 ) ) ;
#7426 = CYLINDRICAL_SURFACE ( 'NONE', #5695, 0.2000000000000000944 ) ;
#7427 = PLANE ( 'NONE',  #6267 ) ;
#7428 = CARTESIAN_POINT ( 'NONE',  ( 15.30203678697560399, 5.000000000000000000, -6.800000000000012257 ) ) ;
#7429 = CARTESIAN_POINT ( 'NONE',  ( 42.51929380825580296, -1.300000000000000044, -6.800000000000011369 ) ) ;
#7430 = CIRCLE ( 'NONE', #6865, 1.000000000000000888 ) ;
#7431 = DIRECTION ( 'NONE',  ( -0.000000000000000000, -1.000000000000000000, 2.131117759912656547E-16 ) ) ;
#7432 = ORIENTED_EDGE ( 'NONE', *, *, #7787, .F. ) ;
#7433 = VECTOR ( 'NONE', #5551, 1000.000000000000000 ) ;
#7434 = DIRECTION ( 'NONE',  ( 0.000000000000000000, 1.000000000000000000, -1.110223024625156787E-16 ) ) ;
#7435 = ORIENTED_EDGE ( 'NONE', *, *, #8450, .F. ) ;
#7436 = CARTESIAN_POINT ( 'NONE',  ( 62.00000000000000711, 5.000000000000000000, -13.20000000000001172 ) ) ;
#7437 = LINE ( 'NONE', #580, #1649 ) ;
#7438 = DIRECTION ( 'NONE',  ( -2.168404344971003346E-15, 0.000000000000000000, 1.000000000000000000 ) ) ;
#7439 = AXIS2_PLACEMENT_3D ( 'NONE', #6471, #2522, #3058 ) ;
#7440 = VECTOR ( 'NONE', #3969, 1000.000000000000000 ) ;
#7441 = ADVANCED_FACE ( 'NONE', ( #7878 ), #5939, .F. ) ;
#7442 = EDGE_LOOP ( 'NONE', ( #5569, #4650, #2494, #7572 ) ) ;
#7443 = VECTOR ( 'NONE', #1810, 1000.000000000000000 ) ;
#7444 = VECTOR ( 'NONE', #6950, 1000.000000000000000 ) ;
#7445 = VERTEX_POINT ( 'NONE', #5638 ) ;
#7446 = FACE_BOUND ( 'NONE', #1659, .T. ) ;
#7447 = LINE ( 'NONE', #45, #4157 ) ;
#7448 = ADVANCED_FACE ( 'NONE', ( #8499 ), #6516, .F. ) ;
#7449 = ORIENTED_EDGE ( 'NONE', *, *, #2714, .T. ) ;
#7450 = CYLINDRICAL_SURFACE ( 'NONE', #7749, 0.1999999999999997058 ) ;
#7451 = CARTESIAN_POINT ( 'NONE',  ( 6.801239202814014284, -5.000000000000000000, -14.73511233789347230 ) ) ;
#7452 = ADVANCED_FACE ( 'NONE', ( #1599 ), #1561, .F. ) ;
#7453 = LINE ( 'NONE', #8203, #3961 ) ;
#7454 = CARTESIAN_POINT ( 'NONE',  ( 20.01238207896990318, 1.300000000000000044, -4.000000000000012434 ) ) ;
#7455 = VECTOR ( 'NONE', #2592, 1000.000000000000000 ) ;
#7456 = CIRCLE ( 'NONE', #6473, 0.5000000000000004441 ) ;
#7457 = ORIENTED_EDGE ( 'NONE', *, *, #3830, .F. ) ;
#7458 = ORIENTED_EDGE ( 'NONE', *, *, #4837, .F. ) ;
#7459 = DIRECTION ( 'NONE',  ( 0.000000000000000000, 1.000000000000000000, -1.110223024625156787E-16 ) ) ;
#7460 = CIRCLE ( 'NONE', #8459, 0.9999999999435599252 ) ;
#7461 = VERTEX_POINT ( 'NONE', #8629 ) ;
#7462 = DIRECTION ( 'NONE',  ( -0.000000000000000000, -1.000000000000000000, 1.554312234475219798E-16 ) ) ;
#7463 = CARTESIAN_POINT ( 'NONE',  ( -18.49999999999999645, 1.300000000000000044, -10.20000000000001172 ) ) ;
#7464 = CARTESIAN_POINT ( 'NONE',  ( 16.69654675138050592, -5.000000000000000000, -11.50000000000001243 ) ) ;
#7465 = CARTESIAN_POINT ( 'NONE',  ( 4.627874399654833049, -4.999999999999999112, -4.600000000000011191 ) ) ;
#7466 = CIRCLE ( 'NONE', #2804, 0.3000000000000016542 ) ;
#7467 = ORIENTED_EDGE ( 'NONE', *, *, #3794, .T. ) ;
#7468 = EDGE_LOOP ( 'NONE', ( #3572, #4152, #5832, #8173 ) ) ;
#7469 = ORIENTED_EDGE ( 'NONE', *, *, #5567, .F. ) ;
#7470 = DIRECTION ( 'NONE',  ( 1.000000000000000000, 2.189528850507526673E-47, 1.357016621982589906E-16 ) ) ;
#7471 = LINE ( 'NONE', #6232, #1940 ) ;
#7472 = EDGE_CURVE ( 'NONE', #6072, #1838, #4308, .T. ) ;
#7473 = DIRECTION ( 'NONE',  ( -0.1324155033982729879, -5.670809637537854799E-18, -0.9911942970274708609 ) ) ;
#7474 = LINE ( 'NONE', #3447, #3654 ) ;
#7475 = VECTOR ( 'NONE', #8579, 1000.000000000000000 ) ;
#7476 = CARTESIAN_POINT ( 'NONE',  ( 4.500000000000003553, -5.000000000000000000, -5.000000000000011546 ) ) ;
#7477 = EDGE_CURVE ( 'NONE', #7610, #2257, #934, .T. ) ;
#7478 = CARTESIAN_POINT ( 'NONE',  ( -13.43559131662329342, 5.000000000000000000, -10.77490268971401299 ) ) ;
#7479 = ORIENTED_EDGE ( 'NONE', *, *, #3905, .F. ) ;
#7480 = CARTESIAN_POINT ( 'NONE',  ( 3.250000000000003553, -5.000000000000000000, -8.500000000000010658 ) ) ;
#7481 = EDGE_CURVE ( 'NONE', #8689, #634, #1393, .T. ) ;
#7482 = ORIENTED_EDGE ( 'NONE', *, *, #5509, .T. ) ;
#7483 = CARTESIAN_POINT ( 'NONE',  ( 13.50203678697557308, -5.000000000000000000, -8.500000000000010658 ) ) ;
#7484 = DIRECTION ( 'NONE',  ( 1.000000000000000000, 0.000000000000000000, -0.000000000000000000 ) ) ;
#7485 = APPLICATION_PROTOCOL_DEFINITION ( 'draft international standard', 'automotive_design', 1998, #1739 ) ;
#7486 = CARTESIAN_POINT ( 'NONE',  ( -49.80664724830590018, -1.300000000000000266, -4.703695419137130962 ) ) ;
#7487 = ORIENTED_EDGE ( 'NONE', *, *, #8666, .T. ) ;
#7488 = EDGE_CURVE ( 'NONE', #6537, #7871, #3190, .T. ) ;
#7489 = ORIENTED_EDGE ( 'NONE', *, *, #6513, .T. ) ;
#7490 = CARTESIAN_POINT ( 'NONE',  ( 3.404267601904844120, -5.000000000000000000, -1.600000000000011191 ) ) ;
#7491 = DIRECTION ( 'NONE',  ( -0.3257540521302635939, 0.9454545454545730809, 0.000000000000000000 ) ) ;
#7492 = ORIENTED_EDGE ( 'NONE', *, *, #3370, .T. ) ;
#7493 = CARTESIAN_POINT ( 'NONE',  ( -13.29649445451299528, -1.300000000000000266, -3.203695419137131406 ) ) ;
#7494 = CARTESIAN_POINT ( 'NONE',  ( -2.364096478224085640, 5.000000000000000000, -7.700000000000012612 ) ) ;
#7495 = CARTESIAN_POINT ( 'NONE',  ( 46.38475575860120159, -5.000000000000000000, -3.600000000000011191 ) ) ;
#7496 = CARTESIAN_POINT ( 'NONE',  ( 13.72564358472555313, -4.999999999999999112, -4.000000000000011546 ) ) ;
#7497 = EDGE_CURVE ( 'NONE', #2123, #186, #6554, .T. ) ;
#7498 = EDGE_LOOP ( 'NONE', ( #3850, #5321, #222, #4672 ) ) ;
#7499 = VERTEX_POINT ( 'NONE', #3597 ) ;
#7500 = DIRECTION ( 'NONE',  ( 0.000000000000000000, -5.721188726109771708E-18, -1.000000000000000000 ) ) ;
#7501 = ORIENTED_EDGE ( 'NONE', *, *, #2502, .T. ) ;
#7502 = CARTESIAN_POINT ( 'NONE',  ( 57.80000000000000426, 1.300000000000000044, -12.20000000000001350 ) ) ;
#7503 = DIRECTION ( 'NONE',  ( 1.000000000000000000, -7.585201011740483497E-33, 1.366428338000190029E-16 ) ) ;
#7504 = LINE ( 'NONE', #2855, #1764 ) ;
#7505 = DIRECTION ( 'NONE',  ( 0.000000000000000000, 8.385879708781915690E-17, 1.000000000000000000 ) ) ;
#7506 = EDGE_CURVE ( 'NONE', #1164, #7795, #258, .T. ) ;
#7507 = ADVANCED_FACE ( 'NONE', ( #1189 ), #3856, .F. ) ;
#7508 = VERTEX_POINT ( 'NONE', #886 ) ;
#7509 = ORIENTED_EDGE ( 'NONE', *, *, #3954, .T. ) ;
#7510 = VERTEX_POINT ( 'NONE', #6959 ) ;
#7511 = CARTESIAN_POINT ( 'NONE',  ( -14.29649445451299705, -1.300000000000000044, -9.803695419137138600 ) ) ;
#7512 = DIRECTION ( 'NONE',  ( 1.000000000000000000, 0.000000000000000000, 1.235726496974087295E-16 ) ) ;
#7513 = CYLINDRICAL_SURFACE ( 'NONE', #1326, 2.374999999999998668 ) ;
#7514 = CARTESIAN_POINT ( 'NONE',  ( -52.50000000000000000, -5.000000000000000000, -1.214306433183764966E-14 ) ) ;
#7515 = CARTESIAN_POINT ( 'NONE',  ( 25.94827798752610803, 1.300000000000000044, -6.800000000000014033 ) ) ;
#7516 = DIRECTION ( 'NONE',  ( -1.000000000000000000, 0.000000000000000000, -1.210490041536614860E-11 ) ) ;
#7517 = EDGE_LOOP ( 'NONE', ( #6664, #7698, #1487, #5200 ) ) ;
#7518 = ORIENTED_EDGE ( 'NONE', *, *, #5686, .T. ) ;
#7519 = CARTESIAN_POINT ( 'NONE',  ( -42.79999999999999716, -5.000000000000000000, -3.600000000000011191 ) ) ;
#7520 = EDGE_LOOP ( 'NONE', ( #5517, #5437, #4420, #4957 ) ) ;
#7521 = AXIS2_PLACEMENT_3D ( 'NONE', #1275, #6101, #8050 ) ;
#7522 = DIRECTION ( 'NONE',  ( 0.000000000000000000, -1.000000000000000000, 1.110223024625156787E-16 ) ) ;
#7523 = LINE ( 'NONE', #130, #8292 ) ;
#7524 = ADVANCED_FACE ( 'NONE', ( #2519 ), #5144, .T. ) ;
#7525 = VECTOR ( 'NONE', #8487, 1000.000000000000000 ) ;
#7526 = DIRECTION ( 'NONE',  ( 0.000000000000000000, 5.721188726109870315E-18, 1.000000000000000000 ) ) ;
#7527 = EDGE_CURVE ( 'NONE', #511, #3314, #8674, .T. ) ;
#7528 = ORIENTED_EDGE ( 'NONE', *, *, #4782, .T. ) ;
#7529 = ORIENTED_EDGE ( 'NONE', *, *, #2736, .T. ) ;
#7530 = DIRECTION ( 'NONE',  ( 1.000000000000000000, 0.000000000000000000, -0.000000000000000000 ) ) ;
#7531 = DIRECTION ( 'NONE',  ( 0.000000000000000000, -1.000000000000000000, 1.110223024625156787E-16 ) ) ;
#7532 = CARTESIAN_POINT ( 'NONE',  ( -16.49999999999999645, -7.000000000000000000, -12.70000000000001172 ) ) ;
#7533 = DIRECTION ( 'NONE',  ( -0.000000000000000000, -1.000000000000000000, 1.722546424198833760E-16 ) ) ;
#7534 = CIRCLE ( 'NONE', #6258, 0.4999999999999995559 ) ;
#7535 = DIRECTION ( 'NONE',  ( 0.000000000000000000, -1.000000000000000000, 1.110223024625156787E-16 ) ) ;
#7536 = DIRECTION ( 'NONE',  ( -1.235726496974091979E-16, -5.551115123125796261E-17, 1.000000000000000000 ) ) ;
#7537 = ORIENTED_EDGE ( 'NONE', *, *, #2120, .F. ) ;
#7538 = ORIENTED_EDGE ( 'NONE', *, *, #5812, .T. ) ;
#7539 = FACE_OUTER_BOUND ( 'NONE', #2645, .T. ) ;
#7540 = CARTESIAN_POINT ( 'NONE',  ( 62.00000000000000711, 5.000000000000000000, -9.852520022699820856 ) ) ;
#7541 = ORIENTED_EDGE ( 'NONE', *, *, #1195, .T. ) ;
#7542 = CARTESIAN_POINT ( 'NONE',  ( -11.49999999999999645, -5.000000000000000000, -16.60000000000001208 ) ) ;
#7543 = CARTESIAN_POINT ( 'NONE',  ( 39.10836255635121006, 0.7000000000000000666, -4.600000000000012079 ) ) ;
#7544 = LINE ( 'NONE', #8301, #185 ) ;
#7545 = DIRECTION ( 'NONE',  ( -1.248833642232039882E-16, 1.710343578476592788E-16, 1.000000000000000000 ) ) ;
#7546 = EDGE_CURVE ( 'NONE', #2330, #3986, #6626, .T. ) ;
#7547 = AXIS2_PLACEMENT_3D ( 'NONE', #4335, #5533, #6233 ) ;
#7548 = ORIENTED_EDGE ( 'NONE', *, *, #1021, .T. ) ;
#7549 = VERTEX_POINT ( 'NONE', #7428 ) ;
#7550 = VECTOR ( 'NONE', #7048, 1000.000000000000114 ) ;
#7551 = ORIENTED_EDGE ( 'NONE', *, *, #3134, .F. ) ;
#7552 = DIRECTION ( 'NONE',  ( 1.000000000000000000, 0.000000000000000000, 0.000000000000000000 ) ) ;
#7553 = CARTESIAN_POINT ( 'NONE',  ( 2.294822524279354070, 5.000000000000000000, -14.67131159421719211 ) ) ;
#7554 = CARTESIAN_POINT ( 'NONE',  ( -47.79999999999999716, 5.000000000000000000, -1.100000000000012523 ) ) ;
#7555 = DIRECTION ( 'NONE',  ( 0.000000000000000000, -5.551115123125782702E-17, 1.000000000000000000 ) ) ;
#7556 = EDGE_CURVE ( 'NONE', #8682, #4925, #72, .T. ) ;
#7557 = CARTESIAN_POINT ( 'NONE',  ( -41.29999999999999716, 1.300000000000000044, -1.500000000000012657 ) ) ;
#7558 = ADVANCED_FACE ( 'NONE', ( #1234 ), #8719, .F. ) ;
#7559 = CARTESIAN_POINT ( 'NONE',  ( -9.175732398095195919, 1.300000000000000044, -3.100000000000012523 ) ) ;
#7560 = VECTOR ( 'NONE', #416, 1000.000000000000000 ) ;
#7561 = EDGE_CURVE ( 'NONE', #597, #8431, #6642, .T. ) ;
#7562 = EDGE_CURVE ( 'NONE', #6154, #1053, #7961, .T. ) ;
#7563 = ORIENTED_EDGE ( 'NONE', *, *, #1347, .F. ) ;
#7564 = ORIENTED_EDGE ( 'NONE', *, *, #4330, .T. ) ;
#7565 = DIRECTION ( 'NONE',  ( 0.000000000000000000, 5.551115123125782702E-17, -1.000000000000000000 ) ) ;
#7566 = ORIENTED_EDGE ( 'NONE', *, *, #2580, .F. ) ;
#7567 = CARTESIAN_POINT ( 'NONE',  ( 13.50203678697557308, -5.000000000000000000, -8.500000000000010658 ) ) ;
#7568 = EDGE_CURVE ( 'NONE', #6637, #2848, #8133, .T. ) ;
#7569 = CARTESIAN_POINT ( 'NONE',  ( 15.00310462831780356, 5.000000000000000000, -10.52775174886009246 ) ) ;
#7570 = VECTOR ( 'NONE', #3609, 1000.000000000000000 ) ;
#7571 = CARTESIAN_POINT ( 'NONE',  ( 4.500000000000003553, -1.300000000000000044, -9.000000000000010658 ) ) ;
#7572 = ORIENTED_EDGE ( 'NONE', *, *, #5209, .T. ) ;
#7573 = ORIENTED_EDGE ( 'NONE', *, *, #1698, .T. ) ;
#7574 = DIRECTION ( 'NONE',  ( 8.881784197001250351E-16, 5.551115123125782702E-17, -1.000000000000000000 ) ) ;
#7575 = CARTESIAN_POINT ( 'NONE',  ( 41.88475575860120870, 5.000000000000000000, -0.5000000000000125455 ) ) ;
#7576 = CARTESIAN_POINT ( 'NONE',  ( 41.38475575860120159, 5.000000000000000000, -1.387778780781445676E-14 ) ) ;
#7577 = VECTOR ( 'NONE', #5908, 1000.000000000000000 ) ;
#7578 = LINE ( 'NONE', #2226, #4956 ) ;
#7579 = DIRECTION ( 'NONE',  ( -0.000000000000000000, -1.000000000000000000, 1.722546424198833760E-16 ) ) ;
#7580 = EDGE_CURVE ( 'NONE', #3314, #943, #7466, .T. ) ;
#7581 = VECTOR ( 'NONE', #7046, 1000.000000000000000 ) ;
#7582 = CIRCLE ( 'NONE', #1227, 1.000000000000000000 ) ;
#7583 = EDGE_LOOP ( 'NONE', ( #4442, #1406, #2232, #6499 ) ) ;
#7584 = ORIENTED_EDGE ( 'NONE', *, *, #5322, .F. ) ;
#7585 = FACE_OUTER_BOUND ( 'NONE', #2708, .T. ) ;
#7586 = DIRECTION ( 'NONE',  ( 0.000000000000000000, 5.551115123125782702E-17, -1.000000000000000000 ) ) ;
#7587 = ORIENTED_EDGE ( 'NONE', *, *, #8729, .F. ) ;
#7588 = FACE_OUTER_BOUND ( 'NONE', #3513, .T. ) ;
#7589 = CARTESIAN_POINT ( 'NONE',  ( 50.00000000000000000, -5.000000000000000000, -0.5000000000000108802 ) ) ;
#7590 = EDGE_CURVE ( 'NONE', #6568, #7549, #1367, .T. ) ;
#7591 = CARTESIAN_POINT ( 'NONE',  ( 6.767177028886333545, -5.000000000000000000, -14.83499804191660054 ) ) ;
#7592 = DIRECTION ( 'NONE',  ( -3.081487911019580102E-33, 1.000000000000000000, -1.722546424198833760E-16 ) ) ;
#7593 = VECTOR ( 'NONE', #3450, 1000.000000000000000 ) ;
#7594 = AXIS2_PLACEMENT_3D ( 'NONE', #5366, #6726, #613 ) ;
#7595 = ORIENTED_EDGE ( 'NONE', *, *, #3726, .T. ) ;
#7596 = CIRCLE ( 'NONE', #7317, 2.655556028328020624 ) ;
#7597 = ORIENTED_EDGE ( 'NONE', *, *, #7527, .T. ) ;
#7598 = AXIS2_PLACEMENT_3D ( 'NONE', #7974, #3915, #3828 ) ;
#7599 = EDGE_LOOP ( 'NONE', ( #1930, #1079, #5821, #1263 ) ) ;
#7600 = CARTESIAN_POINT ( 'NONE',  ( -15.21979627494279441, 5.000000000000000000, -9.700000000000011724 ) ) ;
#7601 = DIRECTION ( 'NONE',  ( 1.235726496974089760E-16, 5.551115123125782702E-17, -1.000000000000000000 ) ) ;
#7602 = EDGE_CURVE ( 'NONE', #7069, #3275, #5402, .T. ) ;
#7603 = PLANE ( 'NONE',  #3735 ) ;
#7604 = CARTESIAN_POINT ( 'NONE',  ( -10.55128150897169625, -5.000000000000000000, -5.732415503398281764 ) ) ;
#7605 = CARTESIAN_POINT ( 'NONE',  ( -2.364096478224085640, 1.300000000000000044, -7.700000000000012612 ) ) ;
#7606 = LINE ( 'NONE', #2295, #4349 ) ;
#7607 = VECTOR ( 'NONE', #3029, 1000.000000000000114 ) ;
#7608 = EDGE_CURVE ( 'NONE', #4773, #8549, #1278, .T. ) ;
#7609 = EDGE_CURVE ( 'NONE', #8601, #4714, #7474, .T. ) ;
#7610 = VERTEX_POINT ( 'NONE', #1323 ) ;
#7611 = ORIENTED_EDGE ( 'NONE', *, *, #5407, .T. ) ;
#7612 = PLANE ( 'NONE',  #454 ) ;
#7613 = VECTOR ( 'NONE', #4528, 1000.000000000000000 ) ;
#7614 = VERTEX_POINT ( 'NONE', #5316 ) ;
#7615 = DIRECTION ( 'NONE',  ( 0.000000000000000000, 1.000000000000000000, -1.998401444325281576E-16 ) ) ;
#7616 = DIRECTION ( 'NONE',  ( -0.8368917562231984464, -0.5473684210526310601, 0.000000000000000000 ) ) ;
#7617 = VECTOR ( 'NONE', #3482, 1000.000000000000000 ) ;
#7618 = EDGE_CURVE ( 'NONE', #6970, #3852, #652, .T. ) ;
#7619 = ADVANCED_FACE ( 'NONE', ( #2030 ), #8052, .T. ) ;
#7620 = LINE ( 'NONE', #6953, #5160 ) ;
#7621 = ORIENTED_EDGE ( 'NONE', *, *, #7354, .T. ) ;
#7622 = ORIENTED_EDGE ( 'NONE', *, *, #148, .F. ) ;
#7623 = LINE ( 'NONE', #1560, #2611 ) ;
#7624 = VECTOR ( 'NONE', #8638, 1000.000000000000000 ) ;
#7625 = DIRECTION ( 'NONE',  ( -0.000000000000000000, -1.000000000000000000, 2.310464132328026570E-16 ) ) ;
#7626 = DIRECTION ( 'NONE',  ( 0.000000000000000000, 1.000000000000000000, -1.110223024625156787E-16 ) ) ;
#7627 = LINE ( 'NONE', #1563, #3531 ) ;
#7628 = CARTESIAN_POINT ( 'NONE',  ( 46.57590321995009930, -1.300000000000000044, -5.100000000000012079 ) ) ;
#7629 = VECTOR ( 'NONE', #496, 1000.000000000000114 ) ;
#7630 = VERTEX_POINT ( 'NONE', #4033 ) ;
#7631 = VERTEX_POINT ( 'NONE', #6145 ) ;
#7632 = DIRECTION ( 'NONE',  ( -1.000000000000000000, 0.000000000000000000, 0.000000000000000000 ) ) ;
#7633 = EDGE_CURVE ( 'NONE', #2888, #8607, #4608, .T. ) ;
#7634 = CARTESIAN_POINT ( 'NONE',  ( -13.92994906873569505, 5.000000000000000000, -10.70000000000001172 ) ) ;
#7635 = ORIENTED_EDGE ( 'NONE', *, *, #7378, .T. ) ;
#7636 = DIRECTION ( 'NONE',  ( -1.281026566875180017E-16, 2.860959332687901610E-16, 1.000000000000000000 ) ) ;
#7637 = CARTESIAN_POINT ( 'NONE',  ( -17.50664724830589591, -5.000000000000000000, -10.30369541913713149 ) ) ;
#7638 = CARTESIAN_POINT ( 'NONE',  ( -6.018033988749897034, 5.000000000000000000, -4.600000000000012079 ) ) ;
#7639 = CARTESIAN_POINT ( 'NONE',  ( 13.72564358472555313, -1.300000000000000044, -7.186405786944511931 ) ) ;
#7640 = EDGE_LOOP ( 'NONE', ( #4062, #2165, #1975, #636 ) ) ;
#7641 = ORIENTED_EDGE ( 'NONE', *, *, #2472, .F. ) ;
#7642 = ORIENTED_EDGE ( 'NONE', *, *, #1072, .F. ) ;
#7643 = LINE ( 'NONE', #158, #8230 ) ;
#7644 = CARTESIAN_POINT ( 'NONE',  ( 4.500000000000003553, -1.300000000000000044, -9.000000000000010658 ) ) ;
#7645 = DIRECTION ( 'NONE',  ( 0.000000000000000000, 2.489498125257403382E-17, -1.000000000000000000 ) ) ;
#7646 = CARTESIAN_POINT ( 'NONE',  ( -47.79999999999999716, 7.000000000000000000, -0.5000000000000125455 ) ) ;
#7647 = LINE ( 'NONE', #4830, #402 ) ;
#7648 = DIRECTION ( 'NONE',  ( 1.000000000000000000, 0.000000000000000000, 0.000000000000000000 ) ) ;
#7649 = DIRECTION ( 'NONE',  ( 6.082024584743129432E-47, 1.000000000000000000, -1.722546424198833760E-16 ) ) ;
#7650 = EDGE_CURVE ( 'NONE', #5590, #2480, #3378, .T. ) ;
#7651 = ORIENTED_EDGE ( 'NONE', *, *, #8322, .F. ) ;
#7652 = EDGE_LOOP ( 'NONE', ( #3649, #425, #3952, #4968 ) ) ;
#7653 = CARTESIAN_POINT ( 'NONE',  ( -50.30664724830590018, -1.300000000000000266, -4.703695419137130962 ) ) ;
#7654 = ORIENTED_EDGE ( 'NONE', *, *, #3131, .F. ) ;
#7655 = DIRECTION ( 'NONE',  ( 0.000000000000000000, 0.000000000000000000, 1.000000000000000000 ) ) ;
#7656 = DIRECTION ( 'NONE',  ( 1.000000000000000000, 0.000000000000000000, -0.000000000000000000 ) ) ;
#7657 = EDGE_CURVE ( 'NONE', #4104, #6176, #3278, .T. ) ;
#7658 = CARTESIAN_POINT ( 'NONE',  ( 3.550000000000004263, 5.000000000000000000, -7.700000000000012612 ) ) ;
#7659 = VECTOR ( 'NONE', #2124, 1000.000000000000000 ) ;
#7660 = ORIENTED_EDGE ( 'NONE', *, *, #3894, .F. ) ;
#7661 = ORIENTED_EDGE ( 'NONE', *, *, #197, .T. ) ;
#7662 = DIRECTION ( 'NONE',  ( -1.000000000000000000, 0.000000000000000000, 0.000000000000000000 ) ) ;
#7663 = FACE_OUTER_BOUND ( 'NONE', #5557, .T. ) ;
#7664 = DIRECTION ( 'NONE',  ( 0.06161043017132637745, -5.710320029218168997E-18, -0.9981002729656495154 ) ) ;
#7665 = CARTESIAN_POINT ( 'NONE',  ( 47.57800706432290383, -5.000000000000000000, -5.936935560705821402 ) ) ;
#7666 = DIRECTION ( 'NONE',  ( 0.000000000000000000, 1.000000000000000000, -1.722546424198833760E-16 ) ) ;
#7667 = EDGE_CURVE ( 'NONE', #647, #2491, #3239, .T. ) ;
#7668 = EDGE_CURVE ( 'NONE', #6520, #5696, #4368, .T. ) ;
#7669 = VECTOR ( 'NONE', #2728, 1000.000000000000000 ) ;
#7670 = EDGE_LOOP ( 'NONE', ( #5548, #1455, #2034, #5320, #5542 ) ) ;
#7671 = VECTOR ( 'NONE', #6699, 1000.000000000000000 ) ;
#7672 = ORIENTED_EDGE ( 'NONE', *, *, #5842, .T. ) ;
#7673 = CARTESIAN_POINT ( 'NONE',  ( 62.00000000000000711, -5.000000000000000000, -9.852520022699817304 ) ) ;
#7674 = LINE ( 'NONE', #7014, #8380 ) ;
#7675 = VERTEX_POINT ( 'NONE', #4870 ) ;
#7676 = FACE_OUTER_BOUND ( 'NONE', #3307, .T. ) ;
#7677 = LINE ( 'NONE', #5562, #7998 ) ;
#7678 = DIRECTION ( 'NONE',  ( -0.000000000000000000, -1.000000000000000000, 1.722546424198833760E-16 ) ) ;
#7679 = DIRECTION ( 'NONE',  ( 0.000000000000000000, 0.000000000000000000, 1.000000000000000000 ) ) ;
#7680 = VECTOR ( 'NONE', #8132, 1000.000000000000000 ) ;
#7681 = ADVANCED_FACE ( 'NONE', ( #2957 ), #206, .T. ) ;
#7682 = ORIENTED_EDGE ( 'NONE', *, *, #6514, .F. ) ;
#7683 = ORIENTED_EDGE ( 'NONE', *, *, #1283, .T. ) ;
#7684 = ORIENTED_EDGE ( 'NONE', *, *, #4782, .F. ) ;
#7685 = DIRECTION ( 'NONE',  ( 1.202024663970799953E-16, -3.330669073875466417E-17, -1.000000000000000000 ) ) ;
#7686 = LINE ( 'NONE', #4333, #3640 ) ;
#7687 = CARTESIAN_POINT ( 'NONE',  ( 39.10836255635121006, -1.300000000000000044, -5.100000000000012079 ) ) ;
#7688 = VECTOR ( 'NONE', #4692, 1000.000000000000000 ) ;
#7689 = DIRECTION ( 'NONE',  ( 0.000000000000000000, -1.000000000000000000, 1.110223024625156787E-16 ) ) ;
#7690 = DIRECTION ( 'NONE',  ( 3.081487911019549996E-33, 1.000000000000000000, -1.722546424198833760E-16 ) ) ;
#7691 = CARTESIAN_POINT ( 'NONE',  ( 17.49654675138050308, 5.000000000000000000, -8.606646647154745366 ) ) ;
#7692 = LINE ( 'NONE', #4966, #4918 ) ;
#7693 = EDGE_CURVE ( 'NONE', #4504, #4296, #8179, .T. ) ;
#7694 = CIRCLE ( 'NONE', #3460, 1.000000000000000000 ) ;
#7695 = VERTEX_POINT ( 'NONE', #5663 ) ;
#7696 = ORIENTED_EDGE ( 'NONE', *, *, #6284, .F. ) ;
#7697 = DIRECTION ( 'NONE',  ( 0.8368917562231958929, 0.5473684210526352789, 0.000000000000000000 ) ) ;
#7698 = ORIENTED_EDGE ( 'NONE', *, *, #8505, .F. ) ;
#7699 = CARTESIAN_POINT ( 'NONE',  ( -7.175732398095195919, -5.000000000000000000, -3.600000000000011191 ) ) ;
#7700 = CARTESIAN_POINT ( 'NONE',  ( 39.88475575860120159, -5.000000000000000000, -1.600000000000011191 ) ) ;
#7701 = VECTOR ( 'NONE', #6036, 1000.000000000000000 ) ;
#7702 = CARTESIAN_POINT ( 'NONE',  ( -15.21979627494279441, -0.7000000000000000666, -9.200000000000015277 ) ) ;
#7703 = FACE_OUTER_BOUND ( 'NONE', #7402, .T. ) ;
#7704 = CIRCLE ( 'NONE', #64, 0.5000000000000013323 ) ;
#7705 = EDGE_LOOP ( 'NONE', ( #3823, #7296, #248, #5429 ) ) ;
#7706 = ORIENTED_EDGE ( 'NONE', *, *, #6045, .T. ) ;
#7707 = DIRECTION ( 'NONE',  ( -1.235726496974089760E-16, 1.110223024625156787E-16, 1.000000000000000000 ) ) ;
#7708 = DIRECTION ( 'NONE',  ( -0.000000000000000000, -1.000000000000000000, 1.722546424198833760E-16 ) ) ;
#7709 = EDGE_CURVE ( 'NONE', #1576, #752, #6900, .T. ) ;
#7710 = DIRECTION ( 'NONE',  ( -0.000000000000000000, 1.110223024625156787E-16, 1.000000000000000000 ) ) ;
#7711 = CARTESIAN_POINT ( 'NONE',  ( 0.1152194902426838530, 1.300000000000000044, -6.200000000000012612 ) ) ;
#7712 = AXIS2_PLACEMENT_3D ( 'NONE', #7543, #4691, #1481 ) ;
#7713 = VERTEX_POINT ( 'NONE', #6852 ) ;
#7714 = EDGE_CURVE ( 'NONE', #5540, #7849, #828, .T. ) ;
#7715 = EDGE_CURVE ( 'NONE', #6340, #1251, #4090, .T. ) ;
#7716 = VECTOR ( 'NONE', #314, 1000.000000000000000 ) ;
#7717 = ORIENTED_EDGE ( 'NONE', *, *, #2431, .F. ) ;
#7718 = DIRECTION ( 'NONE',  ( 0.000000000000000000, 1.000000000000000000, -1.110223024625156787E-16 ) ) ;
#7719 = CARTESIAN_POINT ( 'NONE',  ( 38.60836255635121006, -1.300000000000000266, -4.600000000000011191 ) ) ;
#7720 = EDGE_LOOP ( 'NONE', ( #6259, #4166, #5416, #11 ) ) ;
#7721 = CARTESIAN_POINT ( 'NONE',  ( 44.38475575860120870, -5.000000000000000000, -0.5000000000000108802 ) ) ;
#7722 = DIRECTION ( 'NONE',  ( -2.674902700537824913E-33, 1.000000000000000000, -1.468359484181658825E-16 ) ) ;
#7723 = FACE_OUTER_BOUND ( 'NONE', #157, .T. ) ;
#7724 = CARTESIAN_POINT ( 'NONE',  ( -16.49999999999999645, 5.000000000000000000, -12.70000000000001350 ) ) ;
#7725 = VECTOR ( 'NONE', #6736, 1000.000000000000000 ) ;
#7726 = VECTOR ( 'NONE', #6863, 1000.000000000000000 ) ;
#7727 = ORIENTED_EDGE ( 'NONE', *, *, #2472, .T. ) ;
#7728 = ORIENTED_EDGE ( 'NONE', *, *, #2283, .F. ) ;
#7729 = EDGE_CURVE ( 'NONE', #4920, #2749, #6199, .T. ) ;
#7730 = ORIENTED_EDGE ( 'NONE', *, *, #7917, .T. ) ;
#7731 = LINE ( 'NONE', #6540, #2160 ) ;
#7732 = VECTOR ( 'NONE', #343, 1000.000000000000000 ) ;
#7733 = DIRECTION ( 'NONE',  ( -1.000000000000000000, 2.900223916253719969E-32, -5.224578939412500555E-16 ) ) ;
#7734 = DIRECTION ( 'NONE',  ( 0.000000000000000000, 1.000000000000000000, -1.722546424198833760E-16 ) ) ;
#7735 = VECTOR ( 'NONE', #6105, 1000.000000000000114 ) ;
#7736 = CARTESIAN_POINT ( 'NONE',  ( -8.675732398095195919, 1.300000000000000044, -2.600000000000012079 ) ) ;
#7737 = DIRECTION ( 'NONE',  ( 0.9578262852211508749, 0.000000000000000000, 0.2873478855663469944 ) ) ;
#7738 = DIRECTION ( 'NONE',  ( 0.8368917562231981133, 0.5473684210526317262, -9.130123557772665869E-17 ) ) ;
#7739 = CARTESIAN_POINT ( 'NONE',  ( 62.00000000000000711, -5.000000000000000000, -13.20000000000000995 ) ) ;
#7740 = VECTOR ( 'NONE', #767, 1000.000000000000000 ) ;
#7741 = AXIS2_PLACEMENT_3D ( 'NONE', #8073, #4765, #1973 ) ;
#7742 = ORIENTED_EDGE ( 'NONE', *, *, #7657, .F. ) ;
#7743 = ORIENTED_EDGE ( 'NONE', *, *, #8504, .T. ) ;
#7744 = LINE ( 'NONE', #3765, #3567 ) ;
#7745 = ORIENTED_EDGE ( 'NONE', *, *, #3324, .T. ) ;
#7746 = EDGE_CURVE ( 'NONE', #427, #4455, #4159, .T. ) ;
#7747 = CARTESIAN_POINT ( 'NONE',  ( -14.72543852283049404, 5.000000000000000000, -9.274902689714012993 ) ) ;
#7748 = EDGE_CURVE ( 'NONE', #8057, #7766, #4915, .T. ) ;
#7749 = AXIS2_PLACEMENT_3D ( 'NONE', #6164, #2841, #5550 ) ;
#7750 = PLANE ( 'NONE',  #1510 ) ;
#7751 = DIRECTION ( 'NONE',  ( 0.2873478855663469944, 5.479904944578881671E-18, 0.9578262852211508749 ) ) ;
#7752 = AXIS2_PLACEMENT_3D ( 'NONE', #6678, #612, #6063 ) ;
#7753 = ORIENTED_EDGE ( 'NONE', *, *, #3794, .F. ) ;
#7754 = EDGE_CURVE ( 'NONE', #3728, #4686, #2863, .T. ) ;
#7755 = ORIENTED_EDGE ( 'NONE', *, *, #1169, .F. ) ;
#7756 = ORIENTED_EDGE ( 'NONE', *, *, #583, .T. ) ;
#7757 = DIRECTION ( 'NONE',  ( -0.9578262852211504308, 0.000000000000000000, 0.2873478855663481601 ) ) ;
#7758 = EDGE_CURVE ( 'NONE', #1416, #5990, #8266, .T. ) ;
#7759 = LINE ( 'NONE', #7093, #7577 ) ;
#7760 = CARTESIAN_POINT ( 'NONE',  ( 47.38475575860120159, 5.000000000000000000, -5.475791404463042689 ) ) ;
#7761 = CARTESIAN_POINT ( 'NONE',  ( 22.00000000000000711, 0.000000000000000000, -5.000000000000012434 ) ) ;
#7762 = VECTOR ( 'NONE', #8081, 1000.000000000000000 ) ;
#7763 = EDGE_CURVE ( 'NONE', #590, #6219, #4964, .T. ) ;
#7764 = VERTEX_POINT ( 'NONE', #2158 ) ;
#7765 = VECTOR ( 'NONE', #6748, 1000.000000000000000 ) ;
#7766 = VERTEX_POINT ( 'NONE', #6192 ) ;
#7767 = LINE ( 'NONE', #1788, #5587 ) ;
#7768 = CARTESIAN_POINT ( 'NONE',  ( -50.80664724830590018, -1.300000000000000266, -1.603695419137131761 ) ) ;
#7769 = VERTEX_POINT ( 'NONE', #6942 ) ;
#7770 = DIRECTION ( 'NONE',  ( 0.9854083480418963648, 9.448380771102275239E-18, -0.1702068964799630657 ) ) ;
#7771 = DIRECTION ( 'NONE',  ( -0.8944271909999153003, -7.648889012707830741E-17, -0.4472135954999590934 ) ) ;
#7772 = DIRECTION ( 'NONE',  ( -1.000000000000000000, 0.000000000000000000, 0.000000000000000000 ) ) ;
#7773 = DIRECTION ( 'NONE',  ( 0.000000000000000000, -5.551115123125782702E-17, 1.000000000000000000 ) ) ;
#7774 = VECTOR ( 'NONE', #8686, 1000.000000000000000 ) ;
#7775 = ORIENTED_EDGE ( 'NONE', *, *, #5423, .F. ) ;
#7776 = ORIENTED_EDGE ( 'NONE', *, *, #8104, .T. ) ;
#7777 = ORIENTED_EDGE ( 'NONE', *, *, #7389, .F. ) ;
#7778 = DIRECTION ( 'NONE',  ( -0.09726138573160453271, 0.000000000000000000, 0.9952588722767398144 ) ) ;
#7779 = CARTESIAN_POINT ( 'NONE',  ( 38.60836255635121006, -4.999999999999999112, -1.500000000000011768 ) ) ;
#7780 = CARTESIAN_POINT ( 'NONE',  ( 3.050000000000004263, -5.000000000000000000, -10.50000000000001066 ) ) ;
#7781 = LINE ( 'NONE', #4558, #8256 ) ;
#7782 = LINE ( 'NONE', #1852, #7475 ) ;
#7783 = DIRECTION ( 'NONE',  ( 1.000000000000000000, -1.157554925197384926E-64, 2.085265571911930049E-48 ) ) ;
#7784 = DIRECTION ( 'NONE',  ( 1.642146637880644762E-47, -1.000000000000000000, 1.722546424198833760E-16 ) ) ;
#7785 = EDGE_CURVE ( 'NONE', #4294, #5881, #867, .T. ) ;
#7786 = EDGE_CURVE ( 'NONE', #3852, #2139, #7647, .T. ) ;
#7787 = EDGE_CURVE ( 'NONE', #3684, #7180, #3578, .T. ) ;
#7788 = VERTEX_POINT ( 'NONE', #5618 ) ;
#7789 = ORIENTED_EDGE ( 'NONE', *, *, #2043, .T. ) ;
#7790 = DIRECTION ( 'NONE',  ( 3.284293275761290010E-46, -1.000000000000000000, 1.722546424198833760E-16 ) ) ;
#7791 = FACE_OUTER_BOUND ( 'NONE', #5778, .T. ) ;
#7792 = LINE ( 'NONE', #400, #665 ) ;
#7793 = CARTESIAN_POINT ( 'NONE',  ( 5.850000000000004086, 5.000000000000000000, -8.500000000000012434 ) ) ;
#7794 = EDGE_CURVE ( 'NONE', #4639, #3534, #5781, .T. ) ;
#7795 = VERTEX_POINT ( 'NONE', #7514 ) ;
#7796 = VERTEX_POINT ( 'NONE', #8223 ) ;
#7797 = ORIENTED_EDGE ( 'NONE', *, *, #4111, .F. ) ;
#7798 = CARTESIAN_POINT ( 'NONE',  ( 23.32564358472560073, -1.970607542428470360, -4.000000000000011546 ) ) ;
#7799 = DIRECTION ( 'NONE',  ( 0.000000000000000000, -1.000000000000000000, -6.661338147750930368E-17 ) ) ;
#7800 = DIRECTION ( 'NONE',  ( 6.661338147750940229E-16, 5.551115123125782702E-17, -1.000000000000000000 ) ) ;
#7801 = DIRECTION ( 'NONE',  ( 6.259272319258519807E-32, 1.000000000000000000, -3.577385301569946990E-16 ) ) ;
#7802 = EDGE_CURVE ( 'NONE', #8205, #8601, #4290, .T. ) ;
#7803 = EDGE_CURVE ( 'NONE', #6384, #6262, #3623, .T. ) ;
#7804 = ORIENTED_EDGE ( 'NONE', *, *, #4323, .T. ) ;
#7805 = ORIENTED_EDGE ( 'NONE', *, *, #212, .F. ) ;
#7806 = FACE_OUTER_BOUND ( 'NONE', #1183, .T. ) ;
#7807 = DIRECTION ( 'NONE',  ( 0.000000000000000000, -1.000000000000000000, 1.110223024625156787E-16 ) ) ;
#7808 = ORIENTED_EDGE ( 'NONE', *, *, #690, .F. ) ;
#7809 = DIRECTION ( 'NONE',  ( -0.7053687046577900022, -7.869711504304377980E-17, -0.7088405959659699329 ) ) ;
#7810 = DIRECTION ( 'NONE',  ( 0.000000000000000000, 5.551115123125782702E-17, -1.000000000000000000 ) ) ;
#7811 = AXIS2_PLACEMENT_3D ( 'NONE', #7205, #382, #1802 ) ;
#7812 = CARTESIAN_POINT ( 'NONE',  ( -2.172949016875136419, -1.300000000000000044, -7.700000000000012612 ) ) ;
#7813 = CARTESIAN_POINT ( 'NONE',  ( 15.30203678697560399, -5.000000000000000000, -6.300000000000011369 ) ) ;
#7814 = VECTOR ( 'NONE', #1219, 1000.000000000000227 ) ;
#7815 = ORIENTED_EDGE ( 'NONE', *, *, #5708, .T. ) ;
#7816 = ORIENTED_EDGE ( 'NONE', *, *, #2125, .T. ) ;
#7817 = ORIENTED_EDGE ( 'NONE', *, *, #477, .T. ) ;
#7818 = CYLINDRICAL_SURFACE ( 'NONE', #4143, 0.4999999999999995559 ) ;
#7819 = CARTESIAN_POINT ( 'NONE',  ( -42.79999999999999716, -5.000000000000000000, -1.600000000000011191 ) ) ;
#7820 = LINE ( 'NONE', #4468, #6696 ) ;
#7821 = CARTESIAN_POINT ( 'NONE',  ( -10.32674248658969596, 5.000000000000000000, -17.30000000000001492 ) ) ;
#7822 = FACE_OUTER_BOUND ( 'NONE', #4864, .T. ) ;
#7823 = EDGE_CURVE ( 'NONE', #6351, #8625, #1676, .T. ) ;
#7824 = AXIS2_PLACEMENT_3D ( 'NONE', #3008, #2134, #2840 ) ;
#7825 = DIRECTION ( 'NONE',  ( 0.000000000000000000, 1.000000000000000000, -4.758098676964958187E-17 ) ) ;
#7826 = ORIENTED_EDGE ( 'NONE', *, *, #4131, .F. ) ;
#7827 = AXIS2_PLACEMENT_3D ( 'NONE', #770, #1615, #8254 ) ;
#7828 = ORIENTED_EDGE ( 'NONE', *, *, #3428, .T. ) ;
#7829 = CARTESIAN_POINT ( 'NONE',  ( -2.172949016875136419, -1.300000000000000044, -7.700000000000012612 ) ) ;
#7830 = ADVANCED_FACE ( 'NONE', ( #5133 ), #2337, .F. ) ;
#7831 = EDGE_CURVE ( 'NONE', #5996, #4725, #3099, .T. ) ;
#7832 = FACE_OUTER_BOUND ( 'NONE', #5811, .T. ) ;
#7833 = DIRECTION ( 'NONE',  ( 0.000000000000000000, 1.000000000000000000, -5.721188726109870315E-18 ) ) ;
#7834 = LINE ( 'NONE', #7925, #3360 ) ;
#7835 = DIRECTION ( 'NONE',  ( 0.2873478855663461062, 5.317003977218521848E-17, -0.9578262852211512079 ) ) ;
#7836 = AXIS2_PLACEMENT_3D ( 'NONE', #4975, #6339, #1507 ) ;
#7837 = ORIENTED_EDGE ( 'NONE', *, *, #7857, .T. ) ;
#7838 = ORIENTED_EDGE ( 'NONE', *, *, #7151, .F. ) ;
#7839 = ORIENTED_EDGE ( 'NONE', *, *, #3682, .T. ) ;
#7840 = ADVANCED_FACE ( 'NONE', ( #3847 ), #7074, .F. ) ;
#7841 = VECTOR ( 'NONE', #995, 1000.000000000000114 ) ;
#7842 = ORIENTED_EDGE ( 'NONE', *, *, #6717, .F. ) ;
#7843 = CARTESIAN_POINT ( 'NONE',  ( 4.568935888694587888, -5.000000000000000000, -13.34512767535520084 ) ) ;
#7844 = LINE ( 'NONE', #1781, #84 ) ;
#7845 = CARTESIAN_POINT ( 'NONE',  ( -41.79999999999999716, 1.300000000000000044, -5.100000000000012079 ) ) ;
#7846 = DIRECTION ( 'NONE',  ( -1.000000000000000000, -4.926439913641935015E-47, -7.401486830834380223E-16 ) ) ;
#7847 = AXIS2_PLACEMENT_3D ( 'NONE', #5592, #2223, #2929 ) ;
#7848 = ORIENTED_EDGE ( 'NONE', *, *, #5078, .T. ) ;
#7849 = VERTEX_POINT ( 'NONE', #6544 ) ;
#7850 = DIRECTION ( 'NONE',  ( 0.000000000000000000, 1.000000000000000000, -1.710343578476592788E-16 ) ) ;
#7851 = CARTESIAN_POINT ( 'NONE',  ( 48.90992059245890289, 5.000000000000000000, -8.000000000000012434 ) ) ;
#7852 = ORIENTED_EDGE ( 'NONE', *, *, #3690, .T. ) ;
#7853 = CARTESIAN_POINT ( 'NONE',  ( 22.49654675138050308, 5.000000000000000000, -12.20000000000001350 ) ) ;
#7854 = DIRECTION ( 'NONE',  ( 0.3566969335054460122, -1.452069816293379639E-16, -0.9342201547964010810 ) ) ;
#7855 = CIRCLE ( 'NONE', #3760, 0.2000000000000002054 ) ;
#7856 = DIRECTION ( 'NONE',  ( -1.604941620322684684E-33, -1.000000000000000000, 1.722546424198833760E-16 ) ) ;
#7857 = EDGE_CURVE ( 'NONE', #13, #3822, #5884, .T. ) ;
#7858 = DIRECTION ( 'NONE',  ( 1.000000000000000000, 0.000000000000000000, -0.000000000000000000 ) ) ;
#7859 = VECTOR ( 'NONE', #6503, 1000.000000000000000 ) ;
#7860 = VERTEX_POINT ( 'NONE', #1761 ) ;
#7861 = ADVANCED_FACE ( 'NONE', ( #3709 ), #472, .F. ) ;
#7862 = EDGE_LOOP ( 'NONE', ( #2350, #4475, #5568, #3977 ) ) ;
#7863 = CARTESIAN_POINT ( 'NONE',  ( 18.10118481382170330, -5.000000000000000000, -16.30000000000001137 ) ) ;
#7864 = DIRECTION ( 'NONE',  ( 1.000000000000000000, -0.000000000000000000, 0.000000000000000000 ) ) ;
#7865 = DIRECTION ( 'NONE',  ( 0.000000000000000000, -5.551115123125782702E-17, 1.000000000000000000 ) ) ;
#7866 = DIRECTION ( 'NONE',  ( -0.9981002729656496264, 6.840131813326597846E-18, 0.06161043017132548233 ) ) ;
#7867 = DIRECTION ( 'NONE',  ( -1.000000000000000000, 0.000000000000000000, 0.000000000000000000 ) ) ;
#7868 = LINE ( 'NONE', #6372, #1095 ) ;
#7869 = VECTOR ( 'NONE', #4810, 1000.000000000000000 ) ;
#7870 = LINE ( 'NONE', #5183, #5064 ) ;
#7871 = VERTEX_POINT ( 'NONE', #5748 ) ;
#7872 = AXIS2_PLACEMENT_3D ( 'NONE', #4035, #8091, #2032 ) ;
#7873 = EDGE_LOOP ( 'NONE', ( #4016, #4522, #8486, #7775, #8272, #4412, #4532, #8116, #7297, #4552, #6397, #2023, #4047, #1218 ) ) ;
#7874 = CIRCLE ( 'NONE', #8586, 1.000000000188131066 ) ;
#7875 = ORIENTED_EDGE ( 'NONE', *, *, #3193, .F. ) ;
#7876 = CARTESIAN_POINT ( 'NONE',  ( -40.80664724830590018, -4.999999999999999112, -4.703695419137130962 ) ) ;
#7877 = CARTESIAN_POINT ( 'NONE',  ( 13.53449612337661456, 5.000000000000000000, -7.186405786944512819 ) ) ;
#7878 = FACE_OUTER_BOUND ( 'NONE', #4214, .T. ) ;
#7879 = CARTESIAN_POINT ( 'NONE',  ( 47.88475575860120159, -5.000000000000000000, -1.500000000000011768 ) ) ;
#7880 = LINE ( 'NONE', #531, #5608 ) ;
#7881 = VECTOR ( 'NONE', #6357, 1000.000000000000000 ) ;
#7882 = AXIS2_PLACEMENT_3D ( 'NONE', #7476, #121, #3494 ) ;
#7883 = EDGE_CURVE ( 'NONE', #4284, #7713, #4559, .T. ) ;
#7884 = ORIENTED_EDGE ( 'NONE', *, *, #8533, .F. ) ;
#7885 = ORIENTED_EDGE ( 'NONE', *, *, #7999, .F. ) ;
#7886 = VERTEX_POINT ( 'NONE', #7914 ) ;
#7887 = EDGE_LOOP ( 'NONE', ( #2447, #6059, #2943, #7573 ) ) ;
#7888 = DIRECTION ( 'NONE',  ( -1.000000000000000000, 0.000000000000000000, 0.000000000000000000 ) ) ;
#7889 = DIRECTION ( 'NONE',  ( -0.000000000000000000, -1.000000000000000000, 1.875894076090781792E-16 ) ) ;
#7890 = CARTESIAN_POINT ( 'NONE',  ( -5.885732398095194995, 7.000000000000000000, -0.5000000000000125455 ) ) ;
#7891 = CARTESIAN_POINT ( 'NONE',  ( 30.49654675138050663, -5.000000000000000000, -9.500000000000012434 ) ) ;
#7892 = EDGE_CURVE ( 'NONE', #3677, #8724, #1833, .T. ) ;
#7893 = VECTOR ( 'NONE', #5798, 1000.000000000000000 ) ;
#7894 = EDGE_CURVE ( 'NONE', #1903, #6139, #7782, .T. ) ;
#7895 = ADVANCED_FACE ( 'NONE', ( #1179 ), #5836, .T. ) ;
#7896 = ORIENTED_EDGE ( 'NONE', *, *, #3173, .T. ) ;
#7897 = EDGE_LOOP ( 'NONE', ( #8077, #712, #4052, #7611 ) ) ;
#7898 = CARTESIAN_POINT ( 'NONE',  ( 25.62370992587110408, 1.300000000000000044, -12.20000000000001350 ) ) ;
#7899 = LINE ( 'NONE', #626, #1171 ) ;
#7900 = AXIS2_PLACEMENT_3D ( 'NONE', #8313, #2251, #5534 ) ;
#7901 = ORIENTED_EDGE ( 'NONE', *, *, #1306, .T. ) ;
#7902 = LINE ( 'NONE', #4546, #6195 ) ;
#7903 = DIRECTION ( 'NONE',  ( 1.163108093731910067E-16, 1.000000000000000000, -1.110223024625156787E-16 ) ) ;
#7904 = CARTESIAN_POINT ( 'NONE',  ( -13.29649445451299528, -4.999999999999999112, -3.203695419137131406 ) ) ;
#7905 = AXIS2_PLACEMENT_3D ( 'NONE', #7724, #6448, #5786 ) ;
#7906 = EDGE_CURVE ( 'NONE', #3275, #1846, #8326, .T. ) ;
#7907 = VERTEX_POINT ( 'NONE', #2512 ) ;
#7908 = ORIENTED_EDGE ( 'NONE', *, *, #3217, .F. ) ;
#7909 = DIRECTION ( 'NONE',  ( 0.9854083480418962537, 9.448380771102329165E-18, -0.1702068964799640371 ) ) ;
#7910 = ORIENTED_EDGE ( 'NONE', *, *, #4081, .F. ) ;
#7911 = DIRECTION ( 'NONE',  ( 0.6360302752082078737, -4.414835970726566603E-18, -0.7716641037514777590 ) ) ;
#7912 =( NAMED_UNIT ( * ) SI_UNIT ( $, .STERADIAN. ) SOLID_ANGLE_UNIT ( ) );
#7913 = LINE ( 'NONE', #1714, #1894 ) ;
#7914 = CARTESIAN_POINT ( 'NONE',  ( 49.50000000000000000, -5.000000000000000000, -1.214306433183764966E-14 ) ) ;
#7915 = VECTOR ( 'NONE', #5772, 1000.000000000000227 ) ;
#7916 = PLANE ( 'NONE',  #1951 ) ;
#7917 = EDGE_CURVE ( 'NONE', #1102, #1418, #3757, .T. ) ;
#7918 = ADVANCED_FACE ( 'NONE', ( #1715 ), #4426, .F. ) ;
#7919 = ORIENTED_EDGE ( 'NONE', *, *, #7823, .F. ) ;
#7920 = ORIENTED_EDGE ( 'NONE', *, *, #4994, .T. ) ;
#7921 = ORIENTED_EDGE ( 'NONE', *, *, #1642, .T. ) ;
#7922 = CARTESIAN_POINT ( 'NONE',  ( 4.500000000000003553, -5.000000000000000000, -4.000000000000011546 ) ) ;
#7923 = CARTESIAN_POINT ( 'NONE',  ( -12.29999999999999538, -5.000000000000000000, -16.80000000000000782 ) ) ;
#7924 = CARTESIAN_POINT ( 'NONE',  ( -3.199999999999996181, -5.000000000000000000, -9.000000000000010658 ) ) ;
#7925 = CARTESIAN_POINT ( 'NONE',  ( -26.98761792103009682, -1.300000000000000266, -1.603695419137131761 ) ) ;
#7926 = LINE ( 'NONE', #443, #2215 ) ;
#7927 = VERTEX_POINT ( 'NONE', #4469 ) ;
#7928 = VERTEX_POINT ( 'NONE', #8532 ) ;
#7929 = ORIENTED_EDGE ( 'NONE', *, *, #5718, .T. ) ;
#7930 = ORIENTED_EDGE ( 'NONE', *, *, #4626, .F. ) ;
#7931 = CARTESIAN_POINT ( 'NONE',  ( -52.50000000000000000, -5.000000000000000000, -1.214306433183764966E-14 ) ) ;
#7932 = EDGE_CURVE ( 'NONE', #4825, #8305, #5181, .T. ) ;
#7933 = PLANE ( 'NONE',  #5206 ) ;
#7934 = LINE ( 'NONE', #8062, #7624 ) ;
#7935 = LINE ( 'NONE', #1869, #4928 ) ;
#7936 = EDGE_CURVE ( 'NONE', #4535, #1062, #1808, .T. ) ;
#7937 = VERTEX_POINT ( 'NONE', #1140 ) ;
#7938 = ORIENTED_EDGE ( 'NONE', *, *, #4946, .F. ) ;
#7939 = FACE_OUTER_BOUND ( 'NONE', #65, .T. ) ;
#7940 = CARTESIAN_POINT ( 'NONE',  ( 46.38475575860120159, 1.300000000000000044, -5.100000000000012079 ) ) ;
#7941 = EDGE_CURVE ( 'NONE', #79, #6394, #5395, .T. ) ;
#7942 = VERTEX_POINT ( 'NONE', #3938 ) ;
#7943 = FACE_OUTER_BOUND ( 'NONE', #5743, .T. ) ;
#7944 = CARTESIAN_POINT ( 'NONE',  ( 21.13449612337660710, 5.000000000000000000, -4.000000000000012434 ) ) ;
#7945 = EDGE_CURVE ( 'NONE', #3523, #1969, #2020, .T. ) ;
#7946 = CARTESIAN_POINT ( 'NONE',  ( -16.99999999999999289, -5.000000000000000000, -12.20000000000001172 ) ) ;
#7947 = ORIENTED_EDGE ( 'NONE', *, *, #7748, .F. ) ;
#7948 = ORIENTED_EDGE ( 'NONE', *, *, #2555, .T. ) ;
#7949 = PLANE ( 'NONE',  #8377 ) ;
#7950 = ORIENTED_EDGE ( 'NONE', *, *, #3669, .F. ) ;
#7951 = CARTESIAN_POINT ( 'NONE',  ( -41.29999999999999716, 1.300000000000000044, -4.600000000000012079 ) ) ;
#7952 = LINE ( 'NONE', #562, #3199 ) ;
#7953 = LINE ( 'NONE', #6010, #4874 ) ;
#7954 = DIRECTION ( 'NONE',  ( 1.000000000000000000, -0.000000000000000000, 0.000000000000000000 ) ) ;
#7955 = VECTOR ( 'NONE', #3442, 1000.000000000000000 ) ;
#7956 = EDGE_LOOP ( 'NONE', ( #8013, #7361, #1790, #8634 ) ) ;
#7957 = VERTEX_POINT ( 'NONE', #3982 ) ;
#7958 = CARTESIAN_POINT ( 'NONE',  ( -16.99999999999999289, -5.000000000000000000, -12.20000000000001172 ) ) ;
#7959 = VECTOR ( 'NONE', #4543, 1000.000000000000000 ) ;
#7960 = CARTESIAN_POINT ( 'NONE',  ( 48.90992059245890289, 1.300000000000000044, -8.000000000000012434 ) ) ;
#7961 = LINE ( 'NONE', #8007, #6490 ) ;
#7962 = DIRECTION ( 'NONE',  ( 0.000000000000000000, 1.000000000000000000, -1.998401444325281576E-16 ) ) ;
#7963 = CARTESIAN_POINT ( 'NONE',  ( 16.99654675138050308, -5.000000000000000000, -11.90000000000001101 ) ) ;
#7964 = VECTOR ( 'NONE', #2302, 1000.000000000000000 ) ;
#7965 = ORIENTED_EDGE ( 'NONE', *, *, #6569, .F. ) ;
#7966 = VERTEX_POINT ( 'NONE', #17 ) ;
#7967 = CARTESIAN_POINT ( 'NONE',  ( 50.00000000000000000, -5.000000000000000000, -7.000000000000011546 ) ) ;
#7968 = ORIENTED_EDGE ( 'NONE', *, *, #2100, .T. ) ;
#7969 = CARTESIAN_POINT ( 'NONE',  ( 17.99654675138050308, 5.000000000000000000, -7.300000000000013145 ) ) ;
#7970 = EDGE_CURVE ( 'NONE', #4551, #1893, #7997, .T. ) ;
#7971 = PLANE ( 'NONE',  #4071 ) ;
#7972 = AXIS2_PLACEMENT_3D ( 'NONE', #1139, #3846, #6543 ) ;
#7973 = PLANE ( 'NONE',  #701 ) ;
#7974 = CARTESIAN_POINT ( 'NONE',  ( -13.49999999999999467, -5.000000000000000000, -11.20000000000001172 ) ) ;
#7975 = AXIS2_PLACEMENT_3D ( 'NONE', #3683, #8194, #1594 ) ;
#7976 = VERTEX_POINT ( 'NONE', #6762 ) ;
#7977 = VERTEX_POINT ( 'NONE', #2685 ) ;
#7978 = ADVANCED_FACE ( 'NONE', ( #6634 ), #5435, .F. ) ;
#7979 = VERTEX_POINT ( 'NONE', #7292 ) ;
#7980 = DIRECTION ( 'NONE',  ( 0.000000000000000000, -1.000000000000000000, 5.721188726109870315E-18 ) ) ;
#7981 = CARTESIAN_POINT ( 'NONE',  ( -7.934095333155796403, -5.000000000000000000, -5.442884951264881366 ) ) ;
#7982 = ORIENTED_EDGE ( 'NONE', *, *, #1021, .F. ) ;
#7983 = DIRECTION ( 'NONE',  ( 5.473822126268819600E-47, 1.000000000000000000, -1.722546424198833760E-16 ) ) ;
#7984 = DIRECTION ( 'NONE',  ( -1.000000000000000000, 0.000000000000000000, 0.000000000000000000 ) ) ;
#7985 = CARTESIAN_POINT ( 'NONE',  ( 7.901193869821793392, -5.800000000000000711, -7.700000000000011724 ) ) ;
#7986 = AXIS2_PLACEMENT_3D ( 'NONE', #625, #8692, #8030 ) ;
#7987 = EDGE_CURVE ( 'NONE', #7796, #969, #517, .T. ) ;
#7988 = EDGE_CURVE ( 'NONE', #2366, #7610, #1224, .T. ) ;
#7989 = ORIENTED_EDGE ( 'NONE', *, *, #1260, .T. ) ;
#7990 = VECTOR ( 'NONE', #3979, 1000.000000000000000 ) ;
#7991 = ORIENTED_EDGE ( 'NONE', *, *, #8245, .F. ) ;
#7992 = DIRECTION ( 'NONE',  ( -0.000000000000000000, -1.000000000000000000, 1.722546424198833760E-16 ) ) ;
#7993 = EDGE_LOOP ( 'NONE', ( #7111, #3884, #6118, #8595 ) ) ;
#7994 = CARTESIAN_POINT ( 'NONE',  ( 57.80000000000000426, 5.000000000000000000, -12.20000000000001350 ) ) ;
#7995 = DIRECTION ( 'NONE',  ( -0.9981002729656496264, 0.000000000000000000, -0.06161043017132571825 ) ) ;
#7996 = LINE ( 'NONE', #7419, #7129 ) ;
#7997 = LINE ( 'NONE', #1312, #3814 ) ;
#7998 = VECTOR ( 'NONE', #2987, 1000.000000000000000 ) ;
#7999 = EDGE_CURVE ( 'NONE', #8431, #6559, #5969, .T. ) ;
#8000 = ADVANCED_FACE ( 'NONE', ( #8045 ), #7420, .F. ) ;
#8001 = ORIENTED_EDGE ( 'NONE', *, *, #5854, .T. ) ;
#8002 = EDGE_CURVE ( 'NONE', #6602, #4195, #3311, .T. ) ;
#8003 = ORIENTED_EDGE ( 'NONE', *, *, #4435, .F. ) ;
#8004 = DIRECTION ( 'NONE',  ( 0.1498053794279949336, 1.164221670175661687E-17, 0.9887155042247666170 ) ) ;
#8005 = VECTOR ( 'NONE', #6564, 1000.000000000000000 ) ;
#8006 = DIRECTION ( 'NONE',  ( 0.000000000000000000, 1.000000000000000000, -1.110223024625156787E-16 ) ) ;
#8007 = CARTESIAN_POINT ( 'NONE',  ( -53.00000000000000000, 5.000000000000000000, -8.500000000000021316 ) ) ;
#8008 = FACE_OUTER_BOUND ( 'NONE', #5271, .T. ) ;
#8009 = DIRECTION ( 'NONE',  ( 0.000000000000000000, -1.000000000000000000, 1.110223024625156787E-16 ) ) ;
#8010 = VECTOR ( 'NONE', #1290, 1000.000000000000000 ) ;
#8011 = VECTOR ( 'NONE', #5715, 1000.000000000000000 ) ;
#8012 = ORIENTED_EDGE ( 'NONE', *, *, #1610, .F. ) ;
#8013 = ORIENTED_EDGE ( 'NONE', *, *, #4459, .F. ) ;
#8014 = EDGE_CURVE ( 'NONE', #7180, #3852, #1357, .T. ) ;
#8015 = EDGE_CURVE ( 'NONE', #647, #3004, #6011, .T. ) ;
#8016 = DIRECTION ( 'NONE',  ( 0.000000000000000000, 5.721188726109870315E-18, 1.000000000000000000 ) ) ;
#8017 = VERTEX_POINT ( 'NONE', #601 ) ;
#8018 = CARTESIAN_POINT ( 'NONE',  ( 5.550000000000003375, -5.000000000000000000, -7.500000000000011546 ) ) ;
#8019 = AXIS2_PLACEMENT_3D ( 'NONE', #7035, #1545, #964 ) ;
#8020 = CARTESIAN_POINT ( 'NONE',  ( 4.627874399654833049, -1.300000000000000266, -4.600000000000011191 ) ) ;
#8021 = VECTOR ( 'NONE', #3902, 1000.000000000000000 ) ;
#8022 = DIRECTION ( 'NONE',  ( 1.000000000000000000, 0.000000000000000000, 0.000000000000000000 ) ) ;
#8023 = CARTESIAN_POINT ( 'NONE',  ( -49.80664724830590018, -1.300000000000000044, -5.203695419137131850 ) ) ;
#8024 = ADVANCED_FACE ( 'NONE', ( #8624 ), #8709, .F. ) ;
#8025 = VECTOR ( 'NONE', #7071, 1000.000000000000000 ) ;
#8026 = VECTOR ( 'NONE', #2271, 1000.000000000000000 ) ;
#8027 = EDGE_LOOP ( 'NONE', ( #956, #3639, #1827, #1351 ) ) ;
#8028 = ORIENTED_EDGE ( 'NONE', *, *, #197, .F. ) ;
#8029 = ORIENTED_EDGE ( 'NONE', *, *, #8014, .T. ) ;
#8030 = DIRECTION ( 'NONE',  ( 1.000000000000000000, 0.000000000000000000, -0.000000000000000000 ) ) ;
#8031 = PLANE ( 'NONE',  #8242 ) ;
#8032 = EDGE_LOOP ( 'NONE', ( #3256, #7091, #3842, #2608 ) ) ;
#8033 = CARTESIAN_POINT ( 'NONE',  ( -5.123606797749975073, -5.000000000000000000, -5.152786404500051098 ) ) ;
#8034 = DIRECTION ( 'NONE',  ( 1.000000000000000000, 2.566952835715054225E-33, 9.248422267523160066E-17 ) ) ;
#8035 = DIRECTION ( 'NONE',  ( -0.000000000000000000, -1.000000000000000000, 2.310464132328026570E-16 ) ) ;
#8036 = AXIS2_PLACEMENT_3D ( 'NONE', #2135, #6249, #2709 ) ;
#8037 = ORIENTED_EDGE ( 'NONE', *, *, #4626, .T. ) ;
#8038 = VECTOR ( 'NONE', #7117, 1000.000000000000000 ) ;
#8039 = ORIENTED_EDGE ( 'NONE', *, *, #6348, .F. ) ;
#8040 = LINE ( 'NONE', #1307, #4721 ) ;
#8041 = ORIENTED_EDGE ( 'NONE', *, *, #3130, .T. ) ;
#8042 = CARTESIAN_POINT ( 'NONE',  ( 42.17779029743370245, -5.000000000000000000, -9.500000000000005329 ) ) ;
#8043 = CARTESIAN_POINT ( 'NONE',  ( 15.00310462831780356, -5.000000000000000000, -10.52775174886009246 ) ) ;
#8044 = DIRECTION ( 'NONE',  ( 0.000000000000000000, 1.000000000000000000, -1.110223024625156787E-16 ) ) ;
#8045 = FACE_OUTER_BOUND ( 'NONE', #1670, .T. ) ;
#8046 = AXIS2_PLACEMENT_3D ( 'NONE', #6180, #4280, #6226 ) ;
#8047 = VERTEX_POINT ( 'NONE', #6096 ) ;
#8048 = ORIENTED_EDGE ( 'NONE', *, *, #412, .F. ) ;
#8049 = ORIENTED_EDGE ( 'NONE', *, *, #1318, .T. ) ;
#8050 = DIRECTION ( 'NONE',  ( 0.000000000000000000, 0.000000000000000000, -1.000000000000000000 ) ) ;
#8051 = CARTESIAN_POINT ( 'NONE',  ( 0.3063669515916333519, -4.999999999999999112, -6.200000000000010836 ) ) ;
#8052 = CYLINDRICAL_SURFACE ( 'NONE', #2664, 0.5000000000000004441 ) ;
#8053 = EDGE_CURVE ( 'NONE', #7059, #6151, #3354, .T. ) ;
#8054 = CARTESIAN_POINT ( 'NONE',  ( 5.127874399654833049, -1.300000000000000266, -4.100000000000011191 ) ) ;
#8055 = ADVANCED_FACE ( 'NONE', ( #2595 ), #5355, .T. ) ;
#8056 = DIRECTION ( 'NONE',  ( -1.000000000000000000, 0.000000000000000000, 0.000000000000000000 ) ) ;
#8057 = VERTEX_POINT ( 'NONE', #1981 ) ;
#8058 = DIRECTION ( 'NONE',  ( 1.000000000000000000, 0.000000000000000000, 0.000000000000000000 ) ) ;
#8059 = ORIENTED_EDGE ( 'NONE', *, *, #5699, .T. ) ;
#8060 = CARTESIAN_POINT ( 'NONE',  ( -3.199999999999996181, 5.000000000000000000, -9.000000000000012434 ) ) ;
#8061 = DIRECTION ( 'NONE',  ( 0.000000000000000000, -1.000000000000000000, 1.110223024625156787E-16 ) ) ;
#8062 = CARTESIAN_POINT ( 'NONE',  ( -50.79999999999999716, 5.000000000000000000, -1.500000000000012657 ) ) ;
#8063 = DIRECTION ( 'NONE',  ( -0.1498053794279949336, -8.649422348928722587E-18, -0.9887155042247666170 ) ) ;
#8064 = VERTEX_POINT ( 'NONE', #7465 ) ;
#8065 = ORIENTED_EDGE ( 'NONE', *, *, #8652, .F. ) ;
#8066 = DIRECTION ( 'NONE',  ( -0.000000000000000000, -1.000000000000000000, 2.379049338482476751E-16 ) ) ;
#8067 = DIRECTION ( 'NONE',  ( -1.000000000000000000, 6.798155367234437487E-33, -1.224646799147350002E-16 ) ) ;
#8068 = ORIENTED_EDGE ( 'NONE', *, *, #7354, .F. ) ;
#8069 = DIRECTION ( 'NONE',  ( -0.000000000000000000, -1.000000000000000000, 1.722546424198833760E-16 ) ) ;
#8070 = DIRECTION ( 'NONE',  ( -1.000000000000000000, 1.379593671770062908E-32, -2.485255018442539872E-16 ) ) ;
#8071 = EDGE_CURVE ( 'NONE', #1838, #6047, #5309, .T. ) ;
#8072 = CARTESIAN_POINT ( 'NONE',  ( -17.50664724830589591, -1.300000000000000044, -9.803695419137133271 ) ) ;
#8073 = CARTESIAN_POINT ( 'NONE',  ( -18.49999999999999645, 1.300000000000000044, -13.16832058016451334 ) ) ;
#8074 = VERTEX_POINT ( 'NONE', #7379 ) ;
#8075 = ORIENTED_EDGE ( 'NONE', *, *, #4406, .T. ) ;
#8076 = LINE ( 'NONE', #4727, #4292 ) ;
#8077 = ORIENTED_EDGE ( 'NONE', *, *, #5893, .T. ) ;
#8078 = LINE ( 'NONE', #7951, #4642 ) ;
#8079 = CARTESIAN_POINT ( 'NONE',  ( 6.879871348504614126, -5.000000000000000000, -10.67024128661475224 ) ) ;
#8080 = LINE ( 'NONE', #4600, #7688 ) ;
#8081 = DIRECTION ( 'NONE',  ( -1.000000000000000000, 0.000000000000000000, 0.000000000000000000 ) ) ;
#8082 = VECTOR ( 'NONE', #2831, 1000.000000000000000 ) ;
#8083 = ORIENTED_EDGE ( 'NONE', *, *, #6632, .T. ) ;
#8084 = ORIENTED_EDGE ( 'NONE', *, *, #5566, .T. ) ;
#8085 = VERTEX_POINT ( 'NONE', #903 ) ;
#8086 = DIRECTION ( 'NONE',  ( 0.000000000000000000, 1.000000000000000000, -2.220446049250318751E-17 ) ) ;
#8087 = DIRECTION ( 'NONE',  ( 1.479114197289399982E-31, 1.000000000000000000, -1.110223024625156787E-16 ) ) ;
#8088 = DIRECTION ( 'NONE',  ( 0.000000000000000000, 1.000000000000000000, -2.886579864025406611E-16 ) ) ;
#8089 = CARTESIAN_POINT ( 'NONE',  ( -23.01238207896989607, -1.300000000000000266, -5.000000000000011546 ) ) ;
#8090 = VECTOR ( 'NONE', #4998, 1000.000000000000000 ) ;
#8091 = DIRECTION ( 'NONE',  ( 0.000000000000000000, 1.000000000000000000, -1.744636181553817632E-16 ) ) ;
#8092 = ADVANCED_FACE ( 'NONE', ( #2191 ), #2147, .T. ) ;
#8093 = EDGE_CURVE ( 'NONE', #1291, #5996, #4955, .T. ) ;
#8094 = ORIENTED_EDGE ( 'NONE', *, *, #330, .T. ) ;
#8095 = VECTOR ( 'NONE', #4367, 1000.000000000000000 ) ;
#8096 = DIRECTION ( 'NONE',  ( 3.240973560898774828E-17, 1.000000000000000000, -1.110223024625156787E-16 ) ) ;
#8097 = VERTEX_POINT ( 'NONE', #6975 ) ;
#8098 = ADVANCED_FACE ( 'NONE', ( #2110 ), #6841, .F. ) ;
#8099 = CARTESIAN_POINT ( 'NONE',  ( 22.49654675138050308, -5.000000000000000000, -12.20000000000001172 ) ) ;
#8100 = CARTESIAN_POINT ( 'NONE',  ( -5.385732398095166573, 5.000000000000000000, -1.100000000000012523 ) ) ;
#8101 = CARTESIAN_POINT ( 'NONE',  ( -12.49999999999999645, -5.000000000000000000, -17.60000000000001208 ) ) ;
#8102 = VECTOR ( 'NONE', #25, 1000.000000000000000 ) ;
#8103 = AXIS2_PLACEMENT_3D ( 'NONE', #3404, #2559, #7384 ) ;
#8104 = EDGE_CURVE ( 'NONE', #4296, #8616, #1574, .T. ) ;
#8105 = ORIENTED_EDGE ( 'NONE', *, *, #7729, .F. ) ;
#8106 = AXIS2_PLACEMENT_3D ( 'NONE', #7464, #7678, #194 ) ;
#8107 = ORIENTED_EDGE ( 'NONE', *, *, #8130, .T. ) ;
#8108 = LINE ( 'NONE', #2706, #6996 ) ;
#8109 = CARTESIAN_POINT ( 'NONE',  ( -26.98761792103009682, -1.300000000000000266, -5.000000000000011546 ) ) ;
#8110 = EDGE_LOOP ( 'NONE', ( #3630, #367, #7929, #4418 ) ) ;
#8111 = LINE ( 'NONE', #7493, #3648 ) ;
#8112 = DIRECTION ( 'NONE',  ( 0.000000000000000000, 1.000000000000000000, -1.998401444325281576E-16 ) ) ;
#8113 = FACE_OUTER_BOUND ( 'NONE', #1523, .T. ) ;
#8114 = FACE_OUTER_BOUND ( 'NONE', #5688, .T. ) ;
#8115 = VECTOR ( 'NONE', #797, 1000.000000000000000 ) ;
#8116 = ORIENTED_EDGE ( 'NONE', *, *, #6378, .T. ) ;
#8117 = ORIENTED_EDGE ( 'NONE', *, *, #8756, .F. ) ;
#8118 = LINE ( 'NONE', #6793, #3162 ) ;
#8119 = ORIENTED_EDGE ( 'NONE', *, *, #3508, .T. ) ;
#8120 = CARTESIAN_POINT ( 'NONE',  ( -11.64010186252859391, 5.000000000000000000, -4.600000000000012079 ) ) ;
#8121 = DIRECTION ( 'NONE',  ( -0.000000000000000000, -1.000000000000000000, 1.722546424198833760E-16 ) ) ;
#8122 = VECTOR ( 'NONE', #5956, 1000.000000000000000 ) ;
#8123 = DIRECTION ( 'NONE',  ( -1.000000000000000000, 0.000000000000000000, 0.000000000000000000 ) ) ;
#8124 = DIRECTION ( 'NONE',  ( 0.000000000000000000, 1.000000000000000000, -1.831867990631508686E-16 ) ) ;
#8125 = EDGE_CURVE ( 'NONE', #478, #1943, #2817, .T. ) ;
#8126 = AXIS2_PLACEMENT_3D ( 'NONE', #2485, #1732, #6479 ) ;
#8127 = ORIENTED_EDGE ( 'NONE', *, *, #4112, .T. ) ;
#8128 = ORIENTED_EDGE ( 'NONE', *, *, #430, .F. ) ;
#8129 = ORIENTED_EDGE ( 'NONE', *, *, #7022, .T. ) ;
#8130 = EDGE_CURVE ( 'NONE', #4142, #594, #2856, .T. ) ;
#8131 = CARTESIAN_POINT ( 'NONE',  ( -23.01238207896989607, 1.300000000000000044, -1.500000000000012657 ) ) ;
#8132 = DIRECTION ( 'NONE',  ( 0.000000000000000000, 5.551115123125782702E-17, -1.000000000000000000 ) ) ;
#8133 = LINE ( 'NONE', #2603, #6064 ) ;
#8134 = CARTESIAN_POINT ( 'NONE',  ( 42.17779029743370245, -5.000000000000000000, -8.200000000000011724 ) ) ;
#8135 = VECTOR ( 'NONE', #5393, 1000.000000000000000 ) ;
#8136 = CARTESIAN_POINT ( 'NONE',  ( 5.127874399654833049, -1.300000000000000266, -4.600000000000011191 ) ) ;
#8137 = ADVANCED_FACE ( 'NONE', ( #6933 ), #6310, .F. ) ;
#8138 = ORIENTED_EDGE ( 'NONE', *, *, #5323, .T. ) ;
#8139 = AXIS2_PLACEMENT_3D ( 'NONE', #1470, #7533, #2269 ) ;
#8140 = CARTESIAN_POINT ( 'NONE',  ( 3.350000000000004086, -5.000000000000000000, -7.500000000000011546 ) ) ;
#8141 = EDGE_LOOP ( 'NONE', ( #800, #1567, #7815, #7642, #6721, #3595 ) ) ;
#8142 = DIRECTION ( 'NONE',  ( -1.000000000000000000, 6.320213702285471229E-33, -1.138548482980590047E-16 ) ) ;
#8143 = DIRECTION ( 'NONE',  ( 1.000000000000000000, 0.000000000000000000, 1.235726496974087295E-16 ) ) ;
#8144 = LINE ( 'NONE', #7359, #6737 ) ;
#8145 = EDGE_CURVE ( 'NONE', #3983, #6604, #2896, .T. ) ;
#8146 = AXIS2_PLACEMENT_3D ( 'NONE', #6107, #8056, #1415 ) ;
#8147 = CIRCLE ( 'NONE', #5757, 1.375000000000000000 ) ;
#8148 = VERTEX_POINT ( 'NONE', #153 ) ;
#8149 = AXIS2_PLACEMENT_3D ( 'NONE', #4117, #2247, #1411 ) ;
#8150 = AXIS2_PLACEMENT_3D ( 'NONE', #433, #7076, #5800 ) ;
#8151 = VERTEX_POINT ( 'NONE', #242 ) ;
#8152 = DIRECTION ( 'NONE',  ( 1.000000000000000000, 0.000000000000000000, -0.000000000000000000 ) ) ;
#8153 = DIRECTION ( 'NONE',  ( -0.9796000826835731257, -1.149712384147813887E-18, -0.2009569058438570588 ) ) ;
#8154 = ORIENTED_EDGE ( 'NONE', *, *, #8053, .T. ) ;
#8155 = LINE ( 'NONE', #4937, #5774 ) ;
#8156 = CARTESIAN_POINT ( 'NONE',  ( 42.32814634690690525, 1.300000000000000044, -6.800000000000012257 ) ) ;
#8157 = DIRECTION ( 'NONE',  ( 2.344009883674314931E-16, 1.000000000000000000, -1.110223024625156787E-16 ) ) ;
#8158 = CARTESIAN_POINT ( 'NONE',  ( 4.529377692776864528, -5.000000000000000000, -12.95038905019667297 ) ) ;
#8159 = EDGE_CURVE ( 'NONE', #7251, #2298, #7339, .T. ) ;
#8160 = EDGE_CURVE ( 'NONE', #6549, #1433, #4859, .T. ) ;
#8161 = VECTOR ( 'NONE', #5773, 1000.000000000000000 ) ;
#8162 = ORIENTED_EDGE ( 'NONE', *, *, #4002, .T. ) ;
#8163 = ORIENTED_EDGE ( 'NONE', *, *, #1196, .F. ) ;
#8164 = CARTESIAN_POINT ( 'NONE',  ( 3.050000000000004263, -5.000000000000000000, -10.50000000000001066 ) ) ;
#8165 = AXIS2_PLACEMENT_3D ( 'NONE', #3149, #7258, #4980 ) ;
#8166 = ORIENTED_EDGE ( 'NONE', *, *, #4976, .F. ) ;
#8167 = CARTESIAN_POINT ( 'NONE',  ( -44.79999999999999005, 5.000000000000000000, -0.5000000000000125455 ) ) ;
#8168 = LINE ( 'NONE', #2018, #2058 ) ;
#8169 = DIRECTION ( 'NONE',  ( -0.000000000000000000, -1.000000000000000000, 1.710343578476592788E-16 ) ) ;
#8170 = CARTESIAN_POINT ( 'NONE',  ( 4.500000000000003553, -5.000000000000000000, -5.000000000000011546 ) ) ;
#8171 = EDGE_CURVE ( 'NONE', #6046, #6268, #2241, .T. ) ;
#8172 = AXIS2_PLACEMENT_3D ( 'NONE', #398, #1148, #2930 ) ;
#8173 = ORIENTED_EDGE ( 'NONE', *, *, #1260, .F. ) ;
#8174 = VERTEX_POINT ( 'NONE', #5653 ) ;
#8175 = ORIENTED_EDGE ( 'NONE', *, *, #6913, .T. ) ;
#8176 = DIRECTION ( 'NONE',  ( 0.000000000000000000, 0.000000000000000000, 1.000000000000000000 ) ) ;
#8177 = DIRECTION ( 'NONE',  ( 0.000000000000000000, -1.000000000000000000, 5.721188726109870315E-18 ) ) ;
#8178 = CARTESIAN_POINT ( 'NONE',  ( 6.601619148220884803, -5.000000000000000000, -14.72279025185920176 ) ) ;
#8179 = LINE ( 'NONE', #4205, #544 ) ;
#8180 = DIRECTION ( 'NONE',  ( 2.619264724366619960E-32, -1.000000000000000000, 1.722546424198833760E-16 ) ) ;
#8181 = EDGE_CURVE ( 'NONE', #1551, #2081, #8347, .T. ) ;
#8182 = EDGE_CURVE ( 'NONE', #427, #6904, #5088, .T. ) ;
#8183 = DIRECTION ( 'NONE',  ( -1.000000000000000000, 1.101050966131200592E-32, -1.983477088313759839E-16 ) ) ;
#8184 = ADVANCED_FACE ( 'NONE', ( #8255 ), #5607, .T. ) ;
#8185 = AXIS2_PLACEMENT_3D ( 'NONE', #7985, #508, #4636 ) ;
#8186 = ORIENTED_EDGE ( 'NONE', *, *, #8404, .F. ) ;
#8187 = ORIENTED_EDGE ( 'NONE', *, *, #4269, .F. ) ;
#8188 = LINE ( 'NONE', #8228, #2029 ) ;
#8189 = EDGE_LOOP ( 'NONE', ( #7991, #2821, #2069, #4625 ) ) ;
#8190 = CARTESIAN_POINT ( 'NONE',  ( 6.879871348504614126, -5.000000000000000000, -10.67024128661474158 ) ) ;
#8191 = ADVANCED_FACE ( 'NONE', ( #728 ), #8216, .F. ) ;
#8192 = EDGE_CURVE ( 'NONE', #560, #1475, #3569, .T. ) ;
#8193 = LINE ( 'NONE', #7397, #5334 ) ;
#8194 = DIRECTION ( 'NONE',  ( 0.8944271909999159664, 1.489520491948366040E-17, 0.4472135954999579832 ) ) ;
#8195 = ADVANCED_FACE ( 'NONE', ( #195 ), #996, .F. ) ;
#8196 = ORIENTED_EDGE ( 'NONE', *, *, #849, .F. ) ;
#8197 = VERTEX_POINT ( 'NONE', #2990 ) ;
#8198 = CARTESIAN_POINT ( 'NONE',  ( -11.49999999999999645, -5.000000000000000000, -16.60000000000001208 ) ) ;
#8199 = DIRECTION ( 'NONE',  ( -0.6904313878910761648, 1.800897676100495363E-17, -0.7233978840270423039 ) ) ;
#8200 = CARTESIAN_POINT ( 'NONE',  ( 39.88475575860120159, -5.000000000000000000, -3.600000000000011191 ) ) ;
#8201 = LINE ( 'NONE', #4227, #5609 ) ;
#8202 = EDGE_CURVE ( 'NONE', #493, #4841, #4326, .T. ) ;
#8203 = CARTESIAN_POINT ( 'NONE',  ( 15.23397045891460344, -5.000000000000000000, -10.23582630183478059 ) ) ;
#8204 = PLANE ( 'NONE',  #7741 ) ;
#8205 = VERTEX_POINT ( 'NONE', #5086 ) ;
#8206 = EDGE_CURVE ( 'NONE', #221, #6418, #377, .T. ) ;
#8207 = EDGE_CURVE ( 'NONE', #863, #5243, #4508, .T. ) ;
#8208 = EDGE_LOOP ( 'NONE', ( #2424, #763, #705, #1427, #6837 ) ) ;
#8209 = DIRECTION ( 'NONE',  ( 1.000000000000000000, -3.048577777592714625E-65, 5.491829497270609767E-49 ) ) ;
#8210 = FACE_OUTER_BOUND ( 'NONE', #1606, .T. ) ;
#8211 = ORIENTED_EDGE ( 'NONE', *, *, #3974, .F. ) ;
#8212 = FACE_OUTER_BOUND ( 'NONE', #6885, .T. ) ;
#8213 = DIRECTION ( 'NONE',  ( 1.000000000000000000, 0.000000000000000000, -0.000000000000000000 ) ) ;
#8214 = EDGE_CURVE ( 'NONE', #4365, #2323, #2498, .T. ) ;
#8215 = CARTESIAN_POINT ( 'NONE',  ( -12.21412045636129839, -5.000000000000000000, -15.10000000000001208 ) ) ;
#8216 = PLANE ( 'NONE',  #1256 ) ;
#8217 = EDGE_LOOP ( 'NONE', ( #6805, #2619, #8318, #2011 ) ) ;
#8218 = ORIENTED_EDGE ( 'NONE', *, *, #7988, .T. ) ;
#8219 = ORIENTED_EDGE ( 'NONE', *, *, #3119, .T. ) ;
#8220 = PLANE ( 'NONE',  #5138 ) ;
#8221 = DIRECTION ( 'NONE',  ( -0.000000000000000000, -1.000000000000000000, 2.310464132328026570E-16 ) ) ;
#8222 = DIRECTION ( 'NONE',  ( -1.000000000000000000, 1.315186125917089392E-32, -2.369228698641220007E-16 ) ) ;
#8223 = CARTESIAN_POINT ( 'NONE',  ( 47.88475575860120159, 5.000000000000000000, -2.000000000000011990 ) ) ;
#8224 = DIRECTION ( 'NONE',  ( 0.000000000000000000, 1.000000000000000000, -1.554312234475219798E-16 ) ) ;
#8225 = PLANE ( 'NONE',  #8019 ) ;
#8226 = ORIENTED_EDGE ( 'NONE', *, *, #5585, .T. ) ;
#8227 = ORIENTED_EDGE ( 'NONE', *, *, #4269, .T. ) ;
#8228 = CARTESIAN_POINT ( 'NONE',  ( 17.99654675138050308, -5.000000000000000000, -6.800000000000010481 ) ) ;
#8229 = ORIENTED_EDGE ( 'NONE', *, *, #6489, .F. ) ;
#8230 = VECTOR ( 'NONE', #6189, 1000.000000000000000 ) ;
#8231 = EDGE_CURVE ( 'NONE', #6050, #6835, #1038, .T. ) ;
#8232 = EDGE_CURVE ( 'NONE', #1053, #2089, #5218, .T. ) ;
#8233 = CARTESIAN_POINT ( 'NONE',  ( 3.050000000000004263, -5.000000000000000000, -8.500000000000010658 ) ) ;
#8234 = DIRECTION ( 'NONE',  ( -0.000000000000000000, -1.000000000000000000, 1.722546424198833760E-16 ) ) ;
#8235 = VECTOR ( 'NONE', #7100, 1000.000000000000000 ) ;
#8236 = DIRECTION ( 'NONE',  ( 4.934324553889579913E-16, 5.551115123125782702E-17, -1.000000000000000000 ) ) ;
#8237 = ORIENTED_EDGE ( 'NONE', *, *, #7546, .F. ) ;
#8238 = ORIENTED_EDGE ( 'NONE', *, *, #1555, .F. ) ;
#8239 = FACE_OUTER_BOUND ( 'NONE', #4306, .T. ) ;
#8240 = CARTESIAN_POINT ( 'NONE',  ( 41.88475575860120870, -5.000000000000000000, -1.100000000000010747 ) ) ;
#8241 = CARTESIAN_POINT ( 'NONE',  ( -17.99999999999999645, 5.000000000000000000, -9.700000000000011724 ) ) ;
#8242 = AXIS2_PLACEMENT_3D ( 'NONE', #7940, #1875, #1967 ) ;
#8243 = PLANE ( 'NONE',  #1405 ) ;
#8244 = CARTESIAN_POINT ( 'NONE',  ( 20.01238207896990318, 1.300000000000000044, -4.000000000000012434 ) ) ;
#8245 = EDGE_CURVE ( 'NONE', #6219, #5299, #3701, .T. ) ;
#8246 = VECTOR ( 'NONE', #6120, 1000.000000000000000 ) ;
#8247 = ORIENTED_EDGE ( 'NONE', *, *, #2442, .T. ) ;
#8248 = VERTEX_POINT ( 'NONE', #4373 ) ;
#8249 = DIRECTION ( 'NONE',  ( 0.000000000000000000, 5.551115123125782702E-17, -1.000000000000000000 ) ) ;
#8250 = CARTESIAN_POINT ( 'NONE',  ( -50.29999999999999716, 1.300000000000000044, -5.100000000000012079 ) ) ;
#8251 = ORIENTED_EDGE ( 'NONE', *, *, #1515, .T. ) ;
#8252 = DIRECTION ( 'NONE',  ( -0.000000000000000000, -1.000000000000000000, 2.097087935403073657E-16 ) ) ;
#8253 = LINE ( 'NONE', #3698, #5456 ) ;
#8254 = DIRECTION ( 'NONE',  ( -0.000000000000000000, -1.000000000000000000, 1.998401444325281576E-16 ) ) ;
#8255 = FACE_OUTER_BOUND ( 'NONE', #5844, .T. ) ;
#8256 = VECTOR ( 'NONE', #7161, 1000.000000000000000 ) ;
#8257 = ADVANCED_FACE ( 'NONE', ( #3172 ), #1749, .T. ) ;
#8258 = EDGE_CURVE ( 'NONE', #3207, #4392, #410, .T. ) ;
#8259 = ORIENTED_EDGE ( 'NONE', *, *, #3364, .T. ) ;
#8260 = VERTEX_POINT ( 'NONE', #1616 ) ;
#8261 = AXIS2_PLACEMENT_3D ( 'NONE', #2264, #5586, #2171 ) ;
#8262 = ORIENTED_EDGE ( 'NONE', *, *, #4001, .F. ) ;
#8263 = CARTESIAN_POINT ( 'NONE',  ( 44.88475575860120159, 5.000000000000000000, -1.387778780781445676E-14 ) ) ;
#8264 = LINE ( 'NONE', #5532, #4498 ) ;
#8265 = FACE_OUTER_BOUND ( 'NONE', #435, .T. ) ;
#8266 = LINE ( 'NONE', #4336, #6769 ) ;
#8267 = CARTESIAN_POINT ( 'NONE',  ( 5.850000000000004086, -5.000000000000000000, -8.700000000000011724 ) ) ;
#8268 = DIRECTION ( 'NONE',  ( 0.000000000000000000, 1.000000000000000000, -1.110223024625156787E-16 ) ) ;
#8269 = EDGE_CURVE ( 'NONE', #3050, #6568, #267, .T. ) ;
#8270 = ADVANCED_FACE ( 'NONE', ( #6534 ), #2455, .F. ) ;
#8271 = VECTOR ( 'NONE', #8516, 1000.000000000000000 ) ;
#8272 = ORIENTED_EDGE ( 'NONE', *, *, #6236, .T. ) ;
#8273 = ORIENTED_EDGE ( 'NONE', *, *, #5199, .T. ) ;
#8274 = CARTESIAN_POINT ( 'NONE',  ( 22.00000000000000711, 0.000000000000000000, -4.000000000000012434 ) ) ;
#8275 = VECTOR ( 'NONE', #3866, 1000.000000000000000 ) ;
#8276 = ORIENTED_EDGE ( 'NONE', *, *, #5036, .F. ) ;
#8277 = DIRECTION ( 'NONE',  ( 0.000000000000000000, 0.000000000000000000, -1.000000000000000000 ) ) ;
#8278 = CARTESIAN_POINT ( 'NONE',  ( -5.885732398095194995, 5.000000000000000000, -1.387778780781445676E-14 ) ) ;
#8279 = AXIS2_PLACEMENT_3D ( 'NONE', #3179, #6584, #7290 ) ;
#8280 = ADVANCED_FACE ( 'NONE', ( #1083 ), #463, .T. ) ;
#8281 = CARTESIAN_POINT ( 'NONE',  ( -13.85425588958379528, 5.000000000000000000, -3.525097310286012586 ) ) ;
#8282 = ORIENTED_EDGE ( 'NONE', *, *, #6958, .T. ) ;
#8283 = ORIENTED_EDGE ( 'NONE', *, *, #7094, .F. ) ;
#8284 = CARTESIAN_POINT ( 'NONE',  ( -12.49999999999999645, 5.000000000000000000, -16.80000000000001137 ) ) ;
#8285 = AXIS2_PLACEMENT_3D ( 'NONE', #2615, #6654, #5374 ) ;
#8286 = DIRECTION ( 'NONE',  ( 0.000000000000000000, 1.000000000000000000, -1.744636181553817632E-16 ) ) ;
#8287 = CARTESIAN_POINT ( 'NONE',  ( -12.49999999999999645, -5.000000000000000000, -16.80000000000000782 ) ) ;
#8288 = AXIS2_PLACEMENT_3D ( 'NONE', #2931, #7626, #2976 ) ;
#8289 = DIRECTION ( 'NONE',  ( 0.000000000000000000, 5.551115123125782702E-17, -1.000000000000000000 ) ) ;
#8290 = LINE ( 'NONE', #2933, #4193 ) ;
#8291 = EDGE_CURVE ( 'NONE', #8359, #2143, #2525, .T. ) ;
#8292 = VECTOR ( 'NONE', #1460, 1000.000000000000000 ) ;
#8293 = AXIS2_PLACEMENT_3D ( 'NONE', #3250, #1910, #6074 ) ;
#8294 = ORIENTED_EDGE ( 'NONE', *, *, #4802, .T. ) ;
#8295 = ORIENTED_EDGE ( 'NONE', *, *, #7248, .T. ) ;
#8296 = DIRECTION ( 'NONE',  ( 0.000000000000000000, 1.000000000000000000, -1.998401444325281576E-16 ) ) ;
#8297 = PLANE ( 'NONE',  #4441 ) ;
#8298 = ORIENTED_EDGE ( 'NONE', *, *, #5036, .T. ) ;
#8299 = DIRECTION ( 'NONE',  ( 0.000000000000000000, -1.000000000000000000, 1.110223024625156787E-16 ) ) ;
#8300 = DIRECTION ( 'NONE',  ( -0.9983713344239766307, 0.000000000000000000, -0.05704979053851180065 ) ) ;
#8301 = CARTESIAN_POINT ( 'NONE',  ( 0.3063669515916333519, -5.000000000000000000, -6.200000000000010836 ) ) ;
#8302 = DIRECTION ( 'NONE',  ( 0.000000000000000000, 1.000000000000000000, -1.110223024625156787E-16 ) ) ;
#8303 = AXIS2_PLACEMENT_3D ( 'NONE', #6190, #6940, #117 ) ;
#8304 = VECTOR ( 'NONE', #1991, 1000.000000000000000 ) ;
#8305 = VERTEX_POINT ( 'NONE', #2412 ) ;
#8306 = CIRCLE ( 'NONE', #1664, 0.2000000000000005940 ) ;
#8307 = ORIENTED_EDGE ( 'NONE', *, *, #3882, .F. ) ;
#8308 = ORIENTED_EDGE ( 'NONE', *, *, #2977, .F. ) ;
#8309 = LINE ( 'NONE', #910, #6254 ) ;
#8310 = DIRECTION ( 'NONE',  ( 0.000000000000000000, -1.000000000000000000, 1.110223024625156787E-16 ) ) ;
#8311 = DIRECTION ( 'NONE',  ( -1.000000000000000000, 9.282125186050037718E-33, -1.672119021164049829E-16 ) ) ;
#8312 = DIRECTION ( 'NONE',  ( -1.000000000000000000, 0.000000000000000000, 0.000000000000000000 ) ) ;
#8313 = CARTESIAN_POINT ( 'NONE',  ( 6.839679967335843713, -5.000000000000000000, -10.86616130315146123 ) ) ;
#8314 = LINE ( 'NONE', #1583, #3221 ) ;
#8315 = DIRECTION ( 'NONE',  ( 0.000000000000000000, -1.000000000000000000, 5.721188726109870315E-18 ) ) ;
#8316 = VECTOR ( 'NONE', #8695, 1000.000000000000000 ) ;
#8317 = ORIENTED_EDGE ( 'NONE', *, *, #5323, .F. ) ;
#8318 = ORIENTED_EDGE ( 'NONE', *, *, #2935, .F. ) ;
#8319 = DIRECTION ( 'NONE',  ( -0.9394112305361821402, 0.000000000000000000, 0.3427922693738820747 ) ) ;
#8320 = EDGE_CURVE ( 'NONE', #5843, #8338, #3032, .T. ) ;
#8321 = AXIS2_PLACEMENT_3D ( 'NONE', #779, #1492, #253 ) ;
#8322 = EDGE_CURVE ( 'NONE', #1558, #2445, #5739, .T. ) ;
#8323 = ORIENTED_EDGE ( 'NONE', *, *, #739, .T. ) ;
#8324 = CARTESIAN_POINT ( 'NONE',  ( 18.10118481382170330, -5.000000000000000000, -16.30000000000001137 ) ) ;
#8325 = DIRECTION ( 'NONE',  ( -3.469446951953614189E-15, 0.000000000000000000, 1.000000000000000000 ) ) ;
#8326 = CIRCLE ( 'NONE', #7056, 0.5000000000000008882 ) ;
#8327 = PLANE ( 'NONE',  #7975 ) ;
#8328 = VERTEX_POINT ( 'NONE', #6360 ) ;
#8329 = ADVANCED_FACE ( 'NONE', ( #8523 ), #1794, .F. ) ;
#8330 = EDGE_LOOP ( 'NONE', ( #5186, #2243, #4834, #1488 ) ) ;
#8331 = CARTESIAN_POINT ( 'NONE',  ( 17.19654675138050592, 5.000000000000000000, -8.606646647154745366 ) ) ;
#8332 = AXIS2_PLACEMENT_3D ( 'NONE', #7199, #593, #2544 ) ;
#8333 = PLANE ( 'NONE',  #3232 ) ;
#8334 = DIRECTION ( 'NONE',  ( -1.235726496974089760E-16, -5.551115123125782702E-17, 1.000000000000000000 ) ) ;
#8335 = EDGE_CURVE ( 'NONE', #6602, #3907, #6703, .T. ) ;
#8336 = LINE ( 'NONE', #2314, #7915 ) ;
#8337 = LINE ( 'NONE', #316, #4217 ) ;
#8338 = VERTEX_POINT ( 'NONE', #3881 ) ;
#8339 = ADVANCED_FACE ( 'NONE', ( #2586 ), #5297, .F. ) ;
#8340 = ORIENTED_EDGE ( 'NONE', *, *, #8430, .T. ) ;
#8341 = CARTESIAN_POINT ( 'NONE',  ( 5.850000000000004086, 5.000000000000000000, -8.700000000000013500 ) ) ;
#8342 = DIRECTION ( 'NONE',  ( 0.000000000000000000, 1.000000000000000000, -1.998401444325281576E-16 ) ) ;
#8343 = VERTEX_POINT ( 'NONE', #5961 ) ;
#8344 = CARTESIAN_POINT ( 'NONE',  ( -19.99999999999999645, -5.000000000000000000, -14.20000000000001172 ) ) ;
#8345 = CARTESIAN_POINT ( 'NONE',  ( 4.936726938305877610, 5.000000000000000000, -4.100000000000012079 ) ) ;
#8346 = CARTESIAN_POINT ( 'NONE',  ( 42.36220412055560303, -1.300000000000000044, -10.50000000000001243 ) ) ;
#8347 = LINE ( 'NONE', #771, #120 ) ;
#8348 = PRODUCT_DEFINITION_SHAPE ( 'NONE', 'NONE',  #366 ) ;
#8349 = EDGE_LOOP ( 'NONE', ( #3333, #6184, #1172, #3920 ) ) ;
#8350 = VERTEX_POINT ( 'NONE', #3218 ) ;
#8351 = ORIENTED_EDGE ( 'NONE', *, *, #4703, .F. ) ;
#8352 = DIRECTION ( 'NONE',  ( -0.000000000000000000, -1.000000000000000000, 1.722546424198833760E-16 ) ) ;
#8353 = DIRECTION ( 'NONE',  ( 0.000000000000000000, -1.000000000000000000, 1.110223024625156787E-16 ) ) ;
#8354 = CARTESIAN_POINT ( 'NONE',  ( -41.30664724830590018, 0.7000000000000000666, -4.703695419137131850 ) ) ;
#8355 = DIRECTION ( 'NONE',  ( -0.6360302752082083177, -4.283596276308129369E-17, 0.7716641037514774260 ) ) ;
#8356 = CARTESIAN_POINT ( 'NONE',  ( 13.53449612337661456, 5.000000000000000000, -4.000000000000012434 ) ) ;
#8357 = CARTESIAN_POINT ( 'NONE',  ( -49.80664724830590018, -1.300000000000000044, -5.203695419137131850 ) ) ;
#8358 = PLANE ( 'NONE',  #3927 ) ;
#8359 = VERTEX_POINT ( 'NONE', #4722 ) ;
#8360 = ADVANCED_FACE ( 'NONE', ( #6000 ), #8614, .F. ) ;
#8361 = ORIENTED_EDGE ( 'NONE', *, *, #4560, .T. ) ;
#8362 = FACE_OUTER_BOUND ( 'NONE', #3113, .T. ) ;
#8363 = ORIENTED_EDGE ( 'NONE', *, *, #3985, .T. ) ;
#8364 = CARTESIAN_POINT ( 'NONE',  ( -8.182379646400995910, -1.300000000000000266, -1.603695419137131761 ) ) ;
#8365 = DIRECTION ( 'NONE',  ( 0.000000000000000000, 5.551115123125782702E-17, -1.000000000000000000 ) ) ;
#8366 = PLANE ( 'NONE',  #6169 ) ;
#8367 = ADVANCED_FACE ( 'NONE', ( #5258 ), #1972, .F. ) ;
#8368 = EDGE_CURVE ( 'NONE', #1073, #7499, #8697, .T. ) ;
#8369 = FACE_OUTER_BOUND ( 'NONE', #7393, .T. ) ;
#8370 = VECTOR ( 'NONE', #5712, 1000.000000000000000 ) ;
#8371 = VERTEX_POINT ( 'NONE', #7904 ) ;
#8372 = VERTEX_POINT ( 'NONE', #5385 ) ;
#8373 = FACE_OUTER_BOUND ( 'NONE', #2219, .T. ) ;
#8374 = CARTESIAN_POINT ( 'NONE',  ( -13.35989813747139365, -0.7000000000000000666, -3.600000000000012079 ) ) ;
#8375 = DIRECTION ( 'NONE',  ( 1.000000000000000000, 0.000000000000000000, 0.000000000000000000 ) ) ;
#8376 = DIRECTION ( 'NONE',  ( 1.000000000000000000, 0.000000000000000000, 0.000000000000000000 ) ) ;
#8377 = AXIS2_PLACEMENT_3D ( 'NONE', #5348, #7287, #8750 ) ;
#8378 = ADVANCED_FACE ( 'NONE', ( #676 ), #6086, .F. ) ;
#8379 = ORIENTED_EDGE ( 'NONE', *, *, #2217, .T. ) ;
#8380 = VECTOR ( 'NONE', #8342, 1000.000000000000000 ) ;
#8381 = ORIENTED_EDGE ( 'NONE', *, *, #4132, .F. ) ;
#8382 = LINE ( 'NONE', #4948, #3033 ) ;
#8383 = CARTESIAN_POINT ( 'NONE',  ( -5.885732398095194995, -5.000000000000000000, -0.5000000000000108802 ) ) ;
#8384 = ORIENTED_EDGE ( 'NONE', *, *, #7693, .T. ) ;
#8385 = LINE ( 'NONE', #374, #6185 ) ;
#8386 = CARTESIAN_POINT ( 'NONE',  ( 6.879871348504614126, 5.000000000000000000, -10.67024128661475402 ) ) ;
#8387 = CARTESIAN_POINT ( 'NONE',  ( 57.00000000000000000, -5.000000000000000000, -7.000000000000011546 ) ) ;
#8388 = CARTESIAN_POINT ( 'NONE',  ( 58.80000000000000426, 3.699999999999999289, -7.792000000000012250 ) ) ;
#8389 = VECTOR ( 'NONE', #8153, 1000.000000000000114 ) ;
#8390 = EDGE_CURVE ( 'NONE', #6333, #4545, #8, .T. ) ;
#8391 = ADVANCED_FACE ( 'NONE', ( #1215 ), #3341, .F. ) ;
#8392 = ORIENTED_EDGE ( 'NONE', *, *, #353, .F. ) ;
#8393 = ORIENTED_EDGE ( 'NONE', *, *, #5699, .F. ) ;
#8394 = VERTEX_POINT ( 'NONE', #3926 ) ;
#8395 = CARTESIAN_POINT ( 'NONE',  ( 13.53449612337661456, 5.000000000000000000, -4.000000000000012434 ) ) ;
#8396 = CARTESIAN_POINT ( 'NONE',  ( -47.79999999999999716, -5.000000000000000000, -1.600000000000011191 ) ) ;
#8397 = DIRECTION ( 'NONE',  ( 1.000000000000000000, 7.006435460748519203E-34, 1.224646799147350002E-16 ) ) ;
#8398 = VECTOR ( 'NONE', #7377, 1000.000000000000000 ) ;
#8399 = CARTESIAN_POINT ( 'NONE',  ( 4.500000000000003553, -1.300000000000000044, -9.000000000000010658 ) ) ;
#8400 = CARTESIAN_POINT ( 'NONE',  ( 15.02122548186990514, -5.000000000000000000, -12.51711493716156198 ) ) ;
#8401 = CARTESIAN_POINT ( 'NONE',  ( -42.79999999999999716, 5.000000000000000000, -1.600000000000012079 ) ) ;
#8402 = CARTESIAN_POINT ( 'NONE',  ( 4.529377692776864528, 5.000000000000000000, -12.95038905019667297 ) ) ;
#8403 = ADVANCED_FACE ( 'NONE', ( #2711 ), #6623, .T. ) ;
#8404 = EDGE_CURVE ( 'NONE', #7508, #5888, #1844, .T. ) ;
#8405 = AXIS2_PLACEMENT_3D ( 'NONE', #2281, #3568, #6225 ) ;
#8406 = EDGE_CURVE ( 'NONE', #5396, #8174, #1344, .T. ) ;
#8407 = ORIENTED_EDGE ( 'NONE', *, *, #4930, .T. ) ;
#8408 = ORIENTED_EDGE ( 'NONE', *, *, #4548, .T. ) ;
#8409 = DIRECTION ( 'NONE',  ( -0.000000000000000000, -1.000000000000000000, 1.722546424198833760E-16 ) ) ;
#8410 = ORIENTED_EDGE ( 'NONE', *, *, #3818, .T. ) ;
#8411 = DIRECTION ( 'NONE',  ( -0.3448701326883931162, -5.210556484464591302E-17, 0.9386504096731062008 ) ) ;
#8412 = CARTESIAN_POINT ( 'NONE',  ( 25.62370992587110408, -1.300000000000000044, -12.20000000000001350 ) ) ;
#8413 = AXIS2_PLACEMENT_3D ( 'NONE', #8331, #885, #179 ) ;
#8414 = LINE ( 'NONE', #305, #2489 ) ;
#8415 = ORIENTED_EDGE ( 'NONE', *, *, #2641, .F. ) ;
#8416 = VECTOR ( 'NONE', #7734, 1000.000000000000000 ) ;
#8417 = ORIENTED_EDGE ( 'NONE', *, *, #6973, .F. ) ;
#8418 = VERTEX_POINT ( 'NONE', #1299 ) ;
#8419 = CARTESIAN_POINT ( 'NONE',  ( 19.94142744032280490, -5.000000000000000000, -5.100000000000012079 ) ) ;
#8420 = EDGE_CURVE ( 'NONE', #7766, #8260, #4013, .T. ) ;
#8421 = DIRECTION ( 'NONE',  ( 0.000000000000000000, 1.000000000000000000, -1.686962258196666624E-16 ) ) ;
#8422 = CARTESIAN_POINT ( 'NONE',  ( 17.18083427030600419, -5.000000000000000000, -8.307058399824374106 ) ) ;
#8423 = CYLINDRICAL_SURFACE ( 'NONE', #1519, 0.3000000000000016542 ) ;
#8424 = AXIS2_PLACEMENT_3D ( 'NONE', #3480, #6178, #2683 ) ;
#8425 = ORIENTED_EDGE ( 'NONE', *, *, #1013, .T. ) ;
#8426 = CIRCLE ( 'NONE', #2628, 1.374999999999999778 ) ;
#8427 = VERTEX_POINT ( 'NONE', #7327 ) ;
#8428 = DIRECTION ( 'NONE',  ( 0.000000000000000000, 5.551115123125782702E-17, -1.000000000000000000 ) ) ;
#8429 = LINE ( 'NONE', #7768, #5988 ) ;
#8430 = EDGE_CURVE ( 'NONE', #3715, #8611, #8473, .T. ) ;
#8431 = VERTEX_POINT ( 'NONE', #6663 ) ;
#8432 = DIRECTION ( 'NONE',  ( 0.000000000000000000, 1.000000000000000000, -1.722546424198833760E-16 ) ) ;
#8433 = CARTESIAN_POINT ( 'NONE',  ( 13.53449612337661456, 1.300000000000000044, -4.000000000000012434 ) ) ;
#8434 = ADVANCED_FACE ( 'NONE', ( #4057 ), #5552, .F. ) ;
#8435 = LINE ( 'NONE', #8522, #8548 ) ;
#8436 = CARTESIAN_POINT ( 'NONE',  ( 19.50118481382170188, 5.000000000000000000, -16.30000000000001137 ) ) ;
#8437 = VECTOR ( 'NONE', #5413, 1000.000000000000000 ) ;
#8438 = AXIS2_PLACEMENT_3D ( 'NONE', #8233, #791, #6201 ) ;
#8439 = ORIENTED_EDGE ( 'NONE', *, *, #4428, .F. ) ;
#8440 = EDGE_LOOP ( 'NONE', ( #1458, #2726, #2274, #3696 ) ) ;
#8441 = VERTEX_POINT ( 'NONE', #228 ) ;
#8442 = CARTESIAN_POINT ( 'NONE',  ( 19.50118481382170188, -5.000000000000000000, -16.30000000000001137 ) ) ;
#8443 = VECTOR ( 'NONE', #6415, 1000.000000000000000 ) ;
#8444 = FACE_OUTER_BOUND ( 'NONE', #5505, .T. ) ;
#8445 = CARTESIAN_POINT ( 'NONE',  ( -44.29999999999999716, -7.000000000000000888, -1.100000000000010747 ) ) ;
#8446 = AXIS2_PLACEMENT_3D ( 'NONE', #8591, #2521, #6470 ) ;
#8447 = FACE_OUTER_BOUND ( 'NONE', #1779, .T. ) ;
#8448 = CARTESIAN_POINT ( 'NONE',  ( -50.29999999999999716, 1.300000000000000044, -5.100000000000012079 ) ) ;
#8449 = DIRECTION ( 'NONE',  ( 0.000000000000000000, -1.000000000000000000, 1.110223024625156787E-16 ) ) ;
#8450 = EDGE_CURVE ( 'NONE', #7461, #1846, #183, .T. ) ;
#8451 = LINE ( 'NONE', #6546, #1372 ) ;
#8452 = VECTOR ( 'NONE', #3564, 1000.000000000000000 ) ;
#8453 = VECTOR ( 'NONE', #891, 1000.000000000000000 ) ;
#8454 = ORIENTED_EDGE ( 'NONE', *, *, #3761, .F. ) ;
#8455 = ORIENTED_EDGE ( 'NONE', *, *, #7970, .F. ) ;
#8456 = DIRECTION ( 'NONE',  ( 0.000000000000000000, 1.000000000000000000, -1.710343578476592788E-16 ) ) ;
#8457 = EDGE_CURVE ( 'NONE', #7288, #1111, #7578, .T. ) ;
#8458 = PLANE ( 'NONE',  #5852 ) ;
#8459 = AXIS2_PLACEMENT_3D ( 'NONE', #4587, #6701, #2582 ) ;
#8460 = DIRECTION ( 'NONE',  ( -0.2999999998871213935, 0.000000000000000000, -0.9539392014524443741 ) ) ;
#8461 = PLANE ( 'NONE',  #3489 ) ;
#8462 = VECTOR ( 'NONE', #1627, 1000.000000000000000 ) ;
#8463 = ORIENTED_EDGE ( 'NONE', *, *, #3012, .F. ) ;
#8464 = VERTEX_POINT ( 'NONE', #2801 ) ;
#8465 = EDGE_CURVE ( 'NONE', #3207, #5888, #4890, .T. ) ;
#8466 = ORIENTED_EDGE ( 'NONE', *, *, #1037, .F. ) ;
#8467 = LINE ( 'NONE', #5906, #2055 ) ;
#8468 = LINE ( 'NONE', #1156, #6032 ) ;
#8469 = FACE_OUTER_BOUND ( 'NONE', #3038, .T. ) ;
#8470 = DIRECTION ( 'NONE',  ( -1.000000000000000000, 0.000000000000000000, 3.469446951953659154E-15 ) ) ;
#8471 = VECTOR ( 'NONE', #1133, 1000.000000000000000 ) ;
#8472 = ORIENTED_EDGE ( 'NONE', *, *, #414, .T. ) ;
#8473 = CIRCLE ( 'NONE', #4384, 0.5000000000000000000 ) ;
#8474 = EDGE_LOOP ( 'NONE', ( #5855, #1353, #1231, #41, #3242, #5033, #8196, #4165, #8472, #3379, #6550, #809, #92, #7156, #535, #8655, #1316, #8218, #4852, #300, #2687 ) ) ;
#8475 = CARTESIAN_POINT ( 'NONE',  ( 57.80000000000000426, 5.000000000000000000, -12.20000000000001350 ) ) ;
#8476 = CARTESIAN_POINT ( 'NONE',  ( 23.98761792103010038, 1.300000000000000044, -1.500000000000012657 ) ) ;
#8477 = ORIENTED_EDGE ( 'NONE', *, *, #8652, .T. ) ;
#8478 = LINE ( 'NONE', #947, #2371 ) ;
#8479 = FACE_OUTER_BOUND ( 'NONE', #8110, .T. ) ;
#8480 = CARTESIAN_POINT ( 'NONE',  ( 23.13449612337660355, 5.000000000000000000, -4.000000000000012434 ) ) ;
#8481 = DIRECTION ( 'NONE',  ( 0.000000000000000000, 1.000000000000000000, -1.110223024625156787E-16 ) ) ;
#8482 = EDGE_CURVE ( 'NONE', #5996, #1042, #1516, .T. ) ;
#8483 = ADVANCED_FACE ( 'NONE', ( #50 ), #8243, .F. ) ;
#8484 = EDGE_LOOP ( 'NONE', ( #358, #1680, #1787, #8643 ) ) ;
#8485 = ORIENTED_EDGE ( 'NONE', *, *, #690, .T. ) ;
#8486 = ORIENTED_EDGE ( 'NONE', *, *, #5675, .T. ) ;
#8487 = DIRECTION ( 'NONE',  ( 1.000000000000000000, -2.054325274013052489E-32, 3.700743415417190112E-16 ) ) ;
#8488 = DIRECTION ( 'NONE',  ( 5.224578939412500555E-16, 5.551115123125782702E-17, -1.000000000000000000 ) ) ;
#8489 = SURFACE_STYLE_USAGE ( .BOTH. , #5306 ) ;
#8490 = DIRECTION ( 'NONE',  ( 0.000000000000000000, 0.000000000000000000, 1.000000000000000000 ) ) ;
#8491 = CARTESIAN_POINT ( 'NONE',  ( 39.88475575860120159, -5.000000000000000000, -3.600000000000011191 ) ) ;
#8492 = DIRECTION ( 'NONE',  ( -1.000000000000000000, 3.202156995877286797E-32, -5.768493221365910287E-16 ) ) ;
#8493 = LINE ( 'NONE', #3759, #2921 ) ;
#8494 = ORIENTED_EDGE ( 'NONE', *, *, #8320, .T. ) ;
#8495 = VERTEX_POINT ( 'NONE', #5595 ) ;
#8496 = EDGE_CURVE ( 'NONE', #5965, #6637, #7627, .T. ) ;
#8497 = LINE ( 'NONE', #347, #5831 ) ;
#8498 = PLANE ( 'NONE',  #1039 ) ;
#8499 = FACE_OUTER_BOUND ( 'NONE', #6003, .T. ) ;
#8500 = LINE ( 'NONE', #1149, #3491 ) ;
#8501 = DIRECTION ( 'NONE',  ( 0.000000000000000000, 1.000000000000000000, -1.665334536937734811E-16 ) ) ;
#8502 = VERTEX_POINT ( 'NONE', #7495 ) ;
#8503 = ORIENTED_EDGE ( 'NONE', *, *, #307, .T. ) ;
#8504 = EDGE_CURVE ( 'NONE', #2888, #8427, #6788, .T. ) ;
#8505 = EDGE_CURVE ( 'NONE', #4562, #5396, #2097, .T. ) ;
#8506 = ORIENTED_EDGE ( 'NONE', *, *, #8496, .T. ) ;
#8507 = ORIENTED_EDGE ( 'NONE', *, *, #2318, .F. ) ;
#8508 = DIRECTION ( 'NONE',  ( 1.000000000000000000, -5.890452534092094258E-33, 1.061129593503229983E-16 ) ) ;
#8509 = LINE ( 'NONE', #3067, #1926 ) ;
#8510 = CARTESIAN_POINT ( 'NONE',  ( -50.30664724830590018, -1.300000000000000266, -1.603695419137131761 ) ) ;
#8511 = CARTESIAN_POINT ( 'NONE',  ( -8.675732398095195919, 1.300000000000000044, -2.000000000000011990 ) ) ;
#8512 = VECTOR ( 'NONE', #5233, 1000.000000000000000 ) ;
#8513 = ORIENTED_EDGE ( 'NONE', *, *, #6799, .T. ) ;
#8514 = EDGE_CURVE ( 'NONE', #30, #1361, #7453, .T. ) ;
#8515 = ORIENTED_EDGE ( 'NONE', *, *, #6325, .F. ) ;
#8516 = DIRECTION ( 'NONE',  ( -1.642146637880644762E-47, 1.000000000000000000, -1.722546424198833760E-16 ) ) ;
#8517 = DIRECTION ( 'NONE',  ( 1.000000000000000000, -4.108650548026099504E-32, 7.401486830834370362E-16 ) ) ;
#8518 = ORIENTED_EDGE ( 'NONE', *, *, #5428, .T. ) ;
#8519 = CARTESIAN_POINT ( 'NONE',  ( 6.050000000000004263, -5.000000000000000000, -8.700000000000011724 ) ) ;
#8520 = DIRECTION ( 'NONE',  ( -0.9887155042247668391, 0.000000000000000000, 0.1498053794279935458 ) ) ;
#8521 = AXIS2_PLACEMENT_3D ( 'NONE', #5744, #5700, #5793 ) ;
#8522 = CARTESIAN_POINT ( 'NONE',  ( 15.90118481382170401, 5.000000000000000000, -17.60000000000001208 ) ) ;
#8523 = FACE_OUTER_BOUND ( 'NONE', #702, .T. ) ;
#8524 = EDGE_CURVE ( 'NONE', #6100, #1274, #5099, .T. ) ;
#8525 = VECTOR ( 'NONE', #417, 1000.000000000000000 ) ;
#8526 = ORIENTED_EDGE ( 'NONE', *, *, #5796, .T. ) ;
#8527 = ORIENTED_EDGE ( 'NONE', *, *, #1797, .F. ) ;
#8528 = PLANE ( 'NONE',  #6116 ) ;
#8529 = CARTESIAN_POINT ( 'NONE',  ( 9.499699182559423249, 1.300000000000000044, -7.700000000000012612 ) ) ;
#8530 = CARTESIAN_POINT ( 'NONE',  ( 23.37500000000000711, -8.673617379884035472E-16, -1.197315193850371285E-14 ) ) ;
#8531 = FACE_OUTER_BOUND ( 'NONE', #8032, .T. ) ;
#8532 = CARTESIAN_POINT ( 'NONE',  ( 25.62370992587110408, 1.300000000000000044, -12.20000000000001350 ) ) ;
#8533 = EDGE_CURVE ( 'NONE', #814, #623, #5424, .T. ) ;
#8534 = DIRECTION ( 'NONE',  ( -0.2009569058438570310, -1.522604393408014527E-16, -0.9796000826835731257 ) ) ;
#8535 = AXIS2_PLACEMENT_3D ( 'NONE', #7364, #4008, #4585 ) ;
#8536 = CARTESIAN_POINT ( 'NONE',  ( 5.550000000000003375, -5.000000000000000000, -7.700000000000011724 ) ) ;
#8537 = ORIENTED_EDGE ( 'NONE', *, *, #2642, .F. ) ;
#8538 = ORIENTED_EDGE ( 'NONE', *, *, #3690, .F. ) ;
#8539 = VECTOR ( 'NONE', #431, 1000.000000000000000 ) ;
#8540 = ORIENTED_EDGE ( 'NONE', *, *, #2760, .F. ) ;
#8541 = LINE ( 'NONE', #6419, #6245 ) ;
#8542 = CARTESIAN_POINT ( 'NONE',  ( 23.98761792103010038, -1.300000000000000266, -4.000000000000011546 ) ) ;
#8543 = DIRECTION ( 'NONE',  ( 1.000000000000000000, 6.045046856277546786E-33, -1.088978830774749920E-16 ) ) ;
#8544 = ADVANCED_FACE ( 'NONE', ( #2137 ), #6922, .F. ) ;
#8545 = DIRECTION ( 'NONE',  ( -0.000000000000000000, -1.000000000000000000, 1.722546424198833760E-16 ) ) ;
#8546 = EDGE_CURVE ( 'NONE', #546, #2810, #6779, .T. ) ;
#8547 = CARTESIAN_POINT ( 'NONE',  ( -7.175732398095195919, 5.000000000000000000, -1.600000000000012079 ) ) ;
#8548 = VECTOR ( 'NONE', #7772, 1000.000000000000000 ) ;
#8549 = VERTEX_POINT ( 'NONE', #4847 ) ;
#8550 = ORIENTED_EDGE ( 'NONE', *, *, #6706, .F. ) ;
#8551 = ORIENTED_EDGE ( 'NONE', *, *, #654, .F. ) ;
#8552 = VECTOR ( 'NONE', #2839, 1000.000000000000000 ) ;
#8553 = ORIENTED_EDGE ( 'NONE', *, *, #929, .F. ) ;
#8554 = CARTESIAN_POINT ( 'NONE',  ( -16.49999999999999645, -5.000000000000000000, -14.20000000000001172 ) ) ;
#8555 = DIRECTION ( 'NONE',  ( 0.000000000000000000, 1.000000000000000000, -1.998401444325281576E-16 ) ) ;
#8556 =( LENGTH_UNIT ( ) NAMED_UNIT ( * ) SI_UNIT ( .MILLI., .METRE. ) );
#8557 = CARTESIAN_POINT ( 'NONE',  ( -25.44791182167919530, -1.300000000000000266, -5.000000000000011546 ) ) ;
#8558 = ADVANCED_FACE ( 'NONE', ( #2843 ), #4099, .F. ) ;
#8559 = VECTOR ( 'NONE', #579, 1000.000000000000000 ) ;
#8560 = VERTEX_POINT ( 'NONE', #1471 ) ;
#8561 = ORIENTED_EDGE ( 'NONE', *, *, #7022, .F. ) ;
#8562 = DIRECTION ( 'NONE',  ( 1.000000000000000000, 3.697785493223476964E-33, 1.110223024625159992E-16 ) ) ;
#8563 = CARTESIAN_POINT ( 'NONE',  ( -47.29999999999999716, 5.000000000000000000, -0.5000000000000125455 ) ) ;
#8564 = ORIENTED_EDGE ( 'NONE', *, *, #7561, .F. ) ;
#8565 = DIRECTION ( 'NONE',  ( 0.000000000000000000, 1.000000000000000000, -1.110223024625156787E-16 ) ) ;
#8566 = CYLINDRICAL_SURFACE ( 'NONE', #3615, 0.1999999999999987899 ) ;
#8567 = EDGE_CURVE ( 'NONE', #7849, #3200, #4180, .T. ) ;
#8568 = AXIS2_PLACEMENT_3D ( 'NONE', #1529, #816, #6399 ) ;
#8569 = DIRECTION ( 'NONE',  ( -1.402386978473879896E-16, 2.310464132328026570E-16, 1.000000000000000000 ) ) ;
#8570 = ADVANCED_FACE ( 'NONE', ( #8113 ), #2053, .F. ) ;
#8571 = AXIS2_PLACEMENT_3D ( 'NONE', #6960, #7708, #2842 ) ;
#8572 = ORIENTED_EDGE ( 'NONE', *, *, #1681, .F. ) ;
#8573 = VERTEX_POINT ( 'NONE', #4494 ) ;
#8574 = DIRECTION ( 'NONE',  ( 0.000000000000000000, 1.000000000000000000, -1.724767955101643637E-16 ) ) ;
#8575 = ORIENTED_EDGE ( 'NONE', *, *, #3602, .T. ) ;
#8576 = PLANE ( 'NONE',  #2083 ) ;
#8577 =( NAMED_UNIT ( * ) PLANE_ANGLE_UNIT ( ) SI_UNIT ( $, .RADIAN. ) );
#8578 = LINE ( 'NONE', #1807, #2734 ) ;
#8579 = DIRECTION ( 'NONE',  ( 0.000000000000000000, 5.551115123125782702E-17, -1.000000000000000000 ) ) ;
#8580 = VECTOR ( 'NONE', #1688, 1000.000000000000114 ) ;
#8581 = CARTESIAN_POINT ( 'NONE',  ( 17.49654675138050308, -5.000000000000000000, -8.606646647154743590 ) ) ;
#8582 = VECTOR ( 'NONE', #5543, 1000.000000000000000 ) ;
#8583 = ORIENTED_EDGE ( 'NONE', *, *, #1531, .T. ) ;
#8584 = VECTOR ( 'NONE', #4287, 1000.000000000000000 ) ;
#8585 = ORIENTED_EDGE ( 'NONE', *, *, #5466, .F. ) ;
#8586 = AXIS2_PLACEMENT_3D ( 'NONE', #5761, #7174, #8460 ) ;
#8587 = ORIENTED_EDGE ( 'NONE', *, *, #5220, .F. ) ;
#8588 = CARTESIAN_POINT ( 'NONE',  ( 18.50118481382170188, 5.000000000000000000, -16.60000000000001208 ) ) ;
#8589 = FACE_OUTER_BOUND ( 'NONE', #6080, .T. ) ;
#8590 = CARTESIAN_POINT ( 'NONE',  ( -8.182379646400995910, -1.300000000000000266, -1.603695419137131761 ) ) ;
#8591 = CARTESIAN_POINT ( 'NONE',  ( -44.29999999999999716, -5.000000000000000000, -1.100000000000010747 ) ) ;
#8592 = LINE ( 'NONE', #4530, #1647 ) ;
#8593 = VECTOR ( 'NONE', #1401, 1000.000000000000000 ) ;
#8594 = CIRCLE ( 'NONE', #3928, 0.5000000000000004441 ) ;
#8595 = ORIENTED_EDGE ( 'NONE', *, *, #7131, .T. ) ;
#8596 = EDGE_CURVE ( 'NONE', #4104, #3534, #8336, .T. ) ;
#8597 = EDGE_CURVE ( 'NONE', #2186, #1206, #123, .T. ) ;
#8598 = VERTEX_POINT ( 'NONE', #3688 ) ;
#8599 = ORIENTED_EDGE ( 'NONE', *, *, #5544, .F. ) ;
#8600 = CIRCLE ( 'NONE', #2375, 0.5000000000000004441 ) ;
#8601 = VERTEX_POINT ( 'NONE', #4982 ) ;
#8602 = CARTESIAN_POINT ( 'NONE',  ( -44.79999999999999005, 5.000000000000000000, -0.5000000000000125455 ) ) ;
#8603 = DIRECTION ( 'NONE',  ( 1.800361661554314783E-17, 1.000000000000000000, -1.110223024625156787E-16 ) ) ;
#8604 = APPLICATION_PROTOCOL_DEFINITION ( 'draft international standard', 'automotive_design', 1998, #6437 ) ;
#8605 = CARTESIAN_POINT ( 'NONE',  ( -10.32674248658969596, -6.999999999999999112, -17.30000000000001137 ) ) ;
#8606 = VECTOR ( 'NONE', #6103, 1000.000000000000000 ) ;
#8607 = VERTEX_POINT ( 'NONE', #6481 ) ;
#8608 = ORIENTED_EDGE ( 'NONE', *, *, #1060, .T. ) ;
#8609 = PLANE ( 'NONE',  #61 ) ;
#8610 = DIRECTION ( 'NONE',  ( 0.000000000000000000, 1.000000000000000000, -1.110223024625156787E-16 ) ) ;
#8611 = VERTEX_POINT ( 'NONE', #7095 ) ;
#8612 = LINE ( 'NONE', #2542, #8316 ) ;
#8613 = CARTESIAN_POINT ( 'NONE',  ( -40.80664724830590018, -1.300000000000000266, -1.603695419137131761 ) ) ;
#8614 = CYLINDRICAL_SURFACE ( 'NONE', #8185, 0.1999999999999996503 ) ;
#8615 = ADVANCED_FACE ( 'NONE', ( #8469 ), #7006, .F. ) ;
#8616 = VERTEX_POINT ( 'NONE', #7138 ) ;
#8617 = ORIENTED_EDGE ( 'NONE', *, *, #488, .T. ) ;
#8618 = EDGE_CURVE ( 'NONE', #1969, #5461, #1735, .T. ) ;
#8619 = CARTESIAN_POINT ( 'NONE',  ( 41.38475575860120159, 5.000000000000000000, -1.100000000000012523 ) ) ;
#8620 = ORIENTED_EDGE ( 'NONE', *, *, #6251, .T. ) ;
#8621 = DIRECTION ( 'NONE',  ( -0.3566969335054460122, 1.597837442639432953E-16, 0.9342201547964010810 ) ) ;
#8622 = DIRECTION ( 'NONE',  ( -0.4472135954999611474, -2.226674815173526581E-17, 0.8944271909999143011 ) ) ;
#8623 = CARTESIAN_POINT ( 'NONE',  ( -14.29649445451299705, -1.300000000000000044, -9.803695419137138600 ) ) ;
#8624 = FACE_OUTER_BOUND ( 'NONE', #7468, .T. ) ;
#8625 = VERTEX_POINT ( 'NONE', #7845 ) ;
#8626 = ORIENTED_EDGE ( 'NONE', *, *, #557, .T. ) ;
#8627 = CARTESIAN_POINT ( 'NONE',  ( 44.38475575860120870, -5.000000000000000000, -1.100000000000010747 ) ) ;
#8628 = CARTESIAN_POINT ( 'NONE',  ( 47.88475575860120159, -5.000000000000000000, -5.475791404463041800 ) ) ;
#8629 = CARTESIAN_POINT ( 'NONE',  ( -9.832952333422095847, -5.000000000000000000, -17.37855752436757939 ) ) ;
#8630 = CARTESIAN_POINT ( 'NONE',  ( -19.60432550431519516, -1.299999999999999600, -13.27201599930162246 ) ) ;
#8631 = CARTESIAN_POINT ( 'NONE',  ( 4.936726938305877610, 1.300000000000000044, -1.500000000000012657 ) ) ;
#8632 = VERTEX_POINT ( 'NONE', #4448 ) ;
#8633 = ORIENTED_EDGE ( 'NONE', *, *, #4724, .F. ) ;
#8634 = ORIENTED_EDGE ( 'NONE', *, *, #4945, .T. ) ;
#8635 = ORIENTED_EDGE ( 'NONE', *, *, #6597, .T. ) ;
#8636 = DIRECTION ( 'NONE',  ( -1.000000000000000000, 0.000000000000000000, 0.000000000000000000 ) ) ;
#8637 = DIRECTION ( 'NONE',  ( 0.000000000000000000, 1.000000000000000000, -1.776356839400250810E-16 ) ) ;
#8638 = DIRECTION ( 'NONE',  ( 0.000000000000000000, -5.551115123125782702E-17, 1.000000000000000000 ) ) ;
#8639 = CARTESIAN_POINT ( 'NONE',  ( 25.94827798752610803, 1.300000000000000044, -6.800000000000012257 ) ) ;
#8640 = EDGE_CURVE ( 'NONE', #5225, #1151, #3389, .T. ) ;
#8641 = ADVANCED_FACE ( 'NONE', ( #5025 ), #6345, .F. ) ;
#8642 = EDGE_CURVE ( 'NONE', #7631, #8074, #696, .T. ) ;
#8643 = ORIENTED_EDGE ( 'NONE', *, *, #8207, .F. ) ;
#8644 = VERTEX_POINT ( 'NONE', #4403 ) ;
#8645 = ORIENTED_EDGE ( 'NONE', *, *, #54, .T. ) ;
#8646 = LINE ( 'NONE', #3335, #7701 ) ;
#8647 = LINE ( 'NONE', #8563, #2307 ) ;
#8648 = VERTEX_POINT ( 'NONE', #6432 ) ;
#8649 = DIRECTION ( 'NONE',  ( 0.000000000000000000, 4.500904153885760764E-18, 1.000000000000000000 ) ) ;
#8650 = LINE ( 'NONE', #461, #227 ) ;
#8651 = DIRECTION ( 'NONE',  ( -1.000000000000000000, 0.000000000000000000, 0.000000000000000000 ) ) ;
#8652 = EDGE_CURVE ( 'NONE', #6230, #5540, #5725, .T. ) ;
#8653 = ADVANCED_FACE ( 'NONE', ( #2932 ), #2402, .F. ) ;
#8654 = EDGE_CURVE ( 'NONE', #1151, #3040, #5640, .T. ) ;
#8655 = ORIENTED_EDGE ( 'NONE', *, *, #2570, .T. ) ;
#8656 = AXIS2_PLACEMENT_3D ( 'NONE', #8681, #4663, #7434 ) ;
#8657 = ORIENTED_EDGE ( 'NONE', *, *, #7987, .F. ) ;
#8658 = DIRECTION ( 'NONE',  ( 1.000000000000000000, 0.000000000000000000, -1.734723475976808672E-15 ) ) ;
#8659 = EDGE_LOOP ( 'NONE', ( #3247, #2951, #3478, #4756 ) ) ;
#8660 = CARTESIAN_POINT ( 'NONE',  ( 42.36220412055560303, -1.300000000000000044, -10.50000000000001243 ) ) ;
#8661 = LINE ( 'NONE', #6670, #6020 ) ;
#8662 = CARTESIAN_POINT ( 'NONE',  ( 41.88475575860120870, -5.000000000000000000, -0.5000000000000108802 ) ) ;
#8663 = DIRECTION ( 'NONE',  ( 0.000000000000000000, 5.551115123125782702E-17, -1.000000000000000000 ) ) ;
#8664 = CIRCLE ( 'NONE', #171, 0.2999999999999999334 ) ;
#8665 = ADVANCED_FACE ( 'NONE', ( #361 ), #2440, .F. ) ;
#8666 = EDGE_CURVE ( 'NONE', #4841, #8441, #5157, .T. ) ;
#8667 = ORIENTED_EDGE ( 'NONE', *, *, #4766, .F. ) ;
#8668 = ORIENTED_EDGE ( 'NONE', *, *, #4724, .T. ) ;
#8669 = EDGE_LOOP ( 'NONE', ( #2112, #2643, #1611, #5221 ) ) ;
#8670 = DIRECTION ( 'NONE',  ( -0.000000000000000000, -1.000000000000000000, 1.722546424198833760E-16 ) ) ;
#8671 = AXIS2_PLACEMENT_3D ( 'NONE', #4105, #6175, #5602 ) ;
#8672 = LINE ( 'NONE', #3319, #2868 ) ;
#8673 = VECTOR ( 'NONE', #7353, 1000.000000000000000 ) ;
#8674 = LINE ( 'NONE', #1898, #4942 ) ;
#8675 = DIRECTION ( 'NONE',  ( -1.540743955509790051E-33, 1.000000000000000000, -1.722546424198833760E-16 ) ) ;
#8676 = EDGE_CURVE ( 'NONE', #8441, #969, #7345, .T. ) ;
#8677 = DIRECTION ( 'NONE',  ( 0.000000000000000000, -1.000000000000000000, 1.110223024625156787E-16 ) ) ;
#8678 = CIRCLE ( 'NONE', #610, 2.655556028328020624 ) ;
#8679 = ORIENTED_EDGE ( 'NONE', *, *, #2125, .F. ) ;
#8680 = EDGE_LOOP ( 'NONE', ( #5677, #3176, #6353, #2425 ) ) ;
#8681 = CARTESIAN_POINT ( 'NONE',  ( -52.00000000000000000, 1.300000000000000044, -7.657919551657042412 ) ) ;
#8682 = VERTEX_POINT ( 'NONE', #7054 ) ;
#8683 = CARTESIAN_POINT ( 'NONE',  ( -10.32674248658969596, 5.000000000000000000, -17.80000000000001492 ) ) ;
#8684 = CARTESIAN_POINT ( 'NONE',  ( 25.62370992587110408, 5.000000000000000000, -12.20000000000001350 ) ) ;
#8685 = AXIS2_PLACEMENT_3D ( 'NONE', #8399, #1005, #5097 ) ;
#8686 = DIRECTION ( 'NONE',  ( 0.000000000000000000, 1.000000000000000000, -1.710343578476592788E-16 ) ) ;
#8687 = DIRECTION ( 'NONE',  ( -0.000000000000000000, -1.000000000000000000, 1.826495943738160617E-16 ) ) ;
#8688 = VECTOR ( 'NONE', #5123, 1000.000000000000000 ) ;
#8689 = VERTEX_POINT ( 'NONE', #984 ) ;
#8690 = EDGE_LOOP ( 'NONE', ( #8633, #202, #5971, #6110 ) ) ;
#8691 = EDGE_LOOP ( 'NONE', ( #178, #2183, #455, #6733 ) ) ;
#8692 = DIRECTION ( 'NONE',  ( 0.000000000000000000, 4.500904153885760764E-18, 1.000000000000000000 ) ) ;
#8693 = DIRECTION ( 'NONE',  ( 1.000000000000000000, -3.521700469736660334E-33, 6.344131569286609683E-17 ) ) ;
#8694 = ORIENTED_EDGE ( 'NONE', *, *, #4592, .T. ) ;
#8695 = DIRECTION ( 'NONE',  ( -1.000000000000000000, 1.379072162031508280E-32, -2.484315550016849989E-16 ) ) ;
#8696 = CARTESIAN_POINT ( 'NONE',  ( -24.99999999999999289, 0.000000000000000000, -5.000000000000012434 ) ) ;
#8697 = LINE ( 'NONE', #3301, #8762 ) ;
#8698 = VECTOR ( 'NONE', #6523, 1000.000000000000000 ) ;
#8699 = VERTEX_POINT ( 'NONE', #1025 ) ;
#8700 = ADVANCED_FACE ( 'NONE', ( #1696 ), #3069, .T. ) ;
#8701 = ADVANCED_FACE ( 'NONE', ( #4668 ), #4044, .F. ) ;
#8702 = VECTOR ( 'NONE', #5284, 1000.000000000000000 ) ;
#8703 = ORIENTED_EDGE ( 'NONE', *, *, #8767, .T. ) ;
#8704 = CARTESIAN_POINT ( 'NONE',  ( 4.627874399654833049, -1.300000000000000266, -4.100000000000011191 ) ) ;
#8705 = ORIENTED_EDGE ( 'NONE', *, *, #8597, .T. ) ;
#8706 = LINE ( 'NONE', #8660, #4784 ) ;
#8707 = CARTESIAN_POINT ( 'NONE',  ( 13.53449612337661456, 1.300000000000000044, -7.186405786944511931 ) ) ;
#8708 = CARTESIAN_POINT ( 'NONE',  ( 5.529377692776864528, -5.000000000000000000, -12.95038905019667297 ) ) ;
#8709 = PLANE ( 'NONE',  #1121 ) ;
#8710 = VECTOR ( 'NONE', #2280, 1000.000000000000000 ) ;
#8711 = ORIENTED_EDGE ( 'NONE', *, *, #3576, .F. ) ;
#8712 = ORIENTED_EDGE ( 'NONE', *, *, #6859, .F. ) ;
#8713 = ORIENTED_EDGE ( 'NONE', *, *, #1225, .F. ) ;
#8714 = CARTESIAN_POINT ( 'NONE',  ( 8.092759126866024388, -5.000000000000000000, -7.642530422886741448 ) ) ;
#8715 = AXIS2_PLACEMENT_3D ( 'NONE', #4983, #7666, #3021 ) ;
#8716 = CIRCLE ( 'NONE', #1641, 0.2000000000000000944 ) ;
#8717 = CARTESIAN_POINT ( 'NONE',  ( 62.00000000000000711, -5.000000000000000000, -13.20000000000000995 ) ) ;
#8718 = ADVANCED_FACE ( 'NONE', ( #1911 ), #1289, .T. ) ;
#8719 = PLANE ( 'NONE',  #1679 ) ;
#8720 = CARTESIAN_POINT ( 'NONE',  ( 48.90992059245890289, -4.999999999999999112, -8.000000000000010658 ) ) ;
#8721 = CYLINDRICAL_SURFACE ( 'NONE', #5467, 1.000000000000000000 ) ;
#8722 = VECTOR ( 'NONE', #5545, 1000.000000000000000 ) ;
#8723 = VECTOR ( 'NONE', #2743, 1000.000000000000000 ) ;
#8724 = VERTEX_POINT ( 'NONE', #3999 ) ;
#8725 = EDGE_CURVE ( 'NONE', #7112, #4296, #7934, .T. ) ;
#8726 = CARTESIAN_POINT ( 'NONE',  ( 2.294822524279354070, -5.000000000000000000, -14.67131159421719211 ) ) ;
#8727 = VERTEX_POINT ( 'NONE', #2531 ) ;
#8728 = CARTESIAN_POINT ( 'NONE',  ( 5.750000000000004441, -5.000000000000000000, -7.500000000000011546 ) ) ;
#8729 = EDGE_CURVE ( 'NONE', #981, #4452, #7396, .T. ) ;
#8730 = VECTOR ( 'NONE', #3991, 1000.000000000000000 ) ;
#8731 = CARTESIAN_POINT ( 'NONE',  ( 9.690846643908363589, -1.300000000000000044, -7.700000000000012612 ) ) ;
#8732 = AXIS2_PLACEMENT_3D ( 'NONE', #3540, #1414, #4120 ) ;
#8733 = LINE ( 'NONE', #5986, #6781 ) ;
#8734 = DIRECTION ( 'NONE',  ( -1.000000000000000000, 0.000000000000000000, 0.000000000000000000 ) ) ;
#8735 = VECTOR ( 'NONE', #4276, 1000.000000000000000 ) ;
#8736 = VECTOR ( 'NONE', #4495, 1000.000000000000000 ) ;
#8737 = ORIENTED_EDGE ( 'NONE', *, *, #8182, .F. ) ;
#8738 = ORIENTED_EDGE ( 'NONE', *, *, #6832, .T. ) ;
#8739 = DIRECTION ( 'NONE',  ( -2.736911063134409557E-48, 1.000000000000000000, -1.722546424198833760E-16 ) ) ;
#8740 = DIRECTION ( 'NONE',  ( 0.000000000000000000, 1.000000000000000000, -1.110223024625156787E-16 ) ) ;
#8741 = ORIENTED_EDGE ( 'NONE', *, *, #6115, .T. ) ;
#8742 = CARTESIAN_POINT ( 'NONE',  ( -7.934095333155796403, 5.000000000000000000, -5.442884951264883142 ) ) ;
#8743 = DIRECTION ( 'NONE',  ( -1.000000000000000000, 8.047468939212986351E-33, -1.449703124636609842E-16 ) ) ;
#8744 = DIRECTION ( 'NONE',  ( 0.000000000000000000, 1.000000000000000000, -1.110223024625156787E-16 ) ) ;
#8745 = DIRECTION ( 'NONE',  ( -0.9981002729656496264, 0.000000000000000000, -0.06161043017132571825 ) ) ;
#8746 = VECTOR ( 'NONE', #7770, 1000.000000000000114 ) ;
#8747 = VERTEX_POINT ( 'NONE', #5862 ) ;
#8748 = AXIS2_PLACEMENT_3D ( 'NONE', #2778, #1449, #3493 ) ;
#8749 = ORIENTED_EDGE ( 'NONE', *, *, #218, .F. ) ;
#8750 = DIRECTION ( 'NONE',  ( -0.000000000000000000, -1.000000000000000000, 1.110223024625157033E-16 ) ) ;
#8751 = ORIENTED_EDGE ( 'NONE', *, *, #7945, .F. ) ;
#8752 = CARTESIAN_POINT ( 'NONE',  ( 30.66074696290820256, 1.300000000000000044, -10.50000000000001243 ) ) ;
#8753 = FACE_OUTER_BOUND ( 'NONE', #4017, .T. ) ;
#8754 = DIRECTION ( 'NONE',  ( 0.000000000000000000, -5.551115123125782702E-17, 1.000000000000000000 ) ) ;
#8755 = CARTESIAN_POINT ( 'NONE',  ( -0.1436330484083760406, -5.000000000000000000, -7.700000000000011724 ) ) ;
#8756 = EDGE_CURVE ( 'NONE', #4823, #3254, #8733, .T. ) ;
#8757 = EDGE_CURVE ( 'NONE', #3074, #4212, #3288, .T. ) ;
#8758 = ORIENTED_EDGE ( 'NONE', *, *, #3682, .F. ) ;
#8759 = ORIENTED_EDGE ( 'NONE', *, *, #5892, .T. ) ;
#8760 = ORIENTED_EDGE ( 'NONE', *, *, #49, .F. ) ;
#8761 = CARTESIAN_POINT ( 'NONE',  ( -26.98761792103009682, -1.300000000000000266, -1.603695419137131761 ) ) ;
#8762 = VECTOR ( 'NONE', #5342, 1000.000000000000000 ) ;
#8763 = FACE_OUTER_BOUND ( 'NONE', #6089, .T. ) ;
#8764 = CARTESIAN_POINT ( 'NONE',  ( 41.38475575860120159, -5.000000000000000000, -1.100000000000010747 ) ) ;
#8765 = LINE ( 'NONE', #8630, #4350 ) ;
#8766 = CARTESIAN_POINT ( 'NONE',  ( 4.500000000000003553, -5.000000000000000000, -5.000000000000011546 ) ) ;
#8767 = EDGE_CURVE ( 'NONE', #1700, #2139, #6029, .T. ) ;
#8768 = ADVANCED_FACE ( 'NONE', ( #4710 ), #7973, .F. ) ;
#8769 = ORIENTED_EDGE ( 'NONE', *, *, #8320, .F. ) ;
#8770 = DIRECTION ( 'NONE',  ( 1.000000000000000000, 0.000000000000000000, 0.000000000000000000 ) ) ;
#8771 = EDGE_LOOP ( 'NONE', ( #7432, #5758, #8039, #8583 ) ) ;
#8772 = CARTESIAN_POINT ( 'NONE',  ( 4.436726938305877610, 1.300000000000000044, -4.600000000000012079 ) ) ;
#8773 = LINE ( 'NONE', #5948, #3637 ) ;
#8774 = CARTESIAN_POINT ( 'NONE',  ( 4.936726938305877610, 5.000000000000000000, -1.500000000000012657 ) ) ;
ENDSEC;
END-ISO-10303-21;
